combination_level,methods,method_count,split,granularity,accuracy,balanced_accuracy,macro_precision,macro_recall,macro_f1,weighted_f1,coverage,selective_accuracy,overall_accuracy_with_abstain_error,n_truth,n_evaluated,n,ambiguous_truth_count,ambiguous_truth_correct_count,selected_on_development
INDIVIDUAL,keygas_fault,1,development,fine,0.7777777777777778,0.6666666666666666,0.25,0.2857142857142857,0.2653061224489796,0.6825396825396824,0.15254237288135594,0.7777777777777778,0.11864406779661017,59.0,9,,,,False
INDIVIDUAL,keygas_fault,1,development,coarse,0.15254237288135594,0.07894736842105263,0.14285714285714285,0.03383458646616541,0.0547112462006079,0.24666426253155427,1.0,0.15254237288135594,0.15254237288135594,59.0,59,,,,False
INDIVIDUAL,keygas_fault,1,locked_test,fine,0.6666666666666666,0.5,0.17142857142857143,0.2857142857142857,0.21288515406162464,0.5359477124183006,0.2,0.6666666666666666,0.13333333333333333,60.0,12,,,,False
INDIVIDUAL,keygas_fault,1,locked_test,coarse,0.18333333333333332,0.09649122807017545,0.13095238095238096,0.04135338345864662,0.06285714285714286,0.2786666666666667,1.0,0.18333333333333332,0.18333333333333332,60.0,60,,,,False
INDIVIDUAL,iec_fault,1,development,fine,0.7272727272727273,0.579520697167756,0.437012987012987,0.49673202614379086,0.44428680563134343,0.7164212792555038,0.7457627118644068,0.7272727272727273,0.5423728813559322,59.0,44,,,,False
INDIVIDUAL,iec_fault,1,development,coarse,0.6610169491525424,0.46315789473684205,0.24107142857142858,0.19849624060150375,0.21768707482993196,0.7215496368038741,1.0,0.6610169491525424,0.6610169491525424,59.0,59,,,,False
INDIVIDUAL,iec_fault,1,locked_test,fine,0.6153846153846154,0.810924369747899,0.689795918367347,0.6950780312124849,0.6218923933209648,0.5990009990009989,0.65,0.6153846153846154,0.4,60.0,39,,,,False
INDIVIDUAL,iec_fault,1,locked_test,coarse,0.65,0.45046439628482976,0.2857142857142857,0.1930561698363556,0.2294874832188265,0.7581352496775381,1.0,0.65,0.65,60.0,60,,,,False
INDIVIDUAL,rogers_fault,1,development,fine,0.7647058823529411,0.5714285714285714,0.3186813186813187,0.40816326530612246,0.3477411477411478,0.6815485168426346,0.576271186440678,0.7647058823529411,0.4406779661016949,59.0,34,,,,False
INDIVIDUAL,rogers_fault,1,development,coarse,0.5423728813559322,0.3748538011695907,0.2623626373626374,0.16065162907268174,0.1985636645962733,0.6579310980103169,1.0,0.5423728813559322,0.5423728813559322,59.0,59,,,,False
INDIVIDUAL,rogers_fault,1,locked_test,fine,0.7142857142857143,0.4583333333333333,0.4471243042671614,0.39285714285714285,0.40549450549450544,0.6729670329670329,0.5833333333333334,0.7142857142857143,0.4166666666666667,60.0,35,,,,False
INDIVIDUAL,rogers_fault,1,locked_test,coarse,0.5166666666666667,0.36945304437564497,0.25352907961603616,0.15833701901813355,0.194881231180997,0.6389734582357534,1.0,0.5166666666666667,0.5166666666666667,60.0,60,,,,False
INDIVIDUAL,doernenburg_fault,1,development,fine,0.59375,0.5,0.3066378066378066,0.42857142857142855,0.35102040816326535,0.4446428571428572,0.5423728813559322,0.59375,0.3220338983050847,59.0,32,,,,False
INDIVIDUAL,doernenburg_fault,1,development,coarse,0.4915254237288136,0.3350877192982456,0.23809523809523808,0.143609022556391,0.1791569086651054,0.6128091136426785,1.0,0.4915254237288136,0.4915254237288136,59.0,59,,,,False
INDIVIDUAL,doernenburg_fault,1,locked_test,fine,0.7222222222222222,0.5,0.34890109890109894,0.42857142857142855,0.38218923933209653,0.6075036075036074,0.6,0.7222222222222222,0.43333333333333335,60.0,36,,,,False
INDIVIDUAL,doernenburg_fault,1,locked_test,coarse,0.6,0.4024767801857585,0.2857142857142857,0.17249004865103937,0.21264069264069266,0.7187070707070707,1.0,0.6,0.6,60.0,60,,,,False
INDIVIDUAL,duval_triangle_fault,1,development,fine,0.7543859649122807,0.6261904761904763,0.4855644355644356,0.6261904761904763,0.5261526832955404,0.7018379281537177,0.9661016949152542,0.7543859649122807,0.7288135593220338,59.0,57,,,,False
INDIVIDUAL,duval_triangle_fault,1,development,coarse,0.847457627118644,0.6,0.24869482676791646,0.2571428571428572,0.25226540169068906,0.8147137981542812,1.0,0.847457627118644,0.847457627118644,59.0,59,,,,False
INDIVIDUAL,duval_triangle_fault,1,locked_test,fine,0.8135593220338984,0.7189239332096475,0.6811521811521811,0.7189239332096475,0.6941558441558442,0.786979969183359,0.9833333333333333,0.8135593220338984,0.8,60.0,59,,,,False
INDIVIDUAL,duval_triangle_fault,1,locked_test,coarse,0.9166666666666666,0.6666666666666666,0.26062271062271064,0.2857142857142857,0.2722759865617009,0.8854685854685854,1.0,0.9166666666666666,0.9166666666666666,60.0,60,,,,False
INDIVIDUAL,duval_pentagon_p1_fault,1,development,fine,0.49019607843137253,0.2824561403508772,0.1836734693877551,0.24210526315789474,0.20423280423280424,0.3914306463326071,0.864406779661017,0.49019607843137253,0.423728813559322,59.0,51,,,,False
INDIVIDUAL,duval_pentagon_p1_fault,1,development,coarse,0.6949152542372882,0.4807017543859649,0.2126984126984127,0.20601503759398496,0.2092664092664093,0.7095739807604216,1.0,0.6949152542372882,0.6949152542372882,59.0,59,,,,False
INDIVIDUAL,duval_pentagon_p1_fault,1,locked_test,fine,0.5576923076923077,0.30050505050505055,0.33333333333333337,0.2575757575757576,0.24285714285714285,0.4887362637362637,0.8666666666666667,0.5576923076923077,0.48333333333333334,60.0,52,,,,False
INDIVIDUAL,duval_pentagon_p1_fault,1,locked_test,coarse,0.7333333333333333,0.5159958720330238,0.24274973147153597,0.22114108801415305,0.23089983022071306,0.7526881720430106,1.0,0.7333333333333333,0.7333333333333333,60.0,60,,,,False
INDIVIDUAL,duval_pentagon_p2_fault,1,development,fine,0.4722222222222222,0.2,0.06938775510204082,0.14285714285714285,0.09340659340659341,0.3087606837606838,0.6101694915254238,0.4722222222222222,0.288135593220339,59.0,36,,,,False
INDIVIDUAL,duval_pentagon_p2_fault,1,development,coarse,0.6949152542372882,0.4807017543859649,0.2126984126984127,0.20601503759398496,0.2092664092664093,0.7095739807604216,1.0,0.6949152542372882,0.6949152542372882,59.0,59,,,,False
INDIVIDUAL,duval_pentagon_p2_fault,1,locked_test,fine,0.5789473684210527,0.2916666666666667,0.22222222222222224,0.16666666666666669,0.14285714285714285,0.4661654135338346,0.6333333333333333,0.5789473684210527,0.36666666666666664,60.0,38,,,,False
INDIVIDUAL,duval_pentagon_p2_fault,1,locked_test,coarse,0.6833333333333333,0.457172342621259,0.23718386876281614,0.19593100398053956,0.21213748657357678,0.7154761904761905,1.0,0.6833333333333333,0.6833333333333333,60.0,60,,,,False
PAIR,keygas_fault+iec_fault,2,development,fine,0.7692307692307693,0.6537698412698413,0.5799319727891156,0.6537698412698413,0.5965951598030517,0.7628759419040748,0.6610169491525424,0.7692307692307693,0.5084745762711864,59.0,39,,,,False
PAIR,keygas_fault+iec_fault,2,development,coarse,0.6610169491525424,0.46315789473684205,0.2508116883116883,0.19849624060150375,0.22135007849293561,0.7280685416278637,1.0,0.6610169491525424,0.6610169491525424,59.0,59,,,,False
PAIR,keygas_fault+iec_fault,2,locked_test,fine,0.65625,0.7930194805194807,0.645970695970696,0.679730983302412,0.6119247699079632,0.6474439775910364,0.5333333333333333,0.65625,0.35,60.0,32,,,,False
PAIR,keygas_fault+iec_fault,2,locked_test,coarse,0.6333333333333333,0.4308565531475748,0.28095238095238095,0.18465280849181778,0.22074983839689719,0.7363499245852186,1.0,0.6333333333333333,0.6333333333333333,60.0,60,,,,False
PAIR,keygas_fault+rogers_fault,2,development,fine,0.8181818181818182,0.7714285714285715,0.5371428571428571,0.5510204081632654,0.5409590409590409,0.7536554354736174,0.559322033898305,0.8181818181818182,0.4576271186440678,59.0,33,,,,False
PAIR,keygas_fault+rogers_fault,2,development,coarse,0.5423728813559322,0.3748538011695907,0.2802197802197802,0.16065162907268174,0.20251623376623376,0.6649653312788906,1.0,0.5423728813559322,0.5423728813559322,59.0,59,,,,False
PAIR,keygas_fault+rogers_fault,2,locked_test,fine,0.6857142857142857,0.5583333333333333,0.38509316770186336,0.3988095238095238,0.38592360020931454,0.6240711669283098,0.5833333333333334,0.6857142857142857,0.4,60.0,35,,,,False
PAIR,keygas_fault+rogers_fault,2,locked_test,coarse,0.5333333333333333,0.36738906088751283,0.27472527472527475,0.15745245466607694,0.1985714285714286,0.6563333333333333,1.0,0.5333333333333333,0.5333333333333333,60.0,60,,,,False
PAIR,keygas_fault+doernenburg_fault,2,development,fine,0.6666666666666666,0.5,0.3253105590062112,0.42857142857142855,0.36552920763447083,0.5360078517973255,0.559322033898305,0.6666666666666666,0.3728813559322034,59.0,33,,,,False
PAIR,keygas_fault+doernenburg_fault,2,development,coarse,0.5254237288135594,0.3526315789473684,0.25,0.15112781954887217,0.18791284629793945,0.6438104595805407,1.0,0.5254237288135594,0.5254237288135594,59.0,59,,,,False
PAIR,keygas_fault+doernenburg_fault,2,locked_test,fine,0.6857142857142857,0.5,0.294421768707483,0.42857142857142855,0.3489795918367347,0.5579591836734694,0.5833333333333334,0.6857142857142857,0.4,60.0,35,,,,False
PAIR,keygas_fault+doernenburg_fault,2,locked_test,coarse,0.5833333333333334,0.3828689370485036,0.2857142857142857,0.16408668730650153,0.20454545454545456,0.7026515151515151,1.0,0.5833333333333334,0.5833333333333334,60.0,60,,,,False
PAIR,keygas_fault+duval_triangle_fault,2,development,fine,0.7735849056603774,0.6285714285714287,0.4990476190476191,0.6285714285714287,0.5354978354978355,0.7244139508290451,0.8983050847457628,0.7735849056603774,0.6949152542372882,59.0,53,,,,False
PAIR,keygas_fault+duval_triangle_fault,2,development,coarse,0.8135593220338984,0.5824561403508772,0.2573036719378183,0.24962406015037594,0.25264789460087833,0.8049161737211511,1.0,0.8135593220338984,0.8135593220338984,59.0,59,,,,False
PAIR,keygas_fault+duval_triangle_fault,2,locked_test,fine,0.84,0.7063492063492063,0.7022005772005773,0.7063492063492063,0.6979191676670667,0.8310924369747898,0.8333333333333334,0.84,0.7,60.0,50,,,,False
PAIR,keygas_fault+duval_triangle_fault,2,locked_test,coarse,0.85,0.609907120743034,0.28185328185328185,0.26138876603272887,0.2710714285714286,0.873625,1.0,0.85,0.85,60.0,60,,,,False
PAIR,keygas_fault+duval_pentagon_p1_fault,2,development,fine,0.5319148936170213,0.29074074074074074,0.20057720057720058,0.2492063492063492,0.21553884711779445,0.4344904815229563,0.7966101694915254,0.5319148936170213,0.423728813559322,59.0,47,,,,False
PAIR,keygas_fault+duval_pentagon_p1_fault,2,development,coarse,0.6610169491525424,0.46315789473684205,0.22495151906916613,0.19849624060150375,0.2108843537414966,0.7001614205004035,1.0,0.6610169491525424,0.6610169491525424,59.0,59,,,,False
PAIR,keygas_fault+duval_pentagon_p1_fault,2,locked_test,fine,0.5681818181818182,0.2929292929292929,0.33035714285714285,0.2510822510822511,0.22750700280112043,0.4805971479500892,0.7333333333333333,0.5681818181818182,0.4166666666666667,60.0,44,,,,False
PAIR,keygas_fault+duval_pentagon_p1_fault,2,locked_test,coarse,0.6833333333333333,0.4788441692466461,0.2689075630252101,0.20521892967713404,0.23129251700680273,0.7503968253968254,1.0,0.6833333333333333,0.6833333333333333,60.0,60,,,,False
PAIR,keygas_fault+duval_pentagon_p2_fault,2,development,fine,0.5,0.2,0.07359307359307359,0.14285714285714285,0.09714285714285716,0.34,0.576271186440678,0.5,0.288135593220339,59.0,34,,,,False
PAIR,keygas_fault+duval_pentagon_p2_fault,2,development,coarse,0.6610169491525424,0.46315789473684205,0.22495151906916613,0.19849624060150375,0.2108843537414966,0.7001614205004035,1.0,0.6610169491525424,0.6610169491525424,59.0,59,,,,False
PAIR,keygas_fault+duval_pentagon_p2_fault,2,locked_test,fine,0.5757575757575758,0.2727272727272727,0.22321428571428573,0.15584415584415584,0.12666666666666665,0.4482828282828283,0.55,0.5757575757575758,0.31666666666666665,60.0,33,,,,False
PAIR,keygas_fault+duval_pentagon_p2_fault,2,locked_test,coarse,0.6333333333333333,0.4200206398348813,0.2689075630252101,0.18000884564352054,0.21047619047619048,0.7091111111111111,1.0,0.6333333333333333,0.6333333333333333,60.0,60,,,,False
PAIR,iec_fault+rogers_fault,2,development,fine,0.8484848484848485,0.6481481481481481,0.48901098901098905,0.5555555555555556,0.5096918767507003,0.838098633392751,0.559322033898305,0.8484848484848485,0.4745762711864407,59.0,33,,,,False
PAIR,iec_fault+rogers_fault,2,development,coarse,0.6949152542372882,0.4807017543859649,0.2415966386554622,0.20601503759398496,0.22222222222222218,0.7419962335216572,1.0,0.6949152542372882,0.6949152542372882,59.0,59,,,,False
PAIR,iec_fault+rogers_fault,2,locked_test,fine,0.7916666666666666,0.7738095238095238,0.6666666666666667,0.7738095238095238,0.6761286332714904,0.7891955266955266,0.4,0.7916666666666666,0.31666666666666665,60.0,24,,,,False
PAIR,iec_fault+rogers_fault,2,locked_test,coarse,0.65,0.45046439628482976,0.2571428571428572,0.1930561698363556,0.22037090698348308,0.7355983772819473,1.0,0.65,0.65,60.0,60,,,,False
PAIR,iec_fault+doernenburg_fault,2,development,fine,0.8518518518518519,0.6481481481481481,0.47113997113997114,0.5555555555555556,0.5011337868480725,0.8218694885361552,0.4576271186440678,0.8518518518518519,0.3898305084745763,59.0,27,,,,False
PAIR,iec_fault+doernenburg_fault,2,development,coarse,0.6779661016949152,0.4719298245614035,0.23310023310023312,0.20225563909774436,0.2165852256395516,0.7258636565153634,1.0,0.6779661016949152,0.6779661016949152,59.0,59,,,,False
PAIR,iec_fault+doernenburg_fault,2,locked_test,fine,0.9473684210526315,0.9333333333333332,0.6938775510204083,0.6666666666666666,0.6747252747252748,0.9441295546558705,0.31666666666666665,0.9473684210526315,0.3,60.0,19,,,,False
PAIR,iec_fault+doernenburg_fault,2,locked_test,coarse,0.7166666666666667,0.5072239422084623,0.2857142857142857,0.21738168951791242,0.2465909902191761,0.8035648842245544,1.0,0.7166666666666667,0.7166666666666667,60.0,60,,,,False
PAIR,iec_fault+duval_triangle_fault,2,development,fine,0.8372093023255814,0.6642857142857144,0.5391156462585034,0.6642857142857144,0.5875617136486702,0.7891161753649115,0.7288135593220338,0.8372093023255814,0.6101694915254238,59.0,43,,,,False
PAIR,iec_fault+duval_triangle_fault,2,development,coarse,0.847457627118644,0.6,0.25170068027210885,0.2571428571428572,0.2539408866995074,0.8222676797194624,1.0,0.847457627118644,0.847457627118644,59.0,59,,,,True
PAIR,iec_fault+duval_triangle_fault,2,locked_test,fine,0.8536585365853658,0.8285714285714285,0.70995670995671,0.8285714285714285,0.7448979591836735,0.8205574912891986,0.6833333333333333,0.8536585365853658,0.5833333333333334,60.0,41,,,,False
PAIR,iec_fault+duval_triangle_fault,2,locked_test,coarse,0.9166666666666666,0.6666666666666666,0.26062271062271064,0.2857142857142857,0.2722759865617009,0.8854685854685854,1.0,0.9166666666666666,0.9166666666666666,60.0,60,,,,True
PAIR,iec_fault+duval_pentagon_p1_fault,2,development,fine,0.6428571428571429,0.34444444444444444,0.23809523809523808,0.24603174603174605,0.24027388733271085,0.6199813258636789,0.4745762711864407,0.6428571428571429,0.3050847457627119,59.0,28,,,,False
PAIR,iec_fault+duval_pentagon_p1_fault,2,development,coarse,0.6949152542372882,0.4807017543859649,0.2126984126984127,0.20601503759398496,0.2092664092664093,0.7095739807604216,1.0,0.6949152542372882,0.6949152542372882,59.0,59,,,,False
PAIR,iec_fault+duval_pentagon_p1_fault,2,locked_test,fine,0.56,0.4133333333333333,0.3619047619047619,0.2952380952380952,0.2952972493345164,0.5288944099378883,0.4166666666666667,0.56,0.23333333333333334,60.0,25,,,,False
PAIR,iec_fault+duval_pentagon_p1_fault,2,locked_test,coarse,0.7333333333333333,0.5159958720330238,0.2494331065759637,0.22114108801415305,0.23415120189313737,0.7671025864574251,1.0,0.7333333333333333,0.7333333333333333,60.0,60,,,,False
PAIR,iec_fault+duval_pentagon_p2_fault,2,development,fine,0.6666666666666666,0.2,0.09523809523809523,0.14285714285714285,0.1142857142857143,0.5333333333333333,0.2542372881355932,0.6666666666666666,0.1694915254237288,59.0,15,,,,False
PAIR,iec_fault+duval_pentagon_p2_fault,2,development,coarse,0.6949152542372882,0.4807017543859649,0.2126984126984127,0.20601503759398496,0.2092664092664093,0.7095739807604216,1.0,0.6949152542372882,0.6949152542372882,59.0,59,,,,False
PAIR,iec_fault+duval_pentagon_p2_fault,2,locked_test,fine,0.5882352941176471,0.35,0.21904761904761902,0.19999999999999998,0.18101153504880213,0.4954329557910121,0.2833333333333333,0.5882352941176471,0.16666666666666666,60.0,17,,,,False
PAIR,iec_fault+duval_pentagon_p2_fault,2,locked_test,coarse,0.6833333333333333,0.457172342621259,0.24386724386724387,0.19593100398053956,0.2153888582460011,0.729890604890605,1.0,0.6833333333333333,0.6833333333333333,60.0,60,,,,False
PAIR,rogers_fault+doernenburg_fault,2,development,fine,0.6666666666666666,0.5777777777777777,0.3447004608294931,0.4126984126984127,0.37172932330827063,0.5480701754385965,0.711864406779661,0.6666666666666666,0.4745762711864407,59.0,42,,,,False
PAIR,rogers_fault+doernenburg_fault,2,development,coarse,0.6779661016949152,0.4719298245614035,0.24553571428571427,0.20225563909774436,0.22176870748299318,0.739951573849879,1.0,0.6779661016949152,0.6779661016949152,59.0,59,,,,False
PAIR,rogers_fault+doernenburg_fault,2,locked_test,fine,0.6590909090909091,0.376984126984127,0.3489795918367347,0.376984126984127,0.35455097370756083,0.5703289845166275,0.7333333333333333,0.6590909090909091,0.48333333333333334,60.0,44,,,,False
PAIR,rogers_fault+doernenburg_fault,2,locked_test,coarse,0.7,0.4984520123839009,0.26069782751810405,0.21362229102167182,0.23482268082548588,0.7700794763908367,1.0,0.7,0.7,60.0,60,,,,False
PAIR,rogers_fault+duval_triangle_fault,2,development,fine,0.7592592592592593,0.6203296703296705,0.4948717948717949,0.6203296703296705,0.5276742581090407,0.7108337806405439,0.9152542372881356,0.7592592592592593,0.6949152542372882,59.0,54,,,,False
PAIR,rogers_fault+duval_triangle_fault,2,development,coarse,0.847457627118644,0.6,0.24869482676791646,0.2571428571428572,0.25226540169068906,0.8147137981542812,1.0,0.847457627118644,0.847457627118644,59.0,59,,,,False
PAIR,rogers_fault+duval_triangle_fault,2,locked_test,fine,0.875,0.7727272727272728,0.6547619047619049,0.6623376623376623,0.6541809068124858,0.8504253056884634,0.8,0.875,0.7,60.0,48,,,,False
PAIR,rogers_fault+duval_triangle_fault,2,locked_test,coarse,0.9,0.6470588235294118,0.25949489107383844,0.2773109243697479,0.2679859822716965,0.8769600769600768,1.0,0.9,0.9,60.0,60,,,,False
PAIR,rogers_fault+duval_pentagon_p1_fault,2,development,fine,0.5434782608695652,0.37777777777777777,0.2122448979591837,0.2698412698412698,0.22786037491919847,0.42578201849301595,0.7796610169491526,0.5434782608695652,0.423728813559322,59.0,46,,,,False
PAIR,rogers_fault+duval_pentagon_p1_fault,2,development,coarse,0.6949152542372882,0.4807017543859649,0.2258852258852259,0.20601503759398496,0.2153888582460011,0.7204698645376613,1.0,0.6949152542372882,0.6949152542372882,59.0,59,,,,False
PAIR,rogers_fault+duval_pentagon_p1_fault,2,locked_test,fine,0.5833333333333334,0.3194444444444445,0.3493397358943578,0.27380952380952384,0.2609221466364324,0.5134038800705466,0.8,0.5833333333333334,0.4666666666666667,60.0,48,,,,False
PAIR,rogers_fault+duval_pentagon_p1_fault,2,locked_test,coarse,0.7333333333333333,0.5159958720330238,0.2494331065759637,0.22114108801415305,0.23415120189313737,0.7671025864574251,1.0,0.7333333333333333,0.7333333333333333,60.0,60,,,,False
PAIR,rogers_fault+duval_pentagon_p2_fault,2,development,fine,0.4857142857142857,0.2,0.06938775510204082,0.14285714285714285,0.09340659340659341,0.31758241758241756,0.5932203389830508,0.4857142857142857,0.288135593220339,59.0,35,,,,False
PAIR,rogers_fault+duval_pentagon_p2_fault,2,development,coarse,0.6949152542372882,0.4807017543859649,0.2258852258852259,0.20601503759398496,0.2153888582460011,0.7204698645376613,1.0,0.6949152542372882,0.6949152542372882,59.0,59,,,,False
PAIR,rogers_fault+duval_pentagon_p2_fault,2,locked_test,fine,0.6111111111111112,0.2916666666666667,0.22689075630252103,0.16666666666666669,0.14663643235071808,0.5067607289829511,0.6,0.6111111111111112,0.36666666666666664,60.0,36,,,,False
PAIR,rogers_fault+duval_pentagon_p2_fault,2,locked_test,coarse,0.6833333333333333,0.457172342621259,0.24386724386724387,0.19593100398053956,0.2153888582460011,0.729890604890605,1.0,0.6833333333333333,0.6833333333333333,60.0,60,,,,False
PAIR,doernenburg_fault+duval_triangle_fault,2,development,fine,0.7291666666666666,0.5666666666666667,0.44010989010989016,0.4857142857142857,0.4398989898989899,0.6626999158249158,0.8135593220338984,0.7291666666666666,0.5932203389830508,59.0,48,,,,False
PAIR,doernenburg_fault+duval_triangle_fault,2,development,coarse,0.847457627118644,0.6,0.24053156146179402,0.2571428571428572,0.24832451499118166,0.8077003557229545,1.0,0.847457627118644,0.847457627118644,59.0,59,,,,False
PAIR,doernenburg_fault+duval_triangle_fault,2,locked_test,fine,0.8235294117647058,0.7222222222222222,0.7655677655677656,0.7222222222222222,0.7229437229437229,0.781937017231135,0.85,0.8235294117647058,0.7,60.0,51,,,,False
PAIR,doernenburg_fault+duval_triangle_fault,2,locked_test,coarse,0.9166666666666666,0.6666666666666666,0.26062271062271064,0.2857142857142857,0.2722759865617009,0.8854685854685854,1.0,0.9166666666666666,0.9166666666666666,60.0,60,,,,False
PAIR,doernenburg_fault+duval_pentagon_p1_fault,2,development,fine,0.5102040816326531,0.2824561403508772,0.1836734693877551,0.24210526315789474,0.20423280423280424,0.4074074074074074,0.8305084745762712,0.5102040816326531,0.423728813559322,59.0,49,,,,False
PAIR,doernenburg_fault+duval_pentagon_p1_fault,2,development,coarse,0.6949152542372882,0.4807017543859649,0.2126984126984127,0.20601503759398496,0.2092664092664093,0.7095739807604216,1.0,0.6949152542372882,0.6949152542372882,59.0,59,,,,False
PAIR,doernenburg_fault+duval_pentagon_p1_fault,2,locked_test,fine,0.5510204081632653,0.2727272727272727,0.1904761904761905,0.23376623376623376,0.2020408163265306,0.44868804664723033,0.8166666666666667,0.5510204081632653,0.45,60.0,49,,,,False
PAIR,doernenburg_fault+duval_pentagon_p1_fault,2,locked_test,coarse,0.7333333333333333,0.5159958720330238,0.24274973147153597,0.22114108801415305,0.23089983022071306,0.7526881720430106,1.0,0.7333333333333333,0.7333333333333333,60.0,60,,,,False
PAIR,doernenburg_fault+duval_pentagon_p2_fault,2,development,fine,0.4722222222222222,0.2,0.06938775510204082,0.14285714285714285,0.09340659340659341,0.3087606837606838,0.6101694915254238,0.4722222222222222,0.288135593220339,59.0,36,,,,False
PAIR,doernenburg_fault+duval_pentagon_p2_fault,2,development,coarse,0.6949152542372882,0.4807017543859649,0.2126984126984127,0.20601503759398496,0.2092664092664093,0.7095739807604216,1.0,0.6949152542372882,0.6949152542372882,59.0,59,,,,False
PAIR,doernenburg_fault+duval_pentagon_p2_fault,2,locked_test,fine,0.5555555555555556,0.25,0.07936507936507937,0.14285714285714285,0.10204081632653061,0.39682539682539686,0.6,0.5555555555555556,0.3333333333333333,60.0,36,,,,False
PAIR,doernenburg_fault+duval_pentagon_p2_fault,2,locked_test,coarse,0.6833333333333333,0.457172342621259,0.23718386876281614,0.19593100398053956,0.21213748657357678,0.7154761904761905,1.0,0.6833333333333333,0.6833333333333333,60.0,60,,,,False
PAIR,duval_triangle_fault+duval_pentagon_p1_fault,2,development,fine,0.78125,0.5,0.23737373737373738,0.2857142857142857,0.2589959060547296,0.6984351432880844,0.5423728813559322,0.78125,0.423728813559322,59.0,32,,,,False
PAIR,duval_triangle_fault+duval_pentagon_p1_fault,2,development,coarse,0.6949152542372882,0.4807017543859649,0.2415966386554622,0.20601503759398496,0.22222222222222218,0.7419962335216572,1.0,0.6949152542372882,0.6949152542372882,59.0,59,,,,False
PAIR,duval_triangle_fault+duval_pentagon_p1_fault,2,locked_test,fine,0.8928571428571429,0.5,0.24891774891774893,0.2857142857142857,0.2659245516388373,0.8426097711811996,0.4666666666666667,0.8928571428571429,0.4166666666666667,60.0,28,,,,False
PAIR,duval_triangle_fault+duval_pentagon_p1_fault,2,locked_test,coarse,0.7333333333333333,0.5159958720330238,0.26097711811997526,0.22114108801415305,0.23937171415590314,0.7902468574890202,1.0,0.7333333333333333,0.7333333333333333,60.0,60,,,,False
PAIR,duval_triangle_fault+duval_pentagon_p2_fault,2,development,fine,0.7727272727272727,0.3333333333333333,0.11038961038961038,0.14285714285714285,0.12454212454212454,0.6736596736596737,0.3728813559322034,0.7727272727272727,0.288135593220339,59.0,22,,,,False
PAIR,duval_triangle_fault+duval_pentagon_p2_fault,2,development,coarse,0.6949152542372882,0.4807017543859649,0.2415966386554622,0.20601503759398496,0.22222222222222218,0.7419962335216572,1.0,0.6949152542372882,0.6949152542372882,59.0,59,,,,False
PAIR,duval_triangle_fault+duval_pentagon_p2_fault,2,locked_test,fine,0.9090909090909091,0.5,0.12987012987012986,0.14285714285714285,0.13605442176870747,0.8658008658008658,0.36666666666666664,0.9090909090909091,0.3333333333333333,60.0,22,,,,False
PAIR,duval_triangle_fault+duval_pentagon_p2_fault,2,locked_test,coarse,0.6833333333333333,0.457172342621259,0.2554112554112554,0.19593100398053956,0.2206093705087669,0.7530348759222,1.0,0.6833333333333333,0.6833333333333333,60.0,60,,,,False
PAIR,duval_pentagon_p1_fault+duval_pentagon_p2_fault,2,development,fine,0.4722222222222222,0.2,0.06938775510204082,0.14285714285714285,0.09340659340659341,0.3087606837606838,0.6101694915254238,0.4722222222222222,0.288135593220339,59.0,36,,,,False
PAIR,duval_pentagon_p1_fault+duval_pentagon_p2_fault,2,development,coarse,0.6949152542372882,0.4807017543859649,0.2126984126984127,0.20601503759398496,0.2092664092664093,0.7095739807604216,1.0,0.6949152542372882,0.6949152542372882,59.0,59,,,,False
PAIR,duval_pentagon_p1_fault+duval_pentagon_p2_fault,2,locked_test,fine,0.5789473684210527,0.2916666666666667,0.22222222222222224,0.16666666666666669,0.14285714285714285,0.4661654135338346,0.6333333333333333,0.5789473684210527,0.36666666666666664,60.0,38,,,,False
PAIR,duval_pentagon_p1_fault+duval_pentagon_p2_fault,2,locked_test,coarse,0.6833333333333333,0.457172342621259,0.23718386876281614,0.19593100398053956,0.21213748657357678,0.7154761904761905,1.0,0.6833333333333333,0.6833333333333333,60.0,60,,,,False
TRIPLE,keygas_fault+iec_fault+rogers_fault,3,development,fine,0.8108108108108109,0.6626984126984128,0.5462184873949579,0.6626984126984128,0.5764112096451484,0.792060154488997,0.6271186440677966,0.8108108108108109,0.5084745762711864,59.0,37,,,,False
TRIPLE,keygas_fault+iec_fault+rogers_fault,3,development,coarse,0.6949152542372882,0.4807017543859649,0.2415966386554622,0.20601503759398496,0.22222222222222218,0.7419962335216572,1.0,0.6949152542372882,0.6949152542372882,59.0,59,,,,False
TRIPLE,keygas_fault+iec_fault+rogers_fault,3,locked_test,fine,0.8,0.8313492063492062,0.7193877551020408,0.7125850340136053,0.6891341991341992,0.8079191919191919,0.5,0.8,0.4,60.0,30,,,,False
TRIPLE,keygas_fault+iec_fault+rogers_fault,3,locked_test,coarse,0.6833333333333333,0.4680082559339525,0.27705627705627706,0.2005749668288368,0.23056859676577984,0.7629281864023648,1.0,0.6833333333333333,0.6833333333333333,60.0,60,,,,False
TRIPLE,keygas_fault+iec_fault+doernenburg_fault,3,development,fine,0.8125,0.5814814814814815,0.4811507936507936,0.4984126984126984,0.4764915161466886,0.7814116379310345,0.5423728813559322,0.8125,0.4406779661016949,59.0,32,,,,False
TRIPLE,keygas_fault+iec_fault+doernenburg_fault,3,development,coarse,0.6949152542372882,0.4807017543859649,0.23335488041370395,0.20601503759398496,0.21882086167800452,0.7359429647565241,1.0,0.6949152542372882,0.6949152542372882,59.0,59,,,,False
TRIPLE,keygas_fault+iec_fault+doernenburg_fault,3,locked_test,fine,0.8461538461538461,0.8666666666666666,0.65,0.619047619047619,0.6065759637188208,0.8168498168498168,0.43333333333333335,0.8461538461538461,0.36666666666666664,60.0,26,,,,False
TRIPLE,keygas_fault+iec_fault+doernenburg_fault,3,locked_test,coarse,0.7166666666666667,0.4855521155830753,0.2857142857142857,0.208093763821318,0.23861688650421042,0.7986089375760737,1.0,0.7166666666666667,0.7166666666666667,60.0,60,,,,False
TRIPLE,keygas_fault+iec_fault+duval_triangle_fault,3,development,fine,0.8260869565217391,0.6523809523809524,0.5343137254901961,0.6523809523809524,0.5790322580645161,0.7821411874707809,0.7796610169491526,0.8260869565217391,0.6440677966101694,59.0,46,,,,False
TRIPLE,keygas_fault+iec_fault+duval_triangle_fault,3,development,coarse,0.847457627118644,0.6,0.25170068027210885,0.2571428571428572,0.2539408866995074,0.8222676797194624,1.0,0.847457627118644,0.847457627118644,59.0,59,,,,False
TRIPLE,keygas_fault+iec_fault+duval_triangle_fault,3,locked_test,fine,0.9047619047619048,0.8111111111111111,0.7374149659863946,0.8111111111111111,0.7482804232804233,0.9022266313932981,0.7,0.9047619047619048,0.6333333333333333,60.0,42,,,,False
TRIPLE,keygas_fault+iec_fault+duval_triangle_fault,3,locked_test,coarse,0.9,0.6470588235294118,0.28205128205128205,0.2773109243697479,0.2795299938157081,0.8998556998556998,1.0,0.9,0.9,60.0,60,,,,False
TRIPLE,keygas_fault+iec_fault+duval_pentagon_p1_fault,3,development,fine,0.6451612903225806,0.3623931623931624,0.23308270676691728,0.2588522588522589,0.2415966386554622,0.5877609108159392,0.5254237288135594,0.6451612903225806,0.3389830508474576,59.0,31,,,,False
TRIPLE,keygas_fault+iec_fault+duval_pentagon_p1_fault,3,development,coarse,0.6949152542372882,0.4807017543859649,0.21882086167800452,0.20601503759398496,0.21222207429103981,0.7148340625839166,1.0,0.6949152542372882,0.6949152542372882,59.0,59,,,,False
TRIPLE,keygas_fault+iec_fault+duval_pentagon_p1_fault,3,locked_test,fine,0.6785714285714286,0.4888888888888889,0.5214285714285715,0.419047619047619,0.433982683982684,0.6425865800865801,0.4666666666666667,0.6785714285714286,0.31666666666666665,60.0,28,,,,False
TRIPLE,keygas_fault+iec_fault+duval_pentagon_p1_fault,3,locked_test,coarse,0.7333333333333333,0.5051599587203303,0.2738095238095238,0.21649712516585584,0.2396580253723111,0.7874839124839125,1.0,0.7333333333333333,0.7333333333333333,60.0,60,,,,False
TRIPLE,keygas_fault+iec_fault+duval_pentagon_p2_fault,3,development,fine,0.631578947368421,0.2,0.09022556390977443,0.14285714285714285,0.11059907834101382,0.4889643463497453,0.3220338983050847,0.631578947368421,0.2033898305084746,59.0,19,,,,False
TRIPLE,keygas_fault+iec_fault+duval_pentagon_p2_fault,3,development,coarse,0.6949152542372882,0.4807017543859649,0.21882086167800452,0.20601503759398496,0.21222207429103981,0.7148340625839166,1.0,0.6949152542372882,0.6949152542372882,59.0,59,,,,False
TRIPLE,keygas_fault+iec_fault+duval_pentagon_p2_fault,3,locked_test,fine,0.6956521739130435,0.4666666666666666,0.37857142857142856,0.3333333333333333,0.3268398268398269,0.619235836627141,0.38333333333333336,0.6956521739130435,0.26666666666666666,60.0,23,,,,False
TRIPLE,keygas_fault+iec_fault+duval_pentagon_p2_fault,3,locked_test,coarse,0.6833333333333333,0.4463364293085655,0.2738095238095238,0.19128704113224235,0.21884169884169882,0.7461981981981983,1.0,0.6833333333333333,0.6833333333333333,60.0,60,,,,False
TRIPLE,keygas_fault+rogers_fault+doernenburg_fault,3,development,fine,0.7073170731707317,0.5777777777777777,0.35073891625615766,0.4126984126984127,0.3762531328320802,0.6005027813436028,0.6949152542372882,0.7073170731707317,0.4915254237288136,59.0,41,,,,False
TRIPLE,keygas_fault+rogers_fault+doernenburg_fault,3,development,coarse,0.6610169491525424,0.46315789473684205,0.24539170506912442,0.19849624060150375,0.21946169772256727,0.7295504789977892,1.0,0.6610169491525424,0.6610169491525424,59.0,59,,,,False
TRIPLE,keygas_fault+rogers_fault+doernenburg_fault,3,locked_test,fine,0.6666666666666666,0.43452380952380953,0.30788177339901474,0.37244897959183676,0.33452380952380956,0.5628968253968254,0.7,0.6666666666666666,0.4666666666666667,60.0,42,,,,False
TRIPLE,keygas_fault+rogers_fault+doernenburg_fault,3,locked_test,coarse,0.7,0.47678018575851394,0.2813852813852814,0.2043343653250774,0.23459274163499513,0.7807685619892193,1.0,0.7,0.7,60.0,60,,,,False
TRIPLE,keygas_fault+rogers_fault+duval_triangle_fault,3,development,fine,0.7407407407407407,0.6093406593406593,0.4894179894179894,0.6093406593406593,0.5171466214944476,0.691053042502318,0.9152542372881356,0.7407407407407407,0.6779661016949152,59.0,54,,,,False
TRIPLE,keygas_fault+rogers_fault+duval_triangle_fault,3,development,coarse,0.8305084745762712,0.5912280701754385,0.24829931972789115,0.25338345864661654,0.2503694581280788,0.8061659848042081,1.0,0.8305084745762712,0.8305084745762712,59.0,59,,,,False
TRIPLE,keygas_fault+rogers_fault+duval_triangle_fault,3,locked_test,fine,0.8695652173913043,0.7575757575757575,0.6653061224489795,0.6493506493506492,0.6507936507936508,0.8502415458937199,0.7666666666666667,0.8695652173913043,0.6666666666666666,60.0,46,,,,False
TRIPLE,keygas_fault+rogers_fault+duval_triangle_fault,3,locked_test,coarse,0.8833333333333333,0.6274509803921569,0.2652445593622064,0.2689075630252101,0.26705227545563676,0.8751082251082251,1.0,0.8833333333333333,0.8833333333333333,60.0,60,,,,False
TRIPLE,keygas_fault+rogers_fault+duval_pentagon_p1_fault,3,development,fine,0.5652173913043478,0.37777777777777777,0.21632653061224488,0.2698412698412698,0.2314888219438719,0.4499348549920378,0.7796610169491526,0.5652173913043478,0.4406779661016949,59.0,46,,,,False
TRIPLE,keygas_fault+rogers_fault+duval_pentagon_p1_fault,3,development,coarse,0.6949152542372882,0.4807017543859649,0.2258852258852259,0.20601503759398496,0.2153888582460011,0.7204698645376613,1.0,0.6949152542372882,0.6949152542372882,59.0,59,,,,False
TRIPLE,keygas_fault+rogers_fault+duval_pentagon_p1_fault,3,locked_test,fine,0.5777777777777777,0.3008658008658009,0.3484848484848485,0.25788497217068646,0.2415163452899302,0.495828629790894,0.75,0.5777777777777777,0.43333333333333335,60.0,45,,,,False
TRIPLE,keygas_fault+rogers_fault+duval_pentagon_p1_fault,3,locked_test,coarse,0.7166666666666667,0.4963880288957688,0.25149136577708003,0.21273772666961518,0.2300065231572081,0.763028919330289,1.0,0.7166666666666667,0.7166666666666667,60.0,60,,,,False
TRIPLE,keygas_fault+rogers_fault+duval_pentagon_p2_fault,3,development,fine,0.5142857142857142,0.2,0.07346938775510203,0.14285714285714285,0.09703504043126684,0.34932614555256064,0.5932203389830508,0.5142857142857142,0.3050847457627119,59.0,35,,,,False
TRIPLE,keygas_fault+rogers_fault+duval_pentagon_p2_fault,3,development,coarse,0.6949152542372882,0.4807017543859649,0.2258852258852259,0.20601503759398496,0.2153888582460011,0.7204698645376613,1.0,0.6949152542372882,0.6949152542372882,59.0,59,,,,False
TRIPLE,keygas_fault+rogers_fault+duval_pentagon_p2_fault,3,locked_test,fine,0.6176470588235294,0.2727272727272727,0.2294372294372294,0.15584415584415584,0.1316262353998203,0.4978727339992601,0.5666666666666667,0.6176470588235294,0.35,60.0,34,,,,False
TRIPLE,keygas_fault+rogers_fault+duval_pentagon_p2_fault,3,locked_test,coarse,0.6666666666666666,0.43756449948400417,0.2448979591836735,0.18752764263600177,0.20990070305138797,0.7231523761204125,1.0,0.6666666666666666,0.6666666666666666,60.0,60,,,,False
TRIPLE,keygas_fault+doernenburg_fault+duval_triangle_fault,3,development,fine,0.7291666666666666,0.5666666666666667,0.44010989010989016,0.4857142857142857,0.4398989898989899,0.6626999158249158,0.8135593220338984,0.7291666666666666,0.5932203389830508,59.0,48,,,,False
TRIPLE,keygas_fault+doernenburg_fault+duval_triangle_fault,3,development,coarse,0.8305084745762712,0.5912280701754385,0.24013605442176872,0.25338345864661654,0.24642857142857144,0.7991525423728814,1.0,0.8305084745762712,0.8305084745762712,59.0,59,,,,False
TRIPLE,keygas_fault+doernenburg_fault+duval_triangle_fault,3,locked_test,fine,0.851063829787234,0.7063492063492064,0.7841269841269841,0.7063492063492064,0.7240229425103376,0.8251782982696625,0.7833333333333333,0.851063829787234,0.6666666666666666,60.0,47,,,,False
TRIPLE,keygas_fault+doernenburg_fault+duval_triangle_fault,3,locked_test,coarse,0.9,0.6470588235294118,0.28205128205128205,0.2773109243697479,0.2795299938157081,0.8998556998556998,1.0,0.9,0.9,60.0,60,,,,False
TRIPLE,keygas_fault+doernenburg_fault+duval_pentagon_p1_fault,3,development,fine,0.5319148936170213,0.29074074074074074,0.18571428571428572,0.2492063492063492,0.2076923076923077,0.4206219312602292,0.7966101694915254,0.5319148936170213,0.423728813559322,59.0,47,,,,False
TRIPLE,keygas_fault+doernenburg_fault+duval_pentagon_p1_fault,3,development,coarse,0.6779661016949152,0.4719298245614035,0.2183673469387755,0.20225563909774436,0.21000067480936635,0.7048189394970497,1.0,0.6779661016949152,0.6779661016949152,59.0,59,,,,False
TRIPLE,keygas_fault+doernenburg_fault+duval_pentagon_p1_fault,3,locked_test,fine,0.5957446808510638,0.38571428571428573,0.3356009070294785,0.38571428571428573,0.35201640464798356,0.4875292680443856,0.7833333333333333,0.5957446808510638,0.4666666666666667,60.0,47,,,,False
TRIPLE,keygas_fault+doernenburg_fault+duval_pentagon_p1_fault,3,locked_test,coarse,0.75,0.5247678018575851,0.2702702702702703,0.22490048651039363,0.2439408866995074,0.791816091954023,1.0,0.75,0.75,60.0,60,,,,False
TRIPLE,keygas_fault+doernenburg_fault+duval_pentagon_p2_fault,3,development,fine,0.4857142857142857,0.2,0.07142857142857142,0.14285714285714285,0.09523809523809523,0.32380952380952377,0.5932203389830508,0.4857142857142857,0.288135593220339,59.0,35,,,,False
TRIPLE,keygas_fault+doernenburg_fault+duval_pentagon_p2_fault,3,development,coarse,0.6779661016949152,0.4719298245614035,0.2183673469387755,0.20225563909774436,0.21000067480936635,0.7048189394970497,1.0,0.6779661016949152,0.6779661016949152,59.0,59,,,,False
TRIPLE,keygas_fault+doernenburg_fault+duval_pentagon_p2_fault,3,locked_test,fine,0.5833333333333334,0.4,0.22448979591836735,0.2857142857142857,0.24675324675324675,0.4318181818181819,0.6,0.5833333333333334,0.35,60.0,36,,,,False
TRIPLE,keygas_fault+doernenburg_fault+duval_pentagon_p2_fault,3,locked_test,coarse,0.7,0.4659442724458205,0.2702702702702703,0.19969040247678022,0.22461538461538463,0.7534871794871794,1.0,0.7,0.7,60.0,60,,,,False
TRIPLE,keygas_fault+duval_triangle_fault+duval_pentagon_p1_fault,3,development,fine,0.7714285714285715,0.6,0.376984126984127,0.42857142857142855,0.3997599039615846,0.6845138055222088,0.5932203389830508,0.7714285714285715,0.4576271186440678,59.0,35,,,,False
TRIPLE,keygas_fault+duval_triangle_fault+duval_pentagon_p1_fault,3,development,coarse,0.7288135593220338,0.4982456140350877,0.24206349206349206,0.21353383458646616,0.22651222651222652,0.7613376087952359,1.0,0.7288135593220338,0.7288135593220338,59.0,59,,,,False
TRIPLE,keygas_fault+duval_triangle_fault+duval_pentagon_p1_fault,3,locked_test,fine,0.8387096774193549,0.6,0.380952380952381,0.42857142857142855,0.4025974025974026,0.7653958944281525,0.5166666666666667,0.8387096774193549,0.43333333333333335,60.0,31,,,,False
TRIPLE,keygas_fault+duval_triangle_fault+duval_pentagon_p1_fault,3,locked_test,coarse,0.7666666666666667,0.5335397316821465,0.26122448979591834,0.22865988500663423,0.2436714853860236,0.8093091766092207,1.0,0.7666666666666667,0.7666666666666667,60.0,60,,,,False
TRIPLE,keygas_fault+duval_triangle_fault+duval_pentagon_p2_fault,3,development,fine,0.76,0.5,0.25,0.2857142857142857,0.2653061224489796,0.657142857142857,0.423728813559322,0.76,0.3220338983050847,59.0,25,,,,False
TRIPLE,keygas_fault+duval_triangle_fault+duval_pentagon_p2_fault,3,development,coarse,0.7288135593220338,0.4982456140350877,0.24206349206349206,0.21353383458646616,0.22651222651222652,0.7613376087952359,1.0,0.7288135593220338,0.7288135593220338,59.0,59,,,,False
TRIPLE,keygas_fault+duval_triangle_fault+duval_pentagon_p2_fault,3,locked_test,fine,0.84,0.6666666666666666,0.2619047619047619,0.2857142857142857,0.27272727272727276,0.7672727272727272,0.4166666666666667,0.84,0.35,60.0,25,,,,False
TRIPLE,keygas_fault+duval_triangle_fault+duval_pentagon_p2_fault,3,locked_test,coarse,0.7166666666666667,0.47471620227038186,0.2556586270871985,0.2034498009730208,0.22490914173888735,0.7720971950424005,1.0,0.7166666666666667,0.7166666666666667,60.0,60,,,,False
TRIPLE,keygas_fault+duval_pentagon_p1_fault+duval_pentagon_p2_fault,3,development,fine,0.4722222222222222,0.2,0.06938775510204082,0.14285714285714285,0.09340659340659341,0.3087606837606838,0.6101694915254238,0.4722222222222222,0.288135593220339,59.0,36,,,,False
TRIPLE,keygas_fault+duval_pentagon_p1_fault+duval_pentagon_p2_fault,3,development,coarse,0.6949152542372882,0.4807017543859649,0.2126984126984127,0.20601503759398496,0.2092664092664093,0.7095739807604216,1.0,0.6949152542372882,0.6949152542372882,59.0,59,,,,False
TRIPLE,keygas_fault+duval_pentagon_p1_fault+duval_pentagon_p2_fault,3,locked_test,fine,0.5789473684210527,0.2916666666666667,0.22222222222222224,0.16666666666666669,0.14285714285714285,0.4661654135338346,0.6333333333333333,0.5789473684210527,0.36666666666666664,60.0,38,,,,False
TRIPLE,keygas_fault+duval_pentagon_p1_fault+duval_pentagon_p2_fault,3,locked_test,coarse,0.6833333333333333,0.457172342621259,0.23718386876281614,0.19593100398053956,0.21213748657357678,0.7154761904761905,1.0,0.6833333333333333,0.6833333333333333,60.0,60,,,,False
TRIPLE,iec_fault+rogers_fault+doernenburg_fault,3,development,fine,0.775,0.603174603174603,0.5257936507936508,0.603174603174603,0.5151347360649686,0.7281007751937986,0.6779661016949152,0.775,0.5254237288135594,59.0,40,,,,False
TRIPLE,iec_fault+rogers_fault+doernenburg_fault,3,development,coarse,0.711864406779661,0.4894736842105263,0.2335949764521193,0.20977443609022556,0.22099524741403412,0.7457461275664201,1.0,0.711864406779661,0.711864406779661,59.0,59,,,,False
TRIPLE,iec_fault+rogers_fault+doernenburg_fault,3,locked_test,fine,0.775,0.625,0.6118012422360248,0.5357142857142857,0.517725789502793,0.7613917924893535,0.6666666666666666,0.775,0.5166666666666667,60.0,40,,,,False
TRIPLE,iec_fault+rogers_fault+doernenburg_fault,3,locked_test,coarse,0.7166666666666667,0.5072239422084623,0.2608418367346939,0.21738168951791242,0.23712969058591177,0.7803072196620583,1.0,0.7166666666666667,0.7166666666666667,60.0,60,,,,False
TRIPLE,iec_fault+rogers_fault+duval_triangle_fault,3,development,fine,0.7818181818181819,0.6261904761904763,0.5014285714285714,0.6261904761904763,0.5350168350168351,0.74178145087236,0.9322033898305084,0.7818181818181819,0.7288135593220338,59.0,55,,,,False
TRIPLE,iec_fault+rogers_fault+duval_triangle_fault,3,development,coarse,0.847457627118644,0.6,0.25170068027210885,0.2571428571428572,0.2539408866995074,0.8222676797194624,1.0,0.847457627118644,0.847457627118644,59.0,59,,,,False
TRIPLE,iec_fault+rogers_fault+duval_triangle_fault,3,locked_test,fine,0.8867924528301887,0.8012987012987013,0.7337816944959802,0.8012987012987013,0.7477010020564027,0.8760911328789839,0.8833333333333333,0.8867924528301887,0.7833333333333333,60.0,53,,,,False
TRIPLE,iec_fault+rogers_fault+duval_triangle_fault,3,locked_test,coarse,0.9,0.6470588235294118,0.25949489107383844,0.2773109243697479,0.2679859822716965,0.8769600769600768,1.0,0.9,0.9,60.0,60,,,,False
TRIPLE,iec_fault+rogers_fault+duval_pentagon_p1_fault,3,development,fine,0.6190476190476191,0.4666666666666666,0.29802955665024633,0.39999999999999997,0.3278122843340235,0.526685070163331,0.711864406779661,0.6190476190476191,0.4406779661016949,59.0,42,,,,False
TRIPLE,iec_fault+rogers_fault+duval_pentagon_p1_fault,3,development,coarse,0.6949152542372882,0.4807017543859649,0.2258852258852259,0.20601503759398496,0.2153888582460011,0.7204698645376613,1.0,0.6949152542372882,0.6949152542372882,59.0,59,,,,False
TRIPLE,iec_fault+rogers_fault+duval_pentagon_p1_fault,3,locked_test,fine,0.6530612244897959,0.4927849927849928,0.5405785970302099,0.4927849927849928,0.46875477463712756,0.6005238459019971,0.8166666666666667,0.6530612244897959,0.5333333333333333,60.0,49,,,,False
TRIPLE,iec_fault+rogers_fault+duval_pentagon_p1_fault,3,locked_test,coarse,0.7833333333333333,0.563983488132095,0.25241312741312744,0.24170720919946925,0.24692640692640694,0.7977373737373736,1.0,0.7833333333333333,0.7833333333333333,60.0,60,,,,False
TRIPLE,iec_fault+rogers_fault+duval_pentagon_p2_fault,3,development,fine,0.6486486486486487,0.4583333333333333,0.29802955665024633,0.39285714285714285,0.3232771369417332,0.542946673381456,0.6271186440677966,0.6486486486486487,0.4067796610169492,59.0,37,,,,False
TRIPLE,iec_fault+rogers_fault+duval_pentagon_p2_fault,3,development,coarse,0.6949152542372882,0.4807017543859649,0.2258852258852259,0.20601503759398496,0.2153888582460011,0.7204698645376613,1.0,0.6949152542372882,0.6949152542372882,59.0,59,,,,False
TRIPLE,iec_fault+rogers_fault+duval_pentagon_p2_fault,3,locked_test,fine,0.7,0.6322751322751322,0.5921658986175115,0.5419501133786848,0.5059842118665648,0.6429144385026737,0.6666666666666666,0.7,0.4666666666666667,60.0,40,,,,False
TRIPLE,iec_fault+rogers_fault+duval_pentagon_p2_fault,3,locked_test,coarse,0.7333333333333333,0.5051599587203303,0.24829224829224827,0.21649712516585584,0.23047619047619047,0.7651111111111111,1.0,0.7333333333333333,0.7333333333333333,60.0,60,,,,False
TRIPLE,iec_fault+doernenburg_fault+duval_triangle_fault,3,development,fine,0.8113207547169812,0.6780219780219781,0.5251552795031056,0.6780219780219781,0.5794681508967222,0.7585967491627867,0.8983050847457628,0.8113207547169812,0.7288135593220338,59.0,53,,,,False
TRIPLE,iec_fault+doernenburg_fault+duval_triangle_fault,3,development,coarse,0.847457627118644,0.6,0.2435374149659864,0.2571428571428572,0.25,0.8152542372881356,1.0,0.847457627118644,0.847457627118644,59.0,59,,,,False
TRIPLE,iec_fault+doernenburg_fault+duval_triangle_fault,3,locked_test,fine,0.8245614035087719,0.724025974025974,0.6850294632903328,0.724025974025974,0.699773482331622,0.7977689996661844,0.95,0.8245614035087719,0.7833333333333333,60.0,57,,,,False
TRIPLE,iec_fault+doernenburg_fault+duval_triangle_fault,3,locked_test,coarse,0.9166666666666666,0.6666666666666666,0.26062271062271064,0.2857142857142857,0.2722759865617009,0.8854685854685854,1.0,0.9166666666666666,0.9166666666666666,60.0,60,,,,False
TRIPLE,iec_fault+doernenburg_fault+duval_pentagon_p1_fault,3,development,fine,0.5555555555555556,0.297270955165692,0.19262672811059908,0.2548036758563074,0.2174436090225564,0.45553216374269007,0.7627118644067796,0.5555555555555556,0.423728813559322,59.0,45,,,,False
TRIPLE,iec_fault+doernenburg_fault+duval_pentagon_p1_fault,3,development,coarse,0.6949152542372882,0.4807017543859649,0.2126984126984127,0.20601503759398496,0.2092664092664093,0.7095739807604216,1.0,0.6949152542372882,0.6949152542372882,59.0,59,,,,False
TRIPLE,iec_fault+doernenburg_fault+duval_pentagon_p1_fault,3,locked_test,fine,0.6458333333333334,0.4253968253968254,0.5,0.4253968253968254,0.4180133591898298,0.586035696329814,0.8,0.6458333333333334,0.5166666666666667,60.0,48,,,,False
TRIPLE,iec_fault+doernenburg_fault+duval_pentagon_p1_fault,3,locked_test,coarse,0.7666666666666667,0.5335397316821465,0.2502685284640172,0.22865988500663423,0.23841862721319426,0.786021505376344,1.0,0.7666666666666667,0.7666666666666667,60.0,60,,,,False
TRIPLE,iec_fault+doernenburg_fault+duval_pentagon_p2_fault,3,development,fine,0.6111111111111112,0.3666666666666667,0.22119815668202764,0.2619047619047619,0.23106060606060605,0.48600589225589225,0.6101694915254238,0.6111111111111112,0.3728813559322034,59.0,36,,,,False
TRIPLE,iec_fault+doernenburg_fault+duval_pentagon_p2_fault,3,development,coarse,0.6949152542372882,0.4807017543859649,0.2126984126984127,0.20601503759398496,0.2092664092664093,0.7095739807604216,1.0,0.6949152542372882,0.6949152542372882,59.0,59,,,,False
TRIPLE,iec_fault+doernenburg_fault+duval_pentagon_p2_fault,3,locked_test,fine,0.6756756756756757,0.5066666666666667,0.5178571428571429,0.36190476190476195,0.3717948717948718,0.6004851004851005,0.6166666666666667,0.6756756756756757,0.4166666666666667,60.0,37,,,,False
TRIPLE,iec_fault+doernenburg_fault+duval_pentagon_p2_fault,3,locked_test,coarse,0.7333333333333333,0.49432404540763675,0.2468671679197995,0.2118531623175586,0.2263417163598652,0.7620689655172413,1.0,0.7333333333333333,0.7333333333333333,60.0,60,,,,False
TRIPLE,iec_fault+duval_triangle_fault+duval_pentagon_p1_fault,3,development,fine,0.7608695652173914,0.5968660968660969,0.5182884748102139,0.5115995115995117,0.5081529581529581,0.7410079051383399,0.7796610169491526,0.7608695652173914,0.5932203389830508,59.0,46,,,,False
TRIPLE,iec_fault+duval_triangle_fault+duval_pentagon_p1_fault,3,development,coarse,0.6949152542372882,0.4807017543859649,0.2295133437990581,0.20601503759398496,0.21708135308918086,0.7281004345086073,1.0,0.6949152542372882,0.6949152542372882,59.0,59,,,,False
TRIPLE,iec_fault+duval_triangle_fault+duval_pentagon_p1_fault,3,locked_test,fine,0.8863636363636364,0.8425925925925926,0.7310606060606061,0.7222222222222222,0.7215586234493798,0.8894178125795773,0.7333333333333333,0.8863636363636364,0.65,60.0,44,,,,False
TRIPLE,iec_fault+duval_triangle_fault+duval_pentagon_p1_fault,3,locked_test,coarse,0.8166666666666667,0.5815273477812177,0.2638888888888889,0.24922600619195046,0.25634725634725636,0.8395031395031395,1.0,0.8166666666666667,0.8166666666666667,60.0,60,,,,False
TRIPLE,iec_fault+duval_triangle_fault+duval_pentagon_p2_fault,3,development,fine,0.8333333333333334,0.5968660968660969,0.5341614906832298,0.5115995115995117,0.5156226126814362,0.8227845683728037,0.711864406779661,0.8333333333333334,0.5932203389830508,59.0,42,,,,False
TRIPLE,iec_fault+duval_triangle_fault+duval_pentagon_p2_fault,3,development,coarse,0.6949152542372882,0.4807017543859649,0.2295133437990581,0.20601503759398496,0.21708135308918086,0.7281004345086073,1.0,0.6949152542372882,0.6949152542372882,59.0,59,,,,False
TRIPLE,iec_fault+duval_triangle_fault+duval_pentagon_p2_fault,3,locked_test,fine,0.9,0.9074074074074074,0.7489177489177489,0.7777777777777778,0.7324829931972789,0.9055654761904762,0.6666666666666666,0.9,0.6,60.0,40,,,,False
TRIPLE,iec_fault+duval_triangle_fault+duval_pentagon_p2_fault,3,locked_test,coarse,0.7833333333333333,0.542311661506708,0.2613378684807256,0.23241928350287486,0.24573421347614893,0.8184539378087765,1.0,0.7833333333333333,0.7833333333333333,60.0,60,,,,False
TRIPLE,iec_fault+duval_pentagon_p1_fault+duval_pentagon_p2_fault,3,development,fine,0.5434782608695652,0.36,0.2122448979591837,0.2571428571428572,0.22039072039072036,0.4348755109624675,0.7796610169491526,0.5434782608695652,0.423728813559322,59.0,46,,,,False
TRIPLE,iec_fault+duval_pentagon_p1_fault+duval_pentagon_p2_fault,3,development,coarse,0.6949152542372882,0.4807017543859649,0.2126984126984127,0.20601503759398496,0.2092664092664093,0.7095739807604216,1.0,0.6949152542372882,0.6949152542372882,59.0,59,,,,False
TRIPLE,iec_fault+duval_pentagon_p1_fault+duval_pentagon_p2_fault,3,locked_test,fine,0.6,0.375,0.36507936507936506,0.21428571428571427,0.21428571428571427,0.5178571428571429,0.6666666666666666,0.6,0.4,60.0,40,,,,False
TRIPLE,iec_fault+duval_pentagon_p1_fault+duval_pentagon_p2_fault,3,locked_test,coarse,0.7,0.47678018575851394,0.2393483709273183,0.2043343653250774,0.218822919367384,0.728735632183908,1.0,0.7,0.7,60.0,60,,,,False
TRIPLE,rogers_fault+doernenburg_fault+duval_triangle_fault,3,development,fine,0.7058823529411765,0.6142857142857142,0.5040816326530612,0.6142857142857142,0.5163982420821326,0.6308720135378458,0.864406779661017,0.7058823529411765,0.6101694915254238,59.0,51,,,,False
TRIPLE,rogers_fault+doernenburg_fault+duval_triangle_fault,3,development,coarse,0.847457627118644,0.6,0.24053156146179402,0.2571428571428572,0.24832451499118166,0.8077003557229545,1.0,0.847457627118644,0.847457627118644,59.0,59,,,,False
TRIPLE,rogers_fault+doernenburg_fault+duval_triangle_fault,3,locked_test,fine,0.82,0.6285714285714287,0.628937728937729,0.6285714285714287,0.6159984942593638,0.7763109354413702,0.8333333333333334,0.82,0.6833333333333333,60.0,50,,,,False
TRIPLE,rogers_fault+doernenburg_fault+duval_triangle_fault,3,locked_test,coarse,0.9,0.6470588235294118,0.25949489107383844,0.2773109243697479,0.2679859822716965,0.8769600769600768,1.0,0.9,0.9,60.0,60,,,,False
TRIPLE,rogers_fault+doernenburg_fault+duval_pentagon_p1_fault,3,development,fine,0.5434782608695652,0.3148148148148148,0.1836734693877551,0.2698412698412698,0.21370734528629262,0.4063985213870797,0.7796610169491526,0.5434782608695652,0.423728813559322,59.0,46,,,,False
TRIPLE,rogers_fault+doernenburg_fault+duval_pentagon_p1_fault,3,development,coarse,0.6949152542372882,0.4807017543859649,0.2258852258852259,0.20601503759398496,0.2153888582460011,0.7204698645376613,1.0,0.6949152542372882,0.6949152542372882,59.0,59,,,,False
TRIPLE,rogers_fault+doernenburg_fault+duval_pentagon_p1_fault,3,locked_test,fine,0.574468085106383,0.2962962962962963,0.19514472455648926,0.25396825396825395,0.21693121693121695,0.4641449960598896,0.7833333333333333,0.574468085106383,0.45,60.0,47,,,,False
TRIPLE,rogers_fault+doernenburg_fault+duval_pentagon_p1_fault,3,locked_test,coarse,0.7333333333333333,0.5159958720330238,0.2494331065759637,0.22114108801415305,0.23415120189313737,0.7671025864574251,1.0,0.7333333333333333,0.7333333333333333,60.0,60,,,,False
TRIPLE,rogers_fault+doernenburg_fault+duval_pentagon_p2_fault,3,development,fine,0.5263157894736842,0.35,0.2122448979591837,0.25,0.21585557299843014,0.3827356853672643,0.6440677966101694,0.5263157894736842,0.3389830508474576,59.0,38,,,,False
TRIPLE,rogers_fault+doernenburg_fault+duval_pentagon_p2_fault,3,development,coarse,0.6949152542372882,0.4807017543859649,0.2258852258852259,0.20601503759398496,0.2153888582460011,0.7204698645376613,1.0,0.6949152542372882,0.6949152542372882,59.0,59,,,,False
TRIPLE,rogers_fault+doernenburg_fault+duval_pentagon_p2_fault,3,locked_test,fine,0.6216216216216216,0.4,0.22689075630252103,0.2285714285714286,0.21296296296296297,0.5017517517517517,0.6166666666666667,0.6216216216216216,0.38333333333333336,60.0,37,,,,False
TRIPLE,rogers_fault+doernenburg_fault+duval_pentagon_p2_fault,3,locked_test,coarse,0.6833333333333333,0.457172342621259,0.24386724386724387,0.19593100398053956,0.2153888582460011,0.729890604890605,1.0,0.6833333333333333,0.6833333333333333,60.0,60,,,,False
TRIPLE,rogers_fault+duval_triangle_fault+duval_pentagon_p1_fault,3,development,fine,0.7368421052631579,0.5777777777777777,0.37037037037037035,0.4126984126984127,0.3878536922015183,0.6498855835240275,0.6440677966101694,0.7368421052631579,0.4745762711864407,59.0,38,,,,False
TRIPLE,rogers_fault+duval_triangle_fault+duval_pentagon_p1_fault,3,development,coarse,0.7288135593220338,0.4982456140350877,0.24206349206349206,0.21353383458646616,0.22651222651222652,0.7613376087952359,1.0,0.7288135593220338,0.7288135593220338,59.0,59,,,,False
TRIPLE,rogers_fault+duval_triangle_fault+duval_pentagon_p1_fault,3,locked_test,fine,0.75,0.48333333333333334,0.36963036963036966,0.41428571428571426,0.3895297249334516,0.6740683229813664,0.6666666666666666,0.75,0.5,60.0,40,,,,False
TRIPLE,rogers_fault+duval_triangle_fault+duval_pentagon_p1_fault,3,locked_test,coarse,0.7833333333333333,0.563983488132095,0.2596938775510204,0.24170720919946925,0.25037063393227776,0.8130067801300677,1.0,0.7833333333333333,0.7833333333333333,60.0,60,,,,False
TRIPLE,rogers_fault+duval_triangle_fault+duval_pentagon_p2_fault,3,development,fine,0.7647058823529411,0.5714285714285714,0.3862433862433862,0.40816326530612246,0.39273769708552325,0.6810938422191619,0.576271186440678,0.7647058823529411,0.4406779661016949,59.0,34,,,,False
TRIPLE,rogers_fault+duval_triangle_fault+duval_pentagon_p2_fault,3,development,coarse,0.7288135593220338,0.4982456140350877,0.24206349206349206,0.21353383458646616,0.22651222651222652,0.7613376087952359,1.0,0.7288135593220338,0.7288135593220338,59.0,59,,,,False
TRIPLE,rogers_fault+duval_triangle_fault+duval_pentagon_p2_fault,3,locked_test,fine,0.8064516129032258,0.7,0.3956043956043956,0.39999999999999997,0.3940648723257419,0.7366370578151783,0.5166666666666667,0.8064516129032258,0.4166666666666667,60.0,31,,,,False
TRIPLE,rogers_fault+duval_triangle_fault+duval_pentagon_p2_fault,3,locked_test,coarse,0.7333333333333333,0.5051599587203303,0.25557299843014125,0.21649712516585584,0.2339204174820613,0.780380517503805,1.0,0.7333333333333333,0.7333333333333333,60.0,60,,,,False
TRIPLE,rogers_fault+duval_pentagon_p1_fault+duval_pentagon_p2_fault,3,development,fine,0.5476190476190477,0.35,0.2122448979591837,0.25,0.21585557299843014,0.4279173207744636,0.711864406779661,0.5476190476190477,0.3898305084745763,59.0,42,,,,False
TRIPLE,rogers_fault+duval_pentagon_p1_fault+duval_pentagon_p2_fault,3,development,coarse,0.6949152542372882,0.4807017543859649,0.2126984126984127,0.20601503759398496,0.2092664092664093,0.7095739807604216,1.0,0.6949152542372882,0.6949152542372882,59.0,59,,,,False
TRIPLE,rogers_fault+duval_pentagon_p1_fault+duval_pentagon_p2_fault,3,locked_test,fine,0.5777777777777777,0.33333333333333337,0.33650793650793653,0.2380952380952381,0.23076923076923078,0.503052503052503,0.75,0.5777777777777777,0.43333333333333335,60.0,45,,,,False
TRIPLE,rogers_fault+duval_pentagon_p1_fault+duval_pentagon_p2_fault,3,locked_test,coarse,0.6833333333333333,0.457172342621259,0.23718386876281614,0.19593100398053956,0.21213748657357678,0.7154761904761905,1.0,0.6833333333333333,0.6833333333333333,60.0,60,,,,False
TRIPLE,doernenburg_fault+duval_triangle_fault+duval_pentagon_p1_fault,3,development,fine,0.6410256410256411,0.4,0.1980295566502463,0.2857142857142857,0.23257418909592822,0.5045212436516784,0.6610169491525424,0.6410256410256411,0.423728813559322,59.0,39,,,,False
TRIPLE,doernenburg_fault+duval_triangle_fault+duval_pentagon_p1_fault,3,development,coarse,0.711864406779661,0.4894736842105263,0.24183673469387754,0.20977443609022556,0.22439660795825178,0.7517993963315532,1.0,0.711864406779661,0.711864406779661,59.0,59,,,,False
TRIPLE,doernenburg_fault+duval_triangle_fault+duval_pentagon_p1_fault,3,locked_test,fine,0.7435897435897436,0.6,0.36637931034482757,0.42857142857142855,0.3928085519922255,0.6374324088609803,0.65,0.7435897435897436,0.48333333333333334,60.0,39,,,,False
TRIPLE,doernenburg_fault+duval_triangle_fault+duval_pentagon_p1_fault,3,locked_test,coarse,0.7666666666666667,0.5335397316821465,0.26122448979591834,0.22865988500663423,0.2436714853860236,0.8093091766092207,1.0,0.7666666666666667,0.7666666666666667,60.0,60,,,,False
TRIPLE,doernenburg_fault+duval_triangle_fault+duval_pentagon_p2_fault,3,development,fine,0.6285714285714286,0.5,0.20279146141215107,0.2857142857142857,0.23546019198193108,0.488876341050254,0.5932203389830508,0.6285714285714286,0.3728813559322034,59.0,35,,,,False
TRIPLE,doernenburg_fault+duval_triangle_fault+duval_pentagon_p2_fault,3,development,coarse,0.711864406779661,0.4894736842105263,0.24183673469387754,0.20977443609022556,0.22439660795825178,0.7517993963315532,1.0,0.711864406779661,0.711864406779661,59.0,59,,,,False
TRIPLE,doernenburg_fault+duval_triangle_fault+duval_pentagon_p2_fault,3,locked_test,fine,0.7222222222222222,0.6,0.3556650246305419,0.42857142857142855,0.3864593456430191,0.6078357268833459,0.6,0.7222222222222222,0.43333333333333335,60.0,36,,,,False
TRIPLE,doernenburg_fault+duval_triangle_fault+duval_pentagon_p2_fault,3,locked_test,coarse,0.7333333333333333,0.49432404540763675,0.2578231292517007,0.2118531623175586,0.23159457453269452,0.785356636750118,1.0,0.7333333333333333,0.7333333333333333,60.0,60,,,,False
TRIPLE,doernenburg_fault+duval_pentagon_p1_fault+duval_pentagon_p2_fault,3,development,fine,0.5116279069767442,0.28571428571428575,0.17142857142857143,0.2448979591836735,0.19544740973312402,0.37477638640429334,0.7288135593220338,0.5116279069767442,0.3728813559322034,59.0,43,,,,False
TRIPLE,doernenburg_fault+duval_pentagon_p1_fault+duval_pentagon_p2_fault,3,development,coarse,0.6949152542372882,0.4807017543859649,0.2126984126984127,0.20601503759398496,0.2092664092664093,0.7095739807604216,1.0,0.6949152542372882,0.6949152542372882,59.0,59,,,,False
TRIPLE,doernenburg_fault+duval_pentagon_p1_fault+duval_pentagon_p2_fault,3,locked_test,fine,0.6222222222222222,0.35333333333333333,0.3446712018140589,0.2523809523809524,0.24369747899159666,0.5505135387488329,0.75,0.6222222222222222,0.4666666666666667,60.0,45,,,,False
TRIPLE,doernenburg_fault+duval_pentagon_p1_fault+duval_pentagon_p2_fault,3,locked_test,coarse,0.7,0.47678018575851394,0.2393483709273183,0.2043343653250774,0.218822919367384,0.728735632183908,1.0,0.7,0.7,60.0,60,,,,False
TRIPLE,duval_triangle_fault+duval_pentagon_p1_fault+duval_pentagon_p2_fault,3,development,fine,0.5555555555555556,0.36,0.1963718820861678,0.2571428571428572,0.21370734528629262,0.4341430499325236,0.7627118644067796,0.5555555555555556,0.423728813559322,59.0,45,,,,False
TRIPLE,duval_triangle_fault+duval_pentagon_p1_fault+duval_pentagon_p2_fault,3,development,coarse,0.6949152542372882,0.4807017543859649,0.2126984126984127,0.20601503759398496,0.2092664092664093,0.7095739807604216,1.0,0.6949152542372882,0.6949152542372882,59.0,59,,,,False
TRIPLE,duval_triangle_fault+duval_pentagon_p1_fault+duval_pentagon_p2_fault,3,locked_test,fine,0.6136363636363636,0.34444444444444444,0.3412698412698413,0.24603174603174605,0.23809523809523808,0.538961038961039,0.7333333333333333,0.6136363636363636,0.45,60.0,44,,,,False
TRIPLE,duval_triangle_fault+duval_pentagon_p1_fault+duval_pentagon_p2_fault,3,locked_test,coarse,0.7333333333333333,0.5159958720330238,0.24274973147153597,0.22114108801415305,0.23089983022071306,0.7526881720430106,1.0,0.7333333333333333,0.7333333333333333,60.0,60,,,,False
QUADRUPLE,keygas_fault+iec_fault+rogers_fault+doernenburg_fault,4,development,fine,0.7804878048780488,0.603174603174603,0.5496031746031745,0.603174603174603,0.5341823551125876,0.7331064473435434,0.6949152542372882,0.7804878048780488,0.5423728813559322,59.0,41,,,,False
QUADRUPLE,keygas_fault+iec_fault+rogers_fault+doernenburg_fault,4,development,coarse,0.7288135593220338,0.4982456140350877,0.23382173382173382,0.21353383458646616,0.22311086596800883,0.7552843400301028,1.0,0.7288135593220338,0.7288135593220338,59.0,59,,,,False
QUADRUPLE,keygas_fault+iec_fault+rogers_fault+doernenburg_fault,4,locked_test,fine,0.775,0.7341269841269841,0.5728571428571428,0.5243764172335601,0.48647186147186144,0.7425189393939394,0.6666666666666666,0.775,0.5166666666666667,60.0,40,,,,False
QUADRUPLE,keygas_fault+iec_fault+rogers_fault+doernenburg_fault,4,locked_test,coarse,0.7333333333333333,0.5051599587203303,0.2815126050420168,0.21649712516585584,0.24319727891156462,0.8031746031746032,1.0,0.7333333333333333,0.7333333333333333,60.0,60,,,,False
QUADRUPLE,keygas_fault+iec_fault+rogers_fault+duval_triangle_fault,4,development,fine,0.7777777777777778,0.6234693877551021,0.5003463203463203,0.6234693877551021,0.5329004329004329,0.73658810325477,0.9152542372881356,0.7777777777777778,0.711864406779661,59.0,54,,,,False
QUADRUPLE,keygas_fault+iec_fault+rogers_fault+duval_triangle_fault,4,development,coarse,0.847457627118644,0.6,0.25170068027210885,0.2571428571428572,0.2539408866995074,0.8222676797194624,1.0,0.847457627118644,0.847457627118644,59.0,59,,,,False
QUADRUPLE,keygas_fault+iec_fault+rogers_fault+duval_triangle_fault,4,locked_test,fine,0.88,0.780952380952381,0.7425685425685425,0.780952380952381,0.7379878267096311,0.8762305764411029,0.8333333333333334,0.88,0.7333333333333333,60.0,50,,,,False
QUADRUPLE,keygas_fault+iec_fault+rogers_fault+duval_triangle_fault,4,locked_test,coarse,0.8833333333333333,0.6274509803921569,0.2652445593622064,0.2689075630252101,0.26705227545563676,0.8751082251082251,1.0,0.8833333333333333,0.8833333333333333,60.0,60,,,,False
QUADRUPLE,keygas_fault+iec_fault+rogers_fault+duval_pentagon_p1_fault,4,development,fine,0.627906976744186,0.4666666666666666,0.3,0.39999999999999997,0.32936507936507936,0.5361757105943152,0.7288135593220338,0.627906976744186,0.4576271186440678,59.0,43,,,,False
QUADRUPLE,keygas_fault+iec_fault+rogers_fault+duval_pentagon_p1_fault,4,development,coarse,0.711864406779661,0.4894736842105263,0.22631422631422632,0.20977443609022556,0.21755102040816326,0.7302179176755448,1.0,0.711864406779661,0.711864406779661,59.0,59,,,,False
QUADRUPLE,keygas_fault+iec_fault+rogers_fault+duval_pentagon_p1_fault,4,locked_test,fine,0.6666666666666666,0.48888888888888893,0.5416666666666666,0.48888888888888893,0.4678210678210678,0.6191077441077442,0.8,0.6666666666666666,0.5333333333333333,60.0,48,,,,False
QUADRUPLE,keygas_fault+iec_fault+rogers_fault+duval_pentagon_p1_fault,4,locked_test,coarse,0.7833333333333333,0.5531475748194015,0.2550836550836551,0.23706324635117207,0.24559523809523812,0.8044305555555555,1.0,0.7833333333333333,0.7833333333333333,60.0,60,,,,False
QUADRUPLE,keygas_fault+iec_fault+rogers_fault+duval_pentagon_p2_fault,4,development,fine,0.6578947368421053,0.4583333333333333,0.3,0.39285714285714285,0.3248299319727891,0.5532581453634084,0.6440677966101694,0.6578947368421053,0.423728813559322,59.0,38,,,,False
QUADRUPLE,keygas_fault+iec_fault+rogers_fault+duval_pentagon_p2_fault,4,development,coarse,0.711864406779661,0.4894736842105263,0.22631422631422632,0.20977443609022556,0.21755102040816326,0.7302179176755448,1.0,0.711864406779661,0.711864406779661,59.0,59,,,,False
QUADRUPLE,keygas_fault+iec_fault+rogers_fault+duval_pentagon_p2_fault,4,locked_test,fine,0.725,0.6322751322751322,0.5952380952380951,0.5419501133786848,0.5082251082251082,0.6757575757575758,0.6666666666666666,0.725,0.48333333333333334,60.0,40,,,,False
QUADRUPLE,keygas_fault+iec_fault+rogers_fault+duval_pentagon_p2_fault,4,locked_test,coarse,0.7333333333333333,0.49432404540763675,0.25032175032175036,0.2118531623175586,0.22804597701149426,0.769624521072797,1.0,0.7333333333333333,0.7333333333333333,60.0,60,,,,False
QUADRUPLE,keygas_fault+iec_fault+doernenburg_fault+duval_triangle_fault,4,development,fine,0.8076923076923077,0.6761904761904762,0.5251552795031056,0.6761904761904762,0.5783858998144712,0.7538086913086913,0.8813559322033898,0.8076923076923077,0.711864406779661,59.0,52,,,,False
QUADRUPLE,keygas_fault+iec_fault+doernenburg_fault+duval_triangle_fault,4,development,coarse,0.847457627118644,0.6,0.2435374149659864,0.2571428571428572,0.25,0.8152542372881356,1.0,0.847457627118644,0.847457627118644,59.0,59,,,,False
QUADRUPLE,keygas_fault+iec_fault+doernenburg_fault+duval_triangle_fault,4,locked_test,fine,0.8653846153846154,0.7168831168831169,0.711128364389234,0.7168831168831169,0.7093075990085956,0.8579038532526904,0.8666666666666667,0.8653846153846154,0.75,60.0,52,,,,False
QUADRUPLE,keygas_fault+iec_fault+doernenburg_fault+duval_triangle_fault,4,locked_test,coarse,0.9166666666666666,0.6666666666666666,0.28205128205128205,0.2857142857142857,0.28385899814471244,0.9084415584415584,1.0,0.9166666666666666,0.9166666666666666,60.0,60,,,,False
QUADRUPLE,keygas_fault+iec_fault+doernenburg_fault+duval_pentagon_p1_fault,4,development,fine,0.5681818181818182,0.3055555555555555,0.19262672811059908,0.2619047619047619,0.2194261163111861,0.45610780197246364,0.7457627118644068,0.5681818181818182,0.423728813559322,59.0,44,,,,False
QUADRUPLE,keygas_fault+iec_fault+doernenburg_fault+duval_pentagon_p1_fault,4,development,coarse,0.6949152542372882,0.4807017543859649,0.21882086167800452,0.20601503759398496,0.21222207429103981,0.7148340625839166,1.0,0.6949152542372882,0.6949152542372882,59.0,59,,,,False
QUADRUPLE,keygas_fault+iec_fault+doernenburg_fault+duval_pentagon_p1_fault,4,locked_test,fine,0.6818181818181818,0.4126984126984127,0.5028801843317973,0.4126984126984127,0.40112044817927167,0.6113190730837789,0.7333333333333333,0.6818181818181818,0.5,60.0,44,,,,False
QUADRUPLE,keygas_fault+iec_fault+doernenburg_fault+duval_pentagon_p1_fault,4,locked_test,coarse,0.7666666666666667,0.5335397316821465,0.27413127413127414,0.22865988500663423,0.24775041050903118,0.8087049808429119,1.0,0.7666666666666667,0.7666666666666667,60.0,60,,,,False
QUADRUPLE,keygas_fault+iec_fault+doernenburg_fault+duval_pentagon_p2_fault,4,development,fine,0.6111111111111112,0.3666666666666667,0.22119815668202764,0.2619047619047619,0.23106060606060605,0.48600589225589225,0.6101694915254238,0.6111111111111112,0.3728813559322034,59.0,36,,,,False
QUADRUPLE,keygas_fault+iec_fault+doernenburg_fault+duval_pentagon_p2_fault,4,development,coarse,0.6949152542372882,0.4807017543859649,0.21882086167800452,0.20601503759398496,0.21222207429103981,0.7148340625839166,1.0,0.6949152542372882,0.6949152542372882,59.0,59,,,,False
QUADRUPLE,keygas_fault+iec_fault+doernenburg_fault+duval_pentagon_p2_fault,4,locked_test,fine,0.6857142857142857,0.48888888888888893,0.5207373271889401,0.34920634920634924,0.35490196078431374,0.5996078431372549,0.5833333333333334,0.6857142857142857,0.4,60.0,35,,,,False
QUADRUPLE,keygas_fault+iec_fault+doernenburg_fault+duval_pentagon_p2_fault,4,locked_test,coarse,0.7333333333333333,0.49432404540763675,0.27413127413127414,0.2118531623175586,0.23534391534391533,0.7840987654320988,1.0,0.7333333333333333,0.7333333333333333,60.0,60,,,,False
QUADRUPLE,keygas_fault+iec_fault+duval_triangle_fault+duval_pentagon_p1_fault,4,development,fine,0.7659574468085106,0.6507936507936508,0.5912698412698413,0.6507936507936508,0.601814058956916,0.7381965552178318,0.7966101694915254,0.7659574468085106,0.6101694915254238,59.0,47,,,,False
QUADRUPLE,keygas_fault+iec_fault+duval_triangle_fault+duval_pentagon_p1_fault,4,development,coarse,0.7288135593220338,0.4982456140350877,0.2301752301752302,0.21353383458646616,0.22136054421768708,0.7473930589184827,1.0,0.7288135593220338,0.7288135593220338,59.0,59,,,,False
QUADRUPLE,keygas_fault+iec_fault+duval_triangle_fault+duval_pentagon_p1_fault,4,locked_test,fine,0.8809523809523809,0.832010582010582,0.7310606060606061,0.7131519274376418,0.7156062424969988,0.8831599306389222,0.7,0.8809523809523809,0.6166666666666667,60.0,42,,,,False
QUADRUPLE,keygas_fault+iec_fault+duval_triangle_fault+duval_pentagon_p1_fault,4,locked_test,coarse,0.8333333333333334,0.5902992776057792,0.263996138996139,0.2529854046881911,0.2583549783549784,0.8484040404040403,1.0,0.8333333333333334,0.8333333333333334,60.0,60,,,,False
QUADRUPLE,keygas_fault+iec_fault+duval_triangle_fault+duval_pentagon_p2_fault,4,development,fine,0.8372093023255814,0.6507936507936508,0.6071428571428571,0.6507936507936508,0.6092837134853941,0.8178099146635398,0.7288135593220338,0.8372093023255814,0.6101694915254238,59.0,43,,,,True
QUADRUPLE,keygas_fault+iec_fault+duval_triangle_fault+duval_pentagon_p2_fault,4,development,coarse,0.7288135593220338,0.4982456140350877,0.2301752301752302,0.21353383458646616,0.22136054421768708,0.7473930589184827,1.0,0.7288135593220338,0.7288135593220338,59.0,59,,,,False
QUADRUPLE,keygas_fault+iec_fault+duval_triangle_fault+duval_pentagon_p2_fault,4,locked_test,fine,0.8947368421052632,0.8968253968253969,0.7489177489177489,0.7687074829931974,0.7265306122448979,0.8994987468671678,0.6333333333333333,0.8947368421052632,0.5666666666666667,60.0,38,,,,True
QUADRUPLE,keygas_fault+iec_fault+duval_triangle_fault+duval_pentagon_p2_fault,4,locked_test,coarse,0.8,0.5510835913312694,0.2614451185879757,0.23617868199911543,0.24774193548387097,0.8273548387096774,1.0,0.8,0.8,60.0,60,,,,False
QUADRUPLE,keygas_fault+iec_fault+duval_pentagon_p1_fault+duval_pentagon_p2_fault,4,development,fine,0.5434782608695652,0.36,0.2122448979591837,0.2571428571428572,0.22039072039072036,0.4348755109624675,0.7796610169491526,0.5434782608695652,0.423728813559322,59.0,46,,,,False
QUADRUPLE,keygas_fault+iec_fault+duval_pentagon_p1_fault+duval_pentagon_p2_fault,4,development,coarse,0.6949152542372882,0.4807017543859649,0.2126984126984127,0.20601503759398496,0.2092664092664093,0.7095739807604216,1.0,0.6949152542372882,0.6949152542372882,59.0,59,,,,False
QUADRUPLE,keygas_fault+iec_fault+duval_pentagon_p1_fault+duval_pentagon_p2_fault,4,locked_test,fine,0.6,0.375,0.36507936507936506,0.21428571428571427,0.21428571428571427,0.5178571428571429,0.6666666666666666,0.6,0.4,60.0,40,,,,False
QUADRUPLE,keygas_fault+iec_fault+duval_pentagon_p1_fault+duval_pentagon_p2_fault,4,locked_test,coarse,0.7,0.47678018575851394,0.2393483709273183,0.2043343653250774,0.218822919367384,0.728735632183908,1.0,0.7,0.7,60.0,60,,,,False
QUADRUPLE,keygas_fault+rogers_fault+doernenburg_fault+duval_triangle_fault,4,development,fine,0.7058823529411765,0.6142857142857142,0.5040816326530612,0.6142857142857142,0.5163982420821326,0.6308720135378458,0.864406779661017,0.7058823529411765,0.6101694915254238,59.0,51,,,,False
QUADRUPLE,keygas_fault+rogers_fault+doernenburg_fault+duval_triangle_fault,4,development,coarse,0.847457627118644,0.6,0.24053156146179402,0.2571428571428572,0.24832451499118166,0.8077003557229545,1.0,0.847457627118644,0.847457627118644,59.0,59,,,,False
QUADRUPLE,keygas_fault+rogers_fault+doernenburg_fault+duval_triangle_fault,4,locked_test,fine,0.8333333333333334,0.619047619047619,0.6326173826173827,0.619047619047619,0.6119263759015311,0.7931033338642034,0.8,0.8333333333333334,0.6666666666666666,60.0,48,,,,False
QUADRUPLE,keygas_fault+rogers_fault+doernenburg_fault+duval_triangle_fault,4,locked_test,coarse,0.9,0.6470588235294118,0.2661782661782662,0.2773109243697479,0.27161410018552873,0.8841558441558441,1.0,0.9,0.9,60.0,60,,,,False
QUADRUPLE,keygas_fault+rogers_fault+doernenburg_fault+duval_pentagon_p1_fault,4,development,fine,0.5531914893617021,0.3148148148148148,0.18571428571428572,0.2698412698412698,0.21553884711779445,0.41657334826427767,0.7966101694915254,0.5531914893617021,0.4406779661016949,59.0,47,,,,False
QUADRUPLE,keygas_fault+rogers_fault+doernenburg_fault+duval_pentagon_p1_fault,4,development,coarse,0.711864406779661,0.4894736842105263,0.22631422631422632,0.20977443609022556,0.21755102040816326,0.7302179176755448,1.0,0.711864406779661,0.711864406779661,59.0,59,,,,False
QUADRUPLE,keygas_fault+rogers_fault+doernenburg_fault+duval_pentagon_p1_fault,4,locked_test,fine,0.5833333333333334,0.3968253968253968,0.33800186741363214,0.3968253968253968,0.3597883597883598,0.4753086419753086,0.8,0.5833333333333334,0.4666666666666667,60.0,48,,,,False
QUADRUPLE,keygas_fault+rogers_fault+doernenburg_fault+duval_pentagon_p1_fault,4,locked_test,coarse,0.75,0.5247678018575851,0.2534013605442177,0.22490048651039363,0.23801220575414123,0.7842197035745424,1.0,0.75,0.75,60.0,60,,,,False
QUADRUPLE,keygas_fault+rogers_fault+doernenburg_fault+duval_pentagon_p2_fault,4,development,fine,0.5384615384615384,0.35,0.21428571428571427,0.25,0.21768707482993196,0.3956043956043956,0.6610169491525424,0.5384615384615384,0.3559322033898305,59.0,39,,,,False
QUADRUPLE,keygas_fault+rogers_fault+doernenburg_fault+duval_pentagon_p2_fault,4,development,coarse,0.711864406779661,0.4894736842105263,0.22631422631422632,0.20977443609022556,0.21755102040816326,0.7302179176755448,1.0,0.711864406779661,0.711864406779661,59.0,59,,,,False
QUADRUPLE,keygas_fault+rogers_fault+doernenburg_fault+duval_pentagon_p2_fault,4,locked_test,fine,0.631578947368421,0.52,0.3697478991596639,0.37142857142857144,0.35582010582010576,0.5148635477582846,0.6333333333333333,0.631578947368421,0.4,60.0,38,,,,False
QUADRUPLE,keygas_fault+rogers_fault+doernenburg_fault+duval_pentagon_p2_fault,4,locked_test,coarse,0.7,0.4659442724458205,0.24783549783549783,0.19969040247678022,0.21924986210700498,0.7470077220077221,1.0,0.7,0.7,60.0,60,,,,False
QUADRUPLE,keygas_fault+rogers_fault+duval_triangle_fault+duval_pentagon_p1_fault,4,development,fine,0.7435897435897436,0.6481481481481481,0.5132275132275133,0.5555555555555556,0.5307108350586611,0.6588628762541806,0.6610169491525424,0.7435897435897436,0.4915254237288136,59.0,39,,,,False
QUADRUPLE,keygas_fault+rogers_fault+duval_triangle_fault+duval_pentagon_p1_fault,4,development,coarse,0.7457627118644068,0.5070175438596491,0.2422779922779923,0.2172932330827068,0.2285714285714286,0.7706214689265537,1.0,0.7457627118644068,0.7457627118644068,59.0,59,,,,False
QUADRUPLE,keygas_fault+rogers_fault+duval_triangle_fault+duval_pentagon_p1_fault,4,locked_test,fine,0.7380952380952381,0.48333333333333334,0.36556036556036553,0.41428571428571426,0.3868866695614416,0.6569691706469821,0.7,0.7380952380952381,0.5166666666666667,60.0,42,,,,False
QUADRUPLE,keygas_fault+rogers_fault+duval_triangle_fault+duval_pentagon_p1_fault,4,locked_test,coarse,0.8166666666666667,0.5815273477812177,0.26013513513513514,0.24922600619195046,0.2545454545454545,0.8315151515151515,1.0,0.8166666666666667,0.8166666666666667,60.0,60,,,,False
QUADRUPLE,keygas_fault+rogers_fault+duval_triangle_fault+duval_pentagon_p2_fault,4,development,fine,0.7714285714285715,0.6428571428571429,0.5291005291005291,0.5510204081632654,0.5355948399426661,0.6902054467271859,0.5932203389830508,0.7714285714285715,0.4576271186440678,59.0,35,,,,False
QUADRUPLE,keygas_fault+rogers_fault+duval_triangle_fault+duval_pentagon_p2_fault,4,development,coarse,0.7457627118644068,0.5070175438596491,0.2422779922779923,0.2172932330827068,0.2285714285714286,0.7706214689265537,1.0,0.7457627118644068,0.7457627118644068,59.0,59,,,,False
QUADRUPLE,keygas_fault+rogers_fault+duval_triangle_fault+duval_pentagon_p2_fault,4,locked_test,fine,0.7878787878787878,0.7,0.3915343915343915,0.39999999999999997,0.39142181695373185,0.7110824557633068,0.55,0.7878787878787878,0.43333333333333335,60.0,33,,,,False
QUADRUPLE,keygas_fault+rogers_fault+duval_triangle_fault+duval_pentagon_p2_fault,4,locked_test,coarse,0.7666666666666667,0.522703818369453,0.25601425601425604,0.22401592215833702,0.23809523809523808,0.798888888888889,1.0,0.7666666666666667,0.7666666666666667,60.0,60,,,,False
QUADRUPLE,keygas_fault+rogers_fault+duval_pentagon_p1_fault+duval_pentagon_p2_fault,4,development,fine,0.5476190476190477,0.35,0.2122448979591837,0.25,0.21585557299843014,0.4279173207744636,0.711864406779661,0.5476190476190477,0.3898305084745763,59.0,42,,,,False
QUADRUPLE,keygas_fault+rogers_fault+duval_pentagon_p1_fault+duval_pentagon_p2_fault,4,development,coarse,0.6949152542372882,0.4807017543859649,0.21882086167800452,0.20601503759398496,0.21222207429103981,0.7148340625839166,1.0,0.6949152542372882,0.6949152542372882,59.0,59,,,,False
QUADRUPLE,keygas_fault+rogers_fault+duval_pentagon_p1_fault+duval_pentagon_p2_fault,4,locked_test,fine,0.5777777777777777,0.33333333333333337,0.33650793650793653,0.2380952380952381,0.23076923076923078,0.503052503052503,0.75,0.5777777777777777,0.43333333333333335,60.0,45,,,,False
QUADRUPLE,keygas_fault+rogers_fault+duval_pentagon_p1_fault+duval_pentagon_p2_fault,4,locked_test,coarse,0.6833333333333333,0.457172342621259,0.23718386876281614,0.19593100398053956,0.21213748657357678,0.7154761904761905,1.0,0.6833333333333333,0.6833333333333333,60.0,60,,,,False
QUADRUPLE,keygas_fault+doernenburg_fault+duval_triangle_fault+duval_pentagon_p1_fault,4,development,fine,0.6585365853658537,0.5,0.3428571428571429,0.42857142857142855,0.376984126984127,0.5271002710027101,0.6949152542372882,0.6585365853658537,0.4576271186440678,59.0,41,,,,False
QUADRUPLE,keygas_fault+doernenburg_fault+duval_triangle_fault+duval_pentagon_p1_fault,4,development,coarse,0.7457627118644068,0.5070175438596491,0.2422779922779923,0.2172932330827068,0.2285714285714286,0.7706214689265537,1.0,0.7457627118644068,0.7457627118644068,59.0,59,,,,False
QUADRUPLE,keygas_fault+doernenburg_fault+duval_triangle_fault+duval_pentagon_p1_fault,4,locked_test,fine,0.7435897435897436,0.6,0.36637931034482757,0.42857142857142855,0.3928085519922255,0.6374324088609803,0.65,0.7435897435897436,0.48333333333333334,60.0,39,,,,False
QUADRUPLE,keygas_fault+doernenburg_fault+duval_triangle_fault+duval_pentagon_p1_fault,4,locked_test,coarse,0.7833333333333333,0.542311661506708,0.2613378684807256,0.23241928350287486,0.24573421347614893,0.8184539378087765,1.0,0.7833333333333333,0.7833333333333333,60.0,60,,,,False
QUADRUPLE,keygas_fault+doernenburg_fault+duval_triangle_fault+duval_pentagon_p2_fault,4,development,fine,0.6486486486486487,0.6,0.34761904761904766,0.42857142857142855,0.37987012987012986,0.5147420147420148,0.6271186440677966,0.6486486486486487,0.4067796610169492,59.0,37,,,,False
QUADRUPLE,keygas_fault+doernenburg_fault+duval_triangle_fault+duval_pentagon_p2_fault,4,development,coarse,0.7457627118644068,0.5070175438596491,0.2422779922779923,0.2172932330827068,0.2285714285714286,0.7706214689265537,1.0,0.7457627118644068,0.7457627118644068,59.0,59,,,,False
QUADRUPLE,keygas_fault+doernenburg_fault+duval_triangle_fault+duval_pentagon_p2_fault,4,locked_test,fine,0.7222222222222222,0.6,0.3556650246305419,0.42857142857142855,0.3864593456430191,0.6078357268833459,0.6,0.7222222222222222,0.43333333333333335,60.0,36,,,,False
QUADRUPLE,keygas_fault+doernenburg_fault+duval_triangle_fault+duval_pentagon_p2_fault,4,locked_test,coarse,0.75,0.5030959752321982,0.25793650793650796,0.21561256081379923,0.2336573026228199,0.7945013979496738,1.0,0.75,0.75,60.0,60,,,,False
QUADRUPLE,keygas_fault+doernenburg_fault+duval_pentagon_p1_fault+duval_pentagon_p2_fault,4,development,fine,0.5116279069767442,0.28571428571428575,0.17142857142857143,0.2448979591836735,0.19544740973312402,0.37477638640429334,0.7288135593220338,0.5116279069767442,0.3728813559322034,59.0,43,,,,False
QUADRUPLE,keygas_fault+doernenburg_fault+duval_pentagon_p1_fault+duval_pentagon_p2_fault,4,development,coarse,0.6949152542372882,0.4807017543859649,0.2126984126984127,0.20601503759398496,0.2092664092664093,0.7095739807604216,1.0,0.6949152542372882,0.6949152542372882,59.0,59,,,,False
QUADRUPLE,keygas_fault+doernenburg_fault+duval_pentagon_p1_fault+duval_pentagon_p2_fault,4,locked_test,fine,0.6136363636363636,0.3381818181818182,0.3446712018140589,0.24155844155844156,0.22669067627050823,0.5267697988286224,0.7333333333333333,0.6136363636363636,0.45,60.0,44,,,,False
QUADRUPLE,keygas_fault+doernenburg_fault+duval_pentagon_p1_fault+duval_pentagon_p2_fault,4,locked_test,coarse,0.7,0.47678018575851394,0.2393483709273183,0.2043343653250774,0.218822919367384,0.728735632183908,1.0,0.7,0.7,60.0,60,,,,False
QUADRUPLE,keygas_fault+duval_triangle_fault+duval_pentagon_p1_fault+duval_pentagon_p2_fault,4,development,fine,0.5555555555555556,0.36,0.1963718820861678,0.2571428571428572,0.21370734528629262,0.4341430499325236,0.7627118644067796,0.5555555555555556,0.423728813559322,59.0,45,,,,False
QUADRUPLE,keygas_fault+duval_triangle_fault+duval_pentagon_p1_fault+duval_pentagon_p2_fault,4,development,coarse,0.6949152542372882,0.4807017543859649,0.21882086167800452,0.20601503759398496,0.21222207429103981,0.7148340625839166,1.0,0.6949152542372882,0.6949152542372882,59.0,59,,,,False
QUADRUPLE,keygas_fault+duval_triangle_fault+duval_pentagon_p1_fault+duval_pentagon_p2_fault,4,locked_test,fine,0.6046511627906976,0.3292929292929293,0.3412698412698413,0.2352092352092352,0.22108843537414963,0.5143964562569214,0.7166666666666667,0.6046511627906976,0.43333333333333335,60.0,43,,,,False
QUADRUPLE,keygas_fault+duval_triangle_fault+duval_pentagon_p1_fault+duval_pentagon_p2_fault,4,locked_test,coarse,0.7333333333333333,0.5159958720330238,0.24274973147153597,0.22114108801415305,0.23089983022071306,0.7526881720430106,1.0,0.7333333333333333,0.7333333333333333,60.0,60,,,,False
QUADRUPLE,iec_fault+rogers_fault+doernenburg_fault+duval_triangle_fault,4,development,fine,0.7884615384615384,0.6560439560439562,0.5254545454545455,0.6560439560439562,0.5650896722325294,0.7410298035298036,0.8813559322033898,0.7884615384615384,0.6949152542372882,59.0,52,,,,False
QUADRUPLE,iec_fault+rogers_fault+doernenburg_fault+duval_triangle_fault,4,development,coarse,0.847457627118644,0.6,0.2435374149659864,0.2571428571428572,0.25,0.8152542372881356,1.0,0.847457627118644,0.847457627118644,59.0,59,,,,False
QUADRUPLE,iec_fault+rogers_fault+doernenburg_fault+duval_triangle_fault,4,locked_test,fine,0.8958333333333334,0.8142857142857143,0.8027950310559007,0.8142857142857143,0.805906238464378,0.8732450473729543,0.8,0.8958333333333334,0.7166666666666667,60.0,48,,,,False
QUADRUPLE,iec_fault+rogers_fault+doernenburg_fault+duval_triangle_fault,4,locked_test,coarse,0.9,0.6470588235294118,0.25949489107383844,0.2773109243697479,0.2679859822716965,0.8769600769600768,1.0,0.9,0.9,60.0,60,,,,False
QUADRUPLE,iec_fault+rogers_fault+doernenburg_fault+duval_pentagon_p1_fault,4,development,fine,0.5681818181818182,0.36,0.21428571428571427,0.2571428571428572,0.22222222222222218,0.45959595959595956,0.7457627118644068,0.5681818181818182,0.423728813559322,59.0,44,,,,False
QUADRUPLE,iec_fault+rogers_fault+doernenburg_fault+duval_pentagon_p1_fault,4,development,coarse,0.6949152542372882,0.4807017543859649,0.2258852258852259,0.20601503759398496,0.2153888582460011,0.7204698645376613,1.0,0.6949152542372882,0.6949152542372882,59.0,59,,,,False
QUADRUPLE,iec_fault+rogers_fault+doernenburg_fault+duval_pentagon_p1_fault,4,locked_test,fine,0.6470588235294118,0.42597402597402595,0.49927849927849927,0.42597402597402595,0.41493065028318254,0.5862746595850165,0.85,0.6470588235294118,0.55,60.0,51,,,,False
QUADRUPLE,iec_fault+rogers_fault+doernenburg_fault+duval_pentagon_p1_fault,4,locked_test,coarse,0.8166666666666667,0.5815273477812177,0.2532051282051282,0.24922600619195046,0.2510822510822511,0.8161616161616162,1.0,0.8166666666666667,0.8166666666666667,60.0,60,,,,False
QUADRUPLE,iec_fault+rogers_fault+doernenburg_fault+duval_pentagon_p2_fault,4,development,fine,0.5909090909090909,0.4666666666666666,0.2857142857142857,0.39999999999999997,0.3174603174603175,0.4747474747474747,0.7457627118644068,0.5909090909090909,0.4406779661016949,59.0,44,,,,False
QUADRUPLE,iec_fault+rogers_fault+doernenburg_fault+duval_pentagon_p2_fault,4,development,coarse,0.6949152542372882,0.4807017543859649,0.2258852258852259,0.20601503759398496,0.2153888582460011,0.7204698645376613,1.0,0.6949152542372882,0.6949152542372882,59.0,59,,,,False
QUADRUPLE,iec_fault+rogers_fault+doernenburg_fault+duval_pentagon_p2_fault,4,locked_test,fine,0.6956521739130435,0.6414141414141413,0.5865800865800865,0.5497835497835497,0.5041537079272927,0.6379482972592079,0.7666666666666667,0.6956521739130435,0.5333333333333333,60.0,46,,,,False
QUADRUPLE,iec_fault+rogers_fault+doernenburg_fault+duval_pentagon_p2_fault,4,locked_test,coarse,0.7833333333333333,0.542311661506708,0.25065410779696495,0.23241928350287486,0.24046920821114368,0.7951124144672531,1.0,0.7833333333333333,0.7833333333333333,60.0,60,,,,False
QUADRUPLE,iec_fault+rogers_fault+duval_triangle_fault+duval_pentagon_p1_fault,4,development,fine,0.7777777777777778,0.5875420875420875,0.5371428571428571,0.5036075036075036,0.5117986588574823,0.7652274377764573,0.7627118644067796,0.7777777777777778,0.5932203389830508,59.0,45,,,,False
QUADRUPLE,iec_fault+rogers_fault+duval_triangle_fault+duval_pentagon_p1_fault,4,development,coarse,0.7288135593220338,0.4982456140350877,0.2301752301752302,0.21353383458646616,0.22136054421768708,0.7473930589184827,1.0,0.7288135593220338,0.7288135593220338,59.0,59,,,,False
QUADRUPLE,iec_fault+rogers_fault+duval_triangle_fault+duval_pentagon_p1_fault,4,locked_test,fine,0.8717948717948718,0.753968253968254,0.6004140786749482,0.6462585034013605,0.5933299258880654,0.8555433237007477,0.65,0.8717948717948718,0.5666666666666667,60.0,39,,,,False
QUADRUPLE,iec_fault+rogers_fault+duval_triangle_fault+duval_pentagon_p1_fault,4,locked_test,coarse,0.8166666666666667,0.5815273477812177,0.26013513513513514,0.24922600619195046,0.2545454545454545,0.8315151515151515,1.0,0.8166666666666667,0.8166666666666667,60.0,60,,,,False
QUADRUPLE,iec_fault+rogers_fault+duval_triangle_fault+duval_pentagon_p2_fault,4,development,fine,0.813953488372093,0.5875420875420875,0.4657142857142857,0.5036075036075036,0.46417961123843476,0.7930674736420291,0.7288135593220338,0.813953488372093,0.5932203389830508,59.0,43,,,,False
QUADRUPLE,iec_fault+rogers_fault+duval_triangle_fault+duval_pentagon_p2_fault,4,development,coarse,0.7288135593220338,0.4982456140350877,0.2301752301752302,0.21353383458646616,0.22136054421768708,0.7473930589184827,1.0,0.7288135593220338,0.7288135593220338,59.0,59,,,,False
QUADRUPLE,iec_fault+rogers_fault+duval_triangle_fault+duval_pentagon_p2_fault,4,locked_test,fine,0.85,0.861111111111111,0.7527950310559006,0.738095238095238,0.7097611137478248,0.8470210409745293,0.6666666666666666,0.85,0.5666666666666667,60.0,40,,,,False
QUADRUPLE,iec_fault+rogers_fault+duval_triangle_fault+duval_pentagon_p2_fault,4,locked_test,coarse,0.7833333333333333,0.542311661506708,0.25758411472697185,0.23241928350287486,0.24393241167434715,0.8104659498207885,1.0,0.7833333333333333,0.7833333333333333,60.0,60,,,,False
QUADRUPLE,iec_fault+rogers_fault+duval_pentagon_p1_fault+duval_pentagon_p2_fault,4,development,fine,0.5531914893617021,0.48148148148148145,0.2836734693877551,0.4126984126984127,0.3230984701572937,0.43090722377330637,0.7966101694915254,0.5531914893617021,0.4406779661016949,59.0,47,,,,False
QUADRUPLE,iec_fault+rogers_fault+duval_pentagon_p1_fault+duval_pentagon_p2_fault,4,development,coarse,0.6949152542372882,0.4807017543859649,0.2126984126984127,0.20601503759398496,0.2092664092664093,0.7095739807604216,1.0,0.6949152542372882,0.6949152542372882,59.0,59,,,,False
QUADRUPLE,iec_fault+rogers_fault+duval_pentagon_p1_fault+duval_pentagon_p2_fault,4,locked_test,fine,0.6,0.44761904761904764,0.41260504201680676,0.3197278911564626,0.31330309901738473,0.5313345091122867,0.75,0.6,0.45,60.0,45,,,,False
QUADRUPLE,iec_fault+rogers_fault+duval_pentagon_p1_fault+duval_pentagon_p2_fault,4,locked_test,coarse,0.7,0.47678018575851394,0.24603174603174605,0.2043343653250774,0.2220742910398083,0.7431500465983226,1.0,0.7,0.7,60.0,60,,,,False
QUADRUPLE,iec_fault+doernenburg_fault+duval_triangle_fault+duval_pentagon_p1_fault,4,development,fine,0.7297297297297297,0.4444444444444445,0.3754313319530711,0.3174603174603175,0.31984126984126987,0.6878378378378378,0.6271186440677966,0.7297297297297297,0.4576271186440678,59.0,37,,,,False
QUADRUPLE,iec_fault+doernenburg_fault+duval_triangle_fault+duval_pentagon_p1_fault,4,development,coarse,0.711864406779661,0.4894736842105263,0.22985347985347987,0.20977443609022556,0.21924986210700498,0.737877102283882,1.0,0.711864406779661,0.711864406779661,59.0,59,,,,False
QUADRUPLE,iec_fault+doernenburg_fault+duval_triangle_fault+duval_pentagon_p1_fault,4,locked_test,fine,0.8918918918918919,0.7916666666666666,0.8206521739130436,0.6785714285714286,0.7043189368770764,0.8667923737691179,0.6166666666666667,0.8918918918918919,0.55,60.0,37,,,,False
QUADRUPLE,iec_fault+doernenburg_fault+duval_triangle_fault+duval_pentagon_p1_fault,4,locked_test,coarse,0.8166666666666667,0.5815273477812177,0.2638888888888889,0.24922600619195046,0.25634725634725636,0.8395031395031395,1.0,0.8166666666666667,0.8166666666666667,60.0,60,,,,False
QUADRUPLE,iec_fault+doernenburg_fault+duval_triangle_fault+duval_pentagon_p2_fault,4,development,fine,0.7777777777777778,0.537037037037037,0.5182884748102139,0.4603174603174603,0.4626984126984127,0.7347222222222222,0.6101694915254238,0.7777777777777778,0.4745762711864407,59.0,36,,,,False
QUADRUPLE,iec_fault+doernenburg_fault+duval_triangle_fault+duval_pentagon_p2_fault,4,development,coarse,0.711864406779661,0.4894736842105263,0.22985347985347987,0.20977443609022556,0.21924986210700498,0.737877102283882,1.0,0.711864406779661,0.711864406779661,59.0,59,,,,False
QUADRUPLE,iec_fault+doernenburg_fault+duval_triangle_fault+duval_pentagon_p2_fault,4,locked_test,fine,0.8461538461538461,0.7546296296296297,0.7254140786749482,0.6468253968253969,0.6505374242720344,0.8311901504787963,0.65,0.8461538461538461,0.55,60.0,39,,,,False
QUADRUPLE,iec_fault+doernenburg_fault+duval_triangle_fault+duval_pentagon_p2_fault,4,locked_test,coarse,0.7833333333333333,0.542311661506708,0.2613378684807256,0.23241928350287486,0.24573421347614893,0.8184539378087765,1.0,0.7833333333333333,0.7833333333333333,60.0,60,,,,False
QUADRUPLE,iec_fault+doernenburg_fault+duval_pentagon_p1_fault+duval_pentagon_p2_fault,4,development,fine,0.5208333333333334,0.3,0.1836734693877551,0.2571428571428572,0.2076923076923077,0.39823717948717946,0.8135593220338984,0.5208333333333334,0.423728813559322,59.0,48,,,,False
QUADRUPLE,iec_fault+doernenburg_fault+duval_pentagon_p1_fault+duval_pentagon_p2_fault,4,development,coarse,0.6949152542372882,0.4807017543859649,0.2126984126984127,0.20601503759398496,0.2092664092664093,0.7095739807604216,1.0,0.6949152542372882,0.6949152542372882,59.0,59,,,,False
QUADRUPLE,iec_fault+doernenburg_fault+duval_pentagon_p1_fault+duval_pentagon_p2_fault,4,locked_test,fine,0.6304347826086957,0.36060606060606065,0.3472222222222222,0.2575757575757576,0.2481203007518797,0.5612945406995751,0.7666666666666667,0.6304347826086957,0.48333333333333334,60.0,46,,,,False
QUADRUPLE,iec_fault+doernenburg_fault+duval_pentagon_p1_fault+duval_pentagon_p2_fault,4,locked_test,coarse,0.7,0.47678018575851394,0.2393483709273183,0.2043343653250774,0.218822919367384,0.728735632183908,1.0,0.7,0.7,60.0,60,,,,False
QUADRUPLE,iec_fault+duval_triangle_fault+duval_pentagon_p1_fault+duval_pentagon_p2_fault,4,development,fine,0.6842105263157895,0.48148148148148145,0.36324786324786323,0.4126984126984127,0.3827980804724991,0.5905752753977968,0.6440677966101694,0.6842105263157895,0.4406779661016949,59.0,38,,,,False
QUADRUPLE,iec_fault+duval_triangle_fault+duval_pentagon_p1_fault+duval_pentagon_p2_fault,4,development,coarse,0.6949152542372882,0.4807017543859649,0.2126984126984127,0.20601503759398496,0.2092664092664093,0.7095739807604216,1.0,0.6949152542372882,0.6949152542372882,59.0,59,,,,False
QUADRUPLE,iec_fault+duval_triangle_fault+duval_pentagon_p1_fault+duval_pentagon_p2_fault,4,locked_test,fine,0.7073170731707317,0.5568783068783069,0.5509031198686372,0.4773242630385487,0.475348234531908,0.6643327249599027,0.6833333333333333,0.7073170731707317,0.48333333333333334,60.0,41,,,,False
QUADRUPLE,iec_fault+duval_triangle_fault+duval_pentagon_p1_fault+duval_pentagon_p2_fault,4,locked_test,coarse,0.7333333333333333,0.5159958720330238,0.2494331065759637,0.22114108801415305,0.23415120189313737,0.7671025864574251,1.0,0.7333333333333333,0.7333333333333333,60.0,60,,,,False
QUADRUPLE,rogers_fault+doernenburg_fault+duval_triangle_fault+duval_pentagon_p1_fault,4,development,fine,0.6585365853658537,0.4722222222222222,0.21180555555555555,0.2698412698412698,0.2334267040149393,0.5404112864658058,0.6949152542372882,0.6585365853658537,0.4576271186440678,59.0,41,,,,False
QUADRUPLE,rogers_fault+doernenburg_fault+duval_triangle_fault+duval_pentagon_p1_fault,4,development,coarse,0.7457627118644068,0.5070175438596491,0.2422779922779923,0.2172932330827068,0.2285714285714286,0.7706214689265537,1.0,0.7457627118644068,0.7457627118644068,59.0,59,,,,False
QUADRUPLE,rogers_fault+doernenburg_fault+duval_triangle_fault+duval_pentagon_p1_fault,4,locked_test,fine,0.6808510638297872,0.48333333333333334,0.3519061583577713,0.41428571428571426,0.37735094037615047,0.5799511293879254,0.7833333333333333,0.6808510638297872,0.5333333333333333,60.0,47,,,,False
QUADRUPLE,rogers_fault+doernenburg_fault+duval_triangle_fault+duval_pentagon_p1_fault,4,locked_test,coarse,0.8166666666666667,0.5815273477812177,0.26013513513513514,0.24922600619195046,0.2545454545454545,0.8315151515151515,1.0,0.8166666666666667,0.8166666666666667,60.0,60,,,,False
QUADRUPLE,rogers_fault+doernenburg_fault+duval_triangle_fault+duval_pentagon_p2_fault,4,development,fine,0.6666666666666666,0.5777777777777777,0.35466269841269843,0.4126984126984127,0.37628384687208216,0.5513538748832867,0.711864406779661,0.6666666666666666,0.4745762711864407,59.0,42,,,,False
QUADRUPLE,rogers_fault+doernenburg_fault+duval_triangle_fault+duval_pentagon_p2_fault,4,development,coarse,0.7457627118644068,0.5070175438596491,0.2422779922779923,0.2172932330827068,0.2285714285714286,0.7706214689265537,1.0,0.7457627118644068,0.7457627118644068,59.0,59,,,,False
QUADRUPLE,rogers_fault+doernenburg_fault+duval_triangle_fault+duval_pentagon_p2_fault,4,locked_test,fine,0.7272727272727273,0.58,0.3635944700460829,0.41428571428571426,0.38347338935574227,0.6292335115864528,0.7333333333333333,0.7272727272727273,0.5333333333333333,60.0,44,,,,False
QUADRUPLE,rogers_fault+doernenburg_fault+duval_triangle_fault+duval_pentagon_p2_fault,4,locked_test,coarse,0.7833333333333333,0.542311661506708,0.25758411472697185,0.23241928350287486,0.24393241167434715,0.8104659498207885,1.0,0.7833333333333333,0.7833333333333333,60.0,60,,,,False
QUADRUPLE,rogers_fault+doernenburg_fault+duval_pentagon_p1_fault+duval_pentagon_p2_fault,4,development,fine,0.5434782608695652,0.3,0.1836734693877551,0.2571428571428572,0.2076923076923077,0.4155518394648829,0.7796610169491526,0.5434782608695652,0.423728813559322,59.0,46,,,,False
QUADRUPLE,rogers_fault+doernenburg_fault+duval_pentagon_p1_fault+duval_pentagon_p2_fault,4,development,coarse,0.6949152542372882,0.4807017543859649,0.2126984126984127,0.20601503759398496,0.2092664092664093,0.7095739807604216,1.0,0.6949152542372882,0.6949152542372882,59.0,59,,,,False
QUADRUPLE,rogers_fault+doernenburg_fault+duval_pentagon_p1_fault+duval_pentagon_p2_fault,4,locked_test,fine,0.5918367346938775,0.36060606060606065,0.33333333333333337,0.2575757575757576,0.24285714285714285,0.5186588921282799,0.8166666666666667,0.5918367346938775,0.48333333333333334,60.0,49,,,,False
QUADRUPLE,rogers_fault+doernenburg_fault+duval_pentagon_p1_fault+duval_pentagon_p2_fault,4,locked_test,coarse,0.7,0.47678018575851394,0.2393483709273183,0.2043343653250774,0.218822919367384,0.728735632183908,1.0,0.7,0.7,60.0,60,,,,False
QUADRUPLE,rogers_fault+duval_triangle_fault+duval_pentagon_p1_fault+duval_pentagon_p2_fault,4,development,fine,0.5777777777777777,0.48148148148148145,0.33922902494331064,0.4126984126984127,0.36324786324786323,0.447008547008547,0.7627118644067796,0.5777777777777777,0.4406779661016949,59.0,45,,,,False
QUADRUPLE,rogers_fault+duval_triangle_fault+duval_pentagon_p1_fault+duval_pentagon_p2_fault,4,development,coarse,0.6949152542372882,0.4807017543859649,0.2258852258852259,0.20601503759398496,0.2153888582460011,0.7204698645376613,1.0,0.6949152542372882,0.6949152542372882,59.0,59,,,,False
QUADRUPLE,rogers_fault+duval_triangle_fault+duval_pentagon_p1_fault+duval_pentagon_p2_fault,4,locked_test,fine,0.6170212765957447,0.38888888888888895,0.33800186741363214,0.2777777777777778,0.25774754346182915,0.5370933243273668,0.7833333333333333,0.6170212765957447,0.48333333333333334,60.0,47,,,,False
QUADRUPLE,rogers_fault+duval_triangle_fault+duval_pentagon_p1_fault+duval_pentagon_p2_fault,4,locked_test,coarse,0.7333333333333333,0.5159958720330238,0.2494331065759637,0.22114108801415305,0.23415120189313737,0.7671025864574251,1.0,0.7333333333333333,0.7333333333333333,60.0,60,,,,False
QUADRUPLE,doernenburg_fault+duval_triangle_fault+duval_pentagon_p1_fault+duval_pentagon_p2_fault,4,development,fine,0.5434782608695652,0.3,0.1836734693877551,0.2571428571428572,0.2076923076923077,0.4155518394648829,0.7796610169491526,0.5434782608695652,0.423728813559322,59.0,46,,,,False
QUADRUPLE,doernenburg_fault+duval_triangle_fault+duval_pentagon_p1_fault+duval_pentagon_p2_fault,4,development,coarse,0.6949152542372882,0.4807017543859649,0.2126984126984127,0.20601503759398496,0.2092664092664093,0.7095739807604216,1.0,0.6949152542372882,0.6949152542372882,59.0,59,,,,False
QUADRUPLE,doernenburg_fault+duval_triangle_fault+duval_pentagon_p1_fault+duval_pentagon_p2_fault,4,locked_test,fine,0.6136363636363636,0.32727272727272727,0.20436507936507936,0.23376623376623376,0.20730397422126745,0.5088858509911142,0.7333333333333333,0.6136363636363636,0.45,60.0,44,,,,False
QUADRUPLE,doernenburg_fault+duval_triangle_fault+duval_pentagon_p1_fault+duval_pentagon_p2_fault,4,locked_test,coarse,0.7333333333333333,0.5159958720330238,0.24274973147153597,0.22114108801415305,0.23089983022071306,0.7526881720430106,1.0,0.7333333333333333,0.7333333333333333,60.0,60,,,,False
QUINTUPLE,keygas_fault+iec_fault+rogers_fault+doernenburg_fault+duval_triangle_fault,5,development,fine,0.7735849056603774,0.6489795918367347,0.5212787212787213,0.6489795918367347,0.5572660948437346,0.7262087060692476,0.8983050847457628,0.7735849056603774,0.6949152542372882,59.0,53,,,,False
QUINTUPLE,keygas_fault+iec_fault+rogers_fault+doernenburg_fault+duval_triangle_fault,5,development,coarse,0.847457627118644,0.6,0.2435374149659864,0.2571428571428572,0.25,0.8152542372881356,1.0,0.847457627118644,0.847457627118644,59.0,59,,,,False
QUINTUPLE,keygas_fault+iec_fault+rogers_fault+doernenburg_fault+duval_triangle_fault,5,locked_test,fine,0.8936170212765957,0.7999999999999999,0.8129251700680272,0.7999999999999999,0.8021390374331551,0.8774604619410625,0.7833333333333333,0.8936170212765957,0.7,60.0,47,,,,False
QUINTUPLE,keygas_fault+iec_fault+rogers_fault+doernenburg_fault+duval_triangle_fault,5,locked_test,coarse,0.9,0.6470588235294118,0.2661782661782662,0.2773109243697479,0.27161410018552873,0.8841558441558441,1.0,0.9,0.9,60.0,60,,,,False
QUINTUPLE,keygas_fault+iec_fault+rogers_fault+doernenburg_fault+duval_pentagon_p1_fault,5,development,fine,0.5777777777777777,0.36,0.21632653061224488,0.2571428571428572,0.2240191674153938,0.469228977405078,0.7627118644067796,0.5777777777777777,0.4406779661016949,59.0,45,,,,False
QUINTUPLE,keygas_fault+iec_fault+rogers_fault+doernenburg_fault+duval_pentagon_p1_fault,5,development,coarse,0.711864406779661,0.4894736842105263,0.22631422631422632,0.20977443609022556,0.21755102040816326,0.7302179176755448,1.0,0.711864406779661,0.711864406779661,59.0,59,,,,False
QUINTUPLE,keygas_fault+iec_fault+rogers_fault+doernenburg_fault+duval_pentagon_p1_fault,5,locked_test,fine,0.6530612244897959,0.4142857142857143,0.501984126984127,0.4142857142857143,0.3990220306009779,0.5841602007015542,0.8166666666666667,0.6530612244897959,0.5333333333333333,60.0,49,,,,False
QUINTUPLE,keygas_fault+iec_fault+rogers_fault+doernenburg_fault+duval_pentagon_p1_fault,5,locked_test,coarse,0.8166666666666667,0.5815273477812177,0.2565789473684211,0.24922600619195046,0.2527910685805423,0.8237373737373737,1.0,0.8166666666666667,0.8166666666666667,60.0,60,,,,False
QUINTUPLE,keygas_fault+iec_fault+rogers_fault+doernenburg_fault+duval_pentagon_p2_fault,5,development,fine,0.6,0.4666666666666666,0.28775510204081634,0.39999999999999997,0.319257262653489,0.48404379221989285,0.7627118644067796,0.6,0.4576271186440678,59.0,45,,,,False
QUINTUPLE,keygas_fault+iec_fault+rogers_fault+doernenburg_fault+duval_pentagon_p2_fault,5,development,coarse,0.711864406779661,0.4894736842105263,0.22631422631422632,0.20977443609022556,0.21755102040816326,0.7302179176755448,1.0,0.711864406779661,0.711864406779661,59.0,59,,,,False
QUINTUPLE,keygas_fault+iec_fault+rogers_fault+doernenburg_fault+duval_pentagon_p2_fault,5,locked_test,fine,0.7045454545454546,0.6277777777777778,0.5892857142857143,0.5380952380952381,0.4882450882450882,0.6379423606696334,0.7333333333333333,0.7045454545454546,0.5166666666666667,60.0,44,,,,False
QUINTUPLE,keygas_fault+iec_fault+rogers_fault+doernenburg_fault+duval_pentagon_p2_fault,5,locked_test,coarse,0.7833333333333333,0.542311661506708,0.2540279269602578,0.23241928350287486,0.24217802570943486,0.8026881720430107,1.0,0.7833333333333333,0.7833333333333333,60.0,60,,,,False
QUINTUPLE,keygas_fault+iec_fault+rogers_fault+duval_triangle_fault+duval_pentagon_p1_fault,5,development,fine,0.7659574468085106,0.638888888888889,0.6043956043956044,0.638888888888889,0.5984470981375006,0.7451873321183643,0.7966101694915254,0.7659574468085106,0.6101694915254238,59.0,47,,,,False
QUINTUPLE,keygas_fault+iec_fault+rogers_fault+duval_triangle_fault+duval_pentagon_p1_fault,5,development,coarse,0.7457627118644068,0.5070175438596491,0.23048004626951996,0.2172932330827068,0.2234156820622986,0.7566585956416465,1.0,0.7457627118644068,0.7457627118644068,59.0,59,,,,False
QUINTUPLE,keygas_fault+iec_fault+rogers_fault+duval_triangle_fault+duval_pentagon_p1_fault,5,locked_test,fine,0.8461538461538461,0.7261904761904762,0.5952380952380952,0.6224489795918366,0.5712620712620712,0.8241886318809395,0.65,0.8461538461538461,0.55,60.0,39,,,,False
QUINTUPLE,keygas_fault+iec_fault+rogers_fault+duval_triangle_fault+duval_pentagon_p1_fault,5,locked_test,coarse,0.8333333333333334,0.5902992776057792,0.26033834586466165,0.2529854046881911,0.25655046707678286,0.8404040404040404,1.0,0.8333333333333334,0.8333333333333334,60.0,60,,,,False
QUINTUPLE,keygas_fault+iec_fault+rogers_fault+duval_triangle_fault+duval_pentagon_p2_fault,5,development,fine,0.8,0.638888888888889,0.532967032967033,0.638888888888889,0.550828050518453,0.7708993616939954,0.7627118644067796,0.8,0.6101694915254238,59.0,45,,,,False
QUINTUPLE,keygas_fault+iec_fault+rogers_fault+duval_triangle_fault+duval_pentagon_p2_fault,5,development,coarse,0.7457627118644068,0.5070175438596491,0.23048004626951996,0.2172932330827068,0.2234156820622986,0.7566585956416465,1.0,0.7457627118644068,0.7457627118644068,59.0,59,,,,False
QUINTUPLE,keygas_fault+iec_fault+rogers_fault+duval_triangle_fault+duval_pentagon_p2_fault,5,locked_test,fine,0.825,0.8333333333333334,0.7476190476190476,0.7142857142857143,0.6876932591218307,0.8164502164502163,0.6666666666666666,0.825,0.55,60.0,40,,,,False
QUINTUPLE,keygas_fault+iec_fault+rogers_fault+duval_triangle_fault+duval_pentagon_p2_fault,5,locked_test,coarse,0.8,0.5510835913312694,0.25778732545649835,0.23617868199911543,0.2459374242056755,0.8193548387096773,1.0,0.8,0.8,60.0,60,,,,False
QUINTUPLE,keygas_fault+iec_fault+rogers_fault+duval_pentagon_p1_fault+duval_pentagon_p2_fault,5,development,fine,0.5531914893617021,0.48148148148148145,0.2836734693877551,0.4126984126984127,0.3230984701572937,0.43090722377330637,0.7966101694915254,0.5531914893617021,0.4406779661016949,59.0,47,,,,False
QUINTUPLE,keygas_fault+iec_fault+rogers_fault+duval_pentagon_p1_fault+duval_pentagon_p2_fault,5,development,coarse,0.6949152542372882,0.4807017543859649,0.21882086167800452,0.20601503759398496,0.21222207429103981,0.7148340625839166,1.0,0.6949152542372882,0.6949152542372882,59.0,59,,,,False
QUINTUPLE,keygas_fault+iec_fault+rogers_fault+duval_pentagon_p1_fault+duval_pentagon_p2_fault,5,locked_test,fine,0.6,0.44761904761904764,0.41260504201680676,0.3197278911564626,0.31330309901738473,0.5313345091122867,0.75,0.6,0.45,60.0,45,,,,False
QUINTUPLE,keygas_fault+iec_fault+rogers_fault+duval_pentagon_p1_fault+duval_pentagon_p2_fault,5,locked_test,coarse,0.7,0.47678018575851394,0.24603174603174605,0.2043343653250774,0.2220742910398083,0.7431500465983226,1.0,0.7,0.7,60.0,60,,,,False
QUINTUPLE,keygas_fault+iec_fault+doernenburg_fault+duval_triangle_fault+duval_pentagon_p1_fault,5,development,fine,0.725,0.5291005291005291,0.4441269841269841,0.4535147392290249,0.40531561461794013,0.6711886304909561,0.6779661016949152,0.725,0.4915254237288136,59.0,40,,,,False
QUINTUPLE,keygas_fault+iec_fault+doernenburg_fault+duval_triangle_fault+duval_pentagon_p1_fault,5,development,coarse,0.7457627118644068,0.5070175438596491,0.23048004626951996,0.2172932330827068,0.2234156820622986,0.7566585956416465,1.0,0.7457627118644068,0.7457627118644068,59.0,59,,,,False
QUINTUPLE,keygas_fault+iec_fault+doernenburg_fault+duval_triangle_fault+duval_pentagon_p1_fault,5,locked_test,fine,0.8461538461538461,0.7777777777777778,0.8107142857142857,0.6666666666666667,0.6820861678004535,0.8040700040700042,0.65,0.8461538461538461,0.55,60.0,39,,,,False
QUINTUPLE,keygas_fault+iec_fault+doernenburg_fault+duval_triangle_fault+duval_pentagon_p1_fault,5,locked_test,coarse,0.8333333333333334,0.5902992776057792,0.263996138996139,0.2529854046881911,0.2583549783549784,0.8484040404040403,1.0,0.8333333333333334,0.8333333333333334,60.0,60,,,,False
QUINTUPLE,keygas_fault+iec_fault+doernenburg_fault+duval_triangle_fault+duval_pentagon_p2_fault,5,development,fine,0.7692307692307693,0.5963718820861678,0.5869841269841268,0.5963718820861678,0.548172757475083,0.7140396210163653,0.6610169491525424,0.7692307692307693,0.5084745762711864,59.0,39,,,,False
QUINTUPLE,keygas_fault+iec_fault+doernenburg_fault+duval_triangle_fault+duval_pentagon_p2_fault,5,development,coarse,0.7457627118644068,0.5070175438596491,0.23048004626951996,0.2172932330827068,0.2234156820622986,0.7566585956416465,1.0,0.7457627118644068,0.7457627118644068,59.0,59,,,,False
QUINTUPLE,keygas_fault+iec_fault+doernenburg_fault+duval_triangle_fault+duval_pentagon_p2_fault,5,locked_test,fine,0.8048780487804879,0.7407407407407408,0.7154761904761904,0.634920634920635,0.6283046551954115,0.7732641023889231,0.6833333333333333,0.8048780487804879,0.55,60.0,41,,,,False
QUINTUPLE,keygas_fault+iec_fault+doernenburg_fault+duval_triangle_fault+duval_pentagon_p2_fault,5,locked_test,coarse,0.8,0.5510835913312694,0.2614451185879757,0.23617868199911543,0.24774193548387097,0.8273548387096774,1.0,0.8,0.8,60.0,60,,,,False
QUINTUPLE,keygas_fault+iec_fault+doernenburg_fault+duval_pentagon_p1_fault+duval_pentagon_p2_fault,5,development,fine,0.5208333333333334,0.3,0.1836734693877551,0.2571428571428572,0.2076923076923077,0.39823717948717946,0.8135593220338984,0.5208333333333334,0.423728813559322,59.0,48,,,,False
QUINTUPLE,keygas_fault+iec_fault+doernenburg_fault+duval_pentagon_p1_fault+duval_pentagon_p2_fault,5,development,coarse,0.6949152542372882,0.4807017543859649,0.2126984126984127,0.20601503759398496,0.2092664092664093,0.7095739807604216,1.0,0.6949152542372882,0.6949152542372882,59.0,59,,,,False
QUINTUPLE,keygas_fault+iec_fault+doernenburg_fault+duval_pentagon_p1_fault+duval_pentagon_p2_fault,5,locked_test,fine,0.6382978723404256,0.4671717171717172,0.49007936507936506,0.4004329004329005,0.3909774436090226,0.5706286994080947,0.7833333333333333,0.6382978723404256,0.5,60.0,47,,,,False
QUINTUPLE,keygas_fault+iec_fault+doernenburg_fault+duval_pentagon_p1_fault+duval_pentagon_p2_fault,5,locked_test,coarse,0.7166666666666667,0.4855521155830753,0.23992673992673993,0.208093763821318,0.22097114707952148,0.7382594417077175,1.0,0.7166666666666667,0.7166666666666667,60.0,60,,,,False
QUINTUPLE,keygas_fault+iec_fault+duval_triangle_fault+duval_pentagon_p1_fault+duval_pentagon_p2_fault,5,development,fine,0.6666666666666666,0.48148148148148145,0.3597883597883598,0.4126984126984127,0.38023088023088025,0.5675990675990676,0.6610169491525424,0.6666666666666666,0.4406779661016949,59.0,39,,,,False
QUINTUPLE,keygas_fault+iec_fault+duval_triangle_fault+duval_pentagon_p1_fault+duval_pentagon_p2_fault,5,development,coarse,0.6949152542372882,0.4807017543859649,0.21882086167800452,0.20601503759398496,0.21222207429103981,0.7148340625839166,1.0,0.6949152542372882,0.6949152542372882,59.0,59,,,,False
QUINTUPLE,keygas_fault+iec_fault+duval_triangle_fault+duval_pentagon_p1_fault+duval_pentagon_p2_fault,5,locked_test,fine,0.6976744186046512,0.615079365079365,0.6904761904761905,0.615079365079365,0.6095238095238095,0.6511627906976745,0.7166666666666667,0.6976744186046512,0.5,60.0,43,,,,False
QUINTUPLE,keygas_fault+iec_fault+duval_triangle_fault+duval_pentagon_p1_fault+duval_pentagon_p2_fault,5,locked_test,coarse,0.75,0.5247678018575851,0.2498621070049641,0.22490048651039363,0.23631336405529954,0.7766881720430107,1.0,0.75,0.75,60.0,60,,,,False
QUINTUPLE,keygas_fault+rogers_fault+doernenburg_fault+duval_triangle_fault+duval_pentagon_p1_fault,5,development,fine,0.6666666666666666,0.5777777777777777,0.35466269841269843,0.4126984126984127,0.37628384687208216,0.5513538748832867,0.711864406779661,0.6666666666666666,0.4745762711864407,59.0,42,,,,False
QUINTUPLE,keygas_fault+rogers_fault+doernenburg_fault+duval_triangle_fault+duval_pentagon_p1_fault,5,development,coarse,0.7627118644067796,0.5157894736842105,0.24248120300751877,0.22105263157894736,0.23057644110275688,0.7796610169491526,1.0,0.7627118644067796,0.7627118644067796,59.0,59,,,,False
QUINTUPLE,keygas_fault+rogers_fault+doernenburg_fault+duval_triangle_fault+duval_pentagon_p1_fault,5,locked_test,fine,0.6808510638297872,0.48333333333333334,0.3519061583577713,0.41428571428571426,0.37735094037615047,0.5799511293879254,0.7833333333333333,0.6808510638297872,0.5333333333333333,60.0,47,,,,False
QUINTUPLE,keygas_fault+rogers_fault+doernenburg_fault+duval_triangle_fault+duval_pentagon_p1_fault,5,locked_test,coarse,0.8333333333333334,0.5902992776057792,0.26033834586466165,0.2529854046881911,0.25655046707678286,0.8404040404040404,1.0,0.8333333333333334,0.8333333333333334,60.0,60,,,,False
QUINTUPLE,keygas_fault+rogers_fault+doernenburg_fault+duval_triangle_fault+duval_pentagon_p2_fault,5,development,fine,0.6744186046511628,0.6481481481481481,0.4975198412698413,0.5555555555555556,0.5191409897292251,0.5617875056999544,0.7288135593220338,0.6744186046511628,0.4915254237288136,59.0,43,,,,False
QUINTUPLE,keygas_fault+rogers_fault+doernenburg_fault+duval_triangle_fault+duval_pentagon_p2_fault,5,development,coarse,0.7627118644067796,0.5157894736842105,0.24248120300751877,0.22105263157894736,0.23057644110275688,0.7796610169491526,1.0,0.7627118644067796,0.7627118644067796,59.0,59,,,,False
QUINTUPLE,keygas_fault+rogers_fault+doernenburg_fault+duval_triangle_fault+duval_pentagon_p2_fault,5,locked_test,fine,0.7272727272727273,0.58,0.3635944700460829,0.41428571428571426,0.38347338935574227,0.6292335115864528,0.7333333333333333,0.7272727272727273,0.5333333333333333,60.0,44,,,,False
QUINTUPLE,keygas_fault+rogers_fault+doernenburg_fault+duval_triangle_fault+duval_pentagon_p2_fault,5,locked_test,coarse,0.8,0.5510835913312694,0.25778732545649835,0.23617868199911543,0.2459374242056755,0.8193548387096773,1.0,0.8,0.8,60.0,60,,,,False
QUINTUPLE,keygas_fault+rogers_fault+doernenburg_fault+duval_pentagon_p1_fault+duval_pentagon_p2_fault,5,development,fine,0.5434782608695652,0.3,0.1836734693877551,0.2571428571428572,0.2076923076923077,0.4155518394648829,0.7796610169491526,0.5434782608695652,0.423728813559322,59.0,46,,,,False
QUINTUPLE,keygas_fault+rogers_fault+doernenburg_fault+duval_pentagon_p1_fault+duval_pentagon_p2_fault,5,development,coarse,0.6949152542372882,0.4807017543859649,0.21882086167800452,0.20601503759398496,0.21222207429103981,0.7148340625839166,1.0,0.6949152542372882,0.6949152542372882,59.0,59,,,,False
QUINTUPLE,keygas_fault+rogers_fault+doernenburg_fault+duval_pentagon_p1_fault+duval_pentagon_p2_fault,5,locked_test,fine,0.5833333333333334,0.3454545454545454,0.33333333333333337,0.24675324675324672,0.2258503401360544,0.49623015873015874,0.8,0.5833333333333334,0.4666666666666667,60.0,48,,,,False
QUINTUPLE,keygas_fault+rogers_fault+doernenburg_fault+duval_pentagon_p1_fault+duval_pentagon_p2_fault,5,locked_test,coarse,0.7,0.47678018575851394,0.2393483709273183,0.2043343653250774,0.218822919367384,0.728735632183908,1.0,0.7,0.7,60.0,60,,,,False
QUINTUPLE,keygas_fault+rogers_fault+duval_triangle_fault+duval_pentagon_p1_fault+duval_pentagon_p2_fault,5,development,fine,0.5869565217391305,0.48148148148148145,0.3412698412698413,0.4126984126984127,0.36507936507936506,0.45652173913043476,0.7796610169491526,0.5869565217391305,0.4576271186440678,59.0,46,,,,False
QUINTUPLE,keygas_fault+rogers_fault+duval_triangle_fault+duval_pentagon_p1_fault+duval_pentagon_p2_fault,5,development,coarse,0.711864406779661,0.4894736842105263,0.22631422631422632,0.20977443609022556,0.21755102040816326,0.7302179176755448,1.0,0.711864406779661,0.711864406779661,59.0,59,,,,False
QUINTUPLE,keygas_fault+rogers_fault+duval_triangle_fault+duval_pentagon_p1_fault+duval_pentagon_p2_fault,5,locked_test,fine,0.6086956521739131,0.3737373737373737,0.33800186741363214,0.26695526695526695,0.24074074074074073,0.5140901771336553,0.7666666666666667,0.6086956521739131,0.4666666666666667,60.0,46,,,,False
QUINTUPLE,keygas_fault+rogers_fault+duval_triangle_fault+duval_pentagon_p1_fault+duval_pentagon_p2_fault,5,locked_test,coarse,0.7333333333333333,0.5159958720330238,0.2494331065759637,0.22114108801415305,0.23415120189313737,0.7671025864574251,1.0,0.7333333333333333,0.7333333333333333,60.0,60,,,,False
QUINTUPLE,keygas_fault+doernenburg_fault+duval_triangle_fault+duval_pentagon_p1_fault+duval_pentagon_p2_fault,5,development,fine,0.5434782608695652,0.3,0.1836734693877551,0.2571428571428572,0.2076923076923077,0.4155518394648829,0.7796610169491526,0.5434782608695652,0.423728813559322,59.0,46,,,,False
QUINTUPLE,keygas_fault+doernenburg_fault+duval_triangle_fault+duval_pentagon_p1_fault+duval_pentagon_p2_fault,5,development,coarse,0.6949152542372882,0.4807017543859649,0.21882086167800452,0.20601503759398496,0.21222207429103981,0.7148340625839166,1.0,0.6949152542372882,0.6949152542372882,59.0,59,,,,False
QUINTUPLE,keygas_fault+doernenburg_fault+duval_triangle_fault+duval_pentagon_p1_fault+duval_pentagon_p2_fault,5,locked_test,fine,0.6086956521739131,0.4393939393939394,0.34507722007722,0.3766233766233766,0.3483709273182957,0.5030511060259343,0.7666666666666667,0.6086956521739131,0.4666666666666667,60.0,46,,,,False
QUINTUPLE,keygas_fault+doernenburg_fault+duval_triangle_fault+duval_pentagon_p1_fault+duval_pentagon_p2_fault,5,locked_test,coarse,0.75,0.5247678018575851,0.2433281004709576,0.22490048651039363,0.23304805793285052,0.7622119815668201,1.0,0.75,0.75,60.0,60,,,,False
QUINTUPLE,iec_fault+rogers_fault+doernenburg_fault+duval_triangle_fault+duval_pentagon_p1_fault,5,development,fine,0.7142857142857143,0.5231481481481481,0.5132275132275133,0.44841269841269843,0.44499654934437544,0.6641821946169773,0.711864406779661,0.7142857142857143,0.5084745762711864,59.0,42,,,,False
QUINTUPLE,iec_fault+rogers_fault+doernenburg_fault+duval_triangle_fault+duval_pentagon_p1_fault,5,development,coarse,0.7457627118644068,0.5070175438596491,0.23048004626951996,0.2172932330827068,0.2234156820622986,0.7566585956416465,1.0,0.7457627118644068,0.7457627118644068,59.0,59,,,,False
QUINTUPLE,iec_fault+rogers_fault+doernenburg_fault+duval_triangle_fault+duval_pentagon_p1_fault,5,locked_test,fine,0.7857142857142857,0.5571428571428572,0.4289377289377289,0.5571428571428572,0.46708074534161487,0.7116977225672878,0.7,0.7857142857142857,0.55,60.0,42,,,,False
QUINTUPLE,iec_fault+rogers_fault+doernenburg_fault+duval_triangle_fault+duval_pentagon_p1_fault,5,locked_test,coarse,0.8166666666666667,0.5815273477812177,0.26013513513513514,0.24922600619195046,0.2545454545454545,0.8315151515151515,1.0,0.8166666666666667,0.8166666666666667,60.0,60,,,,False
QUINTUPLE,iec_fault+rogers_fault+doernenburg_fault+duval_triangle_fault+duval_pentagon_p2_fault,5,development,fine,0.7692307692307693,0.5231481481481481,0.5291005291005291,0.44841269841269843,0.45246620387285347,0.7273394976719784,0.6610169491525424,0.7692307692307693,0.5084745762711864,59.0,39,,,,False
QUINTUPLE,iec_fault+rogers_fault+doernenburg_fault+duval_triangle_fault+duval_pentagon_p2_fault,5,development,coarse,0.7457627118644068,0.5070175438596491,0.23048004626951996,0.2172932330827068,0.2234156820622986,0.7566585956416465,1.0,0.7457627118644068,0.7457627118644068,59.0,59,,,,False
QUINTUPLE,iec_fault+rogers_fault+doernenburg_fault+duval_triangle_fault+duval_pentagon_p2_fault,5,locked_test,fine,0.8378378378378378,0.8095238095238094,0.6813186813186813,0.6938775510204082,0.6846631629240324,0.779806562415258,0.6166666666666667,0.8378378378378378,0.5166666666666667,60.0,37,,,,False
QUINTUPLE,iec_fault+rogers_fault+doernenburg_fault+duval_triangle_fault+duval_pentagon_p2_fault,5,locked_test,coarse,0.7833333333333333,0.542311661506708,0.25758411472697185,0.23241928350287486,0.24393241167434715,0.8104659498207885,1.0,0.7833333333333333,0.7833333333333333,60.0,60,,,,False
QUINTUPLE,iec_fault+rogers_fault+doernenburg_fault+duval_pentagon_p1_fault+duval_pentagon_p2_fault,5,development,fine,0.5555555555555556,0.37777777777777777,0.2122448979591837,0.2698412698412698,0.22786037491919847,0.4352438411261941,0.7627118644067796,0.5555555555555556,0.423728813559322,59.0,45,,,,False
QUINTUPLE,iec_fault+rogers_fault+doernenburg_fault+duval_pentagon_p1_fault+duval_pentagon_p2_fault,5,development,coarse,0.6949152542372882,0.4807017543859649,0.2126984126984127,0.20601503759398496,0.2092664092664093,0.7095739807604216,1.0,0.6949152542372882,0.6949152542372882,59.0,59,,,,False
QUINTUPLE,iec_fault+rogers_fault+doernenburg_fault+duval_pentagon_p1_fault+duval_pentagon_p2_fault,5,locked_test,fine,0.6222222222222222,0.38333333333333336,0.3493397358943578,0.27380952380952384,0.2609221466364324,0.5476308054085831,0.75,0.6222222222222222,0.4666666666666667,60.0,45,,,,False
QUINTUPLE,iec_fault+rogers_fault+doernenburg_fault+duval_pentagon_p1_fault+duval_pentagon_p2_fault,5,locked_test,coarse,0.7,0.47678018575851394,0.24603174603174605,0.2043343653250774,0.2220742910398083,0.7431500465983226,1.0,0.7,0.7,60.0,60,,,,False
QUINTUPLE,iec_fault+rogers_fault+duval_triangle_fault+duval_pentagon_p1_fault+duval_pentagon_p2_fault,5,development,fine,0.65,0.4666666666666666,0.3694581280788177,0.39999999999999997,0.3754313319530711,0.561352657004831,0.6779661016949152,0.65,0.4406779661016949,59.0,40,,,,False
QUINTUPLE,iec_fault+rogers_fault+duval_triangle_fault+duval_pentagon_p1_fault+duval_pentagon_p2_fault,5,development,coarse,0.6949152542372882,0.4807017543859649,0.2258852258852259,0.20601503759398496,0.2153888582460011,0.7204698645376613,1.0,0.6949152542372882,0.6949152542372882,59.0,59,,,,False
QUINTUPLE,iec_fault+rogers_fault+duval_triangle_fault+duval_pentagon_p1_fault+duval_pentagon_p2_fault,5,locked_test,fine,0.6818181818181818,0.6583333333333333,0.5654761904761905,0.5642857142857143,0.49424385138670857,0.6153429903429903,0.7333333333333333,0.6818181818181818,0.5,60.0,44,,,,False
QUINTUPLE,iec_fault+rogers_fault+duval_triangle_fault+duval_pentagon_p1_fault+duval_pentagon_p2_fault,5,locked_test,coarse,0.7833333333333333,0.563983488132095,0.25241312741312744,0.24170720919946925,0.24692640692640694,0.7977373737373736,1.0,0.7833333333333333,0.7833333333333333,60.0,60,,,,False
QUINTUPLE,iec_fault+doernenburg_fault+duval_triangle_fault+duval_pentagon_p1_fault+duval_pentagon_p2_fault,5,development,fine,0.5681818181818182,0.37777777777777777,0.20057720057720058,0.2698412698412698,0.22412698412698415,0.4445454545454546,0.7457627118644068,0.5681818181818182,0.423728813559322,59.0,44,,,,False
QUINTUPLE,iec_fault+doernenburg_fault+duval_triangle_fault+duval_pentagon_p1_fault+duval_pentagon_p2_fault,5,development,coarse,0.6949152542372882,0.4807017543859649,0.2126984126984127,0.20601503759398496,0.2092664092664093,0.7095739807604216,1.0,0.6949152542372882,0.6949152542372882,59.0,59,,,,False
QUINTUPLE,iec_fault+doernenburg_fault+duval_triangle_fault+duval_pentagon_p1_fault+duval_pentagon_p2_fault,5,locked_test,fine,0.6888888888888889,0.6280148423005566,0.7770562770562769,0.6280148423005566,0.6426152463888313,0.6265978605601247,0.75,0.6888888888888889,0.5166666666666667,60.0,45,,,,False
QUINTUPLE,iec_fault+doernenburg_fault+duval_triangle_fault+duval_pentagon_p1_fault+duval_pentagon_p2_fault,5,locked_test,coarse,0.7666666666666667,0.5335397316821465,0.2502685284640172,0.22865988500663423,0.23841862721319426,0.786021505376344,1.0,0.7666666666666667,0.7666666666666667,60.0,60,,,,False
QUINTUPLE,rogers_fault+doernenburg_fault+duval_triangle_fault+duval_pentagon_p1_fault+duval_pentagon_p2_fault,5,development,fine,0.5681818181818182,0.37777777777777777,0.1963718820861678,0.2698412698412698,0.22039072039072036,0.43444055944055937,0.7457627118644068,0.5681818181818182,0.423728813559322,59.0,44,,,,False
QUINTUPLE,rogers_fault+doernenburg_fault+duval_triangle_fault+duval_pentagon_p1_fault+duval_pentagon_p2_fault,5,development,coarse,0.6949152542372882,0.4807017543859649,0.2258852258852259,0.20601503759398496,0.2153888582460011,0.7204698645376613,1.0,0.6949152542372882,0.6949152542372882,59.0,59,,,,False
QUINTUPLE,rogers_fault+doernenburg_fault+duval_triangle_fault+duval_pentagon_p1_fault+duval_pentagon_p2_fault,5,locked_test,fine,0.6,0.3555555555555555,0.19514472455648926,0.25396825396825395,0.21693121693121695,0.4847736625514403,0.75,0.6,0.45,60.0,45,,,,False
QUINTUPLE,rogers_fault+doernenburg_fault+duval_triangle_fault+duval_pentagon_p1_fault+duval_pentagon_p2_fault,5,locked_test,coarse,0.7333333333333333,0.5159958720330238,0.2494331065759637,0.22114108801415305,0.23415120189313737,0.7671025864574251,1.0,0.7333333333333333,0.7333333333333333,60.0,60,,,,False
SEXTUPLE,keygas_fault+iec_fault+rogers_fault+doernenburg_fault+duval_triangle_fault+duval_pentagon_p1_fault,6,development,fine,0.7209302325581395,0.5912698412698413,0.5846560846560847,0.5912698412698413,0.5402346445824706,0.6642399730367374,0.7288135593220338,0.7209302325581395,0.5254237288135594,59.0,43,,,,False
SEXTUPLE,keygas_fault+iec_fault+rogers_fault+doernenburg_fault+duval_triangle_fault+duval_pentagon_p1_fault,6,development,coarse,0.7627118644067796,0.5157894736842105,0.23076923076923078,0.22105263157894736,0.225417439703154,0.7656834690732995,1.0,0.7627118644067796,0.7627118644067796,59.0,59,,,,False
SEXTUPLE,keygas_fault+iec_fault+rogers_fault+doernenburg_fault+duval_triangle_fault+duval_pentagon_p1_fault,6,locked_test,fine,0.7674418604651163,0.5571428571428572,0.42486772486772484,0.5571428571428572,0.4644376899696048,0.6865413161801088,0.7166666666666667,0.7674418604651163,0.55,60.0,43,,,,False
SEXTUPLE,keygas_fault+iec_fault+rogers_fault+doernenburg_fault+duval_triangle_fault+duval_pentagon_p1_fault,6,locked_test,coarse,0.8333333333333334,0.5902992776057792,0.26033834586466165,0.2529854046881911,0.25655046707678286,0.8404040404040404,1.0,0.8333333333333334,0.8333333333333334,60.0,60,,,,False
SEXTUPLE,keygas_fault+iec_fault+rogers_fault+doernenburg_fault+duval_triangle_fault+duval_pentagon_p2_fault,6,development,fine,0.775,0.5912698412698413,0.6005291005291006,0.5912698412698413,0.5477042991109488,0.7258226768968458,0.6779661016949152,0.775,0.5254237288135594,59.0,40,,,,False
SEXTUPLE,keygas_fault+iec_fault+rogers_fault+doernenburg_fault+duval_triangle_fault+duval_pentagon_p2_fault,6,development,coarse,0.7627118644067796,0.5157894736842105,0.23076923076923078,0.22105263157894736,0.225417439703154,0.7656834690732995,1.0,0.7627118644067796,0.7627118644067796,59.0,59,,,,False
SEXTUPLE,keygas_fault+iec_fault+rogers_fault+doernenburg_fault+duval_triangle_fault+duval_pentagon_p2_fault,6,locked_test,fine,0.8157894736842105,0.8095238095238094,0.6772486772486772,0.6938775510204082,0.6820201075520224,0.7495477646653458,0.6333333333333333,0.8157894736842105,0.5166666666666667,60.0,38,,,,False
SEXTUPLE,keygas_fault+iec_fault+rogers_fault+doernenburg_fault+duval_triangle_fault+duval_pentagon_p2_fault,6,locked_test,coarse,0.8,0.5510835913312694,0.25778732545649835,0.23617868199911543,0.2459374242056755,0.8193548387096773,1.0,0.8,0.8,60.0,60,,,,False
SEXTUPLE,keygas_fault+iec_fault+rogers_fault+doernenburg_fault+duval_pentagon_p1_fault+duval_pentagon_p2_fault,6,development,fine,0.5555555555555556,0.37777777777777777,0.2122448979591837,0.2698412698412698,0.22786037491919847,0.4352438411261941,0.7627118644067796,0.5555555555555556,0.423728813559322,59.0,45,,,,False
SEXTUPLE,keygas_fault+iec_fault+rogers_fault+doernenburg_fault+duval_pentagon_p1_fault+duval_pentagon_p2_fault,6,development,coarse,0.6949152542372882,0.4807017543859649,0.21882086167800452,0.20601503759398496,0.21222207429103981,0.7148340625839166,1.0,0.6949152542372882,0.6949152542372882,59.0,59,,,,False
SEXTUPLE,keygas_fault+iec_fault+rogers_fault+doernenburg_fault+duval_pentagon_p1_fault+duval_pentagon_p2_fault,6,locked_test,fine,0.6304347826086957,0.48611111111111116,0.49219687875150064,0.4166666666666667,0.4037792894935753,0.5574649183344834,0.7666666666666667,0.6304347826086957,0.48333333333333334,60.0,46,,,,False
SEXTUPLE,keygas_fault+iec_fault+rogers_fault+doernenburg_fault+duval_pentagon_p1_fault+duval_pentagon_p2_fault,6,locked_test,coarse,0.7166666666666667,0.4855521155830753,0.24646074646074645,0.208093763821318,0.22423645320197044,0.752735632183908,1.0,0.7166666666666667,0.7166666666666667,60.0,60,,,,False
SEXTUPLE,keygas_fault+iec_fault+rogers_fault+duval_triangle_fault+duval_pentagon_p1_fault+duval_pentagon_p2_fault,6,development,fine,0.6585365853658537,0.4666666666666666,0.37142857142857144,0.39999999999999997,0.376984126984127,0.5704607046070461,0.6949152542372882,0.6585365853658537,0.4576271186440678,59.0,41,,,,False
SEXTUPLE,keygas_fault+iec_fault+rogers_fault+duval_triangle_fault+duval_pentagon_p1_fault+duval_pentagon_p2_fault,6,development,coarse,0.711864406779661,0.4894736842105263,0.22631422631422632,0.20977443609022556,0.21755102040816326,0.7302179176755448,1.0,0.711864406779661,0.711864406779661,59.0,59,,,,False
SEXTUPLE,keygas_fault+iec_fault+rogers_fault+duval_triangle_fault+duval_pentagon_p1_fault+duval_pentagon_p2_fault,6,locked_test,fine,0.6888888888888889,0.6583333333333333,0.5654761904761905,0.5642857142857143,0.49424385138670857,0.6238909238909239,0.75,0.6888888888888889,0.5166666666666667,60.0,45,,,,False
SEXTUPLE,keygas_fault+iec_fault+rogers_fault+duval_triangle_fault+duval_pentagon_p1_fault+duval_pentagon_p2_fault,6,locked_test,coarse,0.8,0.5727554179566563,0.25281954887218044,0.24546660769570985,0.24903167008430166,0.807070707070707,1.0,0.8,0.8,60.0,60,,,,False
SEXTUPLE,keygas_fault+iec_fault+doernenburg_fault+duval_triangle_fault+duval_pentagon_p1_fault+duval_pentagon_p2_fault,6,development,fine,0.5681818181818182,0.37777777777777777,0.20057720057720058,0.2698412698412698,0.22412698412698415,0.4445454545454546,0.7457627118644068,0.5681818181818182,0.423728813559322,59.0,44,,,,False
SEXTUPLE,keygas_fault+iec_fault+doernenburg_fault+duval_triangle_fault+duval_pentagon_p1_fault+duval_pentagon_p2_fault,6,development,coarse,0.6949152542372882,0.4807017543859649,0.21882086167800452,0.20601503759398496,0.21222207429103981,0.7148340625839166,1.0,0.6949152542372882,0.6949152542372882,59.0,59,,,,False
SEXTUPLE,keygas_fault+iec_fault+doernenburg_fault+duval_triangle_fault+duval_pentagon_p1_fault+duval_pentagon_p2_fault,6,locked_test,fine,0.6818181818181818,0.6163265306122448,0.7770562770562769,0.6163265306122448,0.6246332284068133,0.60523795815391,0.7333333333333333,0.6818181818181818,0.5,60.0,44,,,,False
SEXTUPLE,keygas_fault+iec_fault+doernenburg_fault+duval_triangle_fault+duval_pentagon_p1_fault+duval_pentagon_p2_fault,6,locked_test,coarse,0.7666666666666667,0.5335397316821465,0.2502685284640172,0.22865988500663423,0.23841862721319426,0.786021505376344,1.0,0.7666666666666667,0.7666666666666667,60.0,60,,,,False
SEXTUPLE,keygas_fault+rogers_fault+doernenburg_fault+duval_triangle_fault+duval_pentagon_p1_fault+duval_pentagon_p2_fault,6,development,fine,0.5777777777777777,0.37777777777777777,0.1984126984126984,0.2698412698412698,0.22222222222222218,0.4444444444444444,0.7627118644067796,0.5777777777777777,0.4406779661016949,59.0,45,,,,False
SEXTUPLE,keygas_fault+rogers_fault+doernenburg_fault+duval_triangle_fault+duval_pentagon_p1_fault+duval_pentagon_p2_fault,6,development,coarse,0.711864406779661,0.4894736842105263,0.22631422631422632,0.20977443609022556,0.21755102040816326,0.7302179176755448,1.0,0.711864406779661,0.711864406779661,59.0,59,,,,False
SEXTUPLE,keygas_fault+rogers_fault+doernenburg_fault+duval_triangle_fault+duval_pentagon_p1_fault+duval_pentagon_p2_fault,6,locked_test,fine,0.5957446808510638,0.46296296296296297,0.3356009070294785,0.3968253968253968,0.3578643578643579,0.4796905222437138,0.7833333333333333,0.5957446808510638,0.4666666666666667,60.0,47,,,,False
SEXTUPLE,keygas_fault+rogers_fault+doernenburg_fault+duval_triangle_fault+duval_pentagon_p1_fault+duval_pentagon_p2_fault,6,locked_test,coarse,0.75,0.5247678018575851,0.2498621070049641,0.22490048651039363,0.23631336405529954,0.7766881720430107,1.0,0.75,0.75,60.0,60,,,,False
SEXTUPLE,iec_fault+rogers_fault+doernenburg_fault+duval_triangle_fault+duval_pentagon_p1_fault+duval_pentagon_p2_fault,6,development,fine,0.5652173913043478,0.4666666666666666,0.3412698412698413,0.39999999999999997,0.3583959899749373,0.45118230358504957,0.7796610169491526,0.5652173913043478,0.4406779661016949,59.0,46,,,,False
SEXTUPLE,iec_fault+rogers_fault+doernenburg_fault+duval_triangle_fault+duval_pentagon_p1_fault+duval_pentagon_p2_fault,6,development,coarse,0.6949152542372882,0.4807017543859649,0.2258852258852259,0.20601503759398496,0.2153888582460011,0.7204698645376613,1.0,0.6949152542372882,0.6949152542372882,59.0,59,,,,False
SEXTUPLE,iec_fault+rogers_fault+doernenburg_fault+duval_triangle_fault+duval_pentagon_p1_fault+duval_pentagon_p2_fault,6,locked_test,fine,0.6730769230769231,0.5692640692640694,0.5459383753501401,0.5692640692640694,0.4833711262282691,0.5994607244607244,0.8666666666666667,0.6730769230769231,0.5833333333333334,60.0,52,,,,False
SEXTUPLE,iec_fault+rogers_fault+doernenburg_fault+duval_triangle_fault+duval_pentagon_p1_fault+duval_pentagon_p2_fault,6,locked_test,coarse,0.8166666666666667,0.5815273477812177,0.2532051282051282,0.24922600619195046,0.2510822510822511,0.8161616161616162,1.0,0.8166666666666667,0.8166666666666667,60.0,60,,,,False
SEPTUPLE,keygas_fault+iec_fault+rogers_fault+doernenburg_fault+duval_triangle_fault+duval_pentagon_p1_fault+duval_pentagon_p2_fault,7,development,fine,0.574468085106383,0.4666666666666666,0.34331065759637186,0.39999999999999997,0.3601929351681089,0.46058441970039504,0.7966101694915254,0.574468085106383,0.4576271186440678,59.0,47,,,,False
SEPTUPLE,keygas_fault+iec_fault+rogers_fault+doernenburg_fault+duval_triangle_fault+duval_pentagon_p1_fault+duval_pentagon_p2_fault,7,development,coarse,0.711864406779661,0.4894736842105263,0.22631422631422632,0.20977443609022556,0.21755102040816326,0.7302179176755448,1.0,0.711864406779661,0.711864406779661,59.0,59,,,,False
SEPTUPLE,keygas_fault+iec_fault+rogers_fault+doernenburg_fault+duval_triangle_fault+duval_pentagon_p1_fault+duval_pentagon_p2_fault,7,locked_test,fine,0.6666666666666666,0.5584415584415584,0.5459383753501401,0.5584415584415584,0.46636432350718066,0.5799356779748936,0.85,0.6666666666666666,0.5666666666666667,60.0,51,,,,False
SEPTUPLE,keygas_fault+iec_fault+rogers_fault+doernenburg_fault+duval_triangle_fault+duval_pentagon_p1_fault+duval_pentagon_p2_fault,7,locked_test,coarse,0.8166666666666667,0.5815273477812177,0.2532051282051282,0.24922600619195046,0.2510822510822511,0.8161616161616162,1.0,0.8166666666666667,0.8166666666666667,60.0,60,,,,False
INDIVIDUAL,keygas_fault,1,development,fine_ambiguous_tolerant,0.09230769230769231,,,,,,0.23076923076923078,0.5454545454545454,0.09230769230769231,,11,65.0,0.0,0.0,False
INDIVIDUAL,keygas_fault,1,locked_test,fine_ambiguous_tolerant,0.1076923076923077,,,,,,0.26153846153846155,0.7,0.1076923076923077,,10,65.0,9.0,0.0,False
INDIVIDUAL,iec_fault,1,development,fine_ambiguous_tolerant,0.4,,,,,,0.7076923076923077,0.5652173913043478,0.4,,46,65.0,0.0,0.0,False
INDIVIDUAL,iec_fault,1,locked_test,fine_ambiguous_tolerant,0.46153846153846156,,,,,,0.6461538461538462,0.7142857142857143,0.46153846153846156,,42,65.0,9.0,7.0,False
INDIVIDUAL,rogers_fault,1,development,fine_ambiguous_tolerant,0.38461538461538464,,,,,,0.5846153846153846,0.6578947368421053,0.38461538461538464,,38,65.0,0.0,0.0,False
INDIVIDUAL,rogers_fault,1,locked_test,fine_ambiguous_tolerant,0.3230769230769231,,,,,,0.46153846153846156,0.7,0.3230769230769231,,30,65.0,9.0,2.0,False
INDIVIDUAL,doernenburg_fault,1,development,fine_ambiguous_tolerant,0.46153846153846156,,,,,,0.6615384615384615,0.6976744186046512,0.46153846153846156,,43,65.0,0.0,0.0,False
INDIVIDUAL,doernenburg_fault,1,locked_test,fine_ambiguous_tolerant,0.27692307692307694,,,,,,0.4307692307692308,0.6428571428571429,0.27692307692307694,,28,65.0,9.0,0.0,False
INDIVIDUAL,duval_triangle_fault,1,development,fine_ambiguous_tolerant,0.7384615384615385,,,,,,1.0,0.8,0.7384615384615385,,60,65.0,0.0,0.0,False
INDIVIDUAL,duval_triangle_fault,1,locked_test,fine_ambiguous_tolerant,0.7846153846153846,,,,,,1.0,0.796875,0.7846153846153846,,64,65.0,9.0,7.0,False
INDIVIDUAL,duval_pentagon_p1_fault,1,development,fine_ambiguous_tolerant,0.49230769230769234,,,,,,1.0,0.5245901639344263,0.49230769230769234,,61,65.0,0.0,0.0,False
INDIVIDUAL,duval_pentagon_p1_fault,1,locked_test,fine_ambiguous_tolerant,0.5076923076923077,,,,,,0.9846153846153847,0.5789473684210527,0.5076923076923077,,57,65.0,9.0,6.0,False
INDIVIDUAL,duval_pentagon_p2_fault,1,development,fine_ambiguous_tolerant,0.3076923076923077,,,,,,1.0,0.5555555555555556,0.3076923076923077,,36,65.0,0.0,0.0,False
INDIVIDUAL,duval_pentagon_p2_fault,1,locked_test,fine_ambiguous_tolerant,0.3076923076923077,,,,,,0.9846153846153847,0.5714285714285714,0.3076923076923077,,35,65.0,9.0,0.0,False
PAIR,keygas_fault+iec_fault,2,development,fine_ambiguous_tolerant,0.3230769230769231,,,,,,0.7692307692307693,0.5833333333333334,0.3230769230769231,,36,65.0,0.0,0.0,False
PAIR,keygas_fault+iec_fault,2,locked_test,fine_ambiguous_tolerant,0.4153846153846154,,,,,,0.7076923076923077,0.7714285714285715,0.4153846153846154,,35,65.0,9.0,6.0,False
PAIR,keygas_fault+rogers_fault,2,development,fine_ambiguous_tolerant,0.36923076923076925,,,,,,0.6307692307692307,0.631578947368421,0.36923076923076925,,38,65.0,0.0,0.0,False
PAIR,keygas_fault+rogers_fault,2,locked_test,fine_ambiguous_tolerant,0.3230769230769231,,,,,,0.47692307692307695,0.7241379310344828,0.3230769230769231,,29,65.0,9.0,1.0,False
PAIR,keygas_fault+doernenburg_fault,2,development,fine_ambiguous_tolerant,0.4307692307692308,,,,,,0.7076923076923077,0.6666666666666666,0.4307692307692308,,42,65.0,0.0,0.0,False
PAIR,keygas_fault+doernenburg_fault,2,locked_test,fine_ambiguous_tolerant,0.2923076923076923,,,,,,0.5230769230769231,0.6551724137931034,0.2923076923076923,,29,65.0,9.0,0.0,False
PAIR,keygas_fault+duval_triangle_fault,2,development,fine_ambiguous_tolerant,0.6615384615384615,,,,,,0.9692307692307692,0.8113207547169812,0.6615384615384615,,53,65.0,0.0,0.0,False
PAIR,keygas_fault+duval_triangle_fault,2,locked_test,fine_ambiguous_tolerant,0.6923076923076923,,,,,,0.9076923076923077,0.8181818181818182,0.6923076923076923,,55,65.0,9.0,6.0,False
PAIR,keygas_fault+duval_pentagon_p1_fault,2,development,fine_ambiguous_tolerant,0.4461538461538462,,,,,,0.9384615384615385,0.5272727272727272,0.4461538461538462,,55,65.0,0.0,0.0,False
PAIR,keygas_fault+duval_pentagon_p1_fault,2,locked_test,fine_ambiguous_tolerant,0.46153846153846156,,,,,,0.8615384615384616,0.6122448979591837,0.46153846153846156,,49,65.0,9.0,6.0,False
PAIR,keygas_fault+duval_pentagon_p2_fault,2,development,fine_ambiguous_tolerant,0.2923076923076923,,,,,,0.9384615384615385,0.5588235294117647,0.2923076923076923,,34,65.0,0.0,0.0,False
PAIR,keygas_fault+duval_pentagon_p2_fault,2,locked_test,fine_ambiguous_tolerant,0.27692307692307694,,,,,,0.8769230769230769,0.5454545454545454,0.27692307692307694,,33,65.0,9.0,0.0,False
PAIR,iec_fault+rogers_fault,2,development,fine_ambiguous_tolerant,0.3076923076923077,,,,,,0.7538461538461538,0.6451612903225806,0.3076923076923077,,31,65.0,0.0,0.0,False
PAIR,iec_fault+rogers_fault,2,locked_test,fine_ambiguous_tolerant,0.4461538461538462,,,,,,0.7384615384615385,0.7435897435897436,0.4461538461538462,,39,65.0,9.0,7.0,False
PAIR,iec_fault+doernenburg_fault,2,development,fine_ambiguous_tolerant,0.3076923076923077,,,,,,0.8,0.7142857142857143,0.3076923076923077,,28,65.0,0.0,0.0,False
PAIR,iec_fault+doernenburg_fault,2,locked_test,fine_ambiguous_tolerant,0.35384615384615387,,,,,,0.676923076923077,0.7931034482758621,0.35384615384615387,,29,65.0,9.0,5.0,False
PAIR,iec_fault+duval_triangle_fault,2,development,fine_ambiguous_tolerant,0.5230769230769231,,,,,,0.9846153846153847,0.7906976744186046,0.5230769230769231,,43,65.0,0.0,0.0,False
PAIR,iec_fault+duval_triangle_fault,2,locked_test,fine_ambiguous_tolerant,0.6307692307692307,,,,,,0.9846153846153847,0.803921568627451,0.6307692307692307,,51,65.0,9.0,7.0,False
PAIR,iec_fault+duval_pentagon_p1_fault,2,development,fine_ambiguous_tolerant,0.2923076923076923,,,,,,0.9846153846153847,0.5135135135135135,0.2923076923076923,,37,65.0,0.0,0.0,False
PAIR,iec_fault+duval_pentagon_p1_fault,2,locked_test,fine_ambiguous_tolerant,0.3384615384615385,,,,,,0.9230769230769231,0.6285714285714286,0.3384615384615385,,35,65.0,9.0,5.0,False
PAIR,iec_fault+duval_pentagon_p2_fault,2,development,fine_ambiguous_tolerant,0.1076923076923077,,,,,,0.9846153846153847,0.5384615384615384,0.1076923076923077,,13,65.0,0.0,0.0,False
PAIR,iec_fault+duval_pentagon_p2_fault,2,locked_test,fine_ambiguous_tolerant,0.15384615384615385,,,,,,0.8615384615384616,0.5882352941176471,0.15384615384615385,,17,65.0,9.0,0.0,False
PAIR,rogers_fault+doernenburg_fault,2,development,fine_ambiguous_tolerant,0.5076923076923077,,,,,,0.8,0.6346153846153846,0.5076923076923077,,52,65.0,0.0,0.0,False
PAIR,rogers_fault+doernenburg_fault,2,locked_test,fine_ambiguous_tolerant,0.35384615384615387,,,,,,0.5846153846153846,0.6388888888888888,0.35384615384615387,,36,65.0,9.0,0.0,False
PAIR,rogers_fault+duval_triangle_fault,2,development,fine_ambiguous_tolerant,0.6615384615384615,,,,,,1.0,0.7678571428571429,0.6615384615384615,,56,65.0,0.0,0.0,False
PAIR,rogers_fault+duval_triangle_fault,2,locked_test,fine_ambiguous_tolerant,0.7384615384615385,,,,,,0.9846153846153847,0.8275862068965517,0.7384615384615385,,58,65.0,9.0,7.0,False
PAIR,rogers_fault+duval_pentagon_p1_fault,2,development,fine_ambiguous_tolerant,0.47692307692307695,,,,,,0.9846153846153847,0.5254237288135594,0.47692307692307695,,59,65.0,0.0,0.0,False
PAIR,rogers_fault+duval_pentagon_p1_fault,2,locked_test,fine_ambiguous_tolerant,0.5076923076923077,,,,,,0.9384615384615385,0.6226415094339622,0.5076923076923077,,53,65.0,9.0,6.0,False
PAIR,rogers_fault+duval_pentagon_p2_fault,2,development,fine_ambiguous_tolerant,0.3076923076923077,,,,,,0.9846153846153847,0.5714285714285714,0.3076923076923077,,35,65.0,0.0,0.0,False
PAIR,rogers_fault+duval_pentagon_p2_fault,2,locked_test,fine_ambiguous_tolerant,0.3076923076923077,,,,,,0.9076923076923077,0.5714285714285714,0.3076923076923077,,35,65.0,9.0,0.0,False
PAIR,doernenburg_fault+duval_triangle_fault,2,development,fine_ambiguous_tolerant,0.6,,,,,,1.0,0.78,0.6,,50,65.0,0.0,0.0,False
PAIR,doernenburg_fault+duval_triangle_fault,2,locked_test,fine_ambiguous_tolerant,0.6615384615384615,,,,,,1.0,0.7678571428571429,0.6615384615384615,,56,65.0,9.0,5.0,False
PAIR,doernenburg_fault+duval_pentagon_p1_fault,2,development,fine_ambiguous_tolerant,0.49230769230769234,,,,,,0.9846153846153847,0.5517241379310345,0.49230769230769234,,58,65.0,0.0,0.0,False
PAIR,doernenburg_fault+duval_pentagon_p1_fault,2,locked_test,fine_ambiguous_tolerant,0.5076923076923077,,,,,,0.9538461538461539,0.5892857142857143,0.5076923076923077,,56,65.0,9.0,6.0,False
PAIR,doernenburg_fault+duval_pentagon_p2_fault,2,development,fine_ambiguous_tolerant,0.3076923076923077,,,,,,0.9846153846153847,0.5555555555555556,0.3076923076923077,,36,65.0,0.0,0.0,False
PAIR,doernenburg_fault+duval_pentagon_p2_fault,2,locked_test,fine_ambiguous_tolerant,0.3076923076923077,,,,,,0.9076923076923077,0.5714285714285714,0.3076923076923077,,35,65.0,9.0,0.0,False
PAIR,duval_triangle_fault+duval_pentagon_p1_fault,2,development,fine_ambiguous_tolerant,0.46153846153846156,,,,,,0.9384615384615385,0.7894736842105263,0.46153846153846156,,38,65.0,0.0,0.0,False
PAIR,duval_triangle_fault+duval_pentagon_p1_fault,2,locked_test,fine_ambiguous_tolerant,0.46153846153846156,,,,,,0.8,0.8823529411764706,0.46153846153846156,,34,65.0,9.0,4.0,False
PAIR,duval_triangle_fault+duval_pentagon_p2_fault,2,development,fine_ambiguous_tolerant,0.27692307692307694,,,,,,0.8923076923076924,0.8181818181818182,0.27692307692307694,,22,65.0,0.0,0.0,False
PAIR,duval_triangle_fault+duval_pentagon_p2_fault,2,locked_test,fine_ambiguous_tolerant,0.2923076923076923,,,,,,0.7384615384615385,0.8260869565217391,0.2923076923076923,,23,65.0,9.0,0.0,False
PAIR,duval_pentagon_p1_fault+duval_pentagon_p2_fault,2,development,fine_ambiguous_tolerant,0.3076923076923077,,,,,,0.9538461538461539,0.5555555555555556,0.3076923076923077,,36,65.0,0.0,0.0,False
PAIR,duval_pentagon_p1_fault+duval_pentagon_p2_fault,2,locked_test,fine_ambiguous_tolerant,0.3076923076923077,,,,,,0.9076923076923077,0.5714285714285714,0.3076923076923077,,35,65.0,9.0,0.0,False
TRIPLE,keygas_fault+iec_fault+rogers_fault,3,development,fine_ambiguous_tolerant,0.35384615384615387,,,,,,0.7692307692307693,0.6388888888888888,0.35384615384615387,,36,65.0,0.0,0.0,False
TRIPLE,keygas_fault+iec_fault+rogers_fault,3,locked_test,fine_ambiguous_tolerant,0.46153846153846156,,,,,,0.7230769230769231,0.8108108108108109,0.46153846153846156,,37,65.0,9.0,7.0,False
TRIPLE,keygas_fault+iec_fault+doernenburg_fault,3,development,fine_ambiguous_tolerant,0.36923076923076925,,,,,,0.8307692307692308,0.6857142857142857,0.36923076923076925,,35,65.0,0.0,0.0,False
TRIPLE,keygas_fault+iec_fault+doernenburg_fault,3,locked_test,fine_ambiguous_tolerant,0.4,,,,,,0.7692307692307693,0.7878787878787878,0.4,,33,65.0,9.0,5.0,False
TRIPLE,keygas_fault+iec_fault+duval_triangle_fault,3,development,fine_ambiguous_tolerant,0.5846153846153846,,,,,,0.9538461538461539,0.8085106382978723,0.5846153846153846,,47,65.0,0.0,0.0,False
TRIPLE,keygas_fault+iec_fault+duval_triangle_fault,3,locked_test,fine_ambiguous_tolerant,0.676923076923077,,,,,,0.9230769230769231,0.8627450980392157,0.676923076923077,,51,65.0,9.0,7.0,False
TRIPLE,keygas_fault+iec_fault+duval_pentagon_p1_fault,3,development,fine_ambiguous_tolerant,0.36923076923076925,,,,,,0.9230769230769231,0.5714285714285714,0.36923076923076925,,42,65.0,0.0,0.0,False
TRIPLE,keygas_fault+iec_fault+duval_pentagon_p1_fault,3,locked_test,fine_ambiguous_tolerant,0.4,,,,,,0.8615384615384616,0.7027027027027027,0.4,,37,65.0,9.0,5.0,False
TRIPLE,keygas_fault+iec_fault+duval_pentagon_p2_fault,3,development,fine_ambiguous_tolerant,0.2,,,,,,0.9230769230769231,0.6190476190476191,0.2,,21,65.0,0.0,0.0,False
TRIPLE,keygas_fault+iec_fault+duval_pentagon_p2_fault,3,locked_test,fine_ambiguous_tolerant,0.2153846153846154,,,,,,0.8153846153846154,0.6086956521739131,0.2153846153846154,,23,65.0,9.0,0.0,False
TRIPLE,keygas_fault+rogers_fault+doernenburg_fault,3,development,fine_ambiguous_tolerant,0.47692307692307695,,,,,,0.8,0.62,0.47692307692307695,,50,65.0,0.0,0.0,False
TRIPLE,keygas_fault+rogers_fault+doernenburg_fault,3,locked_test,fine_ambiguous_tolerant,0.38461538461538464,,,,,,0.6,0.6944444444444444,0.38461538461538464,,36,65.0,9.0,0.0,False
TRIPLE,keygas_fault+rogers_fault+duval_triangle_fault,3,development,fine_ambiguous_tolerant,0.6307692307692307,,,,,,0.9538461538461539,0.7735849056603774,0.6307692307692307,,53,65.0,0.0,0.0,False
TRIPLE,keygas_fault+rogers_fault+duval_triangle_fault,3,locked_test,fine_ambiguous_tolerant,0.7076923076923077,,,,,,0.9692307692307692,0.8070175438596491,0.7076923076923077,,57,65.0,9.0,7.0,False
TRIPLE,keygas_fault+rogers_fault+duval_pentagon_p1_fault,3,development,fine_ambiguous_tolerant,0.4461538461538462,,,,,,0.9384615384615385,0.5272727272727272,0.4461538461538462,,55,65.0,0.0,0.0,False
TRIPLE,keygas_fault+rogers_fault+duval_pentagon_p1_fault,3,locked_test,fine_ambiguous_tolerant,0.5076923076923077,,,,,,0.9230769230769231,0.6226415094339622,0.5076923076923077,,53,65.0,9.0,6.0,False
TRIPLE,keygas_fault+rogers_fault+duval_pentagon_p2_fault,3,development,fine_ambiguous_tolerant,0.2923076923076923,,,,,,0.9384615384615385,0.5588235294117647,0.2923076923076923,,34,65.0,0.0,0.0,False
TRIPLE,keygas_fault+rogers_fault+duval_pentagon_p2_fault,3,locked_test,fine_ambiguous_tolerant,0.3076923076923077,,,,,,0.9076923076923077,0.5714285714285714,0.3076923076923077,,35,65.0,9.0,0.0,False
TRIPLE,keygas_fault+doernenburg_fault+duval_triangle_fault,3,development,fine_ambiguous_tolerant,0.6,,,,,,0.9846153846153847,0.7647058823529411,0.6,,51,65.0,0.0,0.0,False
TRIPLE,keygas_fault+doernenburg_fault+duval_triangle_fault,3,locked_test,fine_ambiguous_tolerant,0.6461538461538462,,,,,,0.9384615384615385,0.7777777777777778,0.6461538461538462,,54,65.0,9.0,5.0,False
TRIPLE,keygas_fault+doernenburg_fault+duval_pentagon_p1_fault,3,development,fine_ambiguous_tolerant,0.47692307692307695,,,,,,0.9384615384615385,0.5740740740740741,0.47692307692307695,,54,65.0,0.0,0.0,False
TRIPLE,keygas_fault+doernenburg_fault+duval_pentagon_p1_fault,3,locked_test,fine_ambiguous_tolerant,0.5076923076923077,,,,,,0.8923076923076924,0.6346153846153846,0.5076923076923077,,52,65.0,9.0,6.0,False
TRIPLE,keygas_fault+doernenburg_fault+duval_pentagon_p2_fault,3,development,fine_ambiguous_tolerant,0.2923076923076923,,,,,,0.9384615384615385,0.5588235294117647,0.2923076923076923,,34,65.0,0.0,0.0,False
TRIPLE,keygas_fault+doernenburg_fault+duval_pentagon_p2_fault,3,locked_test,fine_ambiguous_tolerant,0.3076923076923077,,,,,,0.8615384615384616,0.5714285714285714,0.3076923076923077,,35,65.0,9.0,0.0,False
TRIPLE,keygas_fault+duval_triangle_fault+duval_pentagon_p1_fault,3,development,fine_ambiguous_tolerant,0.47692307692307695,,,,,,0.9076923076923077,0.7948717948717948,0.47692307692307695,,39,65.0,0.0,0.0,False
TRIPLE,keygas_fault+duval_triangle_fault+duval_pentagon_p1_fault,3,locked_test,fine_ambiguous_tolerant,0.49230769230769234,,,,,,0.8307692307692308,0.8205128205128205,0.49230769230769234,,39,65.0,9.0,4.0,False
TRIPLE,keygas_fault+duval_triangle_fault+duval_pentagon_p2_fault,3,development,fine_ambiguous_tolerant,0.2923076923076923,,,,,,0.8615384615384616,0.7916666666666666,0.2923076923076923,,24,65.0,0.0,0.0,False
TRIPLE,keygas_fault+duval_triangle_fault+duval_pentagon_p2_fault,3,locked_test,fine_ambiguous_tolerant,0.3230769230769231,,,,,,0.7846153846153846,0.75,0.3230769230769231,,28,65.0,9.0,0.0,False
TRIPLE,keygas_fault+duval_pentagon_p1_fault+duval_pentagon_p2_fault,3,development,fine_ambiguous_tolerant,0.3076923076923077,,,,,,0.9538461538461539,0.5555555555555556,0.3076923076923077,,36,65.0,0.0,0.0,False
TRIPLE,keygas_fault+duval_pentagon_p1_fault+duval_pentagon_p2_fault,3,locked_test,fine_ambiguous_tolerant,0.3076923076923077,,,,,,0.9230769230769231,0.5714285714285714,0.3076923076923077,,35,65.0,9.0,0.0,False
TRIPLE,iec_fault+rogers_fault+doernenburg_fault,3,development,fine_ambiguous_tolerant,0.47692307692307695,,,,,,0.8461538461538461,0.6595744680851063,0.47692307692307695,,47,65.0,0.0,0.0,False
TRIPLE,iec_fault+rogers_fault+doernenburg_fault,3,locked_test,fine_ambiguous_tolerant,0.5076923076923077,,,,,,0.7692307692307693,0.717391304347826,0.5076923076923077,,46,65.0,9.0,7.0,False
TRIPLE,iec_fault+rogers_fault+duval_triangle_fault,3,development,fine_ambiguous_tolerant,0.6923076923076923,,,,,,0.9846153846153847,0.7627118644067796,0.6923076923076923,,59,65.0,0.0,0.0,False
TRIPLE,iec_fault+rogers_fault+duval_triangle_fault,3,locked_test,fine_ambiguous_tolerant,0.7076923076923077,,,,,,0.9692307692307692,0.8518518518518519,0.7076923076923077,,54,65.0,9.0,7.0,False
TRIPLE,iec_fault+rogers_fault+duval_pentagon_p1_fault,3,development,fine_ambiguous_tolerant,0.4461538461538462,,,,,,0.9692307692307692,0.5272727272727272,0.4461538461538462,,55,65.0,0.0,0.0,False
TRIPLE,iec_fault+rogers_fault+duval_pentagon_p1_fault,3,locked_test,fine_ambiguous_tolerant,0.46153846153846156,,,,,,0.9076923076923077,0.6666666666666666,0.46153846153846156,,45,65.0,9.0,7.0,False
TRIPLE,iec_fault+rogers_fault+duval_pentagon_p2_fault,3,development,fine_ambiguous_tolerant,0.4153846153846154,,,,,,0.9692307692307692,0.627906976744186,0.4153846153846154,,43,65.0,0.0,0.0,False
TRIPLE,iec_fault+rogers_fault+duval_pentagon_p2_fault,3,locked_test,fine_ambiguous_tolerant,0.35384615384615387,,,,,,0.8769230769230769,0.6764705882352942,0.35384615384615387,,34,65.0,9.0,2.0,False
TRIPLE,iec_fault+doernenburg_fault+duval_triangle_fault,3,development,fine_ambiguous_tolerant,0.6923076923076923,,,,,,0.9846153846153847,0.7894736842105263,0.6923076923076923,,57,65.0,0.0,0.0,False
TRIPLE,iec_fault+doernenburg_fault+duval_triangle_fault,3,locked_test,fine_ambiguous_tolerant,0.7230769230769231,,,,,,0.9846153846153847,0.8103448275862069,0.7230769230769231,,58,65.0,9.0,7.0,False
TRIPLE,iec_fault+doernenburg_fault+duval_pentagon_p1_fault,3,development,fine_ambiguous_tolerant,0.5076923076923077,,,,,,1.0,0.559322033898305,0.5076923076923077,,59,65.0,0.0,0.0,False
TRIPLE,iec_fault+doernenburg_fault+duval_pentagon_p1_fault,3,locked_test,fine_ambiguous_tolerant,0.46153846153846156,,,,,,0.9538461538461539,0.5882352941176471,0.46153846153846156,,51,65.0,9.0,5.0,False
TRIPLE,iec_fault+doernenburg_fault+duval_pentagon_p2_fault,3,development,fine_ambiguous_tolerant,0.4307692307692308,,,,,,1.0,0.6363636363636364,0.4307692307692308,,44,65.0,0.0,0.0,False
TRIPLE,iec_fault+doernenburg_fault+duval_pentagon_p2_fault,3,locked_test,fine_ambiguous_tolerant,0.3384615384615385,,,,,,0.9384615384615385,0.6285714285714286,0.3384615384615385,,35,65.0,9.0,0.0,False
TRIPLE,iec_fault+duval_triangle_fault+duval_pentagon_p1_fault,3,development,fine_ambiguous_tolerant,0.6,,,,,,0.9692307692307692,0.7222222222222222,0.6,,54,65.0,0.0,0.0,False
TRIPLE,iec_fault+duval_triangle_fault+duval_pentagon_p1_fault,3,locked_test,fine_ambiguous_tolerant,0.6461538461538462,,,,,,0.8769230769230769,0.8936170212765957,0.6461538461538462,,47,65.0,9.0,6.0,False
TRIPLE,iec_fault+duval_triangle_fault+duval_pentagon_p2_fault,3,development,fine_ambiguous_tolerant,0.5538461538461539,,,,,,0.9230769230769231,0.8,0.5538461538461539,,45,65.0,0.0,0.0,False
TRIPLE,iec_fault+duval_triangle_fault+duval_pentagon_p2_fault,3,locked_test,fine_ambiguous_tolerant,0.6153846153846154,,,,,,0.8461538461538461,0.8888888888888888,0.6153846153846154,,45,65.0,9.0,6.0,False
TRIPLE,iec_fault+duval_pentagon_p1_fault+duval_pentagon_p2_fault,3,development,fine_ambiguous_tolerant,0.4461538461538462,,,,,,0.9538461538461539,0.5686274509803921,0.4461538461538462,,51,65.0,0.0,0.0,False
TRIPLE,iec_fault+duval_pentagon_p1_fault+duval_pentagon_p2_fault,3,locked_test,fine_ambiguous_tolerant,0.4461538461538462,,,,,,0.9692307692307692,0.6590909090909091,0.4461538461538462,,44,65.0,9.0,4.0,False
TRIPLE,rogers_fault+doernenburg_fault+duval_triangle_fault,3,development,fine_ambiguous_tolerant,0.5846153846153846,,,,,,1.0,0.7037037037037037,0.5846153846153846,,54,65.0,0.0,0.0,False
TRIPLE,rogers_fault+doernenburg_fault+duval_triangle_fault,3,locked_test,fine_ambiguous_tolerant,0.676923076923077,,,,,,0.9846153846153847,0.7857142857142857,0.676923076923077,,56,65.0,9.0,7.0,False
TRIPLE,rogers_fault+doernenburg_fault+duval_pentagon_p1_fault,3,development,fine_ambiguous_tolerant,0.47692307692307695,,,,,,0.9692307692307692,0.5535714285714286,0.47692307692307695,,56,65.0,0.0,0.0,False
TRIPLE,rogers_fault+doernenburg_fault+duval_pentagon_p1_fault,3,locked_test,fine_ambiguous_tolerant,0.5076923076923077,,,,,,0.9076923076923077,0.6111111111111112,0.5076923076923077,,54,65.0,9.0,6.0,False
TRIPLE,rogers_fault+doernenburg_fault+duval_pentagon_p2_fault,3,development,fine_ambiguous_tolerant,0.4153846153846154,,,,,,0.9692307692307692,0.627906976744186,0.4153846153846154,,43,65.0,0.0,0.0,False
TRIPLE,rogers_fault+doernenburg_fault+duval_pentagon_p2_fault,3,locked_test,fine_ambiguous_tolerant,0.36923076923076925,,,,,,0.8923076923076924,0.6153846153846154,0.36923076923076925,,39,65.0,9.0,0.0,False
TRIPLE,rogers_fault+duval_triangle_fault+duval_pentagon_p1_fault,3,development,fine_ambiguous_tolerant,0.4461538461538462,,,,,,0.9230769230769231,0.6590909090909091,0.4461538461538462,,44,65.0,0.0,0.0,False
TRIPLE,rogers_fault+duval_triangle_fault+duval_pentagon_p1_fault,3,locked_test,fine_ambiguous_tolerant,0.5230769230769231,,,,,,0.8615384615384616,0.7555555555555555,0.5230769230769231,,45,65.0,9.0,6.0,False
TRIPLE,rogers_fault+duval_triangle_fault+duval_pentagon_p2_fault,3,development,fine_ambiguous_tolerant,0.4153846153846154,,,,,,0.8769230769230769,0.7105263157894737,0.4153846153846154,,38,65.0,0.0,0.0,False
TRIPLE,rogers_fault+duval_triangle_fault+duval_pentagon_p2_fault,3,locked_test,fine_ambiguous_tolerant,0.4307692307692308,,,,,,0.8307692307692308,0.7777777777777778,0.4307692307692308,,36,65.0,9.0,2.0,False
TRIPLE,rogers_fault+duval_pentagon_p1_fault+duval_pentagon_p2_fault,3,development,fine_ambiguous_tolerant,0.4461538461538462,,,,,,0.9538461538461539,0.5918367346938775,0.4461538461538462,,49,65.0,0.0,0.0,False
TRIPLE,rogers_fault+duval_pentagon_p1_fault+duval_pentagon_p2_fault,3,locked_test,fine_ambiguous_tolerant,0.38461538461538464,,,,,,0.9384615384615385,0.5813953488372093,0.38461538461538464,,43,65.0,9.0,0.0,False
TRIPLE,doernenburg_fault+duval_triangle_fault+duval_pentagon_p1_fault,3,development,fine_ambiguous_tolerant,0.5384615384615384,,,,,,0.9538461538461539,0.6862745098039216,0.5384615384615384,,51,65.0,0.0,0.0,False
TRIPLE,doernenburg_fault+duval_triangle_fault+duval_pentagon_p1_fault,3,locked_test,fine_ambiguous_tolerant,0.49230769230769234,,,,,,0.8307692307692308,0.7441860465116279,0.49230769230769234,,43,65.0,9.0,4.0,False
TRIPLE,doernenburg_fault+duval_triangle_fault+duval_pentagon_p2_fault,3,development,fine_ambiguous_tolerant,0.49230769230769234,,,,,,0.9076923076923077,0.6956521739130435,0.49230769230769234,,46,65.0,0.0,0.0,False
TRIPLE,doernenburg_fault+duval_triangle_fault+duval_pentagon_p2_fault,3,locked_test,fine_ambiguous_tolerant,0.38461538461538464,,,,,,0.8153846153846154,0.7352941176470589,0.38461538461538464,,34,65.0,9.0,0.0,False
TRIPLE,doernenburg_fault+duval_pentagon_p1_fault+duval_pentagon_p2_fault,3,development,fine_ambiguous_tolerant,0.4461538461538462,,,,,,0.9538461538461539,0.6304347826086957,0.4461538461538462,,46,65.0,0.0,0.0,False
TRIPLE,doernenburg_fault+duval_pentagon_p1_fault+duval_pentagon_p2_fault,3,locked_test,fine_ambiguous_tolerant,0.36923076923076925,,,,,,0.9538461538461539,0.5853658536585366,0.36923076923076925,,41,65.0,9.0,0.0,False
TRIPLE,duval_triangle_fault+duval_pentagon_p1_fault+duval_pentagon_p2_fault,3,development,fine_ambiguous_tolerant,0.47692307692307695,,,,,,1.0,0.6326530612244898,0.47692307692307695,,49,65.0,0.0,0.0,False
TRIPLE,duval_triangle_fault+duval_pentagon_p1_fault+duval_pentagon_p2_fault,3,locked_test,fine_ambiguous_tolerant,0.49230769230769234,,,,,,0.9846153846153847,0.6808510638297872,0.49230769230769234,,47,65.0,9.0,4.0,False
QUADRUPLE,keygas_fault+iec_fault+rogers_fault+doernenburg_fault,4,development,fine_ambiguous_tolerant,0.4461538461538462,,,,,,0.8307692307692308,0.6590909090909091,0.4461538461538462,,44,65.0,0.0,0.0,False
QUADRUPLE,keygas_fault+iec_fault+rogers_fault+doernenburg_fault,4,locked_test,fine_ambiguous_tolerant,0.5076923076923077,,,,,,0.7538461538461538,0.7674418604651163,0.5076923076923077,,43,65.0,9.0,7.0,False
QUADRUPLE,keygas_fault+iec_fault+rogers_fault+duval_triangle_fault,4,development,fine_ambiguous_tolerant,0.6461538461538462,,,,,,0.9384615384615385,0.7777777777777778,0.6461538461538462,,54,65.0,0.0,0.0,False
QUADRUPLE,keygas_fault+iec_fault+rogers_fault+duval_triangle_fault,4,locked_test,fine_ambiguous_tolerant,0.7076923076923077,,,,,,0.9538461538461539,0.8518518518518519,0.7076923076923077,,54,65.0,9.0,7.0,False
QUADRUPLE,keygas_fault+iec_fault+rogers_fault+duval_pentagon_p1_fault,4,development,fine_ambiguous_tolerant,0.4461538461538462,,,,,,0.9230769230769231,0.5471698113207547,0.4461538461538462,,53,65.0,0.0,0.0,False
QUADRUPLE,keygas_fault+iec_fault+rogers_fault+duval_pentagon_p1_fault,4,locked_test,fine_ambiguous_tolerant,0.5076923076923077,,,,,,0.9230769230769231,0.673469387755102,0.5076923076923077,,49,65.0,9.0,7.0,False
QUADRUPLE,keygas_fault+iec_fault+rogers_fault+duval_pentagon_p2_fault,4,development,fine_ambiguous_tolerant,0.4307692307692308,,,,,,0.9230769230769231,0.6363636363636364,0.4307692307692308,,44,65.0,0.0,0.0,False
QUADRUPLE,keygas_fault+iec_fault+rogers_fault+duval_pentagon_p2_fault,4,locked_test,fine_ambiguous_tolerant,0.38461538461538464,,,,,,0.8769230769230769,0.6756756756756757,0.38461538461538464,,37,65.0,9.0,1.0,False
QUADRUPLE,keygas_fault+iec_fault+doernenburg_fault+duval_triangle_fault,4,development,fine_ambiguous_tolerant,0.6615384615384615,,,,,,0.9692307692307692,0.8113207547169812,0.6615384615384615,,53,65.0,0.0,0.0,False
QUADRUPLE,keygas_fault+iec_fault+doernenburg_fault+duval_triangle_fault,4,locked_test,fine_ambiguous_tolerant,0.7076923076923077,,,,,,0.9230769230769231,0.8518518518518519,0.7076923076923077,,54,65.0,9.0,7.0,False
QUADRUPLE,keygas_fault+iec_fault+doernenburg_fault+duval_pentagon_p1_fault,4,development,fine_ambiguous_tolerant,0.5076923076923077,,,,,,0.9538461538461539,0.5892857142857143,0.5076923076923077,,56,65.0,0.0,0.0,False
QUADRUPLE,keygas_fault+iec_fault+doernenburg_fault+duval_pentagon_p1_fault,4,locked_test,fine_ambiguous_tolerant,0.47692307692307695,,,,,,0.8769230769230769,0.6458333333333334,0.47692307692307695,,48,65.0,9.0,5.0,False
QUADRUPLE,keygas_fault+iec_fault+doernenburg_fault+duval_pentagon_p2_fault,4,development,fine_ambiguous_tolerant,0.4307692307692308,,,,,,0.9538461538461539,0.6511627906976745,0.4307692307692308,,43,65.0,0.0,0.0,False
QUADRUPLE,keygas_fault+iec_fault+doernenburg_fault+duval_pentagon_p2_fault,4,locked_test,fine_ambiguous_tolerant,0.35384615384615387,,,,,,0.8461538461538461,0.6388888888888888,0.35384615384615387,,36,65.0,9.0,0.0,False
QUADRUPLE,keygas_fault+iec_fault+duval_triangle_fault+duval_pentagon_p1_fault,4,development,fine_ambiguous_tolerant,0.5692307692307692,,,,,,0.9384615384615385,0.7551020408163265,0.5692307692307692,,49,65.0,0.0,0.0,False
QUADRUPLE,keygas_fault+iec_fault+duval_triangle_fault+duval_pentagon_p1_fault,4,locked_test,fine_ambiguous_tolerant,0.6307692307692307,,,,,,0.8923076923076924,0.8723404255319149,0.6307692307692307,,47,65.0,9.0,6.0,False
QUADRUPLE,keygas_fault+iec_fault+duval_triangle_fault+duval_pentagon_p2_fault,4,development,fine_ambiguous_tolerant,0.5230769230769231,,,,,,0.8923076923076924,0.8292682926829268,0.5230769230769231,,41,65.0,0.0,0.0,False
QUADRUPLE,keygas_fault+iec_fault+duval_triangle_fault+duval_pentagon_p2_fault,4,locked_test,fine_ambiguous_tolerant,0.5846153846153846,,,,,,0.8461538461538461,0.8636363636363636,0.5846153846153846,,44,65.0,9.0,5.0,False
QUADRUPLE,keygas_fault+iec_fault+duval_pentagon_p1_fault+duval_pentagon_p2_fault,4,development,fine_ambiguous_tolerant,0.4461538461538462,,,,,,0.9538461538461539,0.5686274509803921,0.4461538461538462,,51,65.0,0.0,0.0,False
QUADRUPLE,keygas_fault+iec_fault+duval_pentagon_p1_fault+duval_pentagon_p2_fault,4,locked_test,fine_ambiguous_tolerant,0.4461538461538462,,,,,,0.9384615384615385,0.6590909090909091,0.4461538461538462,,44,65.0,9.0,4.0,False
QUADRUPLE,keygas_fault+rogers_fault+doernenburg_fault+duval_triangle_fault,4,development,fine_ambiguous_tolerant,0.5846153846153846,,,,,,0.9692307692307692,0.7307692307692307,0.5846153846153846,,52,65.0,0.0,0.0,False
QUADRUPLE,keygas_fault+rogers_fault+doernenburg_fault+duval_triangle_fault,4,locked_test,fine_ambiguous_tolerant,0.6615384615384615,,,,,,0.9692307692307692,0.7678571428571429,0.6615384615384615,,56,65.0,9.0,7.0,False
QUADRUPLE,keygas_fault+rogers_fault+doernenburg_fault+duval_pentagon_p1_fault,4,development,fine_ambiguous_tolerant,0.46153846153846156,,,,,,0.9384615384615385,0.5660377358490566,0.46153846153846156,,53,65.0,0.0,0.0,False
QUADRUPLE,keygas_fault+rogers_fault+doernenburg_fault+duval_pentagon_p1_fault,4,locked_test,fine_ambiguous_tolerant,0.5230769230769231,,,,,,0.9230769230769231,0.6181818181818182,0.5230769230769231,,55,65.0,9.0,6.0,False
QUADRUPLE,keygas_fault+rogers_fault+doernenburg_fault+duval_pentagon_p2_fault,4,development,fine_ambiguous_tolerant,0.4,,,,,,0.9384615384615385,0.6190476190476191,0.4,,42,65.0,0.0,0.0,False
QUADRUPLE,keygas_fault+rogers_fault+doernenburg_fault+duval_pentagon_p2_fault,4,locked_test,fine_ambiguous_tolerant,0.38461538461538464,,,,,,0.8923076923076924,0.625,0.38461538461538464,,40,65.0,9.0,0.0,False
QUADRUPLE,keygas_fault+rogers_fault+duval_triangle_fault+duval_pentagon_p1_fault,4,development,fine_ambiguous_tolerant,0.46153846153846156,,,,,,0.9076923076923077,0.6818181818181818,0.46153846153846156,,44,65.0,0.0,0.0,False
QUADRUPLE,keygas_fault+rogers_fault+duval_triangle_fault+duval_pentagon_p1_fault,4,locked_test,fine_ambiguous_tolerant,0.5384615384615384,,,,,,0.8769230769230769,0.7291666666666666,0.5384615384615384,,48,65.0,9.0,6.0,False
QUADRUPLE,keygas_fault+rogers_fault+duval_triangle_fault+duval_pentagon_p2_fault,4,development,fine_ambiguous_tolerant,0.4307692307692308,,,,,,0.8615384615384616,0.717948717948718,0.4307692307692308,,39,65.0,0.0,0.0,False
QUADRUPLE,keygas_fault+rogers_fault+duval_triangle_fault+duval_pentagon_p2_fault,4,locked_test,fine_ambiguous_tolerant,0.4307692307692308,,,,,,0.8307692307692308,0.7368421052631579,0.4307692307692308,,38,65.0,9.0,1.0,False
QUADRUPLE,keygas_fault+rogers_fault+duval_pentagon_p1_fault+duval_pentagon_p2_fault,4,development,fine_ambiguous_tolerant,0.4461538461538462,,,,,,0.9538461538461539,0.5918367346938775,0.4461538461538462,,49,65.0,0.0,0.0,False
QUADRUPLE,keygas_fault+rogers_fault+duval_pentagon_p1_fault+duval_pentagon_p2_fault,4,locked_test,fine_ambiguous_tolerant,0.38461538461538464,,,,,,0.9076923076923077,0.5813953488372093,0.38461538461538464,,43,65.0,9.0,0.0,False
QUADRUPLE,keygas_fault+doernenburg_fault+duval_triangle_fault+duval_pentagon_p1_fault,4,development,fine_ambiguous_tolerant,0.5384615384615384,,,,,,0.9230769230769231,0.7142857142857143,0.5384615384615384,,49,65.0,0.0,0.0,False
QUADRUPLE,keygas_fault+doernenburg_fault+duval_triangle_fault+duval_pentagon_p1_fault,4,locked_test,fine_ambiguous_tolerant,0.5076923076923077,,,,,,0.8461538461538461,0.7333333333333333,0.5076923076923077,,45,65.0,9.0,4.0,False
QUADRUPLE,keygas_fault+doernenburg_fault+duval_triangle_fault+duval_pentagon_p2_fault,4,development,fine_ambiguous_tolerant,0.49230769230769234,,,,,,0.8769230769230769,0.7111111111111111,0.49230769230769234,,45,65.0,0.0,0.0,False
QUADRUPLE,keygas_fault+doernenburg_fault+duval_triangle_fault+duval_pentagon_p2_fault,4,locked_test,fine_ambiguous_tolerant,0.4,,,,,,0.8153846153846154,0.7222222222222222,0.4,,36,65.0,9.0,0.0,False
QUADRUPLE,keygas_fault+doernenburg_fault+duval_pentagon_p1_fault+duval_pentagon_p2_fault,4,development,fine_ambiguous_tolerant,0.4461538461538462,,,,,,0.9538461538461539,0.6304347826086957,0.4461538461538462,,46,65.0,0.0,0.0,False
QUADRUPLE,keygas_fault+doernenburg_fault+duval_pentagon_p1_fault+duval_pentagon_p2_fault,4,locked_test,fine_ambiguous_tolerant,0.36923076923076925,,,,,,0.9230769230769231,0.6,0.36923076923076925,,40,65.0,9.0,0.0,False
QUADRUPLE,keygas_fault+duval_triangle_fault+duval_pentagon_p1_fault+duval_pentagon_p2_fault,4,development,fine_ambiguous_tolerant,0.47692307692307695,,,,,,1.0,0.6326530612244898,0.47692307692307695,,49,65.0,0.0,0.0,False
QUADRUPLE,keygas_fault+duval_triangle_fault+duval_pentagon_p1_fault+duval_pentagon_p2_fault,4,locked_test,fine_ambiguous_tolerant,0.47692307692307695,,,,,,0.9384615384615385,0.6739130434782609,0.47692307692307695,,46,65.0,9.0,4.0,False
QUADRUPLE,iec_fault+rogers_fault+doernenburg_fault+duval_triangle_fault,4,development,fine_ambiguous_tolerant,0.6307692307692307,,,,,,0.9846153846153847,0.7321428571428571,0.6307692307692307,,56,65.0,0.0,0.0,False
QUADRUPLE,iec_fault+rogers_fault+doernenburg_fault+duval_triangle_fault,4,locked_test,fine_ambiguous_tolerant,0.676923076923077,,,,,,0.9692307692307692,0.8461538461538461,0.676923076923077,,52,65.0,9.0,7.0,False
QUADRUPLE,iec_fault+rogers_fault+doernenburg_fault+duval_pentagon_p1_fault,4,development,fine_ambiguous_tolerant,0.49230769230769234,,,,,,0.9846153846153847,0.5333333333333333,0.49230769230769234,,60,65.0,0.0,0.0,False
QUADRUPLE,iec_fault+rogers_fault+doernenburg_fault+duval_pentagon_p1_fault,4,locked_test,fine_ambiguous_tolerant,0.46153846153846156,,,,,,0.9384615384615385,0.625,0.46153846153846156,,48,65.0,9.0,5.0,False
QUADRUPLE,iec_fault+rogers_fault+doernenburg_fault+duval_pentagon_p2_fault,4,development,fine_ambiguous_tolerant,0.46153846153846156,,,,,,0.9846153846153847,0.6122448979591837,0.46153846153846156,,49,65.0,0.0,0.0,False
QUADRUPLE,iec_fault+rogers_fault+doernenburg_fault+duval_pentagon_p2_fault,4,locked_test,fine_ambiguous_tolerant,0.38461538461538464,,,,,,0.9230769230769231,0.6410256410256411,0.38461538461538464,,39,65.0,9.0,2.0,False
QUADRUPLE,iec_fault+rogers_fault+duval_triangle_fault+duval_pentagon_p1_fault,4,development,fine_ambiguous_tolerant,0.5076923076923077,,,,,,0.9538461538461539,0.6875,0.5076923076923077,,48,65.0,0.0,0.0,False
QUADRUPLE,iec_fault+rogers_fault+duval_triangle_fault+duval_pentagon_p1_fault,4,locked_test,fine_ambiguous_tolerant,0.6461538461538462,,,,,,0.9230769230769231,0.8235294117647058,0.6461538461538462,,51,65.0,9.0,6.0,False
QUADRUPLE,iec_fault+rogers_fault+duval_triangle_fault+duval_pentagon_p2_fault,4,development,fine_ambiguous_tolerant,0.49230769230769234,,,,,,0.9076923076923077,0.7619047619047619,0.49230769230769234,,42,65.0,0.0,0.0,False
QUADRUPLE,iec_fault+rogers_fault+duval_triangle_fault+duval_pentagon_p2_fault,4,locked_test,fine_ambiguous_tolerant,0.6153846153846154,,,,,,0.8923076923076924,0.8695652173913043,0.6153846153846154,,46,65.0,9.0,6.0,False
QUADRUPLE,iec_fault+rogers_fault+duval_pentagon_p1_fault+duval_pentagon_p2_fault,4,development,fine_ambiguous_tolerant,0.4461538461538462,,,,,,0.9538461538461539,0.5686274509803921,0.4461538461538462,,51,65.0,0.0,0.0,False
QUADRUPLE,iec_fault+rogers_fault+duval_pentagon_p1_fault+duval_pentagon_p2_fault,4,locked_test,fine_ambiguous_tolerant,0.47692307692307695,,,,,,0.9538461538461539,0.6326530612244898,0.47692307692307695,,49,65.0,9.0,6.0,False
QUADRUPLE,iec_fault+doernenburg_fault+duval_triangle_fault+duval_pentagon_p1_fault,4,development,fine_ambiguous_tolerant,0.49230769230769234,,,,,,0.9692307692307692,0.7272727272727273,0.49230769230769234,,44,65.0,0.0,0.0,False
QUADRUPLE,iec_fault+doernenburg_fault+duval_triangle_fault+duval_pentagon_p1_fault,4,locked_test,fine_ambiguous_tolerant,0.5384615384615384,,,,,,0.8769230769230769,0.875,0.5384615384615384,,40,65.0,9.0,4.0,False
QUADRUPLE,iec_fault+doernenburg_fault+duval_triangle_fault+duval_pentagon_p2_fault,4,development,fine_ambiguous_tolerant,0.5076923076923077,,,,,,0.9230769230769231,0.7857142857142857,0.5076923076923077,,42,65.0,0.0,0.0,False
QUADRUPLE,iec_fault+doernenburg_fault+duval_triangle_fault+duval_pentagon_p2_fault,4,locked_test,fine_ambiguous_tolerant,0.5384615384615384,,,,,,0.8461538461538461,0.875,0.5384615384615384,,40,65.0,9.0,6.0,False
QUADRUPLE,iec_fault+doernenburg_fault+duval_pentagon_p1_fault+duval_pentagon_p2_fault,4,development,fine_ambiguous_tolerant,0.47692307692307695,,,,,,0.9384615384615385,0.5849056603773585,0.47692307692307695,,53,65.0,0.0,0.0,False
QUADRUPLE,iec_fault+doernenburg_fault+duval_pentagon_p1_fault+duval_pentagon_p2_fault,4,locked_test,fine_ambiguous_tolerant,0.4461538461538462,,,,,,0.9384615384615385,0.6304347826086957,0.4461538461538462,,46,65.0,9.0,4.0,False
QUADRUPLE,iec_fault+duval_triangle_fault+duval_pentagon_p1_fault+duval_pentagon_p2_fault,4,development,fine_ambiguous_tolerant,0.46153846153846156,,,,,,0.9846153846153847,0.6818181818181818,0.46153846153846156,,44,65.0,0.0,0.0,False
QUADRUPLE,iec_fault+duval_triangle_fault+duval_pentagon_p1_fault+duval_pentagon_p2_fault,4,locked_test,fine_ambiguous_tolerant,0.5384615384615384,,,,,,0.9384615384615385,0.7954545454545454,0.5384615384615384,,44,65.0,9.0,6.0,False
QUADRUPLE,rogers_fault+doernenburg_fault+duval_triangle_fault+duval_pentagon_p1_fault,4,development,fine_ambiguous_tolerant,0.5230769230769231,,,,,,0.9384615384615385,0.6415094339622641,0.5230769230769231,,53,65.0,0.0,0.0,False
QUADRUPLE,rogers_fault+doernenburg_fault+duval_triangle_fault+duval_pentagon_p1_fault,4,locked_test,fine_ambiguous_tolerant,0.5230769230769231,,,,,,0.8923076923076924,0.7083333333333334,0.5230769230769231,,48,65.0,9.0,4.0,False
QUADRUPLE,rogers_fault+doernenburg_fault+duval_triangle_fault+duval_pentagon_p2_fault,4,development,fine_ambiguous_tolerant,0.5230769230769231,,,,,,0.8923076923076924,0.68,0.5230769230769231,,50,65.0,0.0,0.0,False
QUADRUPLE,rogers_fault+doernenburg_fault+duval_triangle_fault+duval_pentagon_p2_fault,4,locked_test,fine_ambiguous_tolerant,0.46153846153846156,,,,,,0.8769230769230769,0.7317073170731707,0.46153846153846156,,41,65.0,9.0,2.0,False
QUADRUPLE,rogers_fault+doernenburg_fault+duval_pentagon_p1_fault+duval_pentagon_p2_fault,4,development,fine_ambiguous_tolerant,0.47692307692307695,,,,,,0.9538461538461539,0.6078431372549019,0.47692307692307695,,51,65.0,0.0,0.0,False
QUADRUPLE,rogers_fault+doernenburg_fault+duval_pentagon_p1_fault+duval_pentagon_p2_fault,4,locked_test,fine_ambiguous_tolerant,0.38461538461538464,,,,,,0.9538461538461539,0.5555555555555556,0.38461538461538464,,45,65.0,9.0,0.0,False
QUADRUPLE,rogers_fault+duval_triangle_fault+duval_pentagon_p1_fault+duval_pentagon_p2_fault,4,development,fine_ambiguous_tolerant,0.47692307692307695,,,,,,1.0,0.62,0.47692307692307695,,50,65.0,0.0,0.0,False
QUADRUPLE,rogers_fault+duval_triangle_fault+duval_pentagon_p1_fault+duval_pentagon_p2_fault,4,locked_test,fine_ambiguous_tolerant,0.5230769230769231,,,,,,0.9384615384615385,0.6538461538461539,0.5230769230769231,,52,65.0,9.0,6.0,False
QUADRUPLE,doernenburg_fault+duval_triangle_fault+duval_pentagon_p1_fault+duval_pentagon_p2_fault,4,development,fine_ambiguous_tolerant,0.5076923076923077,,,,,,0.9846153846153847,0.6470588235294118,0.5076923076923077,,51,65.0,0.0,0.0,False
QUADRUPLE,doernenburg_fault+duval_triangle_fault+duval_pentagon_p1_fault+duval_pentagon_p2_fault,4,locked_test,fine_ambiguous_tolerant,0.49230769230769234,,,,,,0.9538461538461539,0.6530612244897959,0.49230769230769234,,49,65.0,9.0,4.0,False
QUINTUPLE,keygas_fault+iec_fault+rogers_fault+doernenburg_fault+duval_triangle_fault,5,development,fine_ambiguous_tolerant,0.6307692307692307,,,,,,0.9538461538461539,0.7454545454545455,0.6307692307692307,,55,65.0,0.0,0.0,False
QUINTUPLE,keygas_fault+iec_fault+rogers_fault+doernenburg_fault+duval_triangle_fault,5,locked_test,fine_ambiguous_tolerant,0.676923076923077,,,,,,0.9538461538461539,0.8301886792452831,0.676923076923077,,53,65.0,9.0,7.0,False
QUINTUPLE,keygas_fault+iec_fault+rogers_fault+doernenburg_fault+duval_pentagon_p1_fault,5,development,fine_ambiguous_tolerant,0.49230769230769234,,,,,,0.9538461538461539,0.5517241379310345,0.49230769230769234,,58,65.0,0.0,0.0,False
QUINTUPLE,keygas_fault+iec_fault+rogers_fault+doernenburg_fault+duval_pentagon_p1_fault,5,locked_test,fine_ambiguous_tolerant,0.49230769230769234,,,,,,0.9384615384615385,0.64,0.49230769230769234,,50,65.0,9.0,5.0,False
QUINTUPLE,keygas_fault+iec_fault+rogers_fault+doernenburg_fault+duval_pentagon_p2_fault,5,development,fine_ambiguous_tolerant,0.46153846153846156,,,,,,0.9538461538461539,0.6122448979591837,0.46153846153846156,,49,65.0,0.0,0.0,False
QUINTUPLE,keygas_fault+iec_fault+rogers_fault+doernenburg_fault+duval_pentagon_p2_fault,5,locked_test,fine_ambiguous_tolerant,0.4153846153846154,,,,,,0.9230769230769231,0.6585365853658537,0.4153846153846154,,41,65.0,9.0,2.0,False
QUINTUPLE,keygas_fault+iec_fault+rogers_fault+duval_triangle_fault+duval_pentagon_p1_fault,5,development,fine_ambiguous_tolerant,0.5076923076923077,,,,,,0.9384615384615385,0.6875,0.5076923076923077,,48,65.0,0.0,0.0,False
QUINTUPLE,keygas_fault+iec_fault+rogers_fault+duval_triangle_fault+duval_pentagon_p1_fault,5,locked_test,fine_ambiguous_tolerant,0.6307692307692307,,,,,,0.9230769230769231,0.7884615384615384,0.6307692307692307,,52,65.0,9.0,6.0,False
QUINTUPLE,keygas_fault+iec_fault+rogers_fault+duval_triangle_fault+duval_pentagon_p2_fault,5,development,fine_ambiguous_tolerant,0.49230769230769234,,,,,,0.8923076923076924,0.7441860465116279,0.49230769230769234,,43,65.0,0.0,0.0,False
QUINTUPLE,keygas_fault+iec_fault+rogers_fault+duval_triangle_fault+duval_pentagon_p2_fault,5,locked_test,fine_ambiguous_tolerant,0.6,,,,,,0.8923076923076924,0.8297872340425532,0.6,,47,65.0,9.0,6.0,False
QUINTUPLE,keygas_fault+iec_fault+rogers_fault+duval_pentagon_p1_fault+duval_pentagon_p2_fault,5,development,fine_ambiguous_tolerant,0.4461538461538462,,,,,,0.9538461538461539,0.5686274509803921,0.4461538461538462,,51,65.0,0.0,0.0,False
QUINTUPLE,keygas_fault+iec_fault+rogers_fault+duval_pentagon_p1_fault+duval_pentagon_p2_fault,5,locked_test,fine_ambiguous_tolerant,0.47692307692307695,,,,,,0.9230769230769231,0.6326530612244898,0.47692307692307695,,49,65.0,9.0,6.0,False
QUINTUPLE,keygas_fault+iec_fault+doernenburg_fault+duval_triangle_fault+duval_pentagon_p1_fault,5,development,fine_ambiguous_tolerant,0.5076923076923077,,,,,,0.9384615384615385,0.7333333333333333,0.5076923076923077,,45,65.0,0.0,0.0,False
QUINTUPLE,keygas_fault+iec_fault+doernenburg_fault+duval_triangle_fault+duval_pentagon_p1_fault,5,locked_test,fine_ambiguous_tolerant,0.5538461538461539,,,,,,0.8923076923076924,0.8181818181818182,0.5538461538461539,,44,65.0,9.0,4.0,False
QUINTUPLE,keygas_fault+iec_fault+doernenburg_fault+duval_triangle_fault+duval_pentagon_p2_fault,5,development,fine_ambiguous_tolerant,0.5230769230769231,,,,,,0.8923076923076924,0.7727272727272727,0.5230769230769231,,44,65.0,0.0,0.0,False
QUINTUPLE,keygas_fault+iec_fault+doernenburg_fault+duval_triangle_fault+duval_pentagon_p2_fault,5,locked_test,fine_ambiguous_tolerant,0.5538461538461539,,,,,,0.8615384615384616,0.8181818181818182,0.5538461538461539,,44,65.0,9.0,6.0,False
QUINTUPLE,keygas_fault+iec_fault+doernenburg_fault+duval_pentagon_p1_fault+duval_pentagon_p2_fault,5,development,fine_ambiguous_tolerant,0.47692307692307695,,,,,,0.9384615384615385,0.5849056603773585,0.47692307692307695,,53,65.0,0.0,0.0,False
QUINTUPLE,keygas_fault+iec_fault+doernenburg_fault+duval_pentagon_p1_fault+duval_pentagon_p2_fault,5,locked_test,fine_ambiguous_tolerant,0.46153846153846156,,,,,,0.9538461538461539,0.6382978723404256,0.46153846153846156,,47,65.0,9.0,4.0,False
QUINTUPLE,keygas_fault+iec_fault+duval_triangle_fault+duval_pentagon_p1_fault+duval_pentagon_p2_fault,5,development,fine_ambiguous_tolerant,0.47692307692307695,,,,,,0.9846153846153847,0.6595744680851063,0.47692307692307695,,47,65.0,0.0,0.0,False
QUINTUPLE,keygas_fault+iec_fault+duval_triangle_fault+duval_pentagon_p1_fault+duval_pentagon_p2_fault,5,locked_test,fine_ambiguous_tolerant,0.5384615384615384,,,,,,0.9384615384615385,0.7608695652173914,0.5384615384615384,,46,65.0,9.0,6.0,False
QUINTUPLE,keygas_fault+rogers_fault+doernenburg_fault+duval_triangle_fault+duval_pentagon_p1_fault,5,development,fine_ambiguous_tolerant,0.5230769230769231,,,,,,0.9230769230769231,0.6538461538461539,0.5230769230769231,,52,65.0,0.0,0.0,False
QUINTUPLE,keygas_fault+rogers_fault+doernenburg_fault+duval_triangle_fault+duval_pentagon_p1_fault,5,locked_test,fine_ambiguous_tolerant,0.5230769230769231,,,,,,0.8923076923076924,0.6938775510204082,0.5230769230769231,,49,65.0,9.0,4.0,False
QUINTUPLE,keygas_fault+rogers_fault+doernenburg_fault+duval_triangle_fault+duval_pentagon_p2_fault,5,development,fine_ambiguous_tolerant,0.5230769230769231,,,,,,0.8769230769230769,0.68,0.5230769230769231,,50,65.0,0.0,0.0,False
QUINTUPLE,keygas_fault+rogers_fault+doernenburg_fault+duval_triangle_fault+duval_pentagon_p2_fault,5,locked_test,fine_ambiguous_tolerant,0.46153846153846156,,,,,,0.8769230769230769,0.7142857142857143,0.46153846153846156,,42,65.0,9.0,2.0,False
QUINTUPLE,keygas_fault+rogers_fault+doernenburg_fault+duval_pentagon_p1_fault+duval_pentagon_p2_fault,5,development,fine_ambiguous_tolerant,0.47692307692307695,,,,,,0.9538461538461539,0.6078431372549019,0.47692307692307695,,51,65.0,0.0,0.0,False
QUINTUPLE,keygas_fault+rogers_fault+doernenburg_fault+duval_pentagon_p1_fault+duval_pentagon_p2_fault,5,locked_test,fine_ambiguous_tolerant,0.38461538461538464,,,,,,0.9230769230769231,0.5555555555555556,0.38461538461538464,,45,65.0,9.0,0.0,False
QUINTUPLE,keygas_fault+rogers_fault+duval_triangle_fault+duval_pentagon_p1_fault+duval_pentagon_p2_fault,5,development,fine_ambiguous_tolerant,0.47692307692307695,,,,,,1.0,0.62,0.47692307692307695,,50,65.0,0.0,0.0,False
QUINTUPLE,keygas_fault+rogers_fault+duval_triangle_fault+duval_pentagon_p1_fault+duval_pentagon_p2_fault,5,locked_test,fine_ambiguous_tolerant,0.5230769230769231,,,,,,0.9384615384615385,0.6538461538461539,0.5230769230769231,,52,65.0,9.0,6.0,False
QUINTUPLE,keygas_fault+doernenburg_fault+duval_triangle_fault+duval_pentagon_p1_fault+duval_pentagon_p2_fault,5,development,fine_ambiguous_tolerant,0.5076923076923077,,,,,,0.9846153846153847,0.6470588235294118,0.5076923076923077,,51,65.0,0.0,0.0,False
QUINTUPLE,keygas_fault+doernenburg_fault+duval_triangle_fault+duval_pentagon_p1_fault+duval_pentagon_p2_fault,5,locked_test,fine_ambiguous_tolerant,0.49230769230769234,,,,,,0.9538461538461539,0.6530612244897959,0.49230769230769234,,49,65.0,9.0,4.0,False
QUINTUPLE,iec_fault+rogers_fault+doernenburg_fault+duval_triangle_fault+duval_pentagon_p1_fault,5,development,fine_ambiguous_tolerant,0.46153846153846156,,,,,,0.9538461538461539,0.6521739130434783,0.46153846153846156,,46,65.0,0.0,0.0,False
QUINTUPLE,iec_fault+rogers_fault+doernenburg_fault+duval_triangle_fault+duval_pentagon_p1_fault,5,locked_test,fine_ambiguous_tolerant,0.6,,,,,,0.9230769230769231,0.78,0.6,,50,65.0,9.0,6.0,False
QUINTUPLE,iec_fault+rogers_fault+doernenburg_fault+duval_triangle_fault+duval_pentagon_p2_fault,5,development,fine_ambiguous_tolerant,0.5076923076923077,,,,,,0.9076923076923077,0.7021276595744681,0.5076923076923077,,47,65.0,0.0,0.0,False
QUINTUPLE,iec_fault+rogers_fault+doernenburg_fault+duval_triangle_fault+duval_pentagon_p2_fault,5,locked_test,fine_ambiguous_tolerant,0.5692307692307692,,,,,,0.8923076923076924,0.8222222222222222,0.5692307692307692,,45,65.0,9.0,6.0,False
QUINTUPLE,iec_fault+rogers_fault+doernenburg_fault+duval_pentagon_p1_fault+duval_pentagon_p2_fault,5,development,fine_ambiguous_tolerant,0.47692307692307695,,,,,,0.9384615384615385,0.5849056603773585,0.47692307692307695,,53,65.0,0.0,0.0,False
QUINTUPLE,iec_fault+rogers_fault+doernenburg_fault+duval_pentagon_p1_fault+duval_pentagon_p2_fault,5,locked_test,fine_ambiguous_tolerant,0.4461538461538462,,,,,,0.9230769230769231,0.6170212765957447,0.4461538461538462,,47,65.0,9.0,4.0,False
QUINTUPLE,iec_fault+rogers_fault+duval_triangle_fault+duval_pentagon_p1_fault+duval_pentagon_p2_fault,5,development,fine_ambiguous_tolerant,0.4461538461538462,,,,,,0.9846153846153847,0.6041666666666666,0.4461538461538462,,48,65.0,0.0,0.0,False
QUINTUPLE,iec_fault+rogers_fault+duval_triangle_fault+duval_pentagon_p1_fault+duval_pentagon_p2_fault,5,locked_test,fine_ambiguous_tolerant,0.5384615384615384,,,,,,0.9230769230769231,0.7,0.5384615384615384,,50,65.0,9.0,6.0,False
QUINTUPLE,iec_fault+doernenburg_fault+duval_triangle_fault+duval_pentagon_p1_fault+duval_pentagon_p2_fault,5,development,fine_ambiguous_tolerant,0.5076923076923077,,,,,,1.0,0.6346153846153846,0.5076923076923077,,52,65.0,0.0,0.0,False
QUINTUPLE,iec_fault+doernenburg_fault+duval_triangle_fault+duval_pentagon_p1_fault+duval_pentagon_p2_fault,5,locked_test,fine_ambiguous_tolerant,0.5384615384615384,,,,,,0.9692307692307692,0.7142857142857143,0.5384615384615384,,49,65.0,9.0,4.0,False
QUINTUPLE,rogers_fault+doernenburg_fault+duval_triangle_fault+duval_pentagon_p1_fault+duval_pentagon_p2_fault,5,development,fine_ambiguous_tolerant,0.5076923076923077,,,,,,0.9846153846153847,0.6346153846153846,0.5076923076923077,,52,65.0,0.0,0.0,False
QUINTUPLE,rogers_fault+doernenburg_fault+duval_triangle_fault+duval_pentagon_p1_fault+duval_pentagon_p2_fault,5,locked_test,fine_ambiguous_tolerant,0.49230769230769234,,,,,,0.9076923076923077,0.64,0.49230769230769234,,50,65.0,9.0,4.0,False
SEXTUPLE,keygas_fault+iec_fault+rogers_fault+doernenburg_fault+duval_triangle_fault+duval_pentagon_p1_fault,6,development,fine_ambiguous_tolerant,0.47692307692307695,,,,,,0.9384615384615385,0.6739130434782609,0.47692307692307695,,46,65.0,0.0,0.0,False
SEXTUPLE,keygas_fault+iec_fault+rogers_fault+doernenburg_fault+duval_triangle_fault+duval_pentagon_p1_fault,6,locked_test,fine_ambiguous_tolerant,0.6,,,,,,0.9230769230769231,0.75,0.6,,52,65.0,9.0,6.0,False
SEXTUPLE,keygas_fault+iec_fault+rogers_fault+doernenburg_fault+duval_triangle_fault+duval_pentagon_p2_fault,6,development,fine_ambiguous_tolerant,0.5230769230769231,,,,,,0.8923076923076924,0.7083333333333334,0.5230769230769231,,48,65.0,0.0,0.0,False
SEXTUPLE,keygas_fault+iec_fault+rogers_fault+doernenburg_fault+duval_triangle_fault+duval_pentagon_p2_fault,6,locked_test,fine_ambiguous_tolerant,0.5692307692307692,,,,,,0.8923076923076924,0.7872340425531915,0.5692307692307692,,47,65.0,9.0,6.0,False
SEXTUPLE,keygas_fault+iec_fault+rogers_fault+doernenburg_fault+duval_pentagon_p1_fault+duval_pentagon_p2_fault,6,development,fine_ambiguous_tolerant,0.47692307692307695,,,,,,0.9384615384615385,0.5849056603773585,0.47692307692307695,,53,65.0,0.0,0.0,False
SEXTUPLE,keygas_fault+iec_fault+rogers_fault+doernenburg_fault+duval_pentagon_p1_fault+duval_pentagon_p2_fault,6,locked_test,fine_ambiguous_tolerant,0.46153846153846156,,,,,,0.9230769230769231,0.625,0.46153846153846156,,48,65.0,9.0,4.0,False
SEXTUPLE,keygas_fault+iec_fault+rogers_fault+duval_triangle_fault+duval_pentagon_p1_fault+duval_pentagon_p2_fault,6,development,fine_ambiguous_tolerant,0.46153846153846156,,,,,,0.9846153846153847,0.6122448979591837,0.46153846153846156,,49,65.0,0.0,0.0,False
SEXTUPLE,keygas_fault+iec_fault+rogers_fault+duval_triangle_fault+duval_pentagon_p1_fault+duval_pentagon_p2_fault,6,locked_test,fine_ambiguous_tolerant,0.5538461538461539,,,,,,0.9538461538461539,0.6923076923076923,0.5538461538461539,,52,65.0,9.0,6.0,False
SEXTUPLE,keygas_fault+iec_fault+doernenburg_fault+duval_triangle_fault+duval_pentagon_p1_fault+duval_pentagon_p2_fault,6,development,fine_ambiguous_tolerant,0.5076923076923077,,,,,,1.0,0.6346153846153846,0.5076923076923077,,52,65.0,0.0,0.0,False
SEXTUPLE,keygas_fault+iec_fault+doernenburg_fault+duval_triangle_fault+duval_pentagon_p1_fault+duval_pentagon_p2_fault,6,locked_test,fine_ambiguous_tolerant,0.5230769230769231,,,,,,0.9538461538461539,0.7083333333333334,0.5230769230769231,,48,65.0,9.0,4.0,False
SEXTUPLE,keygas_fault+rogers_fault+doernenburg_fault+duval_triangle_fault+duval_pentagon_p1_fault+duval_pentagon_p2_fault,6,development,fine_ambiguous_tolerant,0.5076923076923077,,,,,,0.9846153846153847,0.6346153846153846,0.5076923076923077,,52,65.0,0.0,0.0,False
SEXTUPLE,keygas_fault+rogers_fault+doernenburg_fault+duval_triangle_fault+duval_pentagon_p1_fault+duval_pentagon_p2_fault,6,locked_test,fine_ambiguous_tolerant,0.5076923076923077,,,,,,0.9384615384615385,0.6470588235294118,0.5076923076923077,,51,65.0,9.0,4.0,False
SEXTUPLE,iec_fault+rogers_fault+doernenburg_fault+duval_triangle_fault+duval_pentagon_p1_fault+duval_pentagon_p2_fault,6,development,fine_ambiguous_tolerant,0.49230769230769234,,,,,,1.0,0.6153846153846154,0.49230769230769234,,52,65.0,0.0,0.0,False
SEXTUPLE,iec_fault+rogers_fault+doernenburg_fault+duval_triangle_fault+duval_pentagon_p1_fault+duval_pentagon_p2_fault,6,locked_test,fine_ambiguous_tolerant,0.5692307692307692,,,,,,0.9538461538461539,0.6727272727272727,0.5692307692307692,,55,65.0,9.0,6.0,False
SEPTUPLE,keygas_fault+iec_fault+rogers_fault+doernenburg_fault+duval_triangle_fault+duval_pentagon_p1_fault+duval_pentagon_p2_fault,7,development,fine_ambiguous_tolerant,0.49230769230769234,,,,,,1.0,0.6153846153846154,0.49230769230769234,,52,65.0,0.0,0.0,False
SEPTUPLE,keygas_fault+iec_fault+rogers_fault+doernenburg_fault+duval_triangle_fault+duval_pentagon_p1_fault+duval_pentagon_p2_fault,7,locked_test,fine_ambiguous_tolerant,0.5692307692307692,,,,,,0.9692307692307692,0.6727272727272727,0.5692307692307692,,55,65.0,9.0,6.0,False
