transformer_id,loc,name,ser,ser_is_synthetic,codetx,mfg,sample_day,tested_day,year_energized,mva,kv,temp,water,h2,ch4,c2h6,c2h4,c2h2,co,co2,o2,n2,c3h6,c3h8,tdcg_raw,tdcg_recalc,tdcg,tcg,tdcg_complete,tdcg_source,tdcg_difference_raw_recalc,nb
01900067,PDG,KT1AA,01900067,0,PDGKT1AA,TOSHIBA,2019-03-16,2019-04-01,2015.0,333.3,525/230/22,54.0,14.0,14.0,2.0,0.0,0.0,0.0,112.0,2301.0,8441.0,35721.0,0.0,0.0,128.0,128.0,128.0,128.0,1,raw_available,0.0,
01900067,PDG,KT1AA,01900067,0,PDGKT1AA,TOSHIBA,2019-09-20,2019-10-26,2015.0,333.3,525/230/22,55.0,24.0,5.0,2.0,0.0,0.0,0.0,113.0,2682.0,4765.0,19214.0,0.0,0.0,120.0,120.0,120.0,120.0,1,raw_available,0.0,
01900067,PDG,KT1AA,01900067,0,PDGKT1AA,TOSHIBA,2020-03-21,2020-04-10,2015.0,333.3,525/230/22,54.0,18.0,56.0,3.0,1.0,0.0,0.0,162.0,730.0,7610.0,32950.0,0.0,1.0,223.0,222.0,223.0,223.0,1,raw_available,1.0,
01900067,PDG,KT1AA,01900067,0,PDGKT1AA,TOSHIBA,2020-09-05,2020-09-19,2015.0,333.3,525/230/22,54.0,19.0,14.0,0.0,0.0,0.0,0.0,242.0,1467.0,6724.0,28190.0,0.0,0.0,256.0,256.0,256.0,256.0,1,raw_available,0.0,
01900067,PDG,KT1AA,01900067,0,PDGKT1AA,TOSHIBA,2021-03-15,2021-05-02,2015.0,333.3,525/230/22,54.0,19.0,43.0,0.0,4.0,0.0,0.0,113.0,634.0,3990.0,26800.0,3.0,3.0,166.0,160.0,166.0,166.0,1,raw_available,6.0,
01900067,PDG,KT1AA,01900067,0,PDGKT1AA,TOSHIBA,2021-07-09,2021-07-09,2015.0,333.3,525/230/22,,3.0,8.0,4.0,1.0,0.0,0.0,298.0,1412.0,8543.0,31389.0,1.0,1.0,313.0,311.0,313.0,313.0,1,raw_available,2.0,เนื่องจาก BUSHING KT1AB ระเบิด
01900067,PDG,KT1AA,01900067,0,PDGKT1AA,TOSHIBA,2021-07-27,2021-10-08,2015.0,333.3,525/230/22,,12.0,5.0,0.0,0.0,0.0,0.0,12.0,391.0,34260.0,68108.0,0.0,0.0,5.0,17.0,5.0,5.0,1,raw_available,-12.0,หลังทดสอบทางไฟฟ้า
01900067,PDG,KT1AA,01900067,0,PDGKT1AA,TOSHIBA,2021-09-14,2021-11-13,2015.0,333.3,525/230/22,50.0,11.0,1.0,0.0,0.0,0.0,0.0,31.0,599.0,4542.0,13779.0,1.0,0.0,33.0,32.0,33.0,33.0,1,raw_available,1.0,
01900067,PDG,KT1AA,01900067,0,PDGKT1AA,TOSHIBA,2022-03-18,2022-03-31,2015.0,333.3,525/230/22,53.0,7.0,6.0,1.0,0.0,0.0,0.0,38.0,661.0,4952.0,14818.0,0.0,0.0,45.0,45.0,45.0,45.0,1,raw_available,0.0,
01900067,PDG,KT1AA,01900067,0,PDGKT1AA,TOSHIBA,2022-09-18,2022-09-23,2015.0,333.3,525/230/22,54.0,12.0,4.0,1.0,0.0,0.0,0.0,33.0,624.0,6000.0,22130.0,0.0,0.0,38.0,38.0,38.0,38.0,1,raw_available,0.0,
01900067,PDG,KT1AA,01900067,0,PDGKT1AA,TOSHIBA,2023-06-26,2023-07-16,2015.0,333.3,525/230/22,54.0,12.0,6.0,10.0,1.0,1.0,0.0,47.0,652.0,6601.0,19061.0,1.0,1.0,67.0,65.0,67.0,67.0,1,raw_available,2.0,
01900067,PDG,KT1AA,01900067,0,PDGKT1AA,TOSHIBA,2023-11-23,2024-01-26,2015.0,333.3,525/230/22,48.0,28.0,26.0,0.0,1.0,0.0,0.0,151.0,1819.0,12771.0,46285.0,1.0,2.0,181.0,178.0,181.0,181.0,1,raw_available,3.0,
01900067,PDG,KT1AA,01900067,0,PDGKT1AA,TOSHIBA,2024-04-21,2024-04-24,2015.0,333.3,525/230/22,50.0,14.0,11.0,0.0,0.0,0.0,0.0,158.0,1935.0,5707.0,17088.0,0.0,0.0,169.0,169.0,169.0,169.0,1,raw_available,0.0,
01900068,PDG,KT1AB,01900068,0,PDGKT1AB,TOSHIBA,2019-03-16,2019-04-01,2015.0,333.3,525/230/22,54.0,11.0,17.0,3.0,0.0,0.0,0.0,106.0,1448.0,7773.0,35473.0,0.0,0.0,126.0,126.0,126.0,126.0,1,raw_available,0.0,
01900068,PDG,KT1AB,01900068,0,PDGKT1AB,TOSHIBA,2019-09-20,2019-10-26,2015.0,333.3,525/230/22,55.0,25.0,5.0,2.0,1.0,0.0,0.0,137.0,1812.0,5545.0,20297.0,0.0,0.0,145.0,145.0,145.0,145.0,1,raw_available,0.0,
01900068,PDG,KT1AB,01900068,0,PDGKT1AB,TOSHIBA,2020-03-21,2020-04-10,2015.0,333.3,525/230/22,72.0,10.0,48.0,23.0,5.0,0.0,0.0,162.0,1858.0,9420.0,40700.0,4.0,4.0,246.0,238.0,246.0,246.0,1,raw_available,8.0,
01900068,PDG,KT1AB,01900068,0,PDGKT1AB,TOSHIBA,2020-09-05,2020-09-19,2015.0,333.3,525/230/22,54.0,19.0,14.0,0.0,0.0,0.0,0.0,243.0,1421.0,5447.0,21850.0,0.0,0.0,257.0,257.0,257.0,257.0,1,raw_available,0.0,
01900068,PDG,KT1AB,01900068,0,PDGKT1AB,TOSHIBA,2021-03-15,2021-05-02,2015.0,333.3,525/230/22,52.0,18.0,34.0,0.0,2.0,0.0,0.0,141.0,846.0,4510.0,29280.0,2.0,2.0,181.0,177.0,181.0,181.0,1,raw_available,4.0,
01900068,PDG,KT1AB,01900068,0,PDGKT1AB,TOSHIBA,2021-07-09,2021-07-09,2015.0,333.3,525/230/22,,6.0,2537.0,1207.0,78.0,851.0,612.0,345.0,1648.0,8928.0,30297.0,186.0,0.0,5816.0,5630.0,5816.0,5816.0,1,raw_available,186.0,เนื่องจาก BUSHING KT1AB ระเบิด
01900068,PDG,KT1AB,01900068,0,PDGKT1AB,TOSHIBA,2021-09-17,2021-09-21,2015.0,333.3,525/230/22,,52.0,46.0,263.0,54.0,467.0,0.0,36.0,1038.0,21913.0,68838.0,148.0,0.0,1014.0,866.0,1014.0,1014.0,1,raw_available,148.0,"Note หลังจากพังและได้ทำ Purifyของ PDG#KT1AB """"TOSHIBA"""" เพื่อจะนำน้ำมันไปใช้งาน"
01900068,PDG,KT1AB,01900068,0,PDGKT1AB,TOSHIBA,2023-11-29,2023-12-02,2015.0,333.3,525/230/22,30.0,5.0,0.0,0.0,0.0,0.0,0.0,3.0,71.0,6458.0,13935.0,0.0,0.0,3.0,3.0,3.0,3.0,1,raw_available,0.0,
01900068,PDG,KT1AB,01900068,0,PDGKT1AB,TOSHIBA,2024-02-22,2024-03-02,2015.0,333.3,525/230/22,55.0,,14.0,0.0,1.0,0.0,0.0,15.0,313.0,13410.0,26501.0,1.0,1.0,32.0,30.0,32.0,32.0,1,raw_available,2.0,
01900068,PDG,KT1AB,01900068,0,PDGKT1AB,TOSHIBA,2024-04-21,2024-04-24,2015.0,333.3,525/230/22,50.0,10.0,1.0,2.0,1.0,0.0,0.0,30.0,363.0,7682.0,21433.0,0.0,0.0,34.0,34.0,34.0,34.0,1,raw_available,0.0,
01900069,PDG,KT1AC,01900069,0,PDGKT1AC,TOSHIBA,2019-03-16,2019-04-01,2015.0,333.3,525/230/22,54.0,14.0,8.0,8.0,0.0,0.0,0.0,113.0,1414.0,8419.0,35659.0,0.0,0.0,129.0,129.0,129.0,129.0,1,raw_available,0.0,
01900069,PDG,KT1AC,01900069,0,PDGKT1AC,TOSHIBA,2019-09-20,2019-10-26,2015.0,333.3,525/230/22,56.0,16.0,3.0,5.0,2.0,0.0,0.0,151.0,1681.0,3479.0,19335.0,0.0,0.0,161.0,161.0,161.0,161.0,1,raw_available,0.0,
01900069,PDG,KT1AC,01900069,0,PDGKT1AC,TOSHIBA,2020-03-21,2020-04-10,2015.0,333.3,525/230/22,54.0,18.0,47.0,5.0,2.0,0.0,0.0,174.0,1612.0,10170.0,35400.0,0.0,2.0,230.0,228.0,230.0,230.0,1,raw_available,2.0,
01900069,PDG,KT1AC,01900069,0,PDGKT1AC,TOSHIBA,2020-09-05,2020-09-19,2015.0,333.3,525/230/22,54.0,22.0,10.0,0.0,8.0,0.0,0.0,230.0,1171.0,10314.0,33575.0,0.0,0.0,248.0,248.0,248.0,248.0,1,raw_available,0.0,
01900069,PDG,KT1AC,01900069,0,PDGKT1AC,TOSHIBA,2021-03-15,2021-05-02,2015.0,333.3,525/230/22,53.0,25.0,46.0,0.0,2.0,0.0,0.0,128.0,582.0,5080.0,40570.0,17.0,4.0,197.0,176.0,197.0,197.0,1,raw_available,21.0,
01900069,PDG,KT1AC,01900069,0,PDGKT1AC,TOSHIBA,2021-07-09,2021-07-09,2015.0,333.3,525/230/22,,5.0,10.0,7.0,2.0,2.0,0.0,320.0,1247.0,7630.0,28595.0,2.0,1.0,344.0,341.0,344.0,344.0,1,raw_available,3.0,เนื่องจาก BUSHING KT1AB ระเบิด
01900069,PDG,KT1AC,01900069,0,PDGKT1AC,TOSHIBA,2021-07-27,2021-10-08,2015.0,333.3,525/230/22,,18.0,6.0,0.0,0.0,0.0,0.0,11.0,344.0,31404.0,67620.0,0.0,0.0,6.0,17.0,6.0,6.0,1,raw_available,-11.0,หลังทดสอบทางไฟฟ้า
01900069,PDG,KT1AC,01900069,0,PDGKT1AC,TOSHIBA,2021-09-14,2021-11-13,2015.0,333.3,525/230/22,50.0,12.0,2.0,0.0,1.0,0.0,0.0,27.0,553.0,5931.0,15193.0,1.0,1.0,32.0,30.0,32.0,32.0,1,raw_available,2.0,
01900069,PDG,KT1AC,01900069,0,PDGKT1AC,TOSHIBA,2022-03-18,2022-04-01,2015.0,333.3,525/230/22,63.0,8.0,1.0,2.0,1.0,0.0,0.0,47.0,619.0,21101.0,63435.0,0.0,0.0,51.0,51.0,51.0,51.0,1,raw_available,0.0,
01900069,PDG,KT1AC,01900069,0,PDGKT1AC,TOSHIBA,2022-09-18,2022-09-23,2015.0,333.3,525/230/22,54.0,10.0,7.0,1.0,0.0,2.0,0.0,41.0,665.0,25420.0,64460.0,2.0,0.0,53.0,51.0,53.0,53.0,1,raw_available,2.0,
01900069,PDG,KT1AC,01900069,0,PDGKT1AC,TOSHIBA,2023-06-26,2023-07-17,2015.0,333.3,525/230/22,54.0,20.0,9.0,0.0,0.0,0.0,0.0,80.0,843.0,11918.0,43829.0,0.0,0.0,89.0,89.0,89.0,89.0,1,raw_available,0.0,
01900069,PDG,KT1AC,01900069,0,PDGKT1AC,TOSHIBA,2023-11-23,2024-01-26,2015.0,333.3,525/230/22,47.0,31.0,19.0,2.0,0.0,0.0,0.0,178.0,3064.0,12629.0,48537.0,1.0,0.0,200.0,199.0,200.0,200.0,1,raw_available,1.0,
01900069,PDG,KT1AC,01900069,0,PDGKT1AC,TOSHIBA,2024-04-21,2024-04-24,2015.0,333.3,525/230/22,56.0,6.0,1.0,3.0,2.0,1.0,0.0,131.0,684.0,6656.0,19540.0,3.0,2.0,143.0,138.0,143.0,143.0,1,raw_available,5.0,
04900004,BSP2,KT1AA,04900004,0,BSP2KT1AA,TMT&D,2020-04-27,2020-05-03,2018.0,333.33,500,54.0,14.0,5.0,2.0,1.0,0.0,0.0,119.0,721.0,6349.0,26053.0,0.0,1.0,128.0,127.0,128.0,128.0,1,raw_available,1.0,
04900004,BSP2,KT1AA,04900004,0,BSP2KT1AA,TMT&D,2021-04-19,2021-06-11,2018.0,333.33,500,62.0,19.0,46.0,1.0,1.0,0.0,0.0,79.0,667.0,16370.0,37240.0,0.0,0.0,127.0,127.0,127.0,127.0,1,raw_available,0.0,
04900004,BSP2,KT1AA,04900004,0,BSP2KT1AA,TMT&D,2021-08-20,2021-11-11,2018.0,333.33,500,56.0,12.0,9.0,0.0,0.0,0.0,0.0,25.0,209.0,21989.0,43834.0,0.0,0.0,34.0,34.0,34.0,34.0,1,raw_available,0.0,
04900004,BSP2,KT1AA,04900004,0,BSP2KT1AA,TMT&D,2022-04-23,2022-05-06,2018.0,333.33,500,55.0,13.0,12.0,2.0,8.0,0.0,0.0,56.0,913.0,12944.0,51337.0,0.0,0.0,78.0,78.0,78.0,78.0,1,raw_available,0.0,
04900004,BSP2,KT1AA,04900004,0,BSP2KT1AA,TMT&D,2022-10-16,2023-01-27,2018.0,333.33,500,55.0,17.0,6.0,1.0,0.0,0.0,0.0,53.0,922.0,36005.0,59136.0,0.0,0.0,60.0,60.0,60.0,60.0,1,raw_available,0.0,
04900004,BSP2,KT1AA,04900004,0,BSP2KT1AA,TMT&D,2023-04-22,2023-05-07,2018.0,333.33,500,56.0,18.0,6.0,5.0,0.0,0.0,0.0,64.0,943.0,3804.0,24534.0,0.0,0.0,75.0,75.0,75.0,75.0,1,raw_available,0.0,
04900004,BSP2,KT1AA,04900004,0,BSP2KT1AA,TMT&D,2023-10-16,2023-12-11,2018.0,333.33,500,54.0,20.0,8.0,6.0,1.0,3.0,0.0,146.0,977.0,12930.0,23700.0,5.0,1.0,170.0,164.0,170.0,170.0,1,raw_available,6.0,
04900004,BSP2,KT1AA,04900004,0,BSP2KT1AA,TMT&D,2024-02-17,2024-03-04,2018.0,333.33,500,0.0,0.0,0.0,0.0,0.0,0.0,0.0,0.0,791.0,21640.0,37850.0,0.0,0.0,0.0,0.0,0.0,0.0,1,raw_available,0.0,
04900004,BSP2,KT1AA,04900004,0,BSP2KT1AA,TMT&D,2024-04-20,2024-04-27,2018.0,333.33,500,60.0,9.0,7.0,9.0,4.0,1.0,0.0,180.0,1707.0,5462.0,32059.0,18.0,6.0,225.0,201.0,225.0,225.0,1,raw_available,24.0,
04900005,BSP2,KT1AB,04900005,0,BSP2KT1AB,TMT&D,2020-04-27,2020-05-03,2018.0,333.33,500,56.0,10.0,7.0,2.0,1.0,0.0,0.0,116.0,734.0,4693.0,19728.0,0.0,1.0,127.0,126.0,127.0,127.0,1,raw_available,1.0,
04900005,BSP2,KT1AB,04900005,0,BSP2KT1AB,TMT&D,2021-04-19,2021-06-11,2018.0,333.33,500,64.0,26.0,48.0,1.0,1.0,0.0,0.0,89.0,728.0,23880.0,38350.0,0.0,0.0,139.0,139.0,139.0,139.0,1,raw_available,0.0,
04900005,BSP2,KT1AB,04900005,0,BSP2KT1AB,TMT&D,2021-08-20,2021-11-11,2018.0,333.33,500,,8.0,8.0,0.0,0.0,0.0,0.0,13.0,170.0,12480.0,21138.0,0.0,0.0,21.0,21.0,21.0,21.0,1,raw_available,0.0,
04900005,BSP2,KT1AB,04900005,0,BSP2KT1AB,TMT&D,2022-04-23,2022-05-06,2018.0,333.33,500,56.0,7.0,10.0,3.0,10.0,0.0,0.0,56.0,900.0,6345.0,23376.0,0.0,0.0,79.0,79.0,79.0,79.0,1,raw_available,0.0,
04900005,BSP2,KT1AB,04900005,0,BSP2KT1AB,TMT&D,2022-10-16,2023-01-27,2018.0,333.33,500,0.0,8.0,5.0,1.0,0.0,0.0,0.0,53.0,902.0,10378.0,23170.0,1.0,1.0,61.0,59.0,61.0,61.0,1,raw_available,2.0,
04900005,BSP2,KT1AB,04900005,0,BSP2KT1AB,TMT&D,2023-04-22,2023-05-07,2018.0,333.33,500,55.0,16.0,2.0,5.0,1.0,0.0,0.0,58.0,933.0,17205.0,48596.0,0.0,0.0,66.0,66.0,66.0,66.0,1,raw_available,0.0,
04900005,BSP2,KT1AB,04900005,0,BSP2KT1AB,TMT&D,2023-10-16,2023-12-11,2018.0,333.33,500,55.0,15.0,5.0,9.0,7.0,23.0,0.0,84.0,1053.0,7600.0,22350.0,6.0,1.0,135.0,128.0,135.0,135.0,1,raw_available,7.0,
04900005,BSP2,KT1AB,04900005,0,BSP2KT1AB,TMT&D,2024-04-20,2024-04-27,2018.0,333.33,500,60.0,6.0,9.0,3.0,0.0,0.0,0.0,139.0,1190.0,4744.0,29945.0,0.0,0.0,151.0,151.0,151.0,151.0,1,raw_available,0.0,
04900006,BSP2,KT1AC,04900006,0,BSP2KT1AC,TMT&D,2020-04-27,2020-05-03,2018.0,333.33,500,54.0,15.0,5.0,6.0,6.0,0.0,0.0,121.0,637.0,4405.0,15418.0,0.0,4.0,142.0,138.0,142.0,142.0,1,raw_available,4.0,
04900006,BSP2,KT1AC,04900006,0,BSP2KT1AC,TMT&D,2021-04-19,2021-06-07,2018.0,333.33,500,64.0,14.0,47.0,1.0,0.0,0.0,0.0,72.0,525.0,14500.0,37240.0,0.0,5.0,125.0,120.0,125.0,125.0,1,raw_available,5.0,
04900006,BSP2,KT1AC,04900006,0,BSP2KT1AC,TMT&D,2021-08-20,2021-11-11,2018.0,333.33,500,,9.0,9.0,0.0,0.0,0.0,0.0,11.0,171.0,13308.0,21763.0,0.0,0.0,20.0,20.0,20.0,20.0,1,raw_available,0.0,
04900006,BSP2,KT1AC,04900006,0,BSP2KT1AC,TMT&D,2022-04-23,2022-05-06,2018.0,333.33,500,55.0,11.0,11.0,4.0,2.0,2.0,0.0,34.0,624.0,4548.0,20463.0,0.0,2.0,55.0,53.0,55.0,55.0,1,raw_available,2.0,
04900006,BSP2,KT1AC,04900006,0,BSP2KT1AC,TMT&D,2022-07-23,2022-07-31,2018.0,333.33,500,56.0,13.0,7.0,1.0,1.0,3.0,0.0,41.0,947.0,10045.0,31365.0,2.0,7.0,62.0,53.0,62.0,62.0,1,raw_available,9.0,
04900006,BSP2,KT1AC,04900006,0,BSP2KT1AC,TMT&D,2022-10-16,2023-01-27,2018.0,333.33,500,55.0,15.0,5.0,1.0,0.0,0.0,0.0,42.0,914.0,36392.0,60957.0,0.0,0.0,48.0,48.0,48.0,48.0,1,raw_available,0.0,
04900006,BSP2,KT1AC,04900006,0,BSP2KT1AC,TMT&D,2023-04-22,2023-05-07,2018.0,333.33,500,56.0,16.0,3.0,3.0,0.0,0.0,0.0,51.0,910.0,14385.0,34327.0,0.0,0.0,57.0,57.0,57.0,57.0,1,raw_available,0.0,
04900006,BSP2,KT1AC,04900006,0,BSP2KT1AC,TMT&D,2023-10-16,2023-12-11,2018.0,333.33,500,54.0,18.0,5.0,9.0,7.0,19.0,0.0,63.0,926.0,8680.0,21290.0,5.0,1.0,109.0,103.0,109.0,109.0,1,raw_available,6.0,
04900006,BSP2,KT1AC,04900006,0,BSP2KT1AC,TMT&D,2024-04-20,2024-04-27,2018.0,333.33,500,60.0,8.0,7.0,7.0,2.0,1.0,0.0,179.0,1663.0,8334.0,25121.0,14.0,3.0,213.0,196.0,213.0,213.0,1,raw_available,17.0,
05900001,MM3,KT3AA,05900001,0,MM3KT3AA,TMT&D,2020-06-20,2020-08-03,2019.0,333,500/230,56.0,35.0,0.0,0.0,2.0,0.0,0.0,14.0,415.0,25838.0,64211.0,0.0,0.0,16.0,16.0,16.0,16.0,1,raw_available,0.0,
05900001,MM3,KT3AA,05900001,0,MM3KT3AA,TMT&D,2020-11-09,2020-12-07,2019.0,333,500/230,54.0,15.0,32.0,2.0,1.0,3.0,0.0,10.0,26.0,13130.0,89430.0,2.0,1.0,51.0,48.0,51.0,51.0,1,raw_available,3.0,
05900001,MM3,KT3AA,05900001,0,MM3KT3AA,TMT&D,2021-03-07,2021-04-18,2019.0,333,500/230,56.0,7.0,20.0,1.0,1.0,0.0,0.0,41.0,274.0,7678.0,55824.0,1.0,1.0,65.0,63.0,65.0,65.0,1,raw_available,2.0,
05900001,MM3,KT3AA,05900001,0,MM3KT3AA,TMT&D,2021-08-23,2021-08-27,2019.0,333,500/230,58.0,8.0,15.0,0.0,0.0,0.0,0.0,109.0,631.0,7973.0,19373.0,0.0,0.0,124.0,124.0,124.0,124.0,1,raw_available,0.0,
05900001,MM3,KT3AA,05900001,0,MM3KT3AA,TMT&D,2021-08-31,2021-09-11,2019.0,333,500/230,,9.0,8.0,0.0,0.0,0.0,0.0,9.0,103.0,2459.0,10065.0,0.0,0.0,17.0,17.0,17.0,17.0,1,raw_available,0.0,หลังเปิดตรวจสอบภายใน
05900001,MM3,KT3AA,05900001,0,MM3KT3AA,TMT&D,2022-03-11,2022-03-20,2019.0,333,500/230,59.0,11.0,2.0,4.0,3.0,0.0,0.0,38.0,492.0,10944.0,23663.0,1.0,5.0,53.0,47.0,53.0,53.0,1,raw_available,6.0,
05900001,MM3,KT3AA,05900001,0,MM3KT3AA,TMT&D,2023-03-12,2023-03-16,2019.0,333,500/230,61.0,12.0,6.0,1.0,0.0,0.0,0.0,101.0,859.0,10592.0,31422.0,0.0,0.0,108.0,108.0,108.0,108.0,1,raw_available,0.0,
05900001,MM3,KT3AA,05900001,0,MM3KT3AA,TMT&D,2023-09-10,2023-10-08,2019.0,333,500/230,58.0,11.0,14.0,2.0,6.0,8.0,0.0,122.0,869.0,9282.0,23768.0,10.0,5.0,167.0,152.0,167.0,167.0,1,raw_available,15.0,
05900001,MM3,KT3AA,05900001,0,MM3KT3AA,TMT&D,2024-04-21,2024-04-28,2019.0,333,500/230,58.0,8.0,4.0,5.0,1.0,3.0,0.0,175.0,1522.0,14410.0,19950.0,75.0,1.0,264.0,188.0,264.0,264.0,1,raw_available,76.0,
05900002,MM3,KT3AB,05900002,0,MM3KT3AB,TMT&D,2020-06-20,2020-08-03,2019.0,333,500/230,58.0,27.0,2.0,1.0,1.0,2.0,0.0,26.0,370.0,18341.0,63171.0,11.0,0.0,43.0,32.0,43.0,43.0,1,raw_available,11.0,
05900002,MM3,KT3AB,05900002,0,MM3KT3AB,TMT&D,2020-11-09,2020-12-07,2019.0,333,500/230,56.0,10.0,30.0,2.0,1.0,0.0,0.0,10.0,25.0,14620.0,106660.0,3.0,1.0,47.0,43.0,47.0,47.0,1,raw_available,4.0,
05900002,MM3,KT3AB,05900002,0,MM3KT3AB,TMT&D,2021-03-07,2021-04-18,2019.0,333,500/230,56.0,8.0,18.0,1.0,1.0,0.0,0.0,33.0,280.0,13032.0,52198.0,0.0,0.0,53.0,53.0,53.0,53.0,1,raw_available,0.0,
05900002,MM3,KT3AB,05900002,0,MM3KT3AB,TMT&D,2021-08-23,2021-08-27,2019.0,333,500/230,60.0,11.0,15.0,0.0,0.0,0.0,0.0,107.0,591.0,6545.0,15450.0,0.0,0.0,122.0,122.0,122.0,122.0,1,raw_available,0.0,
05900002,MM3,KT3AB,05900002,0,MM3KT3AB,TMT&D,2021-08-31,2021-09-11,2019.0,333,500/230,,14.0,12.0,0.0,0.0,0.0,0.0,16.0,93.0,4683.0,15998.0,0.0,0.0,28.0,28.0,28.0,28.0,1,raw_available,0.0,หลังเปิดตรวจสอบภายใน
05900002,MM3,KT3AB,05900002,0,MM3KT3AB,TMT&D,2022-03-11,2022-03-19,2019.0,333,500/230,60.0,31.0,4.0,0.0,0.0,0.0,0.0,31.0,412.0,3670.0,11150.0,0.0,0.0,35.0,35.0,35.0,35.0,1,raw_available,0.0,
05900002,MM3,KT3AB,05900002,0,MM3KT3AB,TMT&D,2023-03-12,2023-03-16,2019.0,333,500/230,60.0,7.0,24.0,1.0,0.0,0.0,0.0,122.0,807.0,8890.0,27443.0,2.0,2.0,151.0,147.0,151.0,151.0,1,raw_available,4.0,
05900002,MM3,KT3AB,05900002,0,MM3KT3AB,TMT&D,2023-09-10,2023-10-08,2019.0,333,500/230,55.0,10.0,16.0,2.0,15.0,11.0,0.0,135.0,762.0,9314.0,22569.0,2.0,1.0,182.0,179.0,182.0,182.0,1,raw_available,3.0,
05900002,MM3,KT3AB,05900002,0,MM3KT3AB,TMT&D,2024-04-21,2024-04-28,2019.0,333,500/230,59.0,7.0,10.0,0.0,0.0,0.0,0.0,172.0,997.0,8105.0,18465.0,0.0,0.0,182.0,182.0,182.0,182.0,1,raw_available,0.0,
05900003,MM3,KT3AC,05900003,0,MM3KT3AC,TMT&D,2020-06-20,2020-08-03,2019.0,333,500/230,58.0,18.0,2.0,0.0,2.0,0.0,0.0,34.0,381.0,18752.0,64874.0,0.0,0.0,38.0,38.0,38.0,38.0,1,raw_available,0.0,
05900003,MM3,KT3AC,05900003,0,MM3KT3AC,TMT&D,2020-11-09,2020-12-07,2019.0,333,500/230,56.0,9.0,19.0,2.0,0.0,2.0,0.0,11.0,27.0,14040.0,105010.0,2.0,1.0,37.0,34.0,37.0,37.0,1,raw_available,3.0,
05900003,MM3,KT3AC,05900003,0,MM3KT3AC,TMT&D,2021-03-07,2021-04-18,2019.0,333,500/230,56.0,6.0,20.0,1.0,1.0,0.0,0.0,42.0,294.0,17224.0,63248.0,0.0,0.0,64.0,64.0,64.0,64.0,1,raw_available,0.0,
05900003,MM3,KT3AC,05900003,0,MM3KT3AC,TMT&D,2021-08-18,2021-08-22,2019.0,333,500/230,54.0,8.0,9.0,0.0,0.0,0.0,0.0,18.0,598.0,13402.0,27468.0,0.0,0.0,27.0,27.0,27.0,27.0,1,raw_available,0.0,
05900003,MM3,KT3AC,05900003,0,MM3KT3AC,TMT&D,2021-08-31,2021-09-11,2019.0,333,500/230,,9.0,15.0,3.0,2.0,0.0,0.0,1.0,63.0,4137.0,17654.0,0.0,1.0,22.0,21.0,22.0,22.0,1,raw_available,1.0,หลังเปิดตรวจสอบภายใน
05900003,MM3,KT3AC,05900003,0,MM3KT3AC,TMT&D,2022-03-11,2022-03-19,2019.0,333,500/230,60.0,11.0,9.0,0.0,0.0,0.0,0.0,39.0,481.0,5839.0,14096.0,0.0,0.0,48.0,48.0,48.0,48.0,1,raw_available,0.0,
05900003,MM3,KT3AC,05900003,0,MM3KT3AC,TMT&D,2023-03-12,2023-03-16,2019.0,333,500/230,62.0,16.0,9.0,1.0,0.0,0.0,0.0,112.0,958.0,10913.0,31426.0,0.0,0.0,122.0,122.0,122.0,122.0,1,raw_available,0.0,
05900003,MM3,KT3AC,05900003,0,MM3KT3AC,TMT&D,2023-09-10,2023-10-08,2019.0,333,500/230,58.0,12.0,18.0,2.0,18.0,0.0,0.0,135.0,872.0,10647.0,26478.0,2.0,4.0,179.0,173.0,179.0,179.0,1,raw_available,6.0,
05900003,MM3,KT3AC,05900003,0,MM3KT3AC,TMT&D,2024-04-21,2024-04-28,2019.0,333,500/230,58.0,11.0,5.0,5.0,1.0,1.0,0.0,177.0,1505.0,14940.0,25260.0,55.0,5.0,249.0,189.0,249.0,249.0,1,raw_available,60.0,
103710,AP,KT6A,103710,0,APKT6A,ABB,2019-11-17,2019-12-14,2007.0,200,230/115/22,62.0,23.0,29.0,6.0,0.0,0.0,0.0,221.0,1895.0,18887.0,51574.0,0.0,0.0,256.0,256.0,256.0,256.0,1,raw_available,0.0,
103710,AP,KT6A,103710,0,APKT6A,ABB,2020-06-19,2020-07-05,2007.0,200,230/115/22,60.0,17.0,19.0,4.0,0.0,1.0,0.0,578.0,3862.0,6900.0,47305.0,4.0,0.0,606.0,602.0,606.0,606.0,1,raw_available,4.0,
103710,AP,KT6A,103710,0,APKT6A,ABB,2021-01-25,2021-03-21,2007.0,200,230/115/22,58.0,17.0,30.0,0.0,0.0,0.0,0.0,600.0,4000.0,12730.0,50620.0,0.0,0.0,630.0,630.0,630.0,630.0,1,raw_available,0.0,
103710,AP,KT6A,103710,0,APKT6A,ABB,2021-04-17,2021-06-12,2007.0,200,230/115/22,62.0,17.0,51.0,1.0,1.0,0.0,0.0,667.0,4031.0,13000.0,56000.0,0.0,0.0,720.0,720.0,720.0,720.0,1,raw_available,0.0,
103710,AP,KT6A,103710,0,APKT6A,ABB,2022-07-02,2022-07-07,2007.0,200,230/115/22,,13.0,1.0,0.0,0.0,0.0,0.0,2.0,140.0,7620.0,16180.0,0.0,0.0,3.0,3.0,3.0,3.0,1,raw_available,0.0,ทดสอบก่อนนำเข้าใช้งาน
103710,AP,KT6A,103710,0,APKT6A,ABB,2023-03-19,2023-04-07,2007.0,200,230/115/22,55.0,14.0,6.0,1.0,0.0,0.0,0.0,90.0,3301.0,10070.0,26000.0,3.0,0.0,100.0,97.0,100.0,100.0,1,raw_available,3.0,
103710,AP,KT6A,103710,0,APKT6A,ABB,2023-09-07,2023-10-10,2007.0,200,230/115/22,58.0,12.0,8.0,15.0,0.0,0.0,0.0,97.0,3516.0,15020.0,14340.0,0.0,0.0,120.0,120.0,120.0,120.0,1,raw_available,0.0,
103711,NB,KT3A,103711,0,NBKT3A,ABB,2019-05-04,2019-05-25,1998.0,200,230/72.5,67.0,20.0,16.0,0.0,9.0,0.0,0.0,76.0,883.0,5702.0,19683.0,0.0,0.0,101.0,101.0,101.0,101.0,1,raw_available,0.0,
103711,NB,KT3A,103711,0,NBKT3A,ABB,2019-11-02,2019-12-02,1998.0,200,230/72.5,56.0,9.0,21.0,36.0,11.0,0.0,0.0,95.0,2472.0,5118.0,22011.0,0.0,5.0,168.0,163.0,168.0,168.0,1,raw_available,5.0,
103711,NB,KT3A,103711,0,NBKT3A,ABB,2020-06-05,2020-08-04,1998.0,200,230/72.5,67.0,18.0,24.0,11.0,19.0,0.0,0.0,84.0,2345.0,5343.0,17432.0,0.0,0.0,138.0,138.0,138.0,138.0,1,raw_available,0.0,
103711,NB,KT3A,103711,0,NBKT3A,ABB,2020-11-09,2020-11-22,1998.0,200,230/72.5,62.0,14.0,37.0,15.0,17.0,0.0,0.0,38.0,1338.0,5690.0,43720.0,5.0,10.0,122.0,107.0,122.0,122.0,1,raw_available,15.0,
103711,NB,KT3A,103711,0,NBKT3A,ABB,2021-05-20,2021-06-15,1998.0,200,230/72.5,60.0,8.0,30.0,2.0,13.0,1.0,0.0,136.0,1680.0,5788.0,42388.0,1.0,7.0,190.0,182.0,190.0,190.0,1,raw_available,8.0,
103711,NB,KT3A,103711,0,NBKT3A,ABB,2021-11-08,2021-11-18,1998.0,200,230/72.5,52.0,,21.0,19.0,23.0,0.0,0.0,174.0,3643.0,3480.0,16220.0,7.0,14.0,258.0,237.0,258.0,258.0,1,raw_available,21.0,
103711,NB,KT3A,103711,0,NBKT3A,ABB,2022-05-29,2022-06-03,1998.0,200,230/72.5,58.0,8.0,25.0,19.0,23.0,0.0,0.0,64.0,2711.0,6382.0,29611.0,7.0,4.0,142.0,131.0,142.0,142.0,1,raw_available,11.0,
103711,NB,KT3A,103711,0,NBKT3A,ABB,2022-11-19,2022-11-28,1998.0,200,230/72.5,54.0,8.0,23.0,19.0,25.0,0.0,0.0,69.0,2577.0,3410.0,23040.0,8.0,14.0,158.0,136.0,158.0,158.0,1,raw_available,22.0,
103711,NB,KT3A,103711,0,NBKT3A,ABB,2023-03-19,2023-03-20,1998.0,200,230/72.5,53.0,8.0,34.0,25.0,50.0,0.0,0.0,110.0,2987.0,2433.0,17990.0,0.0,17.0,236.0,219.0,236.0,236.0,1,raw_available,17.0,
103711,NB,KT3A,103711,0,NBKT3A,ABB,2023-05-12,2023-05-14,1998.0,200,230/72.5,0.0,5.0,21.0,21.0,25.0,0.0,0.0,126.0,3087.0,7600.0,28010.0,6.0,14.0,213.0,193.0,213.0,213.0,1,raw_available,20.0,
103711,NB,KT3A,103711,0,NBKT3A,ABB,2023-11-20,2023-12-24,1998.0,200,230/72.5,54.0,9.0,50.0,25.0,34.0,2.0,0.0,116.0,2716.0,9562.0,31236.0,3.0,22.0,252.0,227.0,252.0,252.0,1,raw_available,25.0,
103711,NB,KT3A,103711,0,NBKT3A,ABB,2024-06-21,2024-06-23,1998.0,200,230/72.5,58.0,7.0,32.0,29.0,42.0,2.0,0.0,122.0,2703.0,6282.0,29462.0,2.0,17.0,246.0,227.0,246.0,246.0,1,raw_available,19.0,
103712,NB,KT6A,103712,0,NBKT6A,ABB,2020-02-01,2020-02-09,2007.0,200,230/72.5,35.0,8.0,5.0,0.0,0.0,0.0,0.0,19.0,299.0,8646.0,17245.0,0.0,0.0,24.0,24.0,24.0,24.0,1,raw_available,0.0,ย้ายมาจาก SB*-KT4A
103712,NB,KT6A,103712,0,NBKT6A,ABB,2020-05-30,2020-05-31,2007.0,200,230/72.5,66.0,8.0,7.0,0.0,0.0,0.0,0.0,56.0,1108.0,3694.0,23529.0,0.0,0.0,63.0,63.0,63.0,63.0,1,raw_available,0.0,
103712,NB,KT6A,103712,0,NBKT6A,ABB,2020-06-05,2020-08-04,2007.0,200,230/72.5,67.0,19.0,8.0,0.0,0.0,0.0,0.0,56.0,1054.0,6140.0,14668.0,0.0,0.0,64.0,64.0,64.0,64.0,1,raw_available,0.0,
103712,NB,KT6A,103712,0,NBKT6A,ABB,2020-11-09,2020-11-22,2007.0,200,230/72.5,56.0,8.0,23.0,1.0,0.0,0.0,0.0,38.0,554.0,6580.0,3104.0,1.0,0.0,63.0,62.0,63.0,63.0,1,raw_available,1.0,
103712,NB,KT6A,103712,0,NBKT6A,ABB,2021-05-20,2021-06-18,2007.0,200,230/72.5,60.0,12.0,26.0,13.0,7.0,0.0,0.0,74.0,853.0,7783.0,25494.0,0.0,3.0,123.0,120.0,123.0,123.0,1,raw_available,3.0,
103712,NB,KT6A,103712,0,NBKT6A,ABB,2021-11-08,2021-11-18,2007.0,200,230/72.5,58.0,,18.0,1.0,0.0,0.0,0.0,154.0,2901.0,4580.0,15090.0,2.0,0.0,175.0,173.0,175.0,175.0,1,raw_available,2.0,
103712,NB,KT6A,103712,0,NBKT6A,ABB,2022-02-25,2022-02-25,2007.0,200,230/72.5,38.0,6.0,21.0,4.0,0.0,0.0,0.0,229.0,2680.0,4206.0,14245.0,1.0,0.0,255.0,254.0,255.0,255.0,1,raw_available,1.0,Buchholz Relay Trip
103712,NB,KT6A,103712,0,NBKT6A,ABB,2022-05-29,2022-06-03,2007.0,200,230/72.5,58.0,10.0,17.0,1.0,0.0,0.0,0.0,123.0,2197.0,9971.0,29184.0,1.0,0.0,142.0,141.0,142.0,142.0,1,raw_available,1.0,
103712,NB,KT6A,103712,0,NBKT6A,ABB,2022-11-19,2022-11-28,2007.0,200,230/72.5,56.0,10.0,16.0,2.0,0.0,0.0,0.0,134.0,2352.0,6250.0,21770.0,0.0,0.0,152.0,152.0,152.0,152.0,1,raw_available,0.0,
103712,NB,KT6A,103712,0,NBKT6A,ABB,2023-05-12,2023-05-14,2007.0,200,230/72.5,0.0,5.0,18.0,6.0,0.0,0.0,0.0,158.0,2932.0,10170.0,28830.0,0.0,2.0,184.0,182.0,184.0,184.0,1,raw_available,2.0,
103712,NB,KT6A,103712,0,NBKT6A,ABB,2023-11-20,2023-12-24,2007.0,200,230/72.5,56.0,10.0,54.0,3.0,1.0,0.0,0.0,306.0,3566.0,10501.0,30196.0,1.0,3.0,368.0,364.0,368.0,368.0,1,raw_available,4.0,
103712,NB,KT6A,103712,0,NBKT6A,ABB,2024-06-21,2024-06-23,2007.0,200,230/72.5,60.0,6.0,30.0,5.0,2.0,1.0,0.0,353.0,3722.0,7886.0,29675.0,1.0,1.0,393.0,391.0,393.0,393.0,1,raw_available,2.0,
103724,BSP,KT1A,103724,0,BSPKT1A,ABB,2019-10-19,2019-11-25,2007.0,200,230/115,54.0,11.0,13.0,0.0,0.0,0.0,0.0,516.0,1484.0,9210.0,32696.0,0.0,0.0,529.0,529.0,529.0,529.0,1,raw_available,0.0,
103724,BSP,KT1A,103724,0,BSPKT1A,ABB,2020-04-26,2020-05-03,2007.0,200,230/115,44.0,8.0,47.0,9.0,13.0,0.0,0.0,680.0,1628.0,4758.0,27173.0,0.0,7.0,756.0,749.0,756.0,756.0,1,raw_available,7.0,
103724,BSP,KT1A,103724,0,BSPKT1A,ABB,2021-04-18,2021-06-07,2007.0,200,230/115,50.0,30.0,57.0,4.0,2.0,0.0,0.0,190.0,735.0,23900.0,48120.0,0.0,1.0,254.0,253.0,254.0,254.0,1,raw_available,1.0,
103724,BSP,KT1A,103724,0,BSPKT1A,ABB,2022-05-21,2022-05-26,2007.0,200,230/115,48.0,9.0,7.0,8.0,6.0,1.0,0.0,572.0,1697.0,6050.0,34273.0,0.0,0.0,594.0,594.0,594.0,594.0,1,raw_available,0.0,
103724,BSP,KT1A,103724,0,BSPKT1A,ABB,2022-10-16,2023-01-27,2007.0,200,230/115,53.0,13.0,5.0,2.0,0.0,0.0,0.0,566.0,1699.0,38713.0,67474.0,0.0,0.0,573.0,573.0,573.0,573.0,1,raw_available,0.0,
103724,BSP,KT1A,103724,0,BSPKT1A,ABB,2023-01-20,2023-02-02,2007.0,200,230/115,50.0,10.0,4.0,9.0,7.0,0.0,0.0,564.0,1692.0,5150.0,39140.0,0.0,0.0,584.0,584.0,584.0,584.0,1,raw_available,0.0,
103724,BSP,KT1A,103724,0,BSPKT1A,ABB,2023-04-23,2023-05-08,2007.0,200,230/115,48.0,10.0,3.0,7.0,0.0,0.0,0.0,495.0,1502.0,12071.0,48427.0,0.0,0.0,505.0,505.0,505.0,505.0,1,raw_available,0.0,
103724,BSP,KT1A,103724,0,BSPKT1A,ABB,2023-10-13,2023-12-11,2007.0,200,230/115,54.0,16.0,3.0,7.0,1.0,2.0,0.0,416.0,1529.0,19790.0,29180.0,48.0,0.0,477.0,429.0,477.0,477.0,1,raw_available,48.0,
103724,BSP,KT1A,103724,0,BSPKT1A,ABB,2024-04-20,2024-04-27,2007.0,200,230/115,54.0,5.0,12.0,5.0,0.0,0.0,0.0,745.0,1988.0,8581.0,27654.0,0.0,0.0,762.0,762.0,762.0,762.0,1,raw_available,0.0,
103725,BSP,KT2A,103725,0,BSPKT2A,ABB,2019-10-19,2019-11-24,2007.0,200,230/115,56.0,10.0,20.0,7.0,0.0,0.0,0.0,463.0,1250.0,10533.0,38361.0,23.0,0.0,513.0,490.0,513.0,513.0,1,raw_available,23.0,
103725,BSP,KT2A,103725,0,BSPKT2A,ABB,2020-04-26,2020-05-03,2007.0,200,230/115,46.0,7.0,28.0,9.0,6.0,0.0,0.0,737.0,1839.0,2357.0,29768.0,0.0,3.0,783.0,780.0,783.0,783.0,1,raw_available,3.0,
103725,BSP,KT2A,103725,0,BSPKT2A,ABB,2021-04-18,2021-06-07,2007.0,200,230/115,52.0,20.0,46.0,3.0,1.0,0.0,0.0,208.0,880.0,16040.0,50130.0,1.0,1.0,260.0,258.0,260.0,260.0,1,raw_available,2.0,
103725,BSP,KT2A,103725,0,BSPKT2A,ABB,2022-05-21,2022-05-26,2007.0,200,230/115,54.0,5.0,10.0,2.0,0.0,0.0,0.0,516.0,1678.0,5690.0,33937.0,0.0,0.0,528.0,528.0,528.0,528.0,1,raw_available,0.0,
103725,BSP,KT2A,103725,0,BSPKT2A,ABB,2022-10-16,2023-01-27,2007.0,200,230/115,0.0,14.0,5.0,2.0,0.0,0.0,0.0,516.0,1680.0,37645.0,66899.0,0.0,0.0,523.0,523.0,523.0,523.0,1,raw_available,0.0,
103725,BSP,KT2A,103725,0,BSPKT2A,ABB,2023-01-20,2023-02-02,2007.0,200,230/115,51.0,10.0,4.0,4.0,1.0,0.0,0.0,524.0,1655.0,4440.0,39160.0,28.0,0.0,561.0,533.0,561.0,561.0,1,raw_available,28.0,
103725,BSP,KT2A,103725,0,BSPKT2A,ABB,2023-04-23,2023-05-07,2007.0,200,230/115,50.0,14.0,5.0,6.0,1.0,1.0,0.0,596.0,1785.0,6337.0,43937.0,1.0,1.0,611.0,609.0,611.0,611.0,1,raw_available,2.0,
103725,BSP,KT2A,103725,0,BSPKT2A,ABB,2023-10-13,2023-12-05,2007.0,200,230/115,57.0,12.0,17.0,5.0,2.0,1.0,0.0,556.0,1870.0,12737.0,43178.0,9.0,0.0,590.0,581.0,590.0,590.0,1,raw_available,9.0,
103725,BSP,KT2A,103725,0,BSPKT2A,ABB,2024-04-20,2024-04-27,2007.0,200,230/115,52.0,4.0,11.0,5.0,10.0,0.0,0.0,626.0,1896.0,6084.0,28326.0,0.0,0.0,652.0,652.0,652.0,652.0,1,raw_available,0.0,
103726,TTK,KT5A,103726,0,TTKKT5A,ABB,2020-06-23,2020-08-11,2007.0,200,230/115/22,56.0,21.0,42.0,0.0,1.0,0.0,0.0,330.0,3106.0,9514.0,77752.0,26.0,0.0,399.0,373.0,399.0,399.0,1,raw_available,26.0,
103726,TTK,KT5A,103726,0,TTKKT5A,ABB,2020-12-18,2021-01-11,2007.0,200,230/115/22,51.0,9.0,35.0,3.0,1.0,0.0,0.0,207.0,2512.0,11981.0,50655.0,0.0,1.0,247.0,246.0,247.0,247.0,1,raw_available,1.0,
103726,TTK,KT5A,103726,0,TTKKT5A,ABB,2021-06-28,2021-10-08,2007.0,200,230/115/22,60.0,12.0,11.0,0.0,0.0,42.0,0.0,163.0,1937.0,11137.0,36310.0,0.0,0.0,216.0,216.0,216.0,216.0,1,raw_available,0.0,
103726,TTK,KT5A,103726,0,TTKKT5A,ABB,2021-12-18,2022-01-22,2007.0,200,230/115/22,56.0,13.0,14.0,0.0,5.0,0.0,0.0,187.0,2210.0,16324.0,43567.0,0.0,0.0,206.0,206.0,206.0,206.0,1,raw_available,0.0,
103726,TTK,KT5A,103726,0,TTKKT5A,ABB,2022-06-10,2022-06-26,2007.0,200,230/115/22,60.0,11.0,12.0,3.0,1.0,0.0,0.0,199.0,2229.0,11662.0,49642.0,0.0,1.0,216.0,215.0,216.0,216.0,1,raw_available,1.0,
103726,TTK,KT5A,103726,0,TTKKT5A,ABB,2023-06-17,2023-07-03,2007.0,200,230/115/22,58.0,7.0,15.0,14.0,3.0,2.0,0.0,490.0,2344.0,5975.0,39293.0,1.0,1.0,526.0,524.0,526.0,526.0,1,raw_available,2.0,
103726,TTK,KT5A,103726,0,TTKKT5A,ABB,2023-12-16,2024-01-27,2007.0,200,230/115/22,55.0,14.0,29.0,6.0,1.0,2.0,0.0,474.0,2497.0,15327.0,48957.0,1.0,1.0,514.0,512.0,514.0,514.0,1,raw_available,2.0,
103727,HH,KT1A,103727,0,HHKT1A,ABB,2019-01-19,2019-03-09,2007.0,200,230/115/22,50.0,25.0,13.0,4.0,0.0,0.0,0.0,150.0,634.0,8299.0,41410.0,0.0,0.0,167.0,167.0,167.0,167.0,1,raw_available,0.0,
103727,HH,KT1A,103727,0,HHKT1A,ABB,2020-01-17,2020-02-07,2007.0,200,230/115/22,56.0,13.0,13.0,4.0,1.0,1.0,0.0,164.0,700.0,9390.0,33249.0,0.0,0.0,183.0,183.0,183.0,183.0,1,raw_available,0.0,
103727,HH,KT1A,103727,0,HHKT1A,ABB,2020-07-26,2020-08-02,2007.0,200,230/115/22,54.0,10.0,20.0,5.0,1.0,1.0,0.0,319.0,1263.0,6196.0,33213.0,1.0,0.0,347.0,346.0,347.0,347.0,1,raw_available,1.0,
103727,HH,KT1A,103727,0,HHKT1A,ABB,2021-01-17,2021-01-31,2007.0,200,230/115/22,54.0,10.0,29.0,4.0,1.0,0.0,0.0,163.0,1177.0,8630.0,47790.0,21.0,1.0,219.0,197.0,219.0,219.0,1,raw_available,22.0,
103727,HH,KT1A,103727,0,HHKT1A,ABB,2022-02-28,2022-03-10,2007.0,200,230/115/22,56.0,6.0,10.0,5.0,1.0,1.0,0.0,304.0,1370.0,9461.0,30032.0,0.0,0.0,321.0,321.0,321.0,321.0,1,raw_available,0.0,
103727,HH,KT1A,103727,0,HHKT1A,ABB,2022-07-28,2022-08-07,2007.0,200,230/115/22,57.0,10.0,15.0,3.0,1.0,0.0,0.0,308.0,1302.0,8820.0,35920.0,20.0,0.0,347.0,327.0,347.0,347.0,1,raw_available,20.0,
103727,HH,KT1A,103727,0,HHKT1A,ABB,2023-01-21,2023-02-02,2007.0,200,230/115/22,48.0,7.0,10.0,3.0,0.0,0.0,0.0,324.0,1389.0,7900.0,31170.0,0.0,0.0,337.0,337.0,337.0,337.0,1,raw_available,0.0,
103727,HH,KT1A,103727,0,HHKT1A,ABB,2023-07-29,2023-08-05,2007.0,200,230/115/22,56.0,5.0,12.0,16.0,0.0,0.0,0.0,340.0,1893.0,8790.0,20150.0,25.0,0.0,393.0,368.0,393.0,393.0,1,raw_available,25.0,
103727,HH,KT1A,103727,0,HHKT1A,ABB,2024-02-10,2024-02-24,2007.0,200,230/115/22,55.0,9.0,17.0,5.0,1.0,0.0,0.0,359.0,1439.0,8735.0,31324.0,1.0,1.0,384.0,382.0,384.0,384.0,1,raw_available,2.0,
103728,PA2,KT1A,103728,0,PA2KT1A,ABB,2020-01-16,2020-02-06,2008.0,200,230,54.0,9.0,13.0,3.0,2.0,0.0,0.0,649.0,1676.0,11400.0,57270.0,0.0,0.0,667.0,667.0,667.0,667.0,1,raw_available,0.0,
103728,PA2,KT1A,103728,0,PA2KT1A,ABB,2021-01-23,2021-03-23,2008.0,200,230,55.0,15.0,20.0,0.0,0.0,0.0,0.0,650.0,1700.0,9980.0,55290.0,0.0,0.0,670.0,670.0,670.0,670.0,1,raw_available,0.0,
103728,PA2,KT1A,103728,0,PA2KT1A,ABB,2022-01-08,2022-01-14,2008.0,200,230,50.0,12.0,9.0,2.0,1.0,0.0,0.0,397.0,2225.0,15470.0,5229.0,0.0,0.0,409.0,409.0,409.0,409.0,1,raw_available,0.0,
103728,PA2,KT1A,103728,0,PA2KT1A,ABB,2022-08-20,2022-09-02,2008.0,200,230,52.0,11.0,15.0,3.0,1.0,0.0,0.0,426.0,2489.0,9600.0,48360.0,0.0,1.0,446.0,445.0,446.0,446.0,1,raw_available,1.0,
103728,PA2,KT1A,103728,0,PA2KT1A,ABB,2023-02-26,2023-03-04,2008.0,200,230,62.0,7.0,17.0,4.0,1.0,0.0,0.0,513.0,2594.0,5930.0,41690.0,1.0,0.0,536.0,535.0,536.0,536.0,1,raw_available,1.0,
103728,PA2,KT1A,103728,0,PA2KT1A,ABB,2023-08-20,2023-08-28,2008.0,200,230,64.0,5.0,20.0,7.0,7.0,13.0,0.0,634.0,2741.0,9846.0,46602.0,2.0,1.0,684.0,681.0,684.0,684.0,1,raw_available,3.0,
103728,PA2,KT1A,103728,0,PA2KT1A,ABB,2023-08-23,2023-08-24,2008.0,200,230,51.0,4.0,21.0,8.0,1.0,2.0,0.0,1239.0,3681.0,7752.0,43794.0,1.0,0.0,1272.0,1271.0,1272.0,1272.0,1,raw_available,1.0,
103728,PA2,KT1A,103728,0,PA2KT1A,ABB,2024-02-12,2024-02-25,2008.0,200,230,62.0,8.0,26.0,4.0,1.0,0.0,0.0,693.0,2251.0,14193.0,50390.0,1.0,2.0,727.0,724.0,727.0,727.0,1,raw_available,3.0,
103729,PA2,KT2A,103729,0,PA2KT2A,ABB,2020-01-16,2020-02-06,2008.0,200,230,50.0,8.0,41.0,3.0,1.0,0.0,0.0,710.0,1914.0,7090.0,44120.0,0.0,0.0,755.0,755.0,755.0,755.0,1,raw_available,0.0,
103729,PA2,KT2A,103729,0,PA2KT2A,ABB,2021-01-23,2021-03-21,2008.0,200,230,55.0,16.0,37.0,3.0,1.0,0.0,0.0,700.0,2000.0,10670.0,62490.0,0.0,0.0,741.0,741.0,741.0,741.0,1,raw_available,0.0,
103729,PA2,KT2A,103729,0,PA2KT2A,ABB,2022-01-08,2022-01-14,2008.0,200,230,48.0,9.0,7.0,5.0,1.0,0.0,0.0,329.0,3067.0,24110.0,90580.0,0.0,0.0,342.0,342.0,342.0,342.0,1,raw_available,0.0,
103729,PA2,KT2A,103729,0,PA2KT2A,ABB,2022-08-20,2022-09-02,2008.0,200,230,60.0,17.0,12.0,3.0,1.0,0.0,0.0,448.0,3469.0,12010.0,53560.0,0.0,0.0,464.0,464.0,464.0,464.0,1,raw_available,0.0,
103729,PA2,KT2A,103729,0,PA2KT2A,ABB,2023-02-26,2023-03-04,2008.0,200,230,60.0,7.0,18.0,5.0,1.0,0.0,0.0,524.0,3385.0,18.0,5410.0,2.0,0.0,550.0,548.0,550.0,550.0,1,raw_available,2.0,
103729,PA2,KT2A,103729,0,PA2KT2A,ABB,2023-08-20,2023-08-28,2008.0,200,230,63.0,8.0,20.0,8.0,1.0,1.0,0.0,637.0,2116.0,10262.0,49022.0,1.0,1.0,669.0,667.0,669.0,669.0,1,raw_available,2.0,
103729,PA2,KT2A,103729,0,PA2KT2A,ABB,2023-08-23,2023-08-24,2008.0,200,230,0.0,5.0,23.0,14.0,2.0,3.0,1.0,1311.0,4798.0,6274.0,44349.0,4.0,1.0,1359.0,1354.0,1359.0,1359.0,1,raw_available,5.0,หม้อแปลงมีเสียงดัง
103729,PA2,KT2A,103729,0,PA2KT2A,ABB,2024-02-12,2024-02-25,2008.0,200,230,60.0,7.0,26.0,6.0,6.0,1.0,0.0,692.0,3264.0,12835.0,49936.0,1.0,10.0,742.0,731.0,742.0,742.0,1,raw_available,11.0,
103730,BI2,KT3A,103730,0,BI2KT3A,ABB,2019-03-14,2019-04-01,2008.0,200,230/115/22,61.0,15.0,18.0,77.0,39.0,58.0,0.0,1007.0,6872.0,6500.0,48244.0,10.0,9.0,1218.0,1199.0,1218.0,1218.0,1,raw_available,19.0,
103730,BI2,KT3A,103730,0,BI2KT3A,ABB,2020-03-21,2020-04-04,2008.0,200,230/115/22,60.0,8.0,65.0,183.0,63.0,41.0,0.0,608.0,2033.0,4600.0,6967.0,263.0,25.0,1248.0,960.0,1248.0,1248.0,1,raw_available,288.0,
103730,BI2,KT3A,103730,0,BI2KT3A,ABB,2021-03-20,2021-05-09,2008.0,200,230/115/22,58.0,11.0,36.0,164.0,58.0,40.0,0.0,472.0,3010.0,5783.0,54144.0,17.0,50.0,837.0,770.0,837.0,837.0,1,raw_available,67.0,
103730,BI2,KT3A,103730,0,BI2KT3A,ABB,2022-03-16,2022-04-01,2008.0,200,230/115/22,56.0,11.0,5.0,155.0,47.0,49.0,0.0,376.0,4085.0,16391.0,79315.0,69.0,12.0,713.0,632.0,713.0,713.0,1,raw_available,81.0,
103730,BI2,KT3A,103730,0,BI2KT3A,ABB,2022-09-09,2022-10-02,2008.0,200,230/115/22,56.0,16.0,19.0,170.0,47.0,51.0,0.0,518.0,3431.0,3328.0,80704.0,77.0,15.0,897.0,805.0,897.0,897.0,1,raw_available,92.0,
103730,BI2,KT3A,103730,0,BI2KT3A,ABB,2023-01-23,2023-01-23,2008.0,200,230/115/22,40.0,6.0,26.0,122.0,54.0,59.0,0.0,1110.0,7788.0,9252.0,75485.0,73.0,18.0,1462.0,1371.0,1462.0,1462.0,1,raw_available,91.0,
103730,BI2,KT3A,103730,0,BI2KT3A,ABB,2023-03-25,2023-04-03,2008.0,200,230/115/22,60.0,9.0,35.0,141.0,48.0,34.0,0.0,874.0,6346.0,4190.0,73470.0,17.0,20.0,1169.0,1132.0,1169.0,1169.0,1,raw_available,37.0,
103730,BI2,KT3A,103730,0,BI2KT3A,ABB,2023-10-15,2023-12-14,2008.0,200,230/115/22,58.0,17.0,45.0,159.0,62.0,38.0,0.0,892.0,9461.0,15493.0,75449.0,72.0,18.0,1286.0,1196.0,1286.0,1286.0,1,raw_available,90.0,
103730,BI2,KT3A,103730,0,BI2KT3A,ABB,2024-03-23,2024-04-20,2008.0,200,230/115/22,60.0,20.0,24.0,86.0,51.0,49.0,0.0,876.0,6618.0,9339.0,54566.0,53.0,5.0,1144.0,1086.0,1144.0,1144.0,1,raw_available,58.0,
103798,BSP,KT4AA,103798,0,BSPKT4AA,ABB NORWAY,2019-10-19,2019-11-25,2008.0,100,139.43/16,48.0,12.0,6.0,0.0,0.0,6.0,0.0,687.0,1814.0,13235.0,44348.0,0.0,0.0,699.0,699.0,699.0,699.0,1,raw_available,0.0,
103798,BSP,KT4AA,103798,0,BSPKT4AA,ABB NORWAY,2020-04-26,2020-05-03,2008.0,100,139.43/16,54.0,20.0,21.0,9.0,4.0,0.0,0.0,951.0,2095.0,7715.0,43582.0,0.0,8.0,993.0,985.0,993.0,993.0,1,raw_available,8.0,
103798,BSP,KT4AA,103798,0,BSPKT4AA,ABB NORWAY,2020-05-24,2020-06-02,2008.0,100,139.43/16,,7.0,11.0,0.0,0.0,5.0,0.0,687.0,1748.0,8273.0,33481.0,0.0,0.0,703.0,703.0,703.0,703.0,1,raw_available,0.0,
103798,BSP,KT4AA,103798,0,BSPKT4AA,ABB NORWAY,2021-04-18,2021-06-11,2008.0,100,139.43/16,56.0,15.0,59.0,3.0,1.0,1.0,0.0,414.0,1589.0,19510.0,73560.0,0.0,3.0,481.0,478.0,481.0,481.0,1,raw_available,3.0,
103798,BSP,KT4AA,103798,0,BSPKT4AA,ABB NORWAY,2022-05-21,2022-05-26,2008.0,100,139.43/16,50.0,8.0,8.0,3.0,6.0,5.0,0.0,769.0,2019.0,13980.0,42131.0,0.0,0.0,791.0,791.0,791.0,791.0,1,raw_available,0.0,
103798,BSP,KT4AA,103798,0,BSPKT4AA,ABB NORWAY,2022-10-16,2023-01-27,2008.0,100,139.43/16,52.0,14.0,5.0,4.0,1.0,5.0,0.0,766.0,2073.0,37134.0,66550.0,0.0,0.0,781.0,781.0,781.0,781.0,1,raw_available,0.0,
103798,BSP,KT4AA,103798,0,BSPKT4AA,ABB NORWAY,2023-01-20,2023-02-02,2008.0,100,139.43/16,45.0,10.0,2.0,6.0,2.0,2.0,0.0,738.0,2179.0,7850.0,45440.0,194.0,5.0,949.0,750.0,949.0,949.0,1,raw_available,199.0,
103798,BSP,KT4AA,103798,0,BSPKT4AA,ABB NORWAY,2023-04-23,2023-05-07,2008.0,100,139.43/16,50.0,15.0,4.0,7.0,3.0,4.0,0.0,592.0,2092.0,8727.0,49923.0,0.0,0.0,610.0,610.0,610.0,610.0,1,raw_available,0.0,
103798,BSP,KT4AA,103798,0,BSPKT4AA,ABB NORWAY,2023-10-13,2023-12-11,2008.0,100,139.43/16,44.0,18.0,5.0,13.0,5.0,21.0,0.0,607.0,2166.0,10570.0,35880.0,0.0,0.0,651.0,651.0,651.0,651.0,1,raw_available,0.0,
103798,BSP,KT4AA,103798,0,BSPKT4AA,ABB NORWAY,2024-06-09,2024-06-28,2008.0,100,139.43/16,49.0,4.0,6.0,12.0,4.0,9.0,0.0,1044.0,4119.0,14051.0,58631.0,8.0,13.0,1096.0,1075.0,1096.0,1096.0,1,raw_available,21.0,
103799,BSP,KT4AB,103799,0,BSPKT4AB,ABB NORWAY,2019-10-19,2019-11-25,2008.0,100,139.43/16,50.0,20.0,7.0,0.0,0.0,6.0,0.0,609.0,1941.0,17855.0,47401.0,0.0,0.0,622.0,622.0,622.0,622.0,1,raw_available,0.0,
103799,BSP,KT4AB,103799,0,BSPKT4AB,ABB NORWAY,2020-04-26,2020-05-03,2008.0,100,139.43/16,54.0,11.0,14.0,7.0,3.0,5.0,0.0,952.0,2478.0,6148.0,39685.0,2.0,8.0,991.0,981.0,991.0,991.0,1,raw_available,10.0,
103799,BSP,KT4AB,103799,0,BSPKT4AB,ABB NORWAY,2020-05-24,2020-06-01,2008.0,100,139.43/16,,10.0,0.0,6.0,2.0,1.0,0.0,497.0,908.0,0.0,0.0,0.0,6.0,512.0,506.0,512.0,512.0,1,raw_available,6.0,"เครื่องไม่สามารถรายงานผลของ O2, N2, H2 ได้"
103799,BSP,KT4AB,103799,0,BSPKT4AB,ABB NORWAY,2021-04-18,2021-06-07,2008.0,100,139.43/16,56.0,17.0,40.0,3.0,1.0,1.0,0.0,370.0,1496.0,17930.0,62930.0,0.0,3.0,418.0,415.0,418.0,418.0,1,raw_available,3.0,
103799,BSP,KT4AB,103799,0,BSPKT4AB,ABB NORWAY,2022-05-21,2022-05-27,2008.0,100,139.43/16,50.0,13.0,9.0,4.0,4.0,6.0,0.0,795.0,2599.0,9660.0,38926.0,0.0,0.0,818.0,818.0,818.0,818.0,1,raw_available,0.0,
103799,BSP,KT4AB,103799,0,BSPKT4AB,ABB NORWAY,2022-10-16,2023-01-27,2008.0,100,139.43/16,53.0,16.0,7.0,1.0,3.0,5.0,0.0,761.0,2556.0,41029.0,65708.0,3.0,3.0,783.0,777.0,783.0,783.0,1,raw_available,6.0,
103799,BSP,KT4AB,103799,0,BSPKT4AB,ABB NORWAY,2023-01-20,2023-02-02,2008.0,100,139.43/16,45.0,13.0,3.0,6.0,3.0,3.0,0.0,774.0,2573.0,7270.0,45770.0,0.0,0.0,789.0,789.0,789.0,789.0,1,raw_available,0.0,
103799,BSP,KT4AB,103799,0,BSPKT4AB,ABB NORWAY,2023-04-23,2023-05-07,2008.0,100,139.43/16,52.0,13.0,3.0,11.0,3.0,9.0,0.0,922.0,2911.0,8141.0,51418.0,7.0,5.0,960.0,948.0,960.0,960.0,1,raw_available,12.0,
103799,BSP,KT4AB,103799,0,BSPKT4AB,ABB NORWAY,2023-10-13,2023-12-11,2008.0,100,139.43/16,44.0,12.0,4.0,13.0,4.0,13.0,0.0,939.0,2936.0,17410.0,33220.0,10.0,5.0,988.0,973.0,988.0,988.0,1,raw_available,15.0,
103799,BSP,KT4AB,103799,0,BSPKT4AB,ABB NORWAY,2024-04-19,2024-04-27,2008.0,100,139.43/16,52.0,5.0,8.0,10.0,0.0,6.0,0.0,1007.0,2873.0,8225.0,34399.0,0.0,0.0,1031.0,1031.0,1031.0,1031.0,1,raw_available,0.0,
103800,BSP,KT4AC,103800,0,BSPKT4AC,ABB NORWAY,2019-10-19,2019-11-25,2008.0,100,139.43/16,50.0,17.0,5.0,3.0,0.0,5.0,0.0,512.0,1780.0,12219.0,45047.0,7.0,4.0,536.0,525.0,536.0,536.0,1,raw_available,11.0,
103800,BSP,KT4AC,103800,0,BSPKT4AC,ABB NORWAY,2020-04-26,2020-05-03,2008.0,100,139.43/16,54.0,11.0,22.0,8.0,4.0,0.0,0.0,975.0,2204.0,6817.0,39629.0,0.0,7.0,1016.0,1009.0,1016.0,1016.0,1,raw_available,7.0,
103800,BSP,KT4AC,103800,0,BSPKT4AC,ABB NORWAY,2020-05-24,2020-06-01,2008.0,100,139.43/16,,8.0,0.0,8.0,4.0,1.0,0.0,539.0,864.0,0.0,0.0,0.0,6.0,558.0,552.0,558.0,558.0,1,raw_available,6.0,"เครื่องไม่สามารถรายงานผลของ O2, N2, H2 ได้"
103800,BSP,KT4AC,103800,0,BSPKT4AC,ABB NORWAY,2021-04-18,2021-06-07,2008.0,100,139.43/16,56.0,12.0,23.0,4.0,1.0,0.0,0.0,383.0,1125.0,1309.0,5178.0,0.0,0.0,411.0,411.0,411.0,411.0,1,raw_available,0.0,
103800,BSP,KT4AC,103800,0,BSPKT4AC,ABB NORWAY,2022-05-21,2022-05-26,2008.0,100,139.43/16,50.0,14.0,8.0,4.0,7.0,4.0,0.0,710.0,1926.0,13407.0,39720.0,0.0,0.0,733.0,733.0,733.0,733.0,1,raw_available,0.0,
103800,BSP,KT4AC,103800,0,BSPKT4AC,ABB NORWAY,2022-10-16,2023-01-27,2008.0,100,139.43/16,52.0,12.0,5.0,4.0,2.0,1.0,0.0,697.0,1937.0,36230.0,63652.0,4.0,2.0,715.0,709.0,715.0,715.0,1,raw_available,6.0,
103800,BSP,KT4AC,103800,0,BSPKT4AC,ABB NORWAY,2023-01-20,2023-02-02,2008.0,100,139.43/16,45.0,9.0,2.0,6.0,2.0,3.0,0.0,706.0,1978.0,10800.0,49760.0,0.0,0.0,719.0,719.0,719.0,719.0,1,raw_available,0.0,
103800,BSP,KT4AC,103800,0,BSPKT4AC,ABB NORWAY,2023-04-23,2023-05-07,2008.0,100,139.43/16,50.0,13.0,2.0,7.0,2.0,5.0,0.0,707.0,1806.0,13882.0,57915.0,7.0,5.0,735.0,723.0,735.0,735.0,1,raw_available,12.0,
103800,BSP,KT4AC,103800,0,BSPKT4AC,ABB NORWAY,2023-10-13,2023-12-05,2008.0,100,139.43/16,44.0,11.0,17.0,9.0,3.0,5.0,0.0,817.0,2477.0,17019.0,52795.0,10.0,5.0,866.0,851.0,866.0,866.0,1,raw_available,15.0,
103800,BSP,KT4AC,103800,0,BSPKT4AC,ABB NORWAY,2024-04-19,2024-04-27,2008.0,100,139.43/16,52.0,4.0,7.0,10.0,0.0,5.0,0.0,898.0,2723.0,9303.0,35010.0,0.0,0.0,920.0,920.0,920.0,920.0,1,raw_available,0.0,
103826,BN,KT2A,103826,0,BNKT2A,ABB,2019-05-24,2019-12-05,2008.0,200,230/69,40.0,10.0,11.0,0.0,0.0,2.0,0.0,376.0,1713.0,10185.0,48997.0,0.0,0.0,389.0,389.0,389.0,389.0,1,raw_available,0.0,de-energize.
103826,BN,KT2A,103826,0,BNKT2A,ABB,2019-11-04,2019-12-14,2008.0,200,230/69,40.0,25.0,6.0,6.0,0.0,3.0,0.0,341.0,1921.0,28150.0,76555.0,3.0,0.0,359.0,356.0,359.0,359.0,1,raw_available,3.0,
103826,BN,KT2A,103826,0,BNKT2A,ABB,2020-06-03,2020-07-03,2008.0,200,230/69,42.0,14.0,12.0,0.0,4.0,8.0,0.0,423.0,1831.0,27393.0,62374.0,0.0,0.0,447.0,447.0,447.0,447.0,1,raw_available,0.0,
103826,BN,KT2A,103826,0,BNKT2A,ABB,2020-11-21,2020-11-30,2008.0,200,230/69,,9.0,4.0,0.0,4.0,0.0,0.0,361.0,1795.0,29264.0,72753.0,3.0,0.0,372.0,369.0,372.0,372.0,1,raw_available,3.0,
103826,BN,KT2A,103826,0,BNKT2A,ABB,2021-05-21,2021-06-15,2008.0,200,230/69,40.0,10.0,7.0,3.0,0.0,8.0,0.0,351.0,1752.0,12940.0,65687.0,2.0,0.0,371.0,369.0,371.0,371.0,1,raw_available,2.0,De-energize .
103826,BN,KT2A,103826,0,BNKT2A,ABB,2021-11-15,2021-11-21,2008.0,200,230/69,40.0,6.0,2.0,1.0,1.0,1.0,0.0,368.0,1833.0,16655.0,45462.0,1.0,1.0,375.0,373.0,375.0,375.0,1,raw_available,2.0,De-Energize
103826,BN,KT2A,103826,0,BNKT2A,ABB,2022-05-30,2022-06-13,2008.0,200,230/69,63.0,9.0,9.0,78.0,6.0,5.0,0.0,278.0,2023.0,30697.0,63264.0,0.0,0.0,376.0,376.0,376.0,376.0,1,raw_available,0.0,
103826,BN,KT2A,103826,0,BNKT2A,ABB,2022-11-26,2022-11-28,2008.0,200,230/69,56.0,5.0,10.0,3.0,1.0,4.0,0.0,278.0,1797.0,32652.0,60401.0,4.0,2.0,302.0,296.0,302.0,302.0,1,raw_available,6.0,
103826,BN,KT2A,103826,0,BNKT2A,ABB,2023-05-19,2023-05-22,2008.0,200,230/69,40.0,6.0,4.0,1.0,0.0,2.0,0.0,254.0,1989.0,27340.0,66270.0,1.0,0.0,262.0,261.0,262.0,262.0,1,raw_available,1.0,De Energize
103826,BN,KT2A,103826,0,BNKT2A,ABB,2023-11-24,2023-12-25,2008.0,200,230/69,58.0,16.0,21.0,1.0,1.0,3.0,0.0,228.0,1909.0,40970.0,78204.0,4.0,3.0,261.0,254.0,261.0,261.0,1,raw_available,7.0,
103827,BN,KT3A,103827,0,BNKT3A,ABB,2017-11-30,2020-11-21,2008.0,200,230/69,66.0,7.0,9.0,51.0,20.0,33.0,3.0,1503.0,6035.0,8570.0,62498.0,43.0,0.0,1662.0,1619.0,1662.0,1662.0,1,raw_available,43.0,
103827,BN,KT3A,103827,0,BNKT3A,ABB,2019-05-12,2019-05-25,2008.0,200,230/69,68.0,12.0,15.0,72.0,21.0,43.0,6.0,1085.0,5378.0,7237.0,42914.0,40.0,0.0,1282.0,1242.0,1282.0,1282.0,1,raw_available,40.0,
103827,BN,KT3A,103827,0,BNKT3A,ABB,2019-11-04,2019-12-14,2008.0,200,230/69,66.0,9.0,10.0,57.0,24.0,38.0,4.0,1063.0,5078.0,11420.0,62697.0,51.0,0.0,1247.0,1196.0,1247.0,1247.0,1,raw_available,51.0,
103827,BN,KT3A,103827,0,BNKT3A,ABB,2020-06-03,2020-07-03,2008.0,200,230/69,68.0,11.0,16.0,63.0,28.0,40.0,4.0,1255.0,5123.0,9249.0,51994.0,0.0,0.0,1406.0,1406.0,1406.0,1406.0,1,raw_available,0.0,
103827,BN,KT3A,103827,0,BNKT3A,ABB,2021-05-21,2021-06-21,2008.0,200,230/69,66.0,13.0,31.0,32.0,17.0,15.0,1.0,1050.0,6372.0,9032.0,59531.0,18.0,6.0,1170.0,1146.0,1170.0,1170.0,1,raw_available,24.0,
103827,BN,KT3A,103827,0,BNKT3A,ABB,2021-11-15,2021-11-21,2008.0,200,230/69,56.0,4.0,7.0,30.0,17.0,14.0,1.0,813.0,5373.0,7392.0,38921.0,14.0,5.0,901.0,882.0,901.0,901.0,1,raw_available,19.0,
103827,BN,KT3A,103827,0,BNKT3A,ABB,2022-05-30,2022-06-04,2008.0,200,230/69,42.0,10.0,14.0,35.0,25.0,37.0,0.0,1037.0,4255.0,8484.0,47781.0,20.0,10.0,1178.0,1148.0,1178.0,1178.0,1,raw_available,30.0,
103827,BN,KT3A,103827,0,BNKT3A,ABB,2022-11-26,2022-11-28,2008.0,200,230/69,60.0,4.0,21.0,68.0,22.0,31.0,0.0,1263.0,4718.0,6654.0,42045.0,27.0,7.0,1439.0,1405.0,1439.0,1439.0,1,raw_available,34.0,
103827,BN,KT3A,103827,0,BNKT3A,ABB,2023-05-19,2023-05-25,2008.0,200,230/69,58.0,6.0,17.0,64.0,20.0,35.0,0.0,851.0,3453.0,9067.0,59494.0,42.0,5.0,1034.0,987.0,1034.0,1034.0,1,raw_available,47.0,
103827,BN,KT3A,103827,0,BNKT3A,ABB,2023-11-24,2023-12-25,2008.0,200,230/69,58.0,10.0,25.0,57.0,28.0,52.0,0.0,1173.0,5782.0,15255.0,57457.0,49.0,6.0,1390.0,1335.0,1390.0,1390.0,1,raw_available,55.0,
103916,SB,KT4A,103916,0,SBKT4A,ABB,2019-06-06,2019-07-28,2011.0,300,230/72.5,59.0,13.0,19.0,11.0,7.0,9.0,0.0,900.0,3242.0,9320.0,42035.0,0.0,0.0,946.0,946.0,946.0,946.0,1,raw_available,0.0,
103916,SB,KT4A,103916,0,SBKT4A,ABB,2019-10-26,2019-11-08,2011.0,300,230/72.5,60.0,8.0,26.0,10.0,4.0,0.0,0.0,990.0,3011.0,8190.0,43830.0,0.0,3.0,1033.0,1030.0,1033.0,1033.0,1,raw_available,3.0,
103916,SB,KT4A,103916,0,SBKT4A,ABB,2020-05-29,2020-06-02,2011.0,300,230/72.5,60.0,10.0,22.0,0.0,0.0,0.0,0.0,943.0,3725.0,14828.0,52569.0,0.0,0.0,965.0,965.0,965.0,965.0,1,raw_available,0.0,
103916,SB,KT4A,103916,0,SBKT4A,ABB,2020-11-22,2020-12-25,2011.0,300,230/72.5,56.0,14.0,42.0,7.0,3.0,2.0,0.0,951.0,3876.0,9226.0,51821.0,2.0,2.0,1009.0,1005.0,1009.0,1009.0,1,raw_available,4.0,
103916,SB,KT4A,103916,0,SBKT4A,ABB,2021-06-07,2021-08-14,2011.0,300,230/72.5,,10.0,21.0,9.0,0.0,0.0,0.0,904.0,3555.0,18438.0,62690.0,0.0,0.0,934.0,934.0,934.0,934.0,1,raw_available,0.0,
103916,SB,KT4A,103916,0,SBKT4A,ABB,2021-11-21,2021-12-10,2011.0,300,230/72.5,,12.0,38.0,18.0,4.0,0.0,0.0,1530.0,5252.0,7906.0,63965.0,7.0,3.0,1600.0,1590.0,1600.0,1600.0,1,raw_available,10.0,
103916,SB,KT4A,103916,0,SBKT4A,ABB,2022-05-23,2022-06-02,2011.0,300,230/72.5,60.0,10.0,35.0,7.0,4.0,44.0,0.0,1560.0,5700.0,9920.0,76050.0,119.0,3.0,1772.0,1650.0,1772.0,1772.0,1,raw_available,122.0,
103916,SB,KT4A,103916,0,SBKT4A,ABB,2022-12-12,2022-12-15,2011.0,300,230/72.5,52.0,6.0,17.0,9.0,4.0,1.0,0.0,1526.0,5652.0,11690.0,62430.0,115.0,3.0,1675.0,1557.0,1675.0,1675.0,1,raw_available,118.0,
103916,SB,KT4A,103916,0,SBKT4A,ABB,2023-07-01,2023-07-09,2011.0,300,230/72.5,58.0,8.0,19.0,33.0,4.0,2.0,0.0,1311.0,4168.0,13550.0,67097.0,12.0,6.0,1387.0,1369.0,1387.0,1387.0,1,raw_available,18.0,
103917,SB,KT5A,103917,0,SBKT5A,ABB,2019-02-09,2019-02-09,2011.0,300,230/72/11,48.0,5.0,29.0,167.0,66.0,161.0,0.0,291.0,1456.0,10652.0,34078.0,117.0,10.0,841.0,714.0,841.0,841.0,1,raw_available,127.0,
103917,SB,KT5A,103917,0,SBKT5A,ABB,2019-06-06,2019-07-28,2011.0,300,230/72/11,56.0,9.0,28.0,163.0,79.0,161.0,2.0,326.0,1700.0,7254.0,39685.0,101.0,8.0,868.0,759.0,868.0,868.0,1,raw_available,109.0,
103917,SB,KT5A,103917,0,SBKT5A,ABB,2019-09-15,2019-09-17,2011.0,300,230/72/11,44.0,10.0,15.0,133.0,73.0,145.0,0.0,269.0,1589.0,9846.0,32305.0,62.0,6.0,703.0,635.0,703.0,703.0,1,raw_available,68.0,"งูขึ้นใบมีด69kV SB-6955 phase a,b"
103917,SB,KT5A,103917,0,SBKT5A,ABB,2019-10-26,2019-11-08,2011.0,300,230/72/11,46.0,9.0,23.0,141.0,80.0,170.0,0.0,259.0,1611.0,13140.0,37160.0,158.0,30.0,861.0,673.0,861.0,861.0,1,raw_available,188.0,
103917,SB,KT5A,103917,0,SBKT5A,ABB,2020-05-29,2020-06-02,2011.0,300,230/72/11,52.0,8.0,25.0,157.0,80.0,151.0,0.0,379.0,1828.0,14469.0,32592.0,126.0,0.0,918.0,792.0,918.0,918.0,1,raw_available,126.0,
103917,SB,KT5A,103917,0,SBKT5A,ABB,2020-11-22,2020-12-25,2011.0,300,230/72/11,57.0,18.0,28.0,152.0,67.0,163.0,0.0,364.0,1768.0,16562.0,60491.0,134.0,22.0,930.0,774.0,930.0,930.0,1,raw_available,156.0,
103917,SB,KT5A,103917,0,SBKT5A,ABB,2021-06-07,2021-08-10,2011.0,300,230/72/11,,20.0,20.0,123.0,80.0,133.0,0.0,374.0,1535.0,20856.0,41618.0,23.0,5.0,758.0,730.0,758.0,758.0,1,raw_available,28.0,
103917,SB,KT5A,103917,0,SBKT5A,ABB,2021-11-21,2021-12-10,2011.0,300,230/72/11,52.0,18.0,37.0,171.0,95.0,179.0,1.0,588.0,2384.0,10530.0,49833.0,144.0,21.0,1236.0,1071.0,1236.0,1236.0,1,raw_available,165.0,
103917,SB,KT5A,103917,0,SBKT5A,ABB,2022-05-23,2022-06-02,2011.0,300,230/72/11,50.0,10.0,19.0,124.0,88.0,146.0,0.0,549.0,2335.0,17151.0,42346.0,107.0,9.0,1042.0,926.0,1042.0,1042.0,1,raw_available,116.0,
103917,SB,KT5A,103917,0,SBKT5A,ABB,2022-12-12,2022-12-15,2011.0,300,230/72/11,45.0,5.0,21.0,159.0,86.0,150.0,0.0,505.0,2205.0,13600.0,47400.0,175.0,31.0,1127.0,921.0,1127.0,1127.0,1,raw_available,206.0,
103917,SB,KT5A,103917,0,SBKT5A,ABB,2023-07-01,2023-07-09,2011.0,300,230/72/11,49.0,8.0,21.0,228.0,130.0,214.0,0.0,714.0,2328.0,17377.0,53792.0,208.0,22.0,1537.0,1307.0,1537.0,1537.0,1,raw_available,230.0,
103917,SB,KT5A,103917,0,SBKT5A,ABB,2024-02-12,2024-02-12,2011.0,300,230/72/11,0.0,7.0,41.0,319.0,188.0,289.0,0.0,605.0,2314.0,10820.0,39440.0,446.0,74.0,1962.0,1442.0,1962.0,1962.0,1,raw_available,520.0,
103922,SB,KT2A,103922,0,SBKT2A,ABB,2019-07-17,2019-07-20,2011.0,300,230/72/22,60.0,10.0,23.0,9.0,0.0,0.0,0.0,1038.0,4714.0,7855.0,50903.0,0.0,0.0,1070.0,1070.0,1070.0,1070.0,1,raw_available,0.0,
103922,SB,KT2A,103922,0,SBKT2A,ABB,2019-10-26,2019-11-08,2011.0,300,230/72/22,56.0,12.0,27.0,8.0,2.0,0.0,0.0,993.0,4643.0,7875.0,52451.0,0.0,2.0,1032.0,1030.0,1032.0,1032.0,1,raw_available,2.0,
103922,SB,KT2A,103922,0,SBKT2A,ABB,2020-05-29,2020-06-02,2011.0,300,230/72/22,58.0,14.0,18.0,0.0,0.0,0.0,0.0,769.0,3726.0,17002.0,52869.0,0.0,0.0,787.0,787.0,787.0,787.0,1,raw_available,0.0,
103922,SB,KT2A,103922,0,SBKT2A,ABB,2020-11-22,2020-12-25,2011.0,300,230/72/22,60.0,12.0,51.0,10.0,2.0,2.0,0.0,861.0,4392.0,6837.0,54517.0,2.0,2.0,930.0,926.0,930.0,930.0,1,raw_available,4.0,
103922,SB,KT2A,103922,0,SBKT2A,ABB,2021-06-07,2021-08-10,2011.0,300,230/72/22,,13.0,16.0,0.0,0.0,0.0,0.0,773.0,3467.0,17382.0,52553.0,0.0,0.0,789.0,789.0,789.0,789.0,1,raw_available,0.0,
103922,SB,KT2A,103922,0,SBKT2A,ABB,2021-11-21,2021-12-10,2011.0,300,230/72/22,,11.0,43.0,20.0,2.0,0.0,0.0,1279.0,5363.0,8504.0,64530.0,6.0,2.0,1352.0,1344.0,1352.0,1352.0,1,raw_available,8.0,
103922,SB,KT2A,103922,0,SBKT2A,ABB,2022-05-23,2022-06-02,2011.0,300,230/72/22,58.0,14.0,24.0,4.0,5.0,2.0,0.0,1176.0,5175.0,9393.0,58701.0,0.0,0.0,1211.0,1211.0,1211.0,1211.0,1,raw_available,0.0,
103922,SB,KT2A,103922,0,SBKT2A,ABB,2022-12-12,2022-12-15,2011.0,300,230/72/22,50.0,6.0,15.0,7.0,3.0,1.0,0.0,1198.0,5138.0,10730.0,56190.0,67.0,2.0,1293.0,1224.0,1293.0,1293.0,1,raw_available,69.0,
103922,SB,KT2A,103922,0,SBKT2A,ABB,2023-07-01,2023-07-09,2011.0,300,230/72/22,55.0,12.0,17.0,18.0,6.0,0.0,0.0,1136.0,4167.0,13856.0,67223.0,15.0,1.0,1193.0,1177.0,1193.0,1193.0,1,raw_available,16.0,
103923,SB,KT1A,103923,0,SBKT1A,ABB,2019-06-06,2019-07-28,2011.0,300,230/72/22,62.0,20.0,17.0,10.0,2.0,0.0,0.0,814.0,3615.0,8802.0,52134.0,2.0,1.0,846.0,843.0,846.0,846.0,1,raw_available,3.0,
103923,SB,KT1A,103923,0,SBKT1A,ABB,2019-10-26,2019-11-08,2011.0,300,230/72/22,54.0,8.0,20.0,7.0,2.0,0.0,0.0,831.0,3629.0,10991.0,56220.0,0.0,2.0,862.0,860.0,862.0,862.0,1,raw_available,2.0,
103923,SB,KT1A,103923,0,SBKT1A,ABB,2020-05-29,2020-06-02,2011.0,300,230/72/22,60.0,18.0,17.0,0.0,0.0,0.0,0.0,702.0,3395.0,17435.0,53682.0,0.0,0.0,719.0,719.0,719.0,719.0,1,raw_available,0.0,
103923,SB,KT1A,103923,0,SBKT1A,ABB,2020-11-22,2020-12-25,2011.0,300,230/72/22,60.0,17.0,38.0,11.0,2.0,1.0,0.0,957.0,4286.0,12364.0,51265.0,1.0,2.0,1012.0,1009.0,1012.0,1012.0,1,raw_available,3.0,
103923,SB,KT1A,103923,0,SBKT1A,ABB,2021-06-07,2021-08-16,2011.0,300,230/72/22,,18.0,16.0,0.0,9.0,0.0,0.0,815.0,4076.0,22071.0,67811.0,0.0,0.0,840.0,840.0,840.0,840.0,1,raw_available,0.0,
103923,SB,KT1A,103923,0,SBKT1A,ABB,2021-11-21,2021-12-10,2011.0,300,230/72/22,52.0,19.0,40.0,20.0,2.0,0.0,0.0,1371.0,5400.0,7737.0,64182.0,5.0,2.0,1440.0,1433.0,1440.0,1440.0,1,raw_available,7.0,
103923,SB,KT1A,103923,0,SBKT1A,ABB,2022-05-25,2022-06-02,2011.0,300,230/72/22,60.0,12.0,19.0,3.0,4.0,3.0,0.0,1167.0,4928.0,11803.0,58217.0,4.0,0.0,1200.0,1196.0,1200.0,1200.0,1,raw_available,4.0,
103923,SB,KT1A,103923,0,SBKT1A,ABB,2022-12-12,2022-12-15,2011.0,300,230/72/22,50.0,5.0,14.0,7.0,2.0,1.0,0.0,1227.0,5144.0,10330.0,58550.0,48.0,2.0,1301.0,1251.0,1301.0,1301.0,1,raw_available,50.0,
103923,SB,KT1A,103923,0,SBKT1A,ABB,2023-07-01,2023-07-09,2011.0,300,230/72/22,0.0,10.0,11.0,21.0,4.0,1.0,0.0,1108.0,3683.0,13843.0,66504.0,17.0,5.0,1167.0,1145.0,1167.0,1167.0,1,raw_available,22.0,
110-73311,CP,KT3A,110-73311,0,CPKT3A,NATIONAL,2019-03-30,2019-07-06,2001.0,60,115/5.6,40.0,31.0,4.0,0.0,0.0,0.0,0.0,6.0,399.0,13052.0,53950.0,0.0,0.0,10.0,10.0,10.0,10.0,1,raw_available,0.0,หม้อแปลงไม่ได้ใช้งาน เนื่องจาก SVS เสีย
110-73311,CP,KT3A,110-73311,0,CPKT3A,NATIONAL,2022-04-17,2022-04-25,2001.0,60,115/5.6,30.0,11.0,9.0,2.0,1.0,1.0,0.0,530.0,2432.0,4260.0,47610.0,3.0,3.0,549.0,543.0,549.0,549.0,1,raw_available,6.0,ก่อนนำระบบ SVS เข้าใช้งานหลังจากหยุดใช้งานมาหลายปี
110-73311,CP,KT3A,110-73311,0,CPKT3A,NATIONAL,2022-11-28,2023-01-13,2001.0,60,115/5.6,,17.0,18.0,5.0,3.0,1.0,0.0,898.0,2484.0,21169.0,71375.0,6.0,5.0,936.0,925.0,936.0,936.0,1,raw_available,11.0,
110-73311,CP,KT3A,110-73311,0,CPKT3A,NATIONAL,2023-11-24,2024-01-27,2001.0,60,115/5.6,45.0,20.0,6.0,7.0,2.0,1.0,0.0,733.0,2782.0,16936.0,62804.0,2.0,4.0,755.0,749.0,755.0,755.0,1,raw_available,6.0,
11135210,SNO,KT5AA,11135210,0,SNOKT5AA,ABB,2019-05-24,2019-08-09,2009.0,300,500,60.0,14.0,3.0,7.0,3.0,0.0,0.0,658.0,2897.0,10383.0,35098.0,0.0,4.0,675.0,671.0,675.0,675.0,1,raw_available,4.0,
11135210,SNO,KT5AA,11135210,0,SNOKT5AA,ABB,2019-11-30,2019-12-08,2009.0,300,500,60.0,8.0,17.0,6.0,3.0,0.0,0.0,826.0,3564.0,8893.0,38557.0,0.0,2.0,854.0,852.0,854.0,854.0,1,raw_available,2.0,
11135210,SNO,KT5AA,11135210,0,SNOKT5AA,ABB,2020-06-06,2020-08-04,2009.0,300,500,63.0,15.0,11.0,12.0,0.0,0.0,0.0,802.0,3772.0,6797.0,44755.0,0.0,0.0,825.0,825.0,825.0,825.0,1,raw_available,0.0,
11135210,SNO,KT5AA,11135210,0,SNOKT5AA,ABB,2020-11-21,2020-11-30,2009.0,300,500,62.0,8.0,8.0,0.0,3.0,0.0,0.0,822.0,3889.0,7868.0,42432.0,0.0,0.0,833.0,833.0,833.0,833.0,1,raw_available,0.0,
11135210,SNO,KT5AA,11135210,0,SNOKT5AA,ABB,2021-06-13,2021-08-28,2009.0,300,500,65.0,17.0,12.0,0.0,23.0,4.0,0.0,703.0,2923.0,10332.0,37002.0,0.0,0.0,742.0,742.0,742.0,742.0,1,raw_available,0.0,
11135210,SNO,KT5AA,11135210,0,SNOKT5AA,ABB,2021-11-14,2021-11-20,2009.0,300,500,56.0,6.0,15.0,8.0,4.0,0.0,0.0,801.0,5159.0,2830.0,30790.0,0.0,4.0,832.0,828.0,832.0,832.0,1,raw_available,4.0,
11135210,SNO,KT5AA,11135210,0,SNOKT5AA,ABB,2022-05-26,2022-05-30,2009.0,300,500,60.0,7.0,23.0,10.0,10.0,9.0,0.0,782.0,5247.0,4215.0,48295.0,40.0,6.0,900.0,834.0,900.0,900.0,1,raw_available,66.0,
11135210,SNO,KT5AA,11135210,0,SNOKT5AA,ABB,2022-11-25,2022-11-28,2009.0,300,500,52.0,5.0,20.0,15.0,3.0,3.0,0.0,981.0,5370.0,9053.0,34228.0,0.0,0.0,1022.0,1022.0,1022.0,1022.0,1,raw_available,0.0,
11135210,SNO,KT5AA,11135210,0,SNOKT5AA,ABB,2023-05-20,2023-05-25,2009.0,300,500,57.0,11.0,13.0,17.0,7.0,3.0,0.0,893.0,4806.0,4812.0,45426.0,0.0,4.0,937.0,933.0,937.0,937.0,1,raw_available,4.0,
11135210,SNO,KT5AA,11135210,0,SNOKT5AA,ABB,2023-11-27,2023-12-28,2009.0,300,500,52.0,8.0,8.0,13.0,5.0,5.0,0.0,741.0,4346.0,30060.0,45240.0,96.0,3.0,871.0,772.0,871.0,871.0,1,raw_available,99.0,
11135211,SNO,KT5AB,11135211,0,SNOKT5AB,ABB,2019-05-24,2019-08-09,2009.0,300,500,60.0,14.0,3.0,6.0,2.0,0.0,0.0,664.0,2873.0,9669.0,39352.0,0.0,1.0,676.0,675.0,676.0,676.0,1,raw_available,1.0,
11135211,SNO,KT5AB,11135211,0,SNOKT5AB,ABB,2019-11-30,2019-12-08,2009.0,300,500,60.0,8.0,19.0,5.0,2.0,0.0,0.0,698.0,3018.0,11623.0,41709.0,0.0,1.0,725.0,724.0,725.0,725.0,1,raw_available,1.0,
11135211,SNO,KT5AB,11135211,0,SNOKT5AB,ABB,2020-06-06,2020-08-04,2009.0,300,500,63.0,11.0,14.0,8.0,0.0,1.0,0.0,686.0,3124.0,8649.0,42532.0,2.0,1.0,712.0,709.0,712.0,712.0,1,raw_available,3.0,
11135211,SNO,KT5AB,11135211,0,SNOKT5AB,ABB,2020-11-21,2020-11-30,2009.0,300,500,62.0,6.0,9.0,0.0,2.0,0.0,0.0,757.0,3328.0,7413.0,39903.0,3.0,1.0,772.0,768.0,772.0,772.0,1,raw_available,4.0,
11135211,SNO,KT5AB,11135211,0,SNOKT5AB,ABB,2021-06-13,2021-08-28,2009.0,300,500,65.0,18.0,16.0,0.0,0.0,0.0,0.0,693.0,2640.0,6932.0,32118.0,0.0,0.0,709.0,709.0,709.0,709.0,1,raw_available,0.0,
11135211,SNO,KT5AB,11135211,0,SNOKT5AB,ABB,2021-11-14,2021-11-20,2009.0,300,500,54.0,5.0,9.0,10.0,5.0,0.0,0.0,225.0,7935.0,13840.0,64600.0,19.0,15.0,283.0,249.0,283.0,283.0,1,raw_available,34.0,
11135211,SNO,KT5AB,11135211,0,SNOKT5AB,ABB,2022-05-26,2022-05-30,2009.0,300,500,58.0,11.0,22.0,8.0,10.0,3.0,0.0,683.0,4248.0,4645.0,43377.0,30.0,2.0,788.0,726.0,788.0,788.0,1,raw_available,62.0,
11135211,SNO,KT5AB,11135211,0,SNOKT5AB,ABB,2022-11-25,2022-11-28,2009.0,300,500,50.0,13.0,18.0,12.0,2.0,12.0,0.0,876.0,4561.0,7436.0,38821.0,3.0,2.0,925.0,920.0,925.0,925.0,1,raw_available,5.0,
11135211,SNO,KT5AB,11135211,0,SNOKT5AB,ABB,2023-05-20,2023-05-25,2009.0,300,500,55.0,8.0,16.0,17.0,3.0,1.0,0.0,802.0,4488.0,5758.0,41362.0,0.0,1.0,840.0,839.0,840.0,840.0,1,raw_available,1.0,
11135211,SNO,KT5AB,11135211,0,SNOKT5AB,ABB,2023-11-27,2023-12-28,2009.0,300,500,51.0,9.0,7.0,8.0,3.0,2.0,0.0,670.0,3028.0,40940.0,47050.0,53.0,2.0,545.0,690.0,545.0,545.0,1,raw_available,-145.0,
11135212,SNO,KT5AC,11135212,0,SNOKT5AC,ABB,2019-05-24,2019-08-09,2009.0,300,500,61.0,9.0,4.0,10.0,3.0,0.0,0.0,630.0,2718.0,9423.0,40113.0,0.0,2.0,649.0,647.0,649.0,649.0,1,raw_available,2.0,
11135212,SNO,KT5AC,11135212,0,SNOKT5AC,ABB,2019-11-30,2019-12-08,2009.0,300,500,60.0,14.0,19.0,9.0,4.0,0.0,0.0,651.0,2873.0,10821.0,40985.0,0.0,4.0,687.0,683.0,687.0,687.0,1,raw_available,4.0,
11135212,SNO,KT5AC,11135212,0,SNOKT5AC,ABB,2020-06-06,2020-08-04,2009.0,300,500,64.0,11.0,14.0,12.0,6.0,0.0,0.0,626.0,2902.0,8762.0,33951.0,0.0,0.0,658.0,658.0,658.0,658.0,1,raw_available,0.0,
11135212,SNO,KT5AC,11135212,0,SNOKT5AC,ABB,2020-11-21,2020-11-30,2009.0,300,500,64.0,7.0,19.0,13.0,9.0,0.0,0.0,648.0,3223.0,6336.0,31134.0,0.0,0.0,689.0,689.0,689.0,689.0,1,raw_available,0.0,
11135212,SNO,KT5AC,11135212,0,SNOKT5AC,ABB,2021-06-13,2021-08-28,2009.0,300,500,66.0,12.0,18.0,13.0,7.0,5.0,0.0,628.0,2746.0,7480.0,34837.0,0.0,0.0,671.0,671.0,671.0,671.0,1,raw_available,0.0,
11135212,SNO,KT5AC,11135212,0,SNOKT5AC,ABB,2021-11-14,2021-11-20,2009.0,300,500,55.0,6.0,8.0,9.0,6.0,0.0,0.0,768.0,5497.0,4510.0,36510.0,0.0,3.0,794.0,791.0,794.0,794.0,1,raw_available,3.0,
11135212,SNO,KT5AC,11135212,0,SNOKT5AC,ABB,2022-05-26,2022-05-29,2009.0,300,500,60.0,8.0,16.0,8.0,10.0,4.0,0.0,465.0,3375.0,8835.0,45182.0,23.0,6.0,552.0,503.0,552.0,552.0,1,raw_available,49.0,
11135212,SNO,KT5AC,11135212,0,SNOKT5AC,ABB,2022-11-25,2022-11-28,2009.0,300,500,50.0,8.0,26.0,18.0,7.0,4.0,0.0,468.0,3476.0,4463.0,38499.0,7.0,3.0,533.0,523.0,533.0,533.0,1,raw_available,10.0,
11135212,SNO,KT5AC,11135212,0,SNOKT5AC,ABB,2023-05-20,2023-05-25,2009.0,300,500,55.0,12.0,23.0,22.0,6.0,2.0,0.0,464.0,3619.0,5094.0,42041.0,6.0,3.0,526.0,517.0,526.0,526.0,1,raw_available,9.0,
11135212,SNO,KT5AC,11135212,0,SNOKT5AC,ABB,2023-11-27,2023-12-26,2009.0,300,500,51.0,9.0,24.0,16.0,7.0,3.0,0.0,832.0,4517.0,5110.0,25890.0,0.0,2.0,884.0,882.0,884.0,884.0,1,raw_available,2.0,
11155008,SNO,KT6AA,11155008,0,SNOKT6AA,ABB,2019-05-24,2019-08-09,2009.0,300,500,62.0,13.0,7.0,12.0,4.0,3.0,0.0,634.0,3291.0,4936.0,36228.0,0.0,0.0,660.0,660.0,660.0,660.0,1,raw_available,0.0,
11155008,SNO,KT6AA,11155008,0,SNOKT6AA,ABB,2019-11-03,2019-12-06,2009.0,300,500,62.0,10.0,19.0,15.0,9.0,0.0,0.0,993.0,4766.0,4837.0,36849.0,0.0,0.0,1036.0,1036.0,1036.0,1036.0,1,raw_available,0.0,
11155008,SNO,KT6AA,11155008,0,SNOKT6AA,ABB,2020-06-06,2020-08-04,2009.0,300,500,64.0,16.0,25.0,15.0,1.0,0.0,0.0,631.0,3579.0,7606.0,41388.0,3.0,5.0,680.0,672.0,680.0,680.0,1,raw_available,8.0,
11155008,SNO,KT6AA,11155008,0,SNOKT6AA,ABB,2020-11-21,2020-11-30,2009.0,300,500,62.0,5.0,22.0,0.0,2.0,0.0,0.0,692.0,4106.0,8017.0,38508.0,4.0,1.0,721.0,716.0,721.0,721.0,1,raw_available,5.0,
11155008,SNO,KT6AA,11155008,0,SNOKT6AA,ABB,2021-06-13,2021-08-28,2009.0,300,500,64.0,14.0,34.0,27.0,73.0,9.0,0.0,303.0,2158.0,5811.0,33952.0,0.0,7.0,453.0,446.0,453.0,453.0,1,raw_available,7.0,
11155008,SNO,KT6AA,11155008,0,SNOKT6AA,ABB,2021-11-14,2021-11-20,2009.0,300,500,56.0,6.0,43.0,8.0,5.0,0.0,0.0,710.0,6290.0,2760.0,31600.0,0.0,2.0,768.0,766.0,768.0,768.0,1,raw_available,2.0,
11155008,SNO,KT6AA,11155008,0,SNOKT6AA,ABB,2022-05-26,2022-05-29,2009.0,300,500,57.0,10.0,38.0,6.0,3.0,8.0,0.0,515.0,4433.0,6771.0,43074.0,25.0,1.0,606.0,570.0,606.0,606.0,1,raw_available,36.0,
11155008,SNO,KT6AA,11155008,0,SNOKT6AA,ABB,2022-11-25,2022-11-28,2009.0,300,500,55.0,5.0,41.0,14.0,4.0,2.0,0.0,593.0,4557.0,7236.0,38668.0,4.0,2.0,660.0,654.0,660.0,660.0,1,raw_available,6.0,
11155008,SNO,KT6AA,11155008,0,SNOKT6AA,ABB,2023-05-20,2023-05-25,2009.0,300,500,58.0,6.0,34.0,17.0,0.0,1.0,0.0,581.0,4738.0,5451.0,40769.0,3.0,1.0,637.0,633.0,637.0,637.0,1,raw_available,4.0,
11155008,SNO,KT6AA,11155008,0,SNOKT6AA,ABB,2023-11-27,2023-12-28,2009.0,300,500,52.0,9.0,18.0,13.0,6.0,2.0,0.0,499.0,4223.0,34230.0,49800.0,61.0,4.0,603.0,538.0,603.0,603.0,1,raw_available,65.0,
11155009,SNO,KT6AB,11155009,0,SNOKT6AB,ABB,2019-05-24,2019-08-09,2009.0,300,500,64.0,10.0,7.0,13.0,4.0,10.0,0.0,208.0,1698.0,5350.0,24212.0,8.0,0.0,250.0,242.0,250.0,250.0,1,raw_available,8.0,
11155009,SNO,KT6AB,11155009,0,SNOKT6AB,ABB,2019-11-03,2019-12-02,2009.0,300,500,62.0,7.0,9.0,54.0,5.0,11.0,0.0,265.0,2215.0,5845.0,28545.0,8.0,1.0,353.0,344.0,353.0,353.0,1,raw_available,9.0,
11155009,SNO,KT6AB,11155009,0,SNOKT6AB,ABB,2020-06-06,2020-08-04,2009.0,300,500,63.0,21.0,17.0,13.0,10.0,9.0,0.0,224.0,1843.0,12451.0,28373.0,0.0,0.0,273.0,273.0,273.0,273.0,1,raw_available,0.0,
11155009,SNO,KT6AB,11155009,0,SNOKT6AB,ABB,2020-11-21,2020-11-30,2009.0,300,500,62.0,6.0,23.0,2.0,5.0,8.0,0.0,303.0,2515.0,5608.0,27195.0,8.0,1.0,350.0,341.0,350.0,350.0,1,raw_available,9.0,
11155009,SNO,KT6AB,11155009,0,SNOKT6AB,ABB,2021-06-13,2021-08-28,2009.0,300,500,64.0,20.0,19.0,13.0,21.0,10.0,0.0,249.0,1829.0,13279.0,33640.0,0.0,0.0,312.0,312.0,312.0,312.0,1,raw_available,0.0,
11155009,SNO,KT6AB,11155009,0,SNOKT6AB,ABB,2021-11-14,2021-11-20,2009.0,300,500,58.0,7.0,34.0,13.0,6.0,3.0,0.0,330.0,3949.0,3840.0,21290.0,0.0,3.0,389.0,386.0,389.0,389.0,1,raw_available,3.0,
11155009,SNO,KT6AB,11155009,0,SNOKT6AB,ABB,2022-05-26,2022-06-04,2009.0,300,500,,11.0,6.0,2.0,8.0,0.0,0.0,76.0,2125.0,15559.0,49613.0,0.0,0.0,100.0,92.0,100.0,100.0,1,raw_available,8.0,
11155009,SNO,KT6AB,11155009,0,SNOKT6AB,ABB,2022-11-25,2022-11-28,2009.0,300,500,55.0,6.0,40.0,22.0,8.0,13.0,0.0,430.0,2736.0,3392.0,18159.0,6.0,3.0,522.0,513.0,522.0,522.0,1,raw_available,9.0,
11155009,SNO,KT6AB,11155009,0,SNOKT6AB,ABB,2023-05-20,2023-05-25,2009.0,300,500,58.0,7.0,22.0,22.0,6.0,18.0,0.0,379.0,2851.0,7349.0,30857.0,7.0,1.0,455.0,447.0,455.0,455.0,1,raw_available,8.0,
11155009,SNO,KT6AB,11155009,0,SNOKT6AB,ABB,2023-11-27,2023-12-28,2009.0,300,500,52.0,8.0,13.0,33.0,88.0,7.0,0.0,289.0,2261.0,35290.0,45470.0,42.0,68.0,540.0,430.0,540.0,540.0,1,raw_available,110.0,
11155010,SNO,KT6AC,11155010,0,SNOKT6AC,ABB,2019-05-24,2019-08-09,2010.0,300,500,64.0,20.0,6.0,26.0,47.0,10.0,0.0,309.0,2083.0,8856.0,42907.0,9.0,24.0,431.0,398.0,431.0,431.0,1,raw_available,33.0,
11155010,SNO,KT6AC,11155010,0,SNOKT6AC,ABB,2019-11-03,2019-12-06,2010.0,300,500,64.0,6.0,22.0,34.0,56.0,3.0,0.0,373.0,2720.0,8403.0,39530.0,23.0,36.0,547.0,488.0,547.0,547.0,1,raw_available,59.0,
11155010,SNO,KT6AC,11155010,0,SNOKT6AC,ABB,2020-06-06,2020-08-04,2010.0,300,500,63.0,10.0,29.0,27.0,54.0,8.0,0.0,316.0,2551.0,7493.0,42158.0,8.0,29.0,471.0,434.0,471.0,471.0,1,raw_available,37.0,
11155010,SNO,KT6AC,11155010,0,SNOKT6AC,ABB,2020-11-21,2020-11-30,2010.0,300,500,62.0,5.0,32.0,29.0,90.0,10.0,0.0,331.0,2591.0,4075.0,29094.0,18.0,0.0,510.0,492.0,510.0,510.0,1,raw_available,18.0,
11155010,SNO,KT6AC,11155010,0,SNOKT6AC,ABB,2021-06-13,2021-08-29,2010.0,300,500,62.0,21.0,34.0,0.0,16.0,0.0,0.0,550.0,2879.0,9968.0,41218.0,0.0,0.0,600.0,600.0,600.0,600.0,1,raw_available,0.0,
11155010,SNO,KT6AC,11155010,0,SNOKT6AC,ABB,2021-11-14,2021-11-20,2010.0,300,500,58.0,5.0,12.0,9.0,5.0,0.0,0.0,641.0,4588.0,4780.0,32720.0,0.0,4.0,671.0,667.0,671.0,671.0,1,raw_available,4.0,
11155010,SNO,KT6AC,11155010,0,SNOKT6AC,ABB,2022-05-26,2022-05-30,2010.0,300,500,56.0,5.0,44.0,27.0,95.0,11.0,0.0,384.0,2990.0,4126.0,31621.0,0.0,28.0,589.0,561.0,589.0,589.0,1,raw_available,28.0,
11155010,SNO,KT6AC,11155010,0,SNOKT6AC,ABB,2022-11-25,2022-11-28,2010.0,300,500,56.0,12.0,44.0,45.0,84.0,11.0,0.0,388.0,2948.0,6730.0,43198.0,10.0,60.0,642.0,572.0,642.0,642.0,1,raw_available,70.0,
11155010,SNO,KT6AC,11155010,0,SNOKT6AC,ABB,2023-05-20,2023-05-25,2010.0,300,500,58.0,5.0,44.0,46.0,86.0,22.0,0.0,406.0,3129.0,2347.0,43915.0,15.0,56.0,675.0,604.0,675.0,675.0,1,raw_available,71.0,
11155010,SNO,KT6AC,11155010,0,SNOKT6AC,ABB,2023-11-27,2023-12-28,2010.0,300,500,52.0,10.0,6.0,16.0,10.0,8.0,0.0,348.0,2148.0,59840.0,53930.0,37.0,6.0,431.0,388.0,431.0,431.0,1,raw_available,43.0,
136698,SR3,KT1A,136698,0,SR3KT1A,ELECTRO-BAU,2021-12-04,2022-01-15,2000.0,50,115/22,36.0,11.0,0.0,1.0,1.0,0.0,0.0,4.0,443.0,20790.0,49980.0,1.0,2.0,9.0,6.0,9.0,9.0,1,raw_available,3.0,
136702,BL,KT2A,136702,0,BLKT2A,EBG,2019-11-14,2019-11-30,2000.0,50,115/22,67.0,13.0,87.0,56.0,132.0,0.0,0.0,279.0,5656.0,4956.0,38946.0,0.0,76.0,630.0,554.0,630.0,630.0,1,raw_available,76.0,
136702,BL,KT2A,136702,0,BLKT2A,EBG,2022-05-29,2022-06-06,2000.0,50,115/22,62.0,9.0,125.0,48.0,110.0,0.0,0.0,370.0,7041.0,3714.0,37873.0,0.0,42.0,695.0,653.0,695.0,695.0,1,raw_available,42.0,
136702,BL,KT2A,136702,0,BLKT2A,EBG,2022-11-17,2022-11-27,2000.0,50,115/22,69.0,21.0,100.0,70.0,120.0,1.0,0.0,342.0,6774.0,7509.0,43415.0,10.0,81.0,724.0,633.0,724.0,724.0,1,raw_available,91.0,
136702,BL,KT2A,136702,0,BLKT2A,EBG,2023-06-03,2023-06-10,2000.0,50,115/22,65.0,8.0,34.0,63.0,128.0,3.0,0.0,329.0,6592.0,8851.0,43749.0,0.0,46.0,603.0,557.0,603.0,603.0,1,raw_available,46.0,
136703,MM2,KT3A,136703,0,MM2KT3A,EBG,2019-05-08,2019-05-25,2000.0,50,115/22,52.0,24.0,22.0,39.0,85.0,12.0,0.0,647.0,3025.0,4445.0,36060.0,0.0,75.0,880.0,805.0,880.0,880.0,1,raw_available,75.0,
136703,MM2,KT3A,136703,0,MM2KT3A,EBG,2020-05-09,2020-05-22,2000.0,50,115/22,53.0,28.0,8.0,21.0,72.0,2.0,0.0,96.0,884.0,20674.0,61907.0,0.0,96.0,295.0,199.0,295.0,295.0,1,raw_available,96.0,
136703,MM2,KT3A,136703,0,MM2KT3A,EBG,2020-07-28,2020-08-23,2000.0,50,115/22,50.0,24.0,23.0,37.0,124.0,11.0,0.0,515.0,2622.0,2764.0,67926.0,55.0,99.0,864.0,710.0,864.0,864.0,1,raw_available,154.0,
136703,MM2,KT3A,136703,0,MM2KT3A,EBG,2021-03-07,2021-04-20,2000.0,50,115/22,52.0,10.0,48.0,23.0,24.0,10.0,0.0,40.0,485.0,13803.0,69142.0,18.0,19.0,182.0,145.0,182.0,182.0,1,raw_available,37.0,
136703,MM2,KT3A,136703,0,MM2KT3A,EBG,2022-03-11,2022-03-19,2000.0,50,115/22,49.0,15.0,21.0,0.0,159.0,10.0,0.0,495.0,2552.0,1508.0,60936.0,0.0,65.0,750.0,685.0,750.0,750.0,1,raw_available,65.0,
136703,MM2,KT3A,136703,0,MM2KT3A,EBG,2023-03-12,2023-03-16,2000.0,50,115/22,49.0,21.0,18.0,81.0,217.0,10.0,0.0,620.0,2788.0,6581.0,88536.0,13.0,148.0,1107.0,946.0,1107.0,1107.0,1,raw_available,161.0,
136704,MM2,KT4A,136704,0,MM2KT4A,EBG,2019-05-25,2019-06-07,2000.0,50,115/22,52.0,19.0,16.0,134.0,217.0,7.0,0.0,255.0,2415.0,4972.0,43683.0,0.0,146.0,775.0,629.0,775.0,775.0,1,raw_available,146.0,
136704,MM2,KT4A,136704,0,MM2KT4A,EBG,2020-05-09,2020-05-18,2000.0,50,115/22,50.0,16.0,24.0,77.0,174.0,0.0,0.0,198.0,1944.0,5142.0,69643.0,0.0,108.0,581.0,473.0,581.0,581.0,1,raw_available,108.0,
136704,MM2,KT4A,136704,0,MM2KT4A,EBG,2021-03-07,2021-04-17,2000.0,50,115/22,50.0,10.0,30.0,73.0,162.0,1.0,0.0,78.0,1039.0,6364.0,64192.0,10.0,156.0,510.0,344.0,510.0,510.0,1,raw_available,166.0,
136704,MM2,KT4A,136704,0,MM2KT4A,EBG,2022-03-11,2022-03-20,2000.0,50,115/22,48.0,8.0,15.0,84.0,257.0,4.0,0.0,177.0,2540.0,6241.0,81685.0,0.0,140.0,677.0,537.0,677.0,677.0,1,raw_available,140.0,
136704,MM2,KT4A,136704,0,MM2KT4A,EBG,2023-03-12,2023-03-16,2000.0,50,115/22,47.0,8.0,50.0,115.0,274.0,4.0,0.0,248.0,2438.0,5776.0,93047.0,0.0,162.0,853.0,691.0,853.0,853.0,1,raw_available,162.0,
145496,AP,KT5A,145496,0,APKT5A,EBG,2019-11-17,2019-12-14,2007.0,13,115/22,48.0,8.0,25.0,4.0,0.0,0.0,0.0,1066.0,3329.0,10147.0,61062.0,0.0,0.0,1095.0,1095.0,1095.0,1095.0,1,raw_available,0.0,
145496,AP,KT5A,145496,0,APKT5A,EBG,2020-06-19,2020-07-05,2007.0,13,115/22,60.0,11.0,17.0,10.0,0.0,0.0,0.0,1338.0,4065.0,2934.0,61432.0,0.0,0.0,1365.0,1365.0,1365.0,1365.0,1,raw_available,0.0,
145496,AP,KT5A,145496,0,APKT5A,EBG,2021-01-25,2021-03-21,2007.0,13,115/22,40.0,13.0,25.0,15.0,2.0,0.0,0.0,20.0,1400.0,6570.0,79950.0,56.0,3.0,121.0,62.0,121.0,121.0,1,raw_available,59.0,
145496,AP,KT5A,145496,0,APKT5A,EBG,2022-07-08,2022-07-14,2007.0,13,115/22,42.0,11.0,31.0,4.0,2.0,0.0,0.0,648.0,2652.0,6600.0,69760.0,6.0,3.0,694.0,685.0,694.0,694.0,1,raw_available,9.0,
145496,AP,KT5A,145496,0,APKT5A,EBG,2023-03-19,2023-04-07,2007.0,13,115/22,42.0,10.0,24.0,5.0,2.0,0.0,0.0,764.0,3874.0,6830.0,60910.0,7.0,4.0,806.0,795.0,806.0,806.0,1,raw_available,11.0,
1G9579T1,LP2,KT3A,1G9579T1,0,LP2KT3A,MEIDENSHA,2023-04-28,2023-05-07,1995.0,15/20/25,115/22,40.0,12.0,2.0,4.0,5.0,3.0,0.0,65.0,875.0,11547.0,41014.0,2.0,2.0,83.0,79.0,83.0,83.0,1,raw_available,4.0,ทดสอบหลังการย้ายหม้อแปลง (ก่อนทำการ Overhaul โดย กม-ส.)
217841-01,WN,KT2AB,217841-01,0,WNKT2AB,GEC ALSTHOM,2019-06-16,2019-06-23,2011.0,250,525/242,56.0,15.0,21.0,0.0,5.0,0.0,0.0,620.0,2387.0,6206.0,37949.0,0.0,0.0,646.0,646.0,646.0,646.0,1,raw_available,0.0,
217841-01,WN,KT2AB,217841-01,0,WNKT2AB,GEC ALSTHOM,2019-12-07,2020-01-09,2011.0,250,525/242,38.0,27.0,132.0,5.0,4.0,0.0,0.0,744.0,2502.0,12208.0,82383.0,0.0,14.0,899.0,885.0,899.0,899.0,1,raw_available,14.0,
217841-01,WN,KT2AB,217841-01,0,WNKT2AB,GEC ALSTHOM,2020-04-10,2020-05-29,2011.0,250,525/242,6.0,6.0,11.0,0.0,8.0,0.0,0.0,665.0,2347.0,11407.0,36363.0,0.0,0.0,684.0,684.0,684.0,684.0,1,raw_available,0.0,
217841-01,WN,KT2AB,217841-01,0,WNKT2AB,GEC ALSTHOM,2020-10-03,2020-10-31,2011.0,250,525/242,55.0,14.0,3.0,0.0,3.0,0.0,0.0,566.0,2192.0,15400.0,59195.0,3.0,1.0,576.0,572.0,576.0,576.0,1,raw_available,4.0,
217841-01,WN,KT2AB,217841-01,0,WNKT2AB,GEC ALSTHOM,2020-10-26,2020-11-16,2011.0,250,525/242,54.0,16.0,21.0,0.0,45.0,0.0,0.0,624.0,2914.0,18169.0,54864.0,0.0,0.0,690.0,690.0,690.0,690.0,1,raw_available,0.0,
217841-01,WN,KT2AB,217841-01,0,WNKT2AB,GEC ALSTHOM,2021-01-10,2021-03-26,2011.0,250,525/242,,,54.0,0.0,0.0,0.0,0.0,0.0,0.0,19520.0,98210.0,0.0,0.0,0.0,54.0,0.0,0.0,1,raw_available,-54.0,
217841-01,WN,KT2AB,217841-01,0,WNKT2AB,GEC ALSTHOM,2021-03-26,2021-05-03,2011.0,250,525/242,61.0,18.0,48.0,13.0,6.0,0.0,0.0,543.0,2637.0,3458.0,45759.0,0.0,4.0,614.0,610.0,614.0,614.0,1,raw_available,4.0,
217841-01,WN,KT2AB,217841-01,0,WNKT2AB,GEC ALSTHOM,2021-07-16,2021-10-08,2011.0,250,525/242,56.0,17.0,7.0,0.0,0.0,0.0,0.0,120.0,2525.0,8605.0,42892.0,0.0,0.0,127.0,127.0,127.0,127.0,1,raw_available,0.0,
217841-01,WN,KT2AB,217841-01,0,WNKT2AB,GEC ALSTHOM,2021-09-17,2021-11-11,2011.0,250,525/242,60.0,12.0,13.0,0.0,14.0,0.0,0.0,892.0,3417.0,10102.0,51107.0,0.0,0.0,919.0,919.0,919.0,919.0,1,raw_available,0.0,
217841-01,WN,KT2AB,217841-01,0,WNKT2AB,GEC ALSTHOM,2022-01-24,2022-01-29,2011.0,250,525/242,54.0,10.0,19.0,3.0,2.0,0.0,0.0,588.0,2178.0,25270.0,78000.0,4.0,5.0,621.0,612.0,621.0,621.0,1,raw_available,9.0,
217841-01,WN,KT2AB,217841-01,0,WNKT2AB,GEC ALSTHOM,2022-05-20,2022-06-10,2011.0,250,525/242,53.0,15.0,17.0,4.0,10.0,1.0,0.0,815.0,3256.0,16785.0,64835.0,0.0,5.0,842.0,847.0,842.0,842.0,1,raw_available,-5.0,
217841-01,WN,KT2AB,217841-01,0,WNKT2AB,GEC ALSTHOM,2022-07-10,2022-07-30,2011.0,250,525/242,56.0,18.0,18.0,5.0,4.0,0.0,0.0,849.0,3413.0,11365.0,60987.0,0.0,3.0,879.0,876.0,879.0,879.0,1,raw_available,3.0,
217841-01,WN,KT2AB,217841-01,0,WNKT2AB,GEC ALSTHOM,2023-02-16,2023-02-26,2011.0,250,525/242,66.0,8.0,20.0,13.0,9.0,5.0,0.0,970.0,3724.0,14177.0,54538.0,0.0,0.0,1017.0,1017.0,1017.0,1017.0,1,raw_available,0.0,
217841-01,WN,KT2AB,217841-01,0,WNKT2AB,GEC ALSTHOM,2023-05-27,2023-06-05,2011.0,250,525/242,56.0,9.0,12.0,15.0,4.0,1.0,0.0,854.0,3367.0,16493.0,63332.0,5.0,4.0,895.0,886.0,895.0,895.0,1,raw_available,9.0,
217841-01,WN,KT2AB,217841-01,0,WNKT2AB,GEC ALSTHOM,2023-09-29,2023-10-14,2011.0,250,525/242,52.0,8.0,1.0,40.0,3.0,0.0,0.0,653.0,2613.0,16037.0,50492.0,2.0,2.0,701.0,697.0,701.0,701.0,1,raw_available,4.0,
217841-01,WN,KT2AB,217841-01,0,WNKT2AB,GEC ALSTHOM,2024-03-29,2024-04-21,2011.0,250,525/242,60.0,10.0,10.0,32.0,8.0,5.0,0.0,899.0,2696.0,6744.0,54621.0,11.0,3.0,968.0,954.0,968.0,968.0,1,raw_available,14.0,
217841-02,WN,KT1AB,217841-02,0,WNKT1AB,GEC ALSTHOM,2019-06-16,2019-06-23,2011.0,250,525/242,60.0,25.0,36.0,0.0,5.0,0.0,0.0,574.0,2246.0,10050.0,40853.0,0.0,0.0,615.0,615.0,615.0,615.0,1,raw_available,0.0,
217841-02,WN,KT1AB,217841-02,0,WNKT1AB,GEC ALSTHOM,2019-12-07,2020-01-09,2011.0,250,525/242,40.0,24.0,53.0,5.0,3.0,0.0,0.0,736.0,2643.0,13282.0,64094.0,0.0,8.0,805.0,797.0,805.0,805.0,1,raw_available,8.0,
217841-02,WN,KT1AB,217841-02,0,WNKT1AB,GEC ALSTHOM,2020-04-10,2020-05-29,2011.0,250,525/242,57.0,17.0,12.0,0.0,5.0,0.0,0.0,560.0,2601.0,24989.0,70400.0,0.0,0.0,577.0,577.0,577.0,577.0,1,raw_available,0.0,
217841-02,WN,KT1AB,217841-02,0,WNKT1AB,GEC ALSTHOM,2020-10-03,2020-10-27,2011.0,250,525/242,54.0,13.0,7.0,0.0,4.0,0.0,0.0,727.0,2889.0,4705.0,39205.0,2.0,2.0,742.0,738.0,742.0,742.0,1,raw_available,4.0,
217841-02,WN,KT1AB,217841-02,0,WNKT1AB,GEC ALSTHOM,2020-10-26,2020-11-16,2011.0,250,525/242,58.0,16.0,14.0,0.0,0.0,0.0,0.0,682.0,2855.0,13970.0,55235.0,0.0,0.0,696.0,696.0,696.0,696.0,1,raw_available,0.0,
217841-02,WN,KT1AB,217841-02,0,WNKT1AB,GEC ALSTHOM,2021-01-10,2021-03-21,2011.0,250,525/242,53.0,17.0,36.0,5.0,2.0,0.0,0.0,650.0,3000.0,10740.0,60000.0,0.0,0.0,693.0,693.0,693.0,693.0,1,raw_available,0.0,
217841-02,WN,KT1AB,217841-02,0,WNKT1AB,GEC ALSTHOM,2021-03-26,2021-05-03,2011.0,250,525/242,57.0,16.0,39.0,8.0,4.0,0.0,0.0,655.0,2814.0,6563.0,42135.0,0.0,2.0,708.0,706.0,708.0,708.0,1,raw_available,2.0,
217841-02,WN,KT1AB,217841-02,0,WNKT1AB,GEC ALSTHOM,2021-09-17,2021-11-11,2011.0,250,525/242,57.0,12.0,28.0,4.0,5.0,7.0,0.0,165.0,3493.0,9157.0,47223.0,10.0,2.0,221.0,209.0,221.0,221.0,1,raw_available,12.0,
217841-02,WN,KT1AB,217841-02,0,WNKT1AB,GEC ALSTHOM,2022-01-24,2022-01-29,2011.0,250,525/242,44.0,16.0,12.0,8.0,10.0,0.0,0.0,763.0,3483.0,7591.0,41161.0,0.0,0.0,793.0,793.0,793.0,793.0,1,raw_available,0.0,
217841-02,WN,KT1AB,217841-02,0,WNKT1AB,GEC ALSTHOM,2022-05-20,2022-06-10,2011.0,250,525/242,48.0,30.0,11.0,2.0,8.0,7.0,0.0,745.0,3880.0,28293.0,74193.0,0.0,0.0,773.0,773.0,773.0,773.0,1,raw_available,0.0,
217841-02,WN,KT1AB,217841-02,0,WNKT1AB,GEC ALSTHOM,2022-07-10,2022-07-30,2011.0,250,525/242,47.0,15.0,8.0,9.0,4.0,1.0,0.0,783.0,3909.0,8793.0,52701.0,7.0,1.0,813.0,805.0,813.0,813.0,1,raw_available,8.0,
217841-02,WN,KT1AB,217841-02,0,WNKT1AB,GEC ALSTHOM,2023-02-16,2023-02-26,2011.0,250,525/242,66.0,11.0,10.0,18.0,7.0,7.0,0.0,710.0,3494.0,10479.0,45259.0,0.0,0.0,752.0,752.0,752.0,752.0,1,raw_available,0.0,
217841-02,WN,KT1AB,217841-02,0,WNKT1AB,GEC ALSTHOM,2023-05-27,2023-06-04,2011.0,250,525/242,53.0,9.0,8.0,15.0,6.0,7.0,0.0,751.0,3542.0,6283.0,38529.0,5.0,1.0,793.0,787.0,793.0,793.0,1,raw_available,6.0,
217841-02,WN,KT1AB,217841-02,0,WNKT1AB,GEC ALSTHOM,2023-09-29,2023-10-14,2011.0,250,525/242,58.0,9.0,1.0,40.0,2.0,2.0,0.0,775.0,3636.0,7466.0,53972.0,20.0,2.0,842.0,820.0,842.0,842.0,1,raw_available,22.0,
217841-02,WN,KT1AB,217841-02,0,WNKT1AB,GEC ALSTHOM,2024-03-29,2024-04-21,2011.0,250,525/242,54.0,10.0,9.0,15.0,0.0,0.0,0.0,822.0,3310.0,7512.0,32551.0,0.0,0.0,846.0,846.0,846.0,846.0,1,raw_available,0.0,
217841-03,WN,KT2AA,217841-03,0,WNKT2AA,GEC ALSTHOM,2019-06-16,2019-06-23,2011.0,250,525/242,56.0,15.0,28.0,203.0,87.0,243.0,0.0,525.0,2185.0,6935.0,36395.0,240.0,6.0,1332.0,1086.0,1332.0,1332.0,1,raw_available,246.0,
217841-03,WN,KT2AA,217841-03,0,WNKT2AA,GEC ALSTHOM,2019-08-05,2019-08-23,2011.0,250,525/242,50.0,10.0,19.0,196.0,48.0,266.0,0.0,619.0,1886.0,9671.0,46980.0,164.0,0.0,1312.0,1148.0,1312.0,1312.0,1,raw_available,164.0,
217841-03,WN,KT2AA,217841-03,0,WNKT2AA,GEC ALSTHOM,2019-12-07,2020-01-09,2011.0,250,525/242,38.0,14.0,41.0,249.0,66.0,366.0,0.0,759.0,2077.0,17738.0,83475.0,0.0,27.0,1508.0,1481.0,1508.0,1508.0,1,raw_available,27.0,
217841-03,WN,KT2AA,217841-03,0,WNKT2AA,GEC ALSTHOM,2020-04-10,2020-05-15,2011.0,250,525/242,54.0,16.0,14.0,166.0,50.0,219.0,0.0,560.0,2047.0,12186.0,43363.0,105.0,0.0,1114.0,1009.0,1114.0,1114.0,1,raw_available,105.0,
217841-03,WN,KT2AA,217841-03,0,WNKT2AA,GEC ALSTHOM,2020-10-03,2020-10-27,2011.0,250,525/242,55.0,19.0,12.0,199.0,50.0,266.0,0.0,743.0,2503.0,6573.0,40985.0,175.0,0.0,1445.0,1270.0,1445.0,1445.0,1,raw_available,175.0,
217841-03,WN,KT2AA,217841-03,0,WNKT2AA,GEC ALSTHOM,2020-10-26,2020-11-16,2011.0,250,525/242,53.0,11.0,17.0,189.0,89.0,254.0,0.0,602.0,2600.0,18228.0,58246.0,112.0,0.0,1263.0,1151.0,1263.0,1263.0,1,raw_available,112.0,
217841-03,WN,KT2AA,217841-03,0,WNKT2AA,GEC ALSTHOM,2021-03-26,2021-05-03,2011.0,250,525/242,60.0,21.0,47.0,270.0,68.0,316.0,0.0,375.0,1364.0,5613.0,45438.0,225.0,29.0,1330.0,1076.0,1330.0,1330.0,1,raw_available,254.0,
217841-03,WN,KT2AA,217841-03,0,WNKT2AA,GEC ALSTHOM,2021-04-18,2021-05-11,2011.0,250,525/242,64.0,13.0,13.0,239.0,71.0,366.0,0.0,281.0,481.0,26489.0,76850.0,231.0,0.0,1201.0,970.0,1201.0,1201.0,1,raw_available,231.0,
217841-03,WN,KT2AA,217841-03,0,WNKT2AA,GEC ALSTHOM,2021-09-17,2021-11-11,2011.0,250,525/242,60.0,16.0,28.0,307.0,59.0,285.0,0.0,513.0,3472.0,10326.0,53954.0,195.0,21.0,1408.0,1192.0,1408.0,1408.0,1,raw_available,216.0,
217841-03,WN,KT2AA,217841-03,0,WNKT2AA,GEC ALSTHOM,2022-01-24,2022-01-29,2011.0,250,525/242,52.0,16.0,20.0,244.0,118.0,298.0,0.0,682.0,3734.0,7028.0,46270.0,172.0,15.0,1549.0,1362.0,1549.0,1549.0,1,raw_available,187.0,
217841-03,WN,KT2AA,217841-03,0,WNKT2AA,GEC ALSTHOM,2022-05-20,2022-06-10,2011.0,250,525/242,50.0,16.0,10.0,171.0,81.0,243.0,0.0,777.0,3081.0,10049.0,41610.0,112.0,76.0,1470.0,1282.0,1470.0,1470.0,1,raw_available,188.0,
217841-03,WN,KT2AA,217841-03,0,WNKT2AA,GEC ALSTHOM,2022-07-10,2022-07-31,2011.0,250,525/242,54.0,18.0,11.0,179.0,54.0,255.0,0.0,786.0,3255.0,12883.0,62674.0,213.0,19.0,1517.0,1285.0,1517.0,1517.0,1,raw_available,232.0,
217841-03,WN,KT2AA,217841-03,0,WNKT2AA,GEC ALSTHOM,2023-02-16,2023-02-26,2011.0,250,525/242,65.0,19.0,6.0,227.0,67.0,278.0,0.0,865.0,3882.0,19535.0,62494.0,222.0,25.0,1690.0,1443.0,1690.0,1690.0,1,raw_available,247.0,
217841-03,WN,KT2AA,217841-03,0,WNKT2AA,GEC ALSTHOM,2023-05-27,2023-06-03,2011.0,250,525/242,56.0,18.0,4.0,182.0,52.0,237.0,0.0,790.0,3575.0,7202.0,46026.0,208.0,15.0,1488.0,1265.0,1488.0,1488.0,1,raw_available,223.0,
217841-03,WN,KT2AA,217841-03,0,WNKT2AA,GEC ALSTHOM,2023-09-29,2023-10-14,2011.0,250,525/242,50.0,11.0,1.0,120.0,34.0,114.0,0.0,561.0,2559.0,5650.0,49035.0,154.0,14.0,998.0,830.0,998.0,998.0,1,raw_available,168.0,
217841-03,WN,KT2AA,217841-03,0,WNKT2AA,GEC ALSTHOM,2024-03-29,2024-04-21,2011.0,250,525/242,57.0,13.0,26.0,261.0,75.0,457.0,0.0,839.0,3103.0,6119.0,49887.0,227.0,21.0,1906.0,1658.0,1906.0,1906.0,1,raw_available,248.0,
217841-04,WN,KT1AA,217841-04,0,WNKT1AA,GEC ALSTHOM,2019-06-16,2019-06-23,2011.0,250,525/242,60.0,18.0,10.0,33.0,22.0,36.0,0.0,624.0,3038.0,7245.0,41527.0,0.0,0.0,725.0,725.0,725.0,725.0,1,raw_available,0.0,
217841-04,WN,KT1AA,217841-04,0,WNKT1AA,GEC ALSTHOM,2019-12-07,2020-01-09,2011.0,250,525/242,40.0,14.0,30.0,14.0,10.0,4.0,0.0,453.0,2304.0,18725.0,74894.0,0.0,3.0,514.0,511.0,514.0,514.0,1,raw_available,3.0,
217841-04,WN,KT1AA,217841-04,0,WNKT1AA,GEC ALSTHOM,2020-04-10,2020-05-15,2011.0,250,525/242,57.0,16.0,12.0,24.0,11.0,14.0,0.0,715.0,2911.0,11662.0,52093.0,0.0,0.0,776.0,776.0,776.0,776.0,1,raw_available,0.0,
217841-04,WN,KT1AA,217841-04,0,WNKT1AA,GEC ALSTHOM,2020-10-03,2020-10-31,2011.0,250,525/242,53.0,19.0,8.0,6.0,7.0,8.0,0.0,493.0,2243.0,197077.0,58509.0,15.0,0.0,537.0,522.0,537.0,537.0,1,raw_available,15.0,
217841-04,WN,KT1AA,217841-04,0,WNKT1AA,GEC ALSTHOM,2020-10-26,2020-11-16,2011.0,250,525/242,57.0,10.0,16.0,27.0,48.0,15.0,0.0,750.0,3522.0,13358.0,54103.0,0.0,0.0,856.0,856.0,856.0,856.0,1,raw_available,0.0,
217841-04,WN,KT1AA,217841-04,0,WNKT1AA,GEC ALSTHOM,2021-02-10,2021-03-26,2011.0,250,525/242,51.0,26.0,95.0,0.0,3.0,0.0,0.0,756.0,3600.0,14000.0,55000.0,0.0,0.0,854.0,854.0,854.0,854.0,1,raw_available,0.0,
217841-04,WN,KT1AA,217841-04,0,WNKT1AA,GEC ALSTHOM,2021-03-26,2021-05-03,2011.0,250,525/242,57.0,15.0,33.0,64.0,8.0,4.0,0.0,678.0,3412.0,6682.0,46627.0,0.0,1.0,788.0,787.0,788.0,788.0,1,raw_available,1.0,
217841-04,WN,KT1AA,217841-04,0,WNKT1AA,GEC ALSTHOM,2021-09-17,2021-11-11,2011.0,250,525/242,57.0,14.0,11.0,20.0,15.0,12.0,0.0,737.0,3124.0,10795.0,40123.0,0.0,0.0,795.0,795.0,795.0,795.0,1,raw_available,0.0,
217841-04,WN,KT1AA,217841-04,0,WNKT1AA,GEC ALSTHOM,2022-01-24,2022-01-29,2011.0,250,525/242,45.0,9.0,8.0,26.0,15.0,14.0,0.0,840.0,3623.0,5491.0,39612.0,0.0,0.0,903.0,903.0,903.0,903.0,1,raw_available,0.0,
217841-04,WN,KT1AA,217841-04,0,WNKT1AA,GEC ALSTHOM,2022-05-20,2022-06-10,2011.0,250,525/242,48.0,27.0,8.0,29.0,19.0,14.0,0.0,876.0,3698.0,28347.0,66101.0,0.0,0.0,946.0,946.0,946.0,946.0,1,raw_available,0.0,
217841-04,WN,KT1AA,217841-04,0,WNKT1AA,GEC ALSTHOM,2022-07-10,2022-07-30,2011.0,250,525/242,50.0,16.0,5.0,31.0,12.0,10.0,0.0,892.0,3754.0,15014.0,63792.0,20.0,1.0,971.0,950.0,971.0,971.0,1,raw_available,21.0,
217841-04,WN,KT1AA,217841-04,0,WNKT1AA,GEC ALSTHOM,2023-02-16,2023-02-26,2011.0,250,525/242,63.0,12.0,14.0,78.0,29.0,47.0,0.0,933.0,3964.0,8687.0,49583.0,0.0,0.0,1101.0,1101.0,1101.0,1101.0,1,raw_available,0.0,
217841-04,WN,KT1AA,217841-04,0,WNKT1AA,GEC ALSTHOM,2023-05-27,2023-06-05,2011.0,250,525/242,53.0,13.0,11.0,29.0,20.0,15.0,0.0,912.0,3856.0,16638.0,67206.0,3.0,7.0,997.0,987.0,997.0,997.0,1,raw_available,10.0,
217841-04,WN,KT1AA,217841-04,0,WNKT1AA,GEC ALSTHOM,2023-09-29,2023-10-11,2011.0,250,525/242,57.0,9.0,4.0,86.0,21.0,34.0,0.0,932.0,3935.0,13206.0,36759.0,68.0,6.0,1151.0,1077.0,1151.0,1151.0,1,raw_available,74.0,
217841-04,WN,KT1AA,217841-04,0,WNKT1AA,GEC ALSTHOM,2024-03-24,2024-04-21,2011.0,250,525/242,54.0,12.0,42.0,126.0,49.0,174.0,0.0,920.0,3987.0,4551.0,55140.0,99.0,11.0,1421.0,1311.0,1421.0,1421.0,1,raw_available,110.0,
217841-05,WN,KT1AC,217841-05,0,WNKT1AC,GEC ALSTHOM,2019-06-16,2019-06-23,2011.0,250,525/242,60.0,23.0,7.0,0.0,8.0,0.0,0.0,689.0,2099.0,9255.0,46779.0,0.0,0.0,704.0,704.0,704.0,704.0,1,raw_available,0.0,
217841-05,WN,KT1AC,217841-05,0,WNKT1AC,GEC ALSTHOM,2019-12-07,2020-01-09,2011.0,250,525/242,40.0,14.0,19.0,7.0,4.0,0.0,0.0,1144.0,2991.0,7286.0,50840.0,0.0,4.0,1178.0,1174.0,1178.0,1178.0,1,raw_available,4.0,
217841-05,WN,KT1AC,217841-05,0,WNKT1AC,GEC ALSTHOM,2020-04-10,2020-05-15,2011.0,250,525/242,58.0,17.0,9.0,0.0,0.0,0.0,0.0,478.0,2203.0,23366.0,58943.0,0.0,0.0,487.0,487.0,487.0,487.0,1,raw_available,0.0,
217841-05,WN,KT1AC,217841-05,0,WNKT1AC,GEC ALSTHOM,2020-10-03,2020-10-31,2011.0,250,525/242,53.0,14.0,2.0,0.0,3.0,0.0,0.0,612.0,2372.0,16215.0,55836.0,2.0,1.0,620.0,617.0,620.0,620.0,1,raw_available,3.0,
217841-05,WN,KT1AC,217841-05,0,WNKT1AC,GEC ALSTHOM,2020-10-26,2020-11-16,2011.0,250,525/242,58.0,12.0,9.0,0.0,43.0,0.0,0.0,573.0,3207.0,23816.0,68606.0,0.0,0.0,625.0,625.0,625.0,625.0,1,raw_available,0.0,
217841-05,WN,KT1AC,217841-05,0,WNKT1AC,GEC ALSTHOM,2021-01-10,2021-03-23,2011.0,250,525/242,52.0,15.0,20.0,0.0,10.0,0.0,0.0,600.0,3300.0,5940.0,58140.0,0.0,0.0,630.0,630.0,630.0,630.0,1,raw_available,0.0,
217841-05,WN,KT1AC,217841-05,0,WNKT1AC,GEC ALSTHOM,2021-03-26,2021-05-03,2011.0,250,525/242,57.0,7.0,31.0,8.0,3.0,0.0,0.0,563.0,2958.0,17682.0,47314.0,0.0,0.0,605.0,605.0,605.0,605.0,1,raw_available,0.0,
217841-05,WN,KT1AC,217841-05,0,WNKT1AC,GEC ALSTHOM,2021-09-17,2021-11-11,2011.0,250,525/242,57.0,14.0,9.0,7.0,5.0,0.0,0.0,761.0,2831.0,13992.0,50804.0,0.0,0.0,782.0,782.0,782.0,782.0,1,raw_available,0.0,
217841-05,WN,KT1AC,217841-05,0,WNKT1AC,GEC ALSTHOM,2022-01-24,2022-01-29,2011.0,250,525/242,43.0,10.0,4.0,5.0,3.0,0.0,0.0,683.0,3215.0,9810.0,65240.0,95.0,95.0,885.0,695.0,885.0,885.0,1,raw_available,190.0,
217841-05,WN,KT1AC,217841-05,0,WNKT1AC,GEC ALSTHOM,2022-05-20,2022-06-09,2011.0,250,525/242,48.0,18.0,5.0,5.0,4.0,0.0,0.0,988.0,3592.0,4270.0,61806.0,1.0,0.0,1003.0,1002.0,1003.0,1003.0,1,raw_available,1.0,
217841-05,WN,KT1AC,217841-05,0,WNKT1AC,GEC ALSTHOM,2022-07-10,2022-07-30,2011.0,250,525/242,49.0,17.0,3.0,5.0,3.0,0.0,0.0,996.0,3815.0,13402.0,62539.0,5.0,2.0,1014.0,1007.0,1014.0,1014.0,1,raw_available,7.0,
217841-05,WN,KT1AC,217841-05,0,WNKT1AC,GEC ALSTHOM,2023-02-16,2023-02-26,2011.0,250,525/242,64.0,8.0,4.0,10.0,5.0,0.0,0.0,813.0,3236.0,21676.0,53122.0,0.0,0.0,832.0,832.0,832.0,832.0,1,raw_available,0.0,
217841-05,WN,KT1AC,217841-05,0,WNKT1AC,GEC ALSTHOM,2023-05-27,2023-06-03,2011.0,250,525/242,52.0,8.0,2.0,8.0,3.0,0.0,0.0,841.0,3491.0,7541.0,47593.0,0.0,1.0,855.0,854.0,855.0,855.0,1,raw_available,1.0,
217841-05,WN,KT1AC,217841-05,0,WNKT1AC,GEC ALSTHOM,2023-09-29,2023-10-14,2011.0,250,525/242,58.0,7.0,1.0,37.0,2.0,0.0,0.0,862.0,3603.0,6525.0,52163.0,0.0,4.0,906.0,902.0,906.0,906.0,1,raw_available,4.0,
217841-05,WN,KT1AC,217841-05,0,WNKT1AC,GEC ALSTHOM,2024-03-29,2024-04-21,2011.0,250,525/242,54.0,12.0,10.0,11.0,0.0,0.0,0.0,918.0,3218.0,8919.0,39429.0,0.0,0.0,939.0,939.0,939.0,939.0,1,raw_available,0.0,
217841-06,WN,KT2AC,217841-06,0,WNKT2AC,GEC ALSTHOM,2019-06-16,2019-06-23,2011.0,250,525/242,56.0,22.0,18.0,0.0,7.0,0.0,0.0,599.0,2084.0,10770.0,50072.0,0.0,0.0,624.0,624.0,624.0,624.0,1,raw_available,0.0,
217841-06,WN,KT2AC,217841-06,0,WNKT2AC,GEC ALSTHOM,2019-12-07,2020-01-09,2011.0,250,525/242,40.0,25.0,267.0,6.0,4.0,0.0,0.0,880.0,2506.0,13486.0,80724.0,0.0,8.0,1165.0,1157.0,1165.0,1165.0,1,raw_available,8.0,
217841-06,WN,KT2AC,217841-06,0,WNKT2AC,GEC ALSTHOM,2020-04-10,2020-05-15,2011.0,250,525/242,54.0,16.0,21.0,0.0,5.0,0.0,0.0,672.0,2059.0,12493.0,48073.0,0.0,0.0,698.0,698.0,698.0,698.0,1,raw_available,0.0,
217841-06,WN,KT2AC,217841-06,0,WNKT2AC,GEC ALSTHOM,2020-10-03,2020-10-30,2011.0,250,525/242,56.0,15.0,5.0,0.0,4.0,0.0,0.0,871.0,2497.0,2774.0,39907.0,4.0,1.0,885.0,880.0,885.0,885.0,1,raw_available,5.0,
217841-06,WN,KT2AC,217841-06,0,WNKT2AC,GEC ALSTHOM,2020-10-26,2020-11-16,2011.0,250,525/242,56.0,11.0,21.0,0.0,50.0,0.0,0.0,717.0,2648.0,17439.0,58413.0,0.0,0.0,788.0,788.0,788.0,788.0,1,raw_available,0.0,
217841-06,WN,KT2AC,217841-06,0,WNKT2AC,GEC ALSTHOM,2021-03-26,2021-05-03,2011.0,250,525/242,62.0,14.0,35.0,11.0,6.0,0.0,0.0,444.0,1280.0,3869.0,44947.0,0.0,4.0,500.0,496.0,500.0,500.0,1,raw_available,4.0,
217841-06,WN,KT2AC,217841-06,0,WNKT2AC,GEC ALSTHOM,2021-04-18,2021-05-11,2011.0,250,525/242,65.0,11.0,7.0,0.0,7.0,2.5,0.0,211.0,487.0,37109.0,89016.0,7.0,2.0,236.5,227.5,236.5,236.5,1,raw_available,9.0,
217841-06,WN,KT2AC,217841-06,0,WNKT2AC,GEC ALSTHOM,2021-09-17,2021-11-11,2011.0,250,525/242,60.0,10.0,8.0,9.0,11.0,0.0,0.0,906.0,3371.0,7006.0,38841.0,0.0,0.0,934.0,934.0,934.0,934.0,1,raw_available,0.0,
217841-06,WN,KT2AC,217841-06,0,WNKT2AC,GEC ALSTHOM,2022-01-24,2022-01-29,2011.0,250,525/242,54.0,7.0,35.0,70.0,182.0,5.0,0.0,908.0,4283.0,14139.0,46767.0,0.0,12.0,1212.0,1200.0,1212.0,1212.0,1,raw_available,12.0,
217841-06,WN,KT2AC,217841-06,0,WNKT2AC,GEC ALSTHOM,2022-05-20,2022-06-09,2011.0,250,525/242,53.0,11.0,34.0,65.0,8.0,0.0,0.0,1087.0,4128.0,14311.0,73620.0,0.0,4.0,1198.0,1194.0,1198.0,1198.0,1,raw_available,4.0,
217841-06,WN,KT2AC,217841-06,0,WNKT2AC,GEC ALSTHOM,2022-07-10,2022-07-30,2011.0,250,525/242,55.0,15.0,7.0,6.0,5.0,0.0,0.0,1063.0,4316.0,18453.0,79924.0,0.0,1.0,1082.0,1081.0,1082.0,1082.0,1,raw_available,1.0,
217841-06,WN,KT2AC,217841-06,0,WNKT2AC,GEC ALSTHOM,2023-02-16,2023-02-26,2011.0,250,525/242,65.0,9.0,7.0,15.0,9.0,0.0,0.0,922.0,3838.0,8794.0,43100.0,0.0,0.0,953.0,953.0,953.0,953.0,1,raw_available,0.0,
217841-06,WN,KT2AC,217841-06,0,WNKT2AC,GEC ALSTHOM,2023-05-27,2023-06-03,2011.0,250,525/242,57.0,11.0,4.0,11.0,6.0,0.0,0.0,989.0,3779.0,5068.0,74072.0,0.0,3.0,1013.0,1010.0,1013.0,1013.0,1,raw_available,3.0,
217841-06,WN,KT2AC,217841-06,0,WNKT2AC,GEC ALSTHOM,2023-09-29,2023-10-11,2011.0,250,525/242,50.0,9.0,3.0,48.0,4.0,1.0,0.0,821.0,3149.0,11612.0,63524.0,27.0,4.0,908.0,877.0,908.0,908.0,1,raw_available,31.0,
217841-06,WN,KT2AC,217841-06,0,WNKT2AC,GEC ALSTHOM,2024-03-29,2024-04-21,2011.0,250,525/242,60.0,11.0,5.0,19.0,11.0,0.0,0.0,939.0,3147.0,6695.0,49754.0,2.0,4.0,980.0,974.0,980.0,980.0,1,raw_available,6.0,
21784108,RB3,KT1AA,21784108,0,RB3KT1AA,GEC ALSTHOM,2019-05-18,2019-06-09,2013.0,250,525/242/1.73,44.0,22.0,2.0,2.0,3.0,1.0,0.0,405.0,1378.0,7644.0,37155.0,2.0,5.0,420.0,413.0,420.0,420.0,1,raw_available,7.0,
21784108,RB3,KT1AA,21784108,0,RB3KT1AA,GEC ALSTHOM,2019-11-23,2019-12-21,2013.0,250,525/242/1.73,42.0,16.0,13.0,9.0,8.0,0.0,0.0,656.0,2121.0,11863.0,47215.0,0.0,0.0,686.0,686.0,686.0,686.0,1,raw_available,0.0,
21784108,RB3,KT1AA,21784108,0,RB3KT1AA,GEC ALSTHOM,2020-06-22,2020-08-15,2013.0,250,525/242/1.73,29.0,20.0,6.0,9.0,4.0,1.0,0.0,477.0,1855.0,7693.0,47283.0,2.0,2.0,501.0,497.0,501.0,501.0,1,raw_available,4.0,
21784108,RB3,KT1AA,21784108,0,RB3KT1AA,GEC ALSTHOM,2021-05-25,2021-07-25,2013.0,250,525/242/1.73,46.0,15.0,8.0,0.0,7.0,0.0,0.0,581.0,1826.0,7405.0,33412.0,0.0,0.0,596.0,596.0,596.0,596.0,1,raw_available,0.0,
21784108,RB3,KT1AA,21784108,0,RB3KT1AA,GEC ALSTHOM,2021-11-13,2021-11-24,2013.0,250,525/242/1.73,45.0,16.0,21.0,3.0,5.0,0.0,0.0,154.0,2715.0,8627.0,69294.0,2.0,2.0,187.0,183.0,187.0,187.0,1,raw_available,4.0,
21784108,RB3,KT1AA,21784108,0,RB3KT1AA,GEC ALSTHOM,2022-05-24,2022-06-09,2013.0,250,525/242/1.73,52.0,15.0,125.0,0.0,5.0,0.0,0.0,726.0,2515.0,3544.0,47926.0,3.0,0.0,859.0,856.0,859.0,859.0,1,raw_available,3.0,
21784108,RB3,KT1AA,21784108,0,RB3KT1AA,GEC ALSTHOM,2022-11-19,2022-12-09,2013.0,250,525/242/1.73,43.0,12.0,10.0,11.0,5.0,0.0,0.0,751.0,2371.0,5161.0,35449.0,0.0,0.0,777.0,777.0,777.0,777.0,1,raw_available,0.0,
21784108,RB3,KT1AA,21784108,0,RB3KT1AA,GEC ALSTHOM,2023-11-26,2023-12-28,2013.0,250,525/242/1.73,44.0,7.0,14.0,10.0,6.0,1.0,0.0,867.0,3055.0,8466.0,44190.0,10.0,0.0,908.0,898.0,908.0,908.0,1,raw_available,10.0,
21784108,RB3,KT1AA,21784108,0,RB3KT1AA,GEC ALSTHOM,2024-07-07,2024-07-10,2013.0,250,525/242/1.73,46.0,6.0,2.0,15.0,7.0,1.0,0.0,961.0,3166.0,5027.0,42611.0,3.0,4.0,993.0,986.0,993.0,993.0,1,raw_available,7.0,
21784109,RB3,KT1AB,21784109,0,RB3KT1AB,GEC ALSTHOM,2019-05-18,2019-06-09,2013.0,250,525/242/1.73,46.0,21.0,3.0,6.0,7.0,1.0,0.0,506.0,1313.0,10716.0,37406.0,2.0,5.0,530.0,523.0,530.0,530.0,1,raw_available,7.0,
21784109,RB3,KT1AB,21784109,0,RB3KT1AB,GEC ALSTHOM,2019-11-23,2019-12-21,2013.0,250,525/242/1.73,43.0,21.0,18.0,9.0,0.0,0.0,0.0,752.0,1862.0,8392.0,38831.0,27.0,0.0,806.0,779.0,806.0,806.0,1,raw_available,27.0,
21784109,RB3,KT1AB,21784109,0,RB3KT1AB,GEC ALSTHOM,2020-06-22,2020-08-15,2013.0,250,525/242/1.73,32.0,22.0,7.0,7.0,3.0,1.0,0.0,406.0,1335.0,9270.0,46756.0,2.0,1.0,427.0,424.0,427.0,427.0,1,raw_available,3.0,
21784109,RB3,KT1AB,21784109,0,RB3KT1AB,GEC ALSTHOM,2021-05-25,2021-08-03,2013.0,250,525/242/1.73,46.0,24.0,8.0,10.0,0.0,2.0,0.0,632.0,1470.0,11147.0,47145.0,4.0,2.0,658.0,652.0,658.0,658.0,1,raw_available,6.0,
21784109,RB3,KT1AB,21784109,0,RB3KT1AB,GEC ALSTHOM,2021-11-13,2021-11-25,2013.0,250,525/242/1.73,46.0,17.0,8.0,0.0,9.0,0.0,0.0,377.0,1282.0,18332.0,46826.0,0.0,0.0,394.0,394.0,394.0,394.0,1,raw_available,0.0,
21784109,RB3,KT1AB,21784109,0,RB3KT1AB,GEC ALSTHOM,2022-05-26,2022-06-11,2013.0,250,525/242/1.73,52.0,12.0,9.0,3.0,8.0,0.0,0.0,646.0,1893.0,8938.0,39541.0,0.0,0.0,666.0,666.0,666.0,666.0,1,raw_available,0.0,
21784109,RB3,KT1AB,21784109,0,RB3KT1AB,GEC ALSTHOM,2022-11-19,2022-12-09,2013.0,250,525/242/1.73,44.0,11.0,2.0,38.0,4.0,1.0,0.0,583.0,1753.0,9000.0,42130.0,27.0,1.0,656.0,628.0,656.0,656.0,1,raw_available,28.0,
21784109,RB3,KT1AB,21784109,0,RB3KT1AB,GEC ALSTHOM,2023-05-20,2023-06-08,2013.0,250,525/242/1.73,48.0,4.0,13.0,15.0,10.0,0.0,0.0,881.0,2250.0,4132.0,30977.0,0.0,0.0,919.0,919.0,919.0,919.0,1,raw_available,0.0,
21784109,RB3,KT1AB,21784109,0,RB3KT1AB,GEC ALSTHOM,2023-11-26,2023-12-28,2013.0,250,525/242/1.73,46.0,5.0,15.0,11.0,5.0,0.0,0.0,898.0,2302.0,8555.0,40084.0,4.0,3.0,936.0,929.0,936.0,936.0,1,raw_available,7.0,
21784109,RB3,KT1AB,21784109,0,RB3KT1AB,GEC ALSTHOM,2024-07-07,2024-07-10,2013.0,250,525/242/1.73,48.0,7.0,2.0,14.0,16.0,1.0,0.0,924.0,3006.0,5520.0,38694.0,3.0,13.0,973.0,957.0,973.0,973.0,1,raw_available,16.0,
21784110,RB3,KT1AC,21784110,0,RB3KT1AC,GEC ALSTHOM,2019-05-18,2019-06-09,2013.0,250,525/242/1.73,47.0,28.0,12.0,8.0,12.0,0.0,0.0,541.0,1694.0,8755.0,41120.0,0.0,5.0,578.0,573.0,578.0,578.0,1,raw_available,5.0,
21784110,RB3,KT1AC,21784110,0,RB3KT1AC,GEC ALSTHOM,2019-11-23,2019-12-21,2013.0,250,525/242/1.73,44.0,24.0,20.0,6.0,0.0,0.0,0.0,620.0,1895.0,14795.0,48647.0,37.0,0.0,683.0,646.0,683.0,683.0,1,raw_available,37.0,
21784110,RB3,KT1AC,21784110,0,RB3KT1AC,GEC ALSTHOM,2020-06-22,2020-08-15,2013.0,250,525/242/1.73,35.0,21.0,6.0,8.0,2.0,1.0,0.0,479.0,1699.0,9905.0,44309.0,2.0,1.0,499.0,496.0,499.0,499.0,1,raw_available,3.0,
21784110,RB3,KT1AC,21784110,0,RB3KT1AC,GEC ALSTHOM,2021-05-25,2021-08-03,2013.0,250,525/242/1.73,46.0,27.0,9.0,10.0,0.0,1.0,0.0,660.0,1758.0,10705.0,48059.0,2.0,2.0,684.0,680.0,684.0,684.0,1,raw_available,4.0,
21784110,RB3,KT1AC,21784110,0,RB3KT1AC,GEC ALSTHOM,2021-11-13,2021-11-25,2013.0,250,525/242/1.73,42.0,12.0,7.0,0.0,10.0,18.0,0.0,371.0,1539.0,19955.0,51379.0,0.0,0.0,406.0,406.0,406.0,406.0,1,raw_available,0.0,
21784110,RB3,KT1AC,21784110,0,RB3KT1AC,GEC ALSTHOM,2022-05-26,2022-06-11,2013.0,250,525/242/1.73,52.0,15.0,7.0,3.0,7.0,0.0,0.0,797.0,2464.0,6176.0,39811.0,0.0,0.0,814.0,814.0,814.0,814.0,1,raw_available,0.0,
21784110,RB3,KT1AC,21784110,0,RB3KT1AC,GEC ALSTHOM,2022-11-19,2022-12-09,2013.0,250,525/242/1.73,46.0,15.0,10.0,11.0,2.0,0.0,0.0,740.0,2205.0,7806.0,34809.0,0.0,0.0,763.0,763.0,763.0,763.0,1,raw_available,0.0,
21784110,RB3,KT1AC,21784110,0,RB3KT1AC,GEC ALSTHOM,2023-05-20,2023-06-08,2013.0,250,525/242/1.73,48.0,7.0,16.0,13.0,9.0,0.0,0.0,803.0,2501.0,7685.0,35261.0,0.0,0.0,841.0,841.0,841.0,841.0,1,raw_available,0.0,
21784110,RB3,KT1AC,21784110,0,RB3KT1AC,GEC ALSTHOM,2023-11-26,2023-12-28,2013.0,250,525/242/1.73,47.0,5.0,17.0,10.0,5.0,1.0,0.0,889.0,3432.0,8898.0,45312.0,10.0,0.0,932.0,922.0,932.0,932.0,1,raw_available,10.0,
21784110,RB3,KT1AC,21784110,0,RB3KT1AC,GEC ALSTHOM,2024-07-07,2024-07-10,2013.0,250,525/242/1.73,50.0,6.0,25.0,13.0,5.0,0.0,0.0,895.0,3034.0,7668.0,44791.0,2.0,2.0,942.0,938.0,942.0,942.0,1,raw_available,4.0,
21784112,RB3,KT2AA,21784112,0,RB3KT2AA,GEC ALSTHOM,2019-05-18,2019-06-09,2013.0,250,525/242/1.73,47.0,27.0,7.0,18.0,17.0,2.0,0.0,373.0,1597.0,9271.0,41003.0,3.0,8.0,428.0,417.0,428.0,428.0,1,raw_available,11.0,
21784112,RB3,KT2AA,21784112,0,RB3KT2AA,GEC ALSTHOM,2019-11-23,2019-12-21,2013.0,250,525/242/1.73,42.0,20.0,20.0,37.0,20.0,0.0,0.0,510.0,2032.0,12390.0,48995.0,0.0,0.0,587.0,587.0,587.0,587.0,1,raw_available,0.0,
21784112,RB3,KT2AA,21784112,0,RB3KT2AA,GEC ALSTHOM,2020-06-22,2020-08-15,2013.0,250,525/242/1.73,40.0,20.0,7.0,22.0,14.0,3.0,0.0,347.0,1623.0,8402.0,45964.0,13.0,7.0,413.0,393.0,413.0,413.0,1,raw_available,20.0,
21784112,RB3,KT2AA,21784112,0,RB3KT2AA,GEC ALSTHOM,2021-05-25,2021-07-25,2013.0,250,525/242/1.73,49.0,18.0,11.0,21.0,18.0,0.0,0.0,442.0,1627.0,7085.0,30648.0,0.0,0.0,492.0,492.0,492.0,492.0,1,raw_available,0.0,
21784112,RB3,KT2AA,21784112,0,RB3KT2AA,GEC ALSTHOM,2021-11-13,2021-11-25,2013.0,250,525/242/1.73,46.0,16.0,7.0,14.0,23.0,0.0,0.0,347.0,1534.0,15889.0,40201.0,0.0,0.0,391.0,391.0,391.0,391.0,1,raw_available,0.0,
21784112,RB3,KT2AA,21784112,0,RB3KT2AA,GEC ALSTHOM,2022-05-26,2022-06-10,2013.0,250,525/242/1.73,51.0,13.0,5.0,12.0,29.0,2.0,0.0,518.0,2108.0,6526.0,36712.0,0.0,0.0,566.0,566.0,566.0,566.0,1,raw_available,0.0,
21784112,RB3,KT2AA,21784112,0,RB3KT2AA,GEC ALSTHOM,2022-11-19,2022-12-09,2013.0,250,525/242/1.73,42.0,13.0,10.0,29.0,18.0,2.0,0.0,548.0,2013.0,5643.0,30541.0,14.0,13.0,634.0,607.0,634.0,634.0,1,raw_available,27.0,
21784112,RB3,KT2AA,21784112,0,RB3KT2AA,GEC ALSTHOM,2022-11-19,2022-12-12,2013.0,250,525/242/1.73,43.0,15.0,12.0,28.0,5.0,1.0,0.0,719.0,2330.0,7963.0,48585.0,3.0,4.0,772.0,765.0,772.0,772.0,1,raw_available,7.0,
21784112,RB3,KT2AA,21784112,0,RB3KT2AA,GEC ALSTHOM,2023-05-20,2023-06-09,2013.0,250,525/242/1.73,48.0,9.0,14.0,30.0,23.0,4.0,0.0,634.0,2344.0,3504.0,27744.0,0.0,0.0,705.0,705.0,705.0,705.0,1,raw_available,0.0,
21784112,RB3,KT2AA,21784112,0,RB3KT2AA,GEC ALSTHOM,2023-11-26,2023-12-28,2013.0,250,525/242/1.73,45.0,5.0,13.0,25.0,22.0,3.0,0.0,683.0,2797.0,10115.0,41662.0,2.0,35.0,783.0,746.0,783.0,783.0,1,raw_available,37.0,
21784112,RB3,KT2AA,21784112,0,RB3KT2AA,GEC ALSTHOM,2024-07-07,2024-07-10,2013.0,250,525/242/1.73,50.0,6.0,1.0,29.0,20.0,2.0,0.0,618.0,3261.0,7871.0,42123.0,5.0,9.0,684.0,670.0,684.0,684.0,1,raw_available,14.0,
21784113,RB3,KT2AB,21784113,0,RB3KT2AB,GEC ALSTHOM,2019-05-18,2019-06-09,2013.0,250,525/242/1.73,47.0,18.0,13.0,12.0,13.0,0.0,0.0,458.0,1279.0,10031.0,39514.0,0.0,4.0,500.0,496.0,500.0,500.0,1,raw_available,4.0,
21784113,RB3,KT2AB,21784113,0,RB3KT2AB,GEC ALSTHOM,2019-11-23,2019-12-21,2013.0,250,525/242/1.73,44.0,18.0,85.0,20.0,6.0,0.0,0.0,783.0,2022.0,7152.0,44901.0,37.0,0.0,931.0,894.0,931.0,931.0,1,raw_available,37.0,
21784113,RB3,KT2AB,21784113,0,RB3KT2AB,GEC ALSTHOM,2020-06-22,2020-08-15,2013.0,250,525/242/1.73,38.0,21.0,96.0,22.0,6.0,1.0,0.0,561.0,1588.0,5544.0,43375.0,2.0,2.0,690.0,686.0,690.0,690.0,1,raw_available,4.0,
21784113,RB3,KT2AB,21784113,0,RB3KT2AB,GEC ALSTHOM,2021-05-25,2021-07-25,2013.0,250,525/242/1.73,49.0,19.0,61.0,22.0,14.0,0.0,0.0,588.0,1564.0,8081.0,35395.0,0.0,0.0,685.0,685.0,685.0,685.0,1,raw_available,0.0,
21784113,RB3,KT2AB,21784113,0,RB3KT2AB,GEC ALSTHOM,2021-11-13,2021-11-25,2013.0,250,525/242/1.73,46.0,17.0,10.0,0.0,9.0,6.0,0.0,235.0,1057.0,32594.0,57136.0,0.0,0.0,260.0,260.0,260.0,260.0,1,raw_available,0.0,
21784113,RB3,KT2AB,21784113,0,RB3KT2AB,GEC ALSTHOM,2022-05-26,2022-06-11,2013.0,250,525/242/1.73,51.0,15.0,27.0,13.0,9.0,0.0,0.0,824.0,2087.0,5139.0,39686.0,0.0,0.0,873.0,873.0,873.0,873.0,1,raw_available,0.0,
21784113,RB3,KT2AB,21784113,0,RB3KT2AB,GEC ALSTHOM,2022-11-19,2022-12-11,2013.0,250,525/242/1.73,43.0,15.0,12.0,28.0,5.0,1.0,0.0,719.0,1932.0,7963.0,48585.0,3.0,4.0,772.0,765.0,772.0,772.0,1,raw_available,7.0,
21784113,RB3,KT2AB,21784113,0,RB3KT2AB,GEC ALSTHOM,2023-05-20,2023-06-08,2013.0,250,525/242/1.73,48.0,10.0,15.0,25.0,9.0,0.0,0.0,828.0,2237.0,7510.0,35889.0,0.0,0.0,877.0,877.0,877.0,877.0,1,raw_available,0.0,
21784113,RB3,KT2AB,21784113,0,RB3KT2AB,GEC ALSTHOM,2023-11-26,2023-12-28,2013.0,250,525/242/1.73,47.0,6.0,17.0,25.0,7.0,0.0,0.0,902.0,2282.0,7268.0,46562.0,0.0,6.0,957.0,951.0,957.0,957.0,1,raw_available,6.0,
21784113,RB3,KT2AB,21784113,0,RB3KT2AB,GEC ALSTHOM,2024-07-07,2024-07-10,2013.0,250,525/242/1.73,48.0,9.0,3.0,29.0,8.0,1.0,0.0,959.0,3348.0,5537.0,46356.0,3.0,4.0,1007.0,1000.0,1007.0,1007.0,1,raw_available,7.0,
21784114,RB3,KT2AC,21784114,0,RB3KT2AC,GEC ALSTHOM,2019-05-18,2019-06-09,2013.0,250,525/242/1.73,48.0,18.0,7.0,13.0,13.0,2.0,0.0,581.0,1792.0,10322.0,34284.0,3.0,7.0,626.0,616.0,626.0,626.0,1,raw_available,10.0,
21784114,RB3,KT2AC,21784114,0,RB3KT2AC,GEC ALSTHOM,2019-11-23,2019-12-21,2013.0,250,525/242/1.73,44.0,16.0,13.0,33.0,11.0,0.0,0.0,649.0,2206.0,9642.0,39074.0,0.0,0.0,706.0,706.0,706.0,706.0,1,raw_available,0.0,
21784114,RB3,KT2AC,21784114,0,RB3KT2AC,GEC ALSTHOM,2020-06-22,2020-08-15,2013.0,250,525/242/1.73,33.0,15.0,10.0,16.0,16.0,0.0,0.0,499.0,2133.0,6894.0,37846.0,0.0,7.0,548.0,541.0,548.0,548.0,1,raw_available,7.0,
21784114,RB3,KT2AC,21784114,0,RB3KT2AC,GEC ALSTHOM,2021-05-25,2021-08-03,2013.0,250,525/242/1.73,49.0,19.0,4.0,20.0,21.0,3.0,0.0,695.0,1936.0,8066.0,46176.0,5.0,10.0,758.0,743.0,758.0,758.0,1,raw_available,15.0,
21784114,RB3,KT2AC,21784114,0,RB3KT2AC,GEC ALSTHOM,2021-11-19,2021-11-24,2013.0,250,525/242/1.73,44.0,10.0,22.0,4.0,12.0,1.0,0.0,164.0,2703.0,7508.0,42891.0,5.0,5.0,213.0,203.0,213.0,213.0,1,raw_available,10.0,
21784114,RB3,KT2AC,21784114,0,RB3KT2AC,GEC ALSTHOM,2022-05-26,2022-06-11,2013.0,250,525/242/1.73,52.0,20.0,10.0,8.0,13.0,4.0,0.0,763.0,2567.0,8809.0,40991.0,0.0,0.0,798.0,798.0,798.0,798.0,1,raw_available,0.0,
21784114,RB3,KT2AC,21784114,0,RB3KT2AC,GEC ALSTHOM,2022-11-19,2022-12-09,2013.0,250,525/242/1.73,45.0,10.0,5.0,48.0,11.0,3.0,0.0,742.0,2340.0,7070.0,40190.0,5.0,6.0,820.0,809.0,820.0,820.0,1,raw_available,11.0,
21784114,RB3,KT2AC,21784114,0,RB3KT2AC,GEC ALSTHOM,2023-05-20,2023-06-08,2013.0,250,525/242/1.73,48.0,9.0,9.0,23.0,23.0,0.0,0.0,835.0,2580.0,7681.0,33529.0,2.0,0.0,892.0,890.0,892.0,892.0,1,raw_available,2.0,
21784114,RB3,KT2AC,21784114,0,RB3KT2AC,GEC ALSTHOM,2023-11-26,2023-12-28,2013.0,250,525/242/1.73,47.0,6.0,26.0,24.0,20.0,0.0,0.0,1003.0,3988.0,3640.0,39296.0,6.0,12.0,1091.0,1073.0,1091.0,1091.0,1,raw_available,18.0,
21784114,RB3,KT2AC,21784114,0,RB3KT2AC,GEC ALSTHOM,2024-07-07,2024-07-10,2013.0,250,525/242/1.73,50.0,5.0,3.0,27.0,16.0,3.0,0.0,1021.0,3695.0,4166.0,40451.0,6.0,5.0,1081.0,1070.0,1081.0,1081.0,1,raw_available,11.0,
21784115,SNO,KT7AA,21784115,0,SNOKT7AA,GEC ASTHOM,2019-05-24,2019-08-09,2010.0,250,525/242/22,62.0,13.0,5.0,13.0,7.0,0.0,0.0,618.0,2413.0,8443.0,39018.0,0.0,3.0,646.0,643.0,646.0,646.0,1,raw_available,3.0,
21784115,SNO,KT7AA,21784115,0,SNOKT7AA,GEC ASTHOM,2019-11-03,2019-12-06,2010.0,250,525/242/22,60.0,13.0,16.0,9.0,4.0,0.0,0.0,839.0,3043.0,7065.0,42068.0,0.0,0.0,868.0,868.0,868.0,868.0,1,raw_available,0.0,
21784115,SNO,KT7AA,21784115,0,SNOKT7AA,GEC ASTHOM,2020-06-06,2020-08-04,2010.0,250,525/242/22,61.0,21.0,10.0,0.0,6.0,0.0,0.0,340.0,2025.0,26205.0,57734.0,0.0,0.0,356.0,356.0,356.0,356.0,1,raw_available,0.0,
21784115,SNO,KT7AA,21784115,0,SNOKT7AA,GEC ASTHOM,2020-11-21,2020-11-30,2010.0,250,525/242/22,60.0,6.0,14.0,0.0,0.0,0.0,0.0,670.0,3312.0,20626.0,66626.0,0.0,0.0,684.0,684.0,684.0,684.0,1,raw_available,0.0,
21784115,SNO,KT7AA,21784115,0,SNOKT7AA,GEC ASTHOM,2021-06-13,2021-08-28,2010.0,250,525/242/22,62.0,17.0,11.0,0.0,7.0,0.0,0.0,613.0,2464.0,13898.0,44396.0,0.0,0.0,631.0,631.0,631.0,631.0,1,raw_available,0.0,
21784115,SNO,KT7AA,21784115,0,SNOKT7AA,GEC ASTHOM,2021-11-14,2021-11-20,2010.0,250,525/242/22,57.0,7.0,30.0,40.0,73.0,2.0,0.0,253.0,3778.0,5280.0,33020.0,0.0,55.0,453.0,398.0,453.0,453.0,1,raw_available,55.0,
21784115,SNO,KT7AA,21784115,0,SNOKT7AA,GEC ASTHOM,2022-05-26,2022-05-30,2010.0,250,525/242/22,63.0,9.0,13.0,12.0,9.0,0.0,0.0,1004.0,4236.0,2064.0,34518.0,0.0,0.0,1038.0,1038.0,1038.0,1038.0,1,raw_available,0.0,
21784115,SNO,KT7AA,21784115,0,SNOKT7AA,GEC ASTHOM,2022-11-25,2022-11-28,2010.0,250,525/242/22,56.0,5.0,9.0,19.0,8.0,1.0,0.0,1044.0,4247.0,7976.0,47532.0,2.0,3.0,1086.0,1081.0,1086.0,1086.0,1,raw_available,5.0,
21784115,SNO,KT7AA,21784115,0,SNOKT7AA,GEC ASTHOM,2023-05-20,2023-05-25,2010.0,250,525/242/22,58.0,7.0,4.0,30.0,6.0,0.0,0.0,957.0,4157.0,7674.0,45402.0,0.0,3.0,1000.0,997.0,1000.0,1000.0,1,raw_available,3.0,
21784115,SNO,KT7AA,21784115,0,SNOKT7AA,GEC ASTHOM,2023-11-27,2023-12-26,2010.0,250,525/242/22,54.0,10.0,6.0,19.0,9.0,0.0,0.0,973.0,5492.0,5540.0,30260.0,87.0,3.0,1097.0,1007.0,1097.0,1097.0,1,raw_available,90.0,
21784116,SNO,KT7AB,21784116,0,SNOKT7AB,GEC ALSTHOM,2019-05-24,2019-08-09,2010.0,250,525/242/22,53.0,13.0,4.0,0.0,4.0,0.0,0.0,712.0,2864.0,7751.0,35712.0,0.0,1.0,721.0,720.0,721.0,721.0,1,raw_available,1.0,
21784116,SNO,KT7AB,21784116,0,SNOKT7AB,GEC ALSTHOM,2019-11-03,2019-12-02,2010.0,250,525/242/22,62.0,19.0,3.0,38.0,2.0,1.0,0.0,746.0,3048.0,18687.0,37696.0,1.0,2.0,793.0,790.0,793.0,793.0,1,raw_available,3.0,
21784116,SNO,KT7AB,21784116,0,SNOKT7AB,GEC ALSTHOM,2020-06-06,2020-08-04,2010.0,250,525/242/22,62.0,17.0,12.0,0.0,0.0,0.0,0.0,639.0,3147.0,12988.0,42296.0,0.0,0.0,651.0,651.0,651.0,651.0,1,raw_available,0.0,
21784116,SNO,KT7AB,21784116,0,SNOKT7AB,GEC ALSTHOM,2020-11-21,2020-11-30,2010.0,250,525/242/22,62.0,9.0,11.0,11.0,8.0,0.0,0.0,734.0,3859.0,8417.0,36278.0,0.0,0.0,764.0,764.0,764.0,764.0,1,raw_available,0.0,
21784116,SNO,KT7AB,21784116,0,SNOKT7AB,GEC ALSTHOM,2021-06-13,2021-08-29,2010.0,250,525/242/22,64.0,20.0,10.0,0.0,21.0,0.0,0.0,558.0,2754.0,17011.0,48439.0,0.0,0.0,589.0,589.0,589.0,589.0,1,raw_available,0.0,
21784116,SNO,KT7AB,21784116,0,SNOKT7AB,GEC ALSTHOM,2021-11-14,2021-11-20,2010.0,250,525/242/22,58.0,7.0,8.0,10.0,7.0,0.0,0.0,909.0,6805.0,3520.0,34160.0,0.0,3.0,937.0,934.0,937.0,937.0,1,raw_available,3.0,
21784116,SNO,KT7AB,21784116,0,SNOKT7AB,GEC ALSTHOM,2022-05-26,2022-05-30,2010.0,250,525/242/22,62.0,12.0,10.0,12.0,15.0,0.0,0.0,1006.0,5084.0,1812.0,37126.0,0.0,3.0,1046.0,1043.0,1046.0,1046.0,1,raw_available,3.0,
21784116,SNO,KT7AB,21784116,0,SNOKT7AB,GEC ALSTHOM,2022-11-25,2022-11-28,2010.0,250,525/242/22,57.0,7.0,7.0,19.0,8.0,1.0,0.0,1008.0,5066.0,9896.0,51101.0,2.0,3.0,1048.0,1043.0,1048.0,1048.0,1,raw_available,5.0,
21784116,SNO,KT7AB,21784116,0,SNOKT7AB,GEC ALSTHOM,2023-05-20,2023-05-25,2010.0,250,525/242/22,60.0,8.0,3.0,18.0,6.0,0.0,0.0,977.0,5164.0,8407.0,43362.0,0.0,2.0,1006.0,1004.0,1006.0,1006.0,1,raw_available,2.0,
21784116,SNO,KT7AB,21784116,0,SNOKT7AB,GEC ALSTHOM,2023-11-27,2023-12-28,2010.0,250,525/242/22,54.0,11.0,1.0,17.0,9.0,0.0,0.0,882.0,4459.0,37400.0,50000.0,98.0,4.0,1011.0,909.0,1011.0,1011.0,1,raw_available,102.0,
21784117,SNO,KT7AC,21784117,0,SNOKT7AC,GEC ALSTHOM,2019-05-24,2019-08-09,2010.0,250,525/242/22,61.0,8.0,6.0,11.0,5.0,0.0,0.0,877.0,2865.0,9243.0,37462.0,0.0,2.0,901.0,899.0,901.0,901.0,1,raw_available,2.0,
21784117,SNO,KT7AC,21784117,0,SNOKT7AC,GEC ALSTHOM,2019-11-03,2019-12-06,2010.0,250,525/242/22,62.0,18.0,17.0,11.0,6.0,0.0,0.0,1064.0,3872.0,10993.0,51078.0,0.0,0.0,1098.0,1098.0,1098.0,1098.0,1,raw_available,0.0,
21784117,SNO,KT7AC,21784117,0,SNOKT7AC,GEC ALSTHOM,2020-06-06,2020-08-04,2010.0,250,525/242/22,62.0,15.0,9.0,16.0,0.0,0.0,0.0,913.0,3758.0,9020.0,51079.0,3.0,3.0,944.0,938.0,944.0,944.0,1,raw_available,6.0,
21784117,SNO,KT7AC,21784117,0,SNOKT7AC,GEC ALSTHOM,2020-11-21,2020-11-30,2010.0,250,525/242/22,,6.0,13.0,12.0,0.0,0.0,0.0,904.0,3895.0,8137.0,38879.0,0.0,0.0,929.0,929.0,929.0,929.0,1,raw_available,0.0,
21784117,SNO,KT7AC,21784117,0,SNOKT7AC,GEC ALSTHOM,2021-06-13,2021-08-29,2010.0,250,525/242/22,64.0,25.0,14.0,13.0,9.0,0.0,0.0,801.0,3389.0,8643.0,58095.0,0.0,0.0,837.0,837.0,837.0,837.0,1,raw_available,0.0,
21784117,SNO,KT7AC,21784117,0,SNOKT7AC,GEC ALSTHOM,2021-11-14,2021-11-20,2010.0,250,525/242/22,58.0,5.0,5.0,8.0,5.0,0.0,0.0,679.0,4800.0,6120.0,34140.0,0.0,3.0,700.0,697.0,700.0,700.0,1,raw_available,3.0,
21784117,SNO,KT7AC,21784117,0,SNOKT7AC,GEC ALSTHOM,2022-05-26,2022-05-30,2010.0,250,525/242/22,62.0,8.0,14.0,14.0,8.0,2.0,0.0,1214.0,5093.0,3926.0,42052.0,0.0,0.0,1252.0,1252.0,1252.0,1252.0,1,raw_available,0.0,
21784117,SNO,KT7AC,21784117,0,SNOKT7AC,GEC ALSTHOM,2022-11-25,2022-11-28,2010.0,250,525/242/22,55.0,5.0,14.0,27.0,11.0,3.0,0.0,1210.0,5087.0,3552.0,38476.0,4.0,6.0,1275.0,1265.0,1275.0,1275.0,1,raw_available,10.0,
21784117,SNO,KT7AC,21784117,0,SNOKT7AC,GEC ALSTHOM,2023-05-20,2023-05-25,2010.0,250,525/242/22,58.0,10.0,7.0,36.0,8.0,0.0,0.0,973.0,5238.0,3531.0,49895.0,0.0,3.0,1027.0,1024.0,1027.0,1027.0,1,raw_available,3.0,
21784117,SNO,KT7AC,21784117,0,SNOKT7AC,GEC ALSTHOM,2023-11-27,2023-12-26,2010.0,250,525/242/22,54.0,11.0,5.0,22.0,11.0,0.0,0.0,1191.0,6297.0,6050.0,33500.0,23.0,4.0,1256.0,1229.0,1256.0,1256.0,1,raw_available,27.0,
217914-01,RS,KT5A,217914-01,0,RSKT5A,ALSTOM,2019-01-04,2019-01-17,2014.0,300,230/121/22,40.0,17.0,0.0,0.0,0.0,0.0,0.0,71.0,360.0,4892.0,14565.0,0.0,0.0,71.0,71.0,71.0,71.0,1,raw_available,0.0,
217914-01,RS,KT5A,217914-01,0,RSKT5A,ALSTOM,2019-05-27,2019-05-31,2014.0,300,230/121/22,55.0,17.0,11.0,0.0,0.0,0.0,0.0,149.0,775.0,8172.0,30940.0,0.0,0.0,160.0,160.0,160.0,160.0,1,raw_available,0.0,
217914-01,RS,KT5A,217914-01,0,RSKT5A,ALSTOM,2019-11-10,2019-12-13,2014.0,300,230/121/22,52.0,8.0,30.0,6.0,0.0,0.0,0.0,165.0,909.0,10486.0,29785.0,0.0,0.0,201.0,201.0,201.0,201.0,1,raw_available,0.0,
217914-01,RS,KT5A,217914-01,0,RSKT5A,ALSTOM,2020-06-02,2020-07-03,2014.0,300,230/121/22,50.0,11.0,22.0,0.0,7.0,0.0,0.0,205.0,1037.0,8635.0,22328.0,0.0,0.0,234.0,234.0,234.0,234.0,1,raw_available,0.0,
217914-01,RS,KT5A,217914-01,0,RSKT5A,ALSTOM,2020-11-08,2020-11-21,2014.0,300,230/121/22,60.0,14.0,33.0,2.0,1.0,0.0,0.0,79.0,526.0,13952.0,41824.0,0.0,1.0,116.0,115.0,116.0,116.0,1,raw_available,1.0,
217914-01,RS,KT5A,217914-01,0,RSKT5A,ALSTOM,2021-05-25,2021-07-12,2014.0,300,230/121/22,54.0,8.0,25.0,1.0,0.0,0.0,0.0,171.0,1076.0,16343.0,57087.0,0.0,0.0,197.0,197.0,197.0,197.0,1,raw_available,0.0,
217914-01,RS,KT5A,217914-01,0,RSKT5A,ALSTOM,2021-11-09,2021-11-20,2014.0,300,230/121/22,50.0,8.0,23.0,0.0,6.0,0.0,0.0,285.0,1349.0,6501.0,22121.0,0.0,0.0,314.0,314.0,314.0,314.0,1,raw_available,0.0,
217914-01,RS,KT5A,217914-01,0,RSKT5A,ALSTOM,2022-06-05,2022-06-13,2014.0,300,230/121/22,54.0,10.0,19.0,4.0,3.0,13.0,0.0,283.0,1309.0,7720.0,36850.0,2.0,2.0,326.0,322.0,326.0,326.0,1,raw_available,4.0,
217914-01,RS,KT5A,217914-01,0,RSKT5A,ALSTOM,2022-11-27,2022-12-02,2014.0,300,230/121/22,48.0,8.0,27.0,8.0,3.0,2.0,0.0,426.0,1713.0,6966.0,31068.0,0.0,0.0,466.0,466.0,466.0,466.0,1,raw_available,0.0,
217914-01,RS,KT5A,217914-01,0,RSKT5A,ALSTOM,2023-05-21,2023-05-25,2014.0,300,230/121/22,52.0,6.0,29.0,7.0,5.0,3.0,0.0,488.0,1617.0,3736.0,21853.0,2.0,3.0,537.0,532.0,537.0,537.0,1,raw_available,5.0,
217914-01,RS,KT5A,217914-01,0,RSKT5A,ALSTOM,2023-12-09,2024-01-23,2014.0,300,230/121/22,46.0,12.0,29.0,0.0,4.0,3.0,0.0,414.0,1877.0,10208.0,30504.0,2.0,4.0,456.0,450.0,456.0,456.0,1,raw_available,6.0,
217914-01,RS,KT5A,217914-01,0,RSKT5A,ALSTOM,2024-06-11,2024-06-12,2014.0,300,230/121/22,50.0,6.0,23.0,14.0,7.0,4.0,0.0,538.0,1363.0,5833.0,22548.0,2.0,10.0,598.0,586.0,598.0,598.0,1,raw_available,12.0,
275050119601,SB,KT3A,275050119601,0,SBKT3A,SCHORCH,2019-06-06,2019-07-28,2011.0,300,230/115,60.0,17.0,19.0,13.0,5.0,1.0,0.0,597.0,4073.0,8275.0,47611.0,2.0,4.0,641.0,635.0,641.0,641.0,1,raw_available,6.0,
275050119601,SB,KT3A,275050119601,0,SBKT3A,SCHORCH,2020-03-28,2020-03-29,2011.0,300,230/115,60.0,15.0,44.0,16.0,5.0,1.0,0.5,729.0,4850.0,2737.0,37762.0,2.0,7.0,804.5,795.5,804.5,804.5,1,raw_available,9.0,มี Fault มาจากกฟน.ด้าน Low Side.ของหม้อแปลง(24/03/49)
275050119601,SB,KT3A,275050119601,0,SBKT3A,SCHORCH,2020-04-03,2020-04-05,2011.0,300,230/115,60.0,6.0,9.0,12.0,7.0,1.0,3.0,682.0,4062.0,10344.0,51938.0,2.0,6.0,722.0,714.0,722.0,722.0,1,raw_available,8.0,ตามผล 7 วัน หม้อแปลงรับ Fault จาก กฟน.
275050119601,SB,KT3A,275050119601,0,SBKT3A,SCHORCH,2020-05-24,2020-06-23,2011.0,300,230/115,56.0,5.0,45.0,9.0,8.0,1.0,0.0,717.0,3012.0,2367.0,32467.0,2.0,6.0,788.0,780.0,788.0,788.0,1,raw_available,8.0,
275050119601,SB,KT3A,275050119601,0,SBKT3A,SCHORCH,2020-05-29,2020-06-02,2011.0,300,230/115,58.0,11.0,25.0,0.0,0.0,0.0,0.0,548.0,3843.0,12112.0,40750.0,0.0,0.0,573.0,573.0,573.0,573.0,1,raw_available,0.0,
275050119601,SB,KT3A,275050119601,0,SBKT3A,SCHORCH,2020-11-22,2020-12-25,2011.0,300,230/115,58.0,17.0,57.0,11.0,4.0,2.0,0.0,724.0,4318.0,14058.0,52720.0,2.0,2.0,802.0,798.0,802.0,802.0,1,raw_available,4.0,
275050119601,SB,KT3A,275050119601,0,SBKT3A,SCHORCH,2021-06-07,2021-08-10,2011.0,300,230/115,,18.0,28.0,12.0,7.0,0.0,0.0,677.0,3706.0,7056.0,37734.0,0.0,0.0,724.0,724.0,724.0,724.0,1,raw_available,0.0,
275050119601,SB,KT3A,275050119601,0,SBKT3A,SCHORCH,2021-11-21,2021-12-10,2011.0,300,230/115,52.0,12.0,50.0,20.0,5.0,0.0,0.0,979.0,5587.0,4978.0,44186.0,3.0,10.0,1067.0,1054.0,1067.0,1067.0,1,raw_available,13.0,
275050119601,SB,KT3A,275050119601,0,SBKT3A,SCHORCH,2022-05-23,2022-06-02,2011.0,300,230/115,60.0,14.0,21.0,24.0,8.0,1.0,0.0,991.0,5927.0,7974.0,42275.0,0.0,1.0,1046.0,1045.0,1046.0,1046.0,1,raw_available,1.0,
275050119601,SB,KT3A,275050119601,0,SBKT3A,SCHORCH,2022-12-12,2022-12-15,2011.0,300,230/115,51.0,5.0,24.0,9.0,4.0,0.0,0.0,936.0,5575.0,4860.0,42560.0,33.0,11.0,1017.0,973.0,1017.0,1017.0,1,raw_available,44.0,
275050119601,SB,KT3A,275050119601,0,SBKT3A,SCHORCH,2023-07-01,2023-07-09,2011.0,300,230/115,58.0,11.0,108.0,25.0,5.0,0.0,0.0,886.0,4142.0,6286.0,46335.0,2.0,22.0,1048.0,1024.0,1048.0,1048.0,1,raw_available,24.0,
275050219601,SB,KT6A,275050219601,0,SBKT6A,SCHORCH,2019-06-06,2019-07-28,2011.0,300,230/115,62.0,15.0,36.0,11.0,5.0,0.0,0.0,524.0,3084.0,9591.0,40379.0,2.0,4.0,582.0,576.0,582.0,582.0,1,raw_available,6.0,
275050219601,SB,KT6A,275050219601,0,SBKT6A,SCHORCH,2019-10-26,2019-11-08,2011.0,300,230/115,60.0,11.0,42.0,7.0,2.0,0.0,0.0,634.0,3156.0,7303.0,29743.0,0.0,7.0,892.0,685.0,892.0,892.0,1,raw_available,207.0,
275050219601,SB,KT6A,275050219601,0,SBKT6A,SCHORCH,2020-05-24,2020-06-23,2011.0,300,230/115,59.0,5.0,48.0,13.0,1.0,0.0,0.0,757.0,3030.0,2067.0,38519.0,0.0,9.0,828.0,819.0,828.0,828.0,1,raw_available,9.0,
275050219601,SB,KT6A,275050219601,0,SBKT6A,SCHORCH,2020-05-29,2020-06-02,2011.0,300,230/115,58.0,12.0,26.0,0.0,0.0,0.0,0.0,549.0,3693.0,11210.0,34331.0,0.0,0.0,575.0,575.0,575.0,575.0,1,raw_available,0.0,
275050219601,SB,KT6A,275050219601,0,SBKT6A,SCHORCH,2020-11-22,2020-12-25,2011.0,300,230/115,58.0,21.0,27.0,10.0,2.0,0.0,0.0,571.0,3527.0,12027.0,59810.0,0.0,1.0,611.0,610.0,611.0,611.0,1,raw_available,1.0,
275050219601,SB,KT6A,275050219601,0,SBKT6A,SCHORCH,2021-06-07,2021-08-14,2011.0,300,230/115,,18.0,27.0,0.0,0.0,0.0,0.0,577.0,3688.0,13220.0,56829.0,0.0,0.0,604.0,604.0,604.0,604.0,1,raw_available,0.0,
275050219601,SB,KT6A,275050219601,0,SBKT6A,SCHORCH,2021-11-21,2021-12-10,2011.0,300,230/115,51.0,20.0,50.0,19.0,3.0,0.0,0.0,821.0,4842.0,3992.0,47109.0,9.0,7.0,909.0,893.0,909.0,909.0,1,raw_available,16.0,
275050219601,SB,KT6A,275050219601,0,SBKT6A,SCHORCH,2022-05-23,2022-06-02,2011.0,300,230/115,58.0,22.0,26.0,3.0,5.0,3.0,0.0,737.0,4410.0,6545.0,39352.0,0.0,0.0,774.0,774.0,774.0,774.0,1,raw_available,0.0,
275050219601,SB,KT6A,275050219601,0,SBKT6A,SCHORCH,2022-12-12,2022-12-15,2011.0,300,230/115,54.0,8.0,23.0,5.0,1.0,0.0,0.0,729.0,4119.0,5510.0,36050.0,54.0,7.0,819.0,758.0,819.0,819.0,1,raw_available,61.0,
275050219601,SB,KT6A,275050219601,0,SBKT6A,SCHORCH,2023-07-01,2023-07-09,2011.0,300,230/115,58.0,14.0,38.0,23.0,6.0,0.0,0.0,798.0,4023.0,5319.0,40769.0,7.0,11.0,883.0,865.0,883.0,883.0,1,raw_available,18.0,
275050229801,RS,KT8A,275050229801,0,RSKT8A,SCHORCH,2019-05-22,2019-06-29,2011.0,300,230/121/22,64.0,10.0,33.0,6.0,5.0,0.0,0.0,780.0,4495.0,8724.0,39694.0,0.0,0.0,824.0,824.0,824.0,824.0,1,raw_available,0.0,
275050229801,RS,KT8A,275050229801,0,RSKT8A,SCHORCH,2019-11-10,2019-12-14,2011.0,300,230/121/22,66.0,18.0,19.0,5.0,0.0,0.0,0.0,641.0,4430.0,9484.0,45486.0,3.0,9.0,677.0,665.0,677.0,677.0,1,raw_available,12.0,
275050229801,RS,KT8A,275050229801,0,RSKT8A,SCHORCH,2020-06-02,2020-07-03,2011.0,300,230/121/22,70.0,13.0,40.0,12.0,12.0,0.0,0.0,670.0,5310.0,5512.0,29710.0,0.0,0.0,734.0,734.0,734.0,734.0,1,raw_available,0.0,
275050229801,RS,KT8A,275050229801,0,RSKT8A,SCHORCH,2020-11-08,2020-11-22,2011.0,300,230/121/22,63.0,14.0,23.0,8.0,8.0,0.0,0.0,903.0,5492.0,4528.0,48471.0,0.0,13.0,955.0,942.0,955.0,955.0,1,raw_available,13.0,
275050229801,RS,KT8A,275050229801,0,RSKT8A,SCHORCH,2021-05-25,2021-07-13,2011.0,300,230/121/22,70.0,21.0,32.0,12.0,6.0,0.0,0.0,781.0,5454.0,5644.0,36820.0,0.0,0.0,831.0,831.0,831.0,831.0,1,raw_available,0.0,
275050229801,RS,KT8A,275050229801,0,RSKT8A,SCHORCH,2021-11-09,2021-11-19,2011.0,300,230/121/22,65.0,10.0,21.0,10.0,7.0,0.0,0.0,783.0,7840.0,4440.0,39180.0,50.0,18.0,889.0,821.0,889.0,889.0,1,raw_available,68.0,
275050229801,RS,KT8A,275050229801,0,RSKT8A,SCHORCH,2022-06-05,2022-06-13,2011.0,300,230/121/22,65.0,12.0,42.0,7.0,2.0,11.0,0.0,616.0,6409.0,5450.0,58630.0,39.0,14.0,731.0,678.0,731.0,731.0,1,raw_available,53.0,
275050229801,RS,KT8A,275050229801,0,RSKT8A,SCHORCH,2022-11-27,2022-12-02,2011.0,300,230/121/22,60.0,9.0,35.0,14.0,4.0,1.0,0.0,808.0,6423.0,5999.0,39351.0,18.0,17.0,897.0,862.0,897.0,897.0,1,raw_available,35.0,
275050229801,RS,KT8A,275050229801,0,RSKT8A,SCHORCH,2023-05-21,2023-05-25,2011.0,300,230/121/22,67.0,8.0,29.0,18.0,5.0,3.0,0.0,729.0,6994.0,6753.0,58316.0,4.0,17.0,805.0,784.0,805.0,805.0,1,raw_available,21.0,
275050229801,RS,KT8A,275050229801,0,RSKT8A,SCHORCH,2023-12-09,2024-01-23,2011.0,300,230/121/22,62.0,14.0,35.0,20.0,11.0,4.0,0.0,953.0,7166.0,13637.0,52062.0,3.0,21.0,1047.0,1023.0,1047.0,1047.0,1,raw_available,24.0,
275050229801,RS,KT8A,275050229801,0,RSKT8A,SCHORCH,2024-06-11,2024-06-12,2011.0,300,230/121/22,70.0,6.0,44.0,23.0,12.0,12.0,0.0,1318.0,8126.0,6070.0,53110.0,4.0,22.0,1435.0,1409.0,1435.0,1435.0,1,raw_available,26.0,
275050239601,RS,KT6A,275050239601,0,RSKT6A,SCHORCH,2019-05-22,2019-06-30,2013.0,300,230/115,66.0,12.0,24.0,7.0,1.0,1.0,0.0,586.0,3824.0,9125.0,42983.0,2.0,5.0,626.0,619.0,626.0,626.0,1,raw_available,7.0,
275050239601,RS,KT6A,275050239601,0,RSKT6A,SCHORCH,2019-11-10,2019-12-15,2013.0,300,230/115,70.0,9.0,29.0,7.0,0.0,0.0,0.0,566.0,4222.0,12640.0,53729.0,38.0,0.0,640.0,602.0,640.0,640.0,1,raw_available,38.0,
275050239601,RS,KT6A,275050239601,0,RSKT6A,SCHORCH,2020-06-02,2020-07-03,2013.0,300,230/115,68.0,10.0,32.0,0.0,13.0,0.0,0.0,878.0,4941.0,6536.0,38733.0,0.0,0.0,923.0,923.0,923.0,923.0,1,raw_available,0.0,
275050239601,RS,KT6A,275050239601,0,RSKT6A,SCHORCH,2020-11-08,2020-11-21,2013.0,300,230/115,64.0,16.0,38.0,6.0,2.0,0.0,0.0,288.0,2498.0,7296.0,60481.0,0.0,10.0,344.0,334.0,344.0,344.0,1,raw_available,10.0,
275050239601,RS,KT6A,275050239601,0,RSKT6A,SCHORCH,2021-05-25,2021-07-12,2013.0,300,230/115,70.0,6.0,24.0,3.0,0.0,0.0,0.0,348.0,2664.0,6554.0,20397.0,0.0,0.0,375.0,375.0,375.0,375.0,1,raw_available,0.0,
275050239601,RS,KT6A,275050239601,0,RSKT6A,SCHORCH,2021-11-09,2021-11-20,2013.0,300,230/115,74.0,10.0,26.0,15.0,17.0,0.0,0.0,623.0,6238.0,7321.0,39071.0,0.0,1.0,682.0,681.0,682.0,682.0,1,raw_available,1.0,
275050239601,RS,KT6A,275050239601,0,RSKT6A,SCHORCH,2022-06-05,2022-06-13,2013.0,300,230/115,70.0,15.0,50.0,12.0,18.0,24.0,0.0,578.0,6052.0,5080.0,56170.0,21.0,7.0,710.0,682.0,710.0,710.0,1,raw_available,28.0,
275050239601,RS,KT6A,275050239601,0,RSKT6A,SCHORCH,2022-11-27,2022-12-02,2013.0,300,230/115,62.0,7.0,40.0,14.0,1.0,2.0,0.0,707.0,6885.0,5652.0,39343.0,14.0,9.0,787.0,764.0,787.0,787.0,1,raw_available,23.0,
275050239601,RS,KT6A,275050239601,0,RSKT6A,SCHORCH,2023-05-21,2023-05-25,2013.0,300,230/115,68.0,11.0,42.0,13.0,6.0,3.0,0.0,744.0,6635.0,4353.0,39814.0,4.0,18.0,830.0,808.0,830.0,830.0,1,raw_available,22.0,
275050239601,RS,KT6A,275050239601,0,RSKT6A,SCHORCH,2023-12-09,2024-01-13,2013.0,300,230/115,64.0,16.0,45.0,17.0,9.0,6.0,0.0,710.0,7403.0,11841.0,41878.0,4.0,18.0,809.0,787.0,809.0,809.0,1,raw_available,22.0,
275050239601,RS,KT6A,275050239601,0,RSKT6A,SCHORCH,2024-06-11,2024-06-12,2013.0,300,230/115,0.0,0.0,41.0,20.0,7.0,4.0,0.0,907.0,6374.0,4876.0,43495.0,4.0,18.0,1001.0,979.0,1001.0,1001.0,1,raw_available,22.0,
28122,AP,KT1A,28122,0,APKT1A,ASEA,2019-11-17,2019-12-14,1989.0,200,230/115/11,60.0,15.0,26.0,48.0,10.0,17.0,0.0,400.0,3015.0,16223.0,66531.0,25.0,0.0,526.0,501.0,526.0,526.0,1,raw_available,25.0,
28122,AP,KT1A,28122,0,APKT1A,ASEA,2020-06-19,2020-07-05,1989.0,200,230/115/11,57.0,21.0,9.0,71.0,15.0,47.0,0.0,725.0,4752.0,7629.0,74966.0,26.0,6.0,899.0,867.0,899.0,899.0,1,raw_available,32.0,
28122,AP,KT1A,28122,0,APKT1A,ASEA,2021-01-25,2021-03-23,1989.0,200,230/115/11,50.0,23.0,18.0,102.0,15.0,0.0,0.0,750.0,4752.0,8180.0,89930.0,0.0,9.0,894.0,885.0,894.0,894.0,1,raw_available,9.0,
28122,AP,KT1A,28122,0,APKT1A,ASEA,2021-04-17,2021-06-12,1989.0,200,230/115/11,57.0,10.0,49.0,69.0,11.0,19.0,0.0,427.0,4956.0,12690.0,89900.0,33.0,8.0,616.0,575.0,616.0,616.0,1,raw_available,41.0,
28122,AP,KT1A,28122,0,APKT1A,ASEA,2022-07-01,2022-07-02,1989.0,200,230/115/11,69.0,8.0,15.0,36.0,26.0,46.0,0.0,794.0,6394.0,5484.0,64556.0,8.0,2.0,927.0,917.0,927.0,927.0,1,raw_available,10.0,
28122,AP,KT1A,28122,0,APKT1A,ASEA,2022-07-08,2022-07-14,1989.0,200,230/115/11,50.0,12.0,16.0,80.0,16.0,22.0,0.0,767.0,6667.0,8830.0,88250.0,35.0,11.0,947.0,901.0,947.0,947.0,1,raw_available,46.0,
28122,AP,KT1A,28122,0,APKT1A,ASEA,2023-03-19,2023-04-07,1989.0,200,230/115/11,54.0,19.0,9.0,87.0,16.0,24.0,0.0,751.0,6685.0,9300.0,75320.0,35.0,12.0,934.0,887.0,934.0,934.0,1,raw_available,47.0,
28122,AP,KT1A,28122,0,APKT1A,ASEA,2023-09-07,2023-10-10,1989.0,200,230/115/11,56.0,13.0,7.0,91.0,15.0,34.0,0.0,753.0,6768.0,13780.0,57890.0,30.0,10.0,940.0,900.0,940.0,940.0,1,raw_available,40.0,
28122,AP,KT1A,28122,0,APKT1A,ASEA,2024-05-30,2024-05-31,1989.0,200,230/115/11,53.0,12.0,13.0,79.0,11.0,48.0,0.0,658.0,6539.0,12370.0,44744.0,26.0,8.0,843.0,809.0,843.0,843.0,1,raw_available,34.0,
338025,UB1,KT2A,338025,0,UB1KT2A,RADE KONCAR,2020-03-01,2020-04-03,2004.0,50,115/22,47.0,11.0,61.0,20.0,7.0,0.0,0.0,602.0,5638.0,5528.0,51574.0,0.0,3.0,693.0,690.0,693.0,693.0,1,raw_available,3.0,
338025,UB1,KT2A,338025,0,UB1KT2A,RADE KONCAR,2021-03-01,2021-05-21,2004.0,50,115/22,56.0,17.0,19.0,16.0,55.0,7.0,0.0,735.0,8804.0,10136.0,44862.0,0.0,0.0,832.0,832.0,832.0,832.0,1,raw_available,0.0,
338025,UB1,KT2A,338025,0,UB1KT2A,RADE KONCAR,2022-02-06,2022-02-19,2004.0,50,115/22,50.0,19.0,1.0,11.0,4.0,0.0,0.0,605.0,8108.0,4972.0,54359.0,0.0,2.0,623.0,621.0,623.0,623.0,1,raw_available,2.0,
338025,UB1,KT2A,338025,0,UB1KT2A,RADE KONCAR,2023-02-04,2023-02-18,2004.0,50,115/22,55.0,4.0,14.0,22.0,6.0,1.0,0.0,1036.0,9418.0,12266.0,58395.0,10.0,3.0,1092.0,1079.0,1092.0,1092.0,1,raw_available,13.0,
338025,UB1,KT2A,338025,0,UB1KT2A,RADE KONCAR,2024-02-03,2024-03-08,2004.0,50,115/22,55.0,12.0,12.0,24.0,7.0,4.0,0.0,952.0,9366.0,12558.0,39316.0,8.0,3.0,1010.0,999.0,1010.0,1010.0,1,raw_available,11.0,
338026,NR2,KT2A,338026,0,NR2KT2A,RADE KONCAR,2019-04-18,2019-04-21,2004.0,50,115/22,66.0,12.0,14.0,23.0,8.0,5.0,0.0,549.0,16553.0,10269.0,51387.0,0.0,0.0,599.0,599.0,599.0,599.0,1,raw_available,0.0,
338026,NR2,KT2A,338026,0,NR2KT2A,RADE KONCAR,2019-05-26,2019-08-03,2004.0,50,115/22,58.0,13.0,41.0,28.0,0.0,3.0,18.0,654.0,13191.0,8553.0,50400.0,9.0,4.0,757.0,744.0,757.0,757.0,1,raw_available,13.0,ตามผล1เดือนหลังเติมน้ามันเข้าทางradiator.
338026,NR2,KT2A,338026,0,NR2KT2A,RADE KONCAR,2019-08-09,2019-09-15,2004.0,50,115/22,58.0,18.0,11.0,23.0,6.0,5.0,0.0,551.0,11998.0,10397.0,52493.0,10.0,4.0,610.0,596.0,610.0,610.0,1,raw_available,14.0,
338026,NR2,KT2A,338026,0,NR2KT2A,RADE KONCAR,2020-03-26,2020-05-25,2004.0,50,115/22,72.0,28.0,33.0,27.0,10.0,0.0,0.0,672.0,11655.0,11710.0,68240.0,0.0,7.0,749.0,742.0,749.0,749.0,1,raw_available,7.0,
338026,NR2,KT2A,338026,0,NR2KT2A,RADE KONCAR,2021-01-14,2021-02-06,2004.0,50,115/22,50.0,11.0,19.0,37.0,8.0,6.0,0.0,721.0,16618.0,8265.0,64231.0,11.0,5.0,807.0,791.0,807.0,807.0,1,raw_available,16.0,
338026,NR2,KT2A,338026,0,NR2KT2A,RADE KONCAR,2022-01-09,2022-02-12,2004.0,50,115/22,58.0,9.0,17.0,54.0,6.0,6.0,0.0,773.0,19113.0,7810.0,59954.0,9.0,4.0,869.0,856.0,869.0,869.0,1,raw_available,13.0,
338026,NR2,KT2A,338026,0,NR2KT2A,RADE KONCAR,2023-02-27,2023-03-11,2004.0,50,115/22,63.0,9.0,9.0,13.0,5.0,0.0,0.0,995.0,23574.0,5339.0,48684.0,0.0,3.0,1025.0,1022.0,1025.0,1025.0,1,raw_available,3.0,
338026,NR2,KT2A,338026,0,NR2KT2A,RADE KONCAR,2024-02-26,2024-04-07,2004.0,50,115/22,50.0,13.0,12.0,19.0,0.0,7.0,0.0,636.0,11989.0,6366.0,36022.0,0.0,0.0,674.0,674.0,674.0,674.0,1,raw_available,0.0,
338027,NR2,KT1A,338027,0,NR2KT1A,RADE KONCAR,2017-05-26,2020-03-26,2004.0,50,115/22,60.0,18.0,19.0,15.0,7.0,0.0,0.0,882.0,10676.0,11014.0,50163.0,0.0,0.0,923.0,923.0,923.0,923.0,1,raw_available,0.0,
338027,NR2,KT1A,338027,0,NR2KT1A,RADE KONCAR,2019-04-18,2019-04-21,2004.0,50,115/22,61.0,13.0,13.0,16.0,5.0,0.0,0.0,787.0,12087.0,9618.0,57540.0,0.0,0.0,821.0,821.0,821.0,821.0,1,raw_available,0.0,
338027,NR2,KT1A,338027,0,NR2KT1A,RADE KONCAR,2019-05-26,2019-08-03,2004.0,50,115/22,62.0,16.0,8.0,18.0,6.0,0.0,0.0,825.0,10324.0,7687.0,57271.0,0.0,1.0,858.0,857.0,858.0,858.0,1,raw_available,1.0,ตามผล1เดือนหลังเติมน้ำมันเข้าทางradiator.
338027,NR2,KT1A,338027,0,NR2KT1A,RADE KONCAR,2021-01-14,2021-02-05,2004.0,50,115/22,54.0,11.0,19.0,11.0,4.0,0.0,0.0,685.0,9404.0,7974.0,54187.0,0.0,2.0,721.0,719.0,721.0,721.0,1,raw_available,2.0,
338027,NR2,KT1A,338027,0,NR2KT1A,RADE KONCAR,2022-01-09,2022-02-08,2004.0,50,115/22,52.0,10.0,13.0,10.0,4.0,0.0,0.0,695.0,9505.0,8657.0,62227.0,0.0,2.0,724.0,722.0,724.0,724.0,1,raw_available,2.0,
338027,NR2,KT1A,338027,0,NR2KT1A,RADE KONCAR,2023-02-27,2023-03-11,2004.0,50,115/22,68.0,7.0,7.0,10.0,4.0,0.0,0.0,903.0,14841.0,8125.0,65401.0,0.0,2.0,926.0,924.0,926.0,926.0,1,raw_available,2.0,
338027,NR2,KT1A,338027,0,NR2KT1A,RADE KONCAR,2024-02-26,2024-04-07,2004.0,50,115/22,55.0,15.0,10.0,15.0,0.0,6.0,0.0,1035.0,9546.0,7263.0,53826.0,0.0,0.0,1066.0,1066.0,1066.0,1066.0,1,raw_available,0.0,
338028,LE,KT1A,338028,0,LEKT1A,RADE KONCAR,2019-03-30,2019-04-18,2004.0,50,115/22,55.0,17.0,17.0,8.0,0.0,0.0,0.0,935.0,6354.0,6951.0,52326.0,0.0,0.0,960.0,960.0,960.0,960.0,1,raw_available,0.0,
338028,LE,KT1A,338028,0,LEKT1A,RADE KONCAR,2019-04-04,2019-04-07,2004.0,50,115/22,40.0,8.0,704.0,174.0,12.0,219.0,586.0,0.0,0.0,7348.0,44065.0,54.0,0.0,1749.0,1695.0,1749.0,1749.0,1,raw_available,54.0,"Tx.trip Buchholz relay,transformer diff.relayมีน้ำมันไหลออกที่pressure relief device."
338028,LE,KT1A,338028,0,LEKT1A,RADE KONCAR,2019-04-05,2019-04-07,2004.0,50,115/22,40.0,8.0,302.0,76.0,9.0,135.0,340.0,0.0,0.0,10372.0,46921.0,37.0,0.0,899.0,862.0,899.0,899.0,1,raw_available,37.0,"Tx.tripBuchholz relay,transformer diff.relayมีน้ำมันไหลออกที่pressure relief device.,เก็บน้ำมันที่buchholz relay."
338028,LE,KT1A,338028,0,LEKT1A,RADE KONCAR,2021-02-09,2021-04-11,2004.0,50,115/22,,15.0,0.0,0.0,0.0,0.0,0.0,26.0,247.0,30764.0,61585.0,0.0,0.0,26.0,26.0,26.0,26.0,1,raw_available,0.0,หลังมีการทำ Hot Oil Purify ไว้
338028,LE,KT1A,338028,0,LEKT1A,RADE KONCAR,2021-05-07,2021-05-08,2004.0,50,115/22,42.0,14.0,2.0,0.0,0.0,0.0,0.0,0.0,25.0,12989.0,30227.0,0.0,0.0,2.0,2.0,2.0,2.0,1,raw_available,0.0,Before test.
338028,LE,KT1A,338028,0,LEKT1A,RADE KONCAR,2021-05-07,2021-05-08,2004.0,50,115/22,42.0,16.0,20.0,0.0,0.0,0.0,0.0,0.0,32.0,19918.0,42698.0,0.0,0.0,20.0,20.0,20.0,20.0,1,raw_available,0.0,After Dielectric test .
338028,LE,KT1A,338028,0,LEKT1A,RADE KONCAR,2021-06-11,2021-08-10,2004.0,50,115/22,34.0,18.0,10.0,0.0,0.0,0.0,0.0,11.0,218.0,11570.0,25384.0,0.0,0.0,21.0,21.0,21.0,21.0,1,raw_available,0.0,หม้อแปลงย้ายมาจาก สฟ.ชัยภมิ KT1A
338028,LE,KT1A,338028,0,LEKT1A,RADE KONCAR,2022-01-16,2022-02-08,2004.0,50,115/22,47.0,14.0,10.0,1.0,0.0,0.0,0.0,95.0,1408.0,21307.0,57698.0,0.0,0.0,106.0,106.0,106.0,106.0,1,raw_available,0.0,
338028,LE,KT1A,338028,0,LEKT1A,RADE KONCAR,2023-01-14,2023-02-06,2004.0,50,115/22,40.0,16.0,23.0,2.0,1.0,1.0,0.0,129.0,1729.0,31905.0,79451.0,2.0,1.0,159.0,156.0,159.0,159.0,1,raw_available,3.0,
338028,LE,KT1A,338028,0,LEKT1A,RADE KONCAR,2024-01-13,2024-02-11,2004.0,50,115/22,49.0,15.0,23.0,5.0,2.0,2.0,0.0,537.0,5188.0,29203.0,75427.0,2.0,2.0,573.0,569.0,573.0,573.0,1,raw_available,4.0,
338029,BR,KT1A,338029,0,BRKT1A,RADEKONCAR,2019-03-23,2019-04-18,2004.0,50,115/22,57.0,17.0,14.0,49.0,56.0,54.0,0.0,810.0,6189.0,8295.0,41639.0,0.0,49.0,1032.0,983.0,1032.0,1032.0,1,raw_available,49.0,
338029,BR,KT1A,338029,0,BRKT1A,RADEKONCAR,2020-03-22,2020-05-25,2004.0,50,115/22,57.0,15.0,35.0,123.0,50.0,21.0,0.0,851.0,6703.0,8290.0,51580.0,0.0,17.0,1097.0,1080.0,1097.0,1097.0,1,raw_available,17.0,
338029,BR,KT1A,338029,0,BRKT1A,RADEKONCAR,2021-01-11,2021-02-05,2004.0,50,115/22,50.0,8.0,25.0,108.0,37.0,15.0,0.0,814.0,7798.0,5741.0,62477.0,12.0,13.0,1024.0,999.0,1024.0,1024.0,1,raw_available,25.0,
338029,BR,KT1A,338029,0,BRKT1A,RADEKONCAR,2022-02-28,2022-03-27,2004.0,50,115/22,45.0,12.0,12.0,51.0,31.0,14.0,0.0,508.0,5281.0,14790.0,77260.0,37.0,12.0,665.0,616.0,665.0,665.0,1,raw_available,49.0,
338029,BR,KT1A,338029,0,BRKT1A,RADEKONCAR,2023-02-21,2023-03-04,2004.0,50,115/22,40.0,8.0,10.0,68.0,45.0,40.0,0.0,1245.0,7034.0,7863.0,56673.0,62.0,11.0,1481.0,1408.0,1481.0,1481.0,1,raw_available,73.0,After Buchholz alarm & TX. Pres Relief Dev.alarm
338029,BR,KT1A,338029,0,BRKT1A,RADEKONCAR,2023-02-25,2023-03-12,2004.0,50,115/22,56.0,11.0,11.0,56.0,36.0,38.0,0.0,1113.0,6996.0,12886.0,45291.0,34.0,8.0,1296.0,1254.0,1296.0,1296.0,1,raw_available,42.0,
338029,BR,KT1A,338029,0,BRKT1A,RADEKONCAR,2024-02-24,2024-04-08,2004.0,50,115/22,55.0,11.0,4.0,3.0,43.0,55.0,0.0,1021.0,7526.0,12481.0,52099.0,58.0,13.0,1197.0,1126.0,1197.0,1197.0,1,raw_available,71.0,
338030,RE1,KT2A,338030,0,RE1KT2A,RADE KONCAR,2020-03-09,2020-03-25,2005.0,50,115/22/11,59.0,15.0,13.0,19.0,12.0,0.0,0.0,827.0,6090.0,7968.0,56213.0,0.0,5.0,876.0,871.0,876.0,876.0,1,raw_available,5.0,
338030,RE1,KT2A,338030,0,RE1KT2A,RADE KONCAR,2021-01-23,2021-04-24,2005.0,50,115/22/11,53.0,15.0,42.0,16.0,6.0,7.0,0.0,875.0,6158.0,6472.0,60871.0,14.0,3.0,963.0,946.0,963.0,963.0,1,raw_available,17.0,
338030,RE1,KT2A,338030,0,RE1KT2A,RADE KONCAR,2022-02-13,2022-03-28,2005.0,50,115/22/11,45.0,17.0,24.0,14.0,9.0,0.0,0.0,721.0,6433.0,9011.0,65280.0,10.0,4.0,782.0,768.0,782.0,782.0,1,raw_available,14.0,
338030,RE1,KT2A,338030,0,RE1KT2A,RADE KONCAR,2023-02-12,2023-03-05,2005.0,50,115/22/11,58.0,55.0,14.0,27.0,13.0,14.0,0.0,1113.0,8185.0,18367.0,56890.0,4.0,6.0,1191.0,1181.0,1191.0,1191.0,1,raw_available,10.0,
338030,RE1,KT2A,338030,0,RE1KT2A,RADE KONCAR,2024-02-11,2024-03-19,2005.0,50,115/22/11,54.0,16.0,3.0,7.0,1.0,26.0,0.0,968.0,4531.0,13511.0,53352.0,13.0,1.0,1019.0,1005.0,1019.0,1019.0,1,raw_available,14.0,
338031,NR1,KT1A,338031,0,NR1KT1A,RADE KONGAR,2019-04-18,2019-04-21,2004.0,50,115/22,72.0,13.0,15.0,33.0,8.0,8.0,0.0,686.0,16117.0,8410.0,55823.0,0.0,0.0,750.0,750.0,750.0,750.0,1,raw_available,0.0,
338031,NR1,KT1A,338031,0,NR1KT1A,RADE KONGAR,2019-05-26,2019-08-03,2004.0,50,115/22,65.0,20.0,11.0,29.0,10.0,3.0,0.0,790.0,11195.0,6749.0,51265.0,0.0,2.0,845.0,843.0,845.0,845.0,1,raw_available,2.0,ตามผล1เดือนหลังเติมน้ามันเข้าทาง radiator.
338031,NR1,KT1A,338031,0,NR1KT1A,RADE KONGAR,2020-03-25,2020-05-25,2004.0,50,115/22,74.0,15.0,33.0,36.0,12.0,0.0,0.0,959.0,12090.0,6170.0,72830.0,0.0,4.0,1044.0,1040.0,1044.0,1044.0,1,raw_available,4.0,
338031,NR1,KT1A,338031,0,NR1KT1A,RADE KONGAR,2021-01-13,2021-02-05,2004.0,50,115/22,57.0,7.0,29.0,26.0,9.0,0.0,0.0,812.0,13778.0,5531.0,52769.0,0.0,3.0,879.0,876.0,879.0,879.0,1,raw_available,3.0,
338031,NR1,KT1A,338031,0,NR1KT1A,RADE KONGAR,2022-01-09,2022-02-12,2004.0,50,115/22,63.0,12.0,14.0,59.0,21.0,4.0,0.0,1057.0,18234.0,5548.0,64149.0,10.0,43.0,1208.0,1155.0,1208.0,1208.0,1,raw_available,53.0,
338031,NR1,KT1A,338031,0,NR1KT1A,RADE KONGAR,2023-02-28,2023-03-12,2004.0,50,115/22,62.0,12.0,14.0,37.0,12.0,10.0,0.0,1037.0,16116.0,7940.0,55668.0,7.0,6.0,1123.0,1110.0,1123.0,1123.0,1,raw_available,13.0,
338031,NR1,KT1A,338031,0,NR1KT1A,RADE KONGAR,2024-02-27,2024-04-07,2004.0,50,115/22,65.0,11.0,3.0,35.0,10.0,10.0,0.0,684.0,9889.0,19822.0,57769.0,15.0,5.0,762.0,742.0,762.0,762.0,1,raw_available,20.0,
338032,NR1,KT2A,338032,0,NR1KT2A,RADE KONCAR,2019-03-25,2019-04-21,2004.0,50,115/22,52.0,17.0,18.0,137.0,80.0,92.0,0.0,620.0,12455.0,8402.0,49207.0,69.0,29.0,1045.0,947.0,1045.0,1045.0,1,raw_available,98.0,
338032,NR1,KT2A,338032,0,NR1KT2A,RADE KONCAR,2019-04-18,2019-04-21,2004.0,50,115/22,65.0,9.0,18.0,130.0,84.0,107.0,0.0,728.0,15768.0,10090.0,60484.0,55.0,20.0,1142.0,1067.0,1142.0,1142.0,1,raw_available,75.0,
338032,NR1,KT2A,338032,0,NR1KT2A,RADE KONCAR,2019-05-26,2019-08-03,2004.0,50,115/22,66.0,24.0,13.0,152.0,57.0,93.0,0.0,758.0,11142.0,8420.0,54251.0,84.0,11.0,1168.0,1073.0,1168.0,1168.0,1,raw_available,95.0,ตามผล1เดือนหลังเติมน้ำเข้าทางradiator.
338032,NR1,KT2A,338032,0,NR1KT2A,RADE KONCAR,2020-03-25,2020-05-25,2004.0,50,115/22,74.0,21.0,37.0,203.0,101.0,62.0,0.0,820.0,12002.0,10980.0,62250.0,0.0,37.0,1260.0,1223.0,1260.0,1260.0,1,raw_available,37.0,
338032,NR1,KT2A,338032,0,NR1KT2A,RADE KONCAR,2021-01-13,2021-01-29,2004.0,50,115/22,60.0,7.0,33.0,180.0,81.0,48.0,0.0,632.0,13028.0,5284.0,59935.0,15.0,26.0,1015.0,974.0,1015.0,1015.0,1,raw_available,41.0,
338032,NR1,KT2A,338032,0,NR1KT2A,RADE KONCAR,2022-01-09,2022-02-11,2004.0,50,115/22,58.0,20.0,14.0,70.0,93.0,109.0,0.0,818.0,13564.0,6141.0,64997.0,117.0,17.0,1238.0,1104.0,1238.0,1238.0,1,raw_available,134.0,
338032,NR1,KT2A,338032,0,NR1KT2A,RADE KONCAR,2023-02-28,2023-03-12,2004.0,50,115/22,63.0,11.0,13.0,138.0,73.0,90.0,0.0,877.0,14904.0,11611.0,56399.0,74.0,18.0,1283.0,1191.0,1283.0,1283.0,1,raw_available,92.0,
338032,NR1,KT2A,338032,0,NR1KT2A,RADE KONCAR,2024-02-27,2024-04-07,2004.0,50,115/22,65.0,8.0,12.0,120.0,71.0,78.0,0.0,633.0,9897.0,13715.0,50331.0,94.0,18.0,1026.0,914.0,1026.0,1026.0,1,raw_available,112.0,
338033,BPI,KT1A,338033,0,BPIKT1A,RADE KONCAR,2019-04-01,2019-04-19,2005.0,50,115/22,37.0,12.0,24.0,28.0,13.0,7.0,0.0,547.0,4730.0,4691.0,50982.0,0.0,0.0,619.0,619.0,619.0,619.0,1,raw_available,0.0,
338033,BPI,KT1A,338033,0,BPIKT1A,RADE KONCAR,2020-05-02,2020-06-01,2005.0,50,115/22,39.0,15.0,31.0,62.0,16.0,15.0,0.0,412.0,3784.0,10210.0,49512.0,26.0,6.0,568.0,536.0,568.0,568.0,1,raw_available,32.0,
338033,BPI,KT1A,338033,0,BPIKT1A,RADE KONCAR,2021-01-20,2021-01-29,2005.0,50,115/22,,8.0,30.0,20.0,12.0,8.0,0.0,530.0,6010.0,6192.0,50424.0,0.0,4.0,604.0,600.0,604.0,604.0,1,raw_available,4.0,
338033,BPI,KT1A,338033,0,BPIKT1A,RADE KONCAR,2022-03-10,2022-03-27,2005.0,50,115/22,38.0,15.0,21.0,0.0,27.0,29.0,0.0,664.0,4580.0,4931.0,48976.0,0.0,0.0,741.0,741.0,741.0,741.0,1,raw_available,0.0,
338033,BPI,KT1A,338033,0,BPIKT1A,RADE KONCAR,2023-03-10,2023-03-17,2005.0,50,115/22,60.0,10.0,42.0,48.0,23.0,33.0,0.0,762.0,5665.0,7018.0,65424.0,31.0,8.0,947.0,908.0,947.0,947.0,1,raw_available,39.0,
338033,BPI,KT1A,338033,0,BPIKT1A,RADE KONCAR,2024-03-08,2024-04-08,2005.0,50,115/22,60.0,6.0,18.0,37.0,0.0,34.0,0.0,843.0,5583.0,7316.0,44416.0,16.0,0.0,948.0,932.0,948.0,948.0,1,raw_available,16.0,
3900061,MM3,KT9AA,3900061,0,MM3KT9AA,TMT&D,2019-05-10,2019-09-13,2018.0,333,500/230/22,60.0,19.0,8.0,0.0,8.0,5.0,0.0,47.0,507.0,6540.0,25433.0,0.0,0.0,68.0,68.0,68.0,68.0,1,raw_available,0.0,
3900061,MM3,KT9AA,3900061,0,MM3KT9AA,TMT&D,2019-08-25,2019-09-13,2018.0,333,500/230/22,78.0,20.0,21.0,21.0,10.0,10.0,0.0,82.0,640.0,8766.0,34575.0,6.0,0.0,150.0,144.0,150.0,150.0,1,raw_available,6.0,
3900061,MM3,KT9AA,3900061,0,MM3KT9AA,TMT&D,2019-11-11,2019-12-20,2018.0,333,500/230/22,56.0,16.0,34.0,46.0,12.0,21.0,0.0,107.0,1206.0,7503.0,24449.0,14.0,6.0,240.0,220.0,240.0,240.0,1,raw_available,20.0,
3900061,MM3,KT9AA,3900061,0,MM3KT9AA,TMT&D,2020-06-22,2020-08-03,2018.0,333,500/230/22,54.0,29.0,26.0,109.0,42.0,145.0,0.0,119.0,1627.0,17684.0,63456.0,94.0,0.0,535.0,441.0,535.0,535.0,1,raw_available,94.0,
3900061,MM3,KT9AA,3900061,0,MM3KT9AA,TMT&D,2020-08-11,2020-08-16,2018.0,333,500/230/22,56.0,13.0,62.0,123.0,49.0,132.0,0.0,109.0,2065.0,6850.0,45850.0,127.0,10.0,612.0,475.0,612.0,612.0,1,raw_available,137.0,
3900061,MM3,KT9AA,3900061,0,MM3KT9AA,TMT&D,2020-11-09,2020-12-07,2018.0,333,500/230/22,54.0,14.0,49.0,114.0,53.0,154.0,0.0,21.0,56.0,13130.0,67440.0,134.0,14.0,539.0,391.0,539.0,539.0,1,raw_available,148.0,
3900061,MM3,KT9AA,3900061,0,MM3KT9AA,TMT&D,2021-03-07,2021-04-18,2018.0,333,500/230/22,55.0,18.0,27.0,138.0,88.0,206.0,0.0,43.0,850.0,6389.0,42272.0,185.0,26.0,713.0,502.0,713.0,713.0,1,raw_available,211.0,
3900061,MM3,KT9AA,3900061,0,MM3KT9AA,TMT&D,2021-05-24,2021-07-17,2018.0,333,500/230/22,,17.0,40.0,231.0,77.0,281.0,0.0,159.0,1640.0,12192.0,36824.0,201.0,0.0,989.0,788.0,989.0,989.0,1,raw_available,201.0,ตามผล Over heating
3900061,MM3,KT9AA,3900061,0,MM3KT9AA,TMT&D,2021-08-24,2021-08-25,2018.0,333,500/230/22,26.0,9.0,70.0,337.0,102.0,375.0,0.0,239.0,1950.0,4713.0,22478.0,284.0,0.0,1407.0,1123.0,1407.0,1407.0,1,raw_available,284.0,ตามผล
3900061,MM3,KT9AA,3900061,0,MM3KT9AA,TMT&D,2021-08-31,2021-09-11,2018.0,333,500/230/22,26.0,8.0,0.0,1.0,1.0,1.0,0.0,1.0,51.0,9072.0,33378.0,3.0,0.0,7.0,4.0,7.0,7.0,1,raw_available,3.0,หลังเปิดตรวจสอบภายใน
3900061,MM3,KT9AA,3900061,0,MM3KT9AA,TMT&D,2021-09-13,2021-09-24,2018.0,333,500/230/22,57.0,8.0,11.0,7.0,3.0,8.0,0.0,9.0,322.0,8520.0,25999.0,7.0,0.0,45.0,38.0,45.0,45.0,1,raw_available,7.0,ตามผลหลังเปิดเพื่อตรวจสอบประมาณ 2 สัปดาห์
3900061,MM3,KT9AA,3900061,0,MM3KT9AA,TMT&D,2021-10-12,2021-10-20,2018.0,333,500/230/22,55.0,9.0,18.0,13.0,5.0,15.0,0.0,12.0,372.0,4527.0,11245.0,10.0,3.0,76.0,63.0,76.0,76.0,1,raw_available,13.0,ตามผลหลังเปิด ครังที่2ตรวจสอบประมาณ 1 เดือน
3900061,MM3,KT9AA,3900061,0,MM3KT9AA,TMT&D,2021-10-26,2021-10-31,2018.0,333,500/230/22,,11.0,24.0,18.0,7.0,22.0,0.0,8.0,187.0,8047.0,28082.0,15.0,0.0,80.0,79.0,80.0,80.0,1,raw_available,1.0,ตามผลโดย กม-ส. OH หลังเปิดตรวจสอบภายใน
3900061,MM3,KT9AA,3900061,0,MM3KT9AA,TMT&D,2021-11-09,2021-11-21,2018.0,333,500/230/22,50.0,7.0,36.0,14.0,12.0,35.0,0.0,101.0,576.0,6639.0,18763.0,23.0,0.0,221.0,198.0,221.0,221.0,1,raw_available,23.0,หลังเปิดตรวจสอบภายในและทำน้ำมันประมาณ3เดือน
3900061,MM3,KT9AA,3900061,0,MM3KT9AA,TMT&D,2021-12-07,2021-12-13,2018.0,333,500/230/22,48.0,10.0,30.0,22.0,15.0,45.0,0.0,12.0,559.0,3281.0,7419.0,30.0,0.0,154.0,124.0,154.0,154.0,1,raw_available,30.0,ตามผลหลังเปิดตรวจสอบ
3900061,MM3,KT9AA,3900061,0,MM3KT9AA,TMT&D,2021-12-25,2021-12-26,2018.0,333,500/230/22,48.0,8.0,40.0,16.0,18.0,54.0,0.0,10.0,521.0,2788.0,5363.0,36.0,0.0,174.0,138.0,174.0,174.0,1,raw_available,36.0,ตามผลหลังเพิ่มโหลดประมาณ 800 MVA วันละ6 ช.มเป็นเวลา 2 วัน
3900061,MM3,KT9AA,3900061,0,MM3KT9AA,TMT&D,2022-01-25,2022-01-29,2018.0,333,500/230/22,51.0,10.0,45.0,18.0,24.0,71.0,0.0,8.0,594.0,2112.0,5115.0,45.0,0.0,211.0,166.0,211.0,211.0,1,raw_available,45.0,ตามผลระยะเวลาห่างกับครั้งก่อนหน้า1เดือน
3900061,MM3,KT9AA,3900061,0,MM3KT9AA,TMT&D,2022-02-22,2022-02-27,2018.0,333,500/230/22,53.0,7.0,40.0,32.0,29.0,79.0,0.0,25.0,679.0,8479.0,27044.0,50.0,0.0,255.0,205.0,255.0,255.0,1,raw_available,50.0,ติดตามผล Overheat หลังเปิดตรวจสอบ
3900061,MM3,KT9AA,3900061,0,MM3KT9AA,TMT&D,2022-03-28,2022-04-01,2018.0,333,500/230/22,58.0,12.0,27.0,97.0,43.0,103.0,0.0,33.0,789.0,3616.0,12136.0,57.0,12.0,372.0,303.0,372.0,372.0,1,raw_available,69.0,ตามผล OH
3900061,MM3,KT9AA,3900061,0,MM3KT9AA,TMT&D,2022-04-25,2022-04-29,2018.0,333,500/230/22,55.0,10.0,30.0,63.0,40.0,107.0,0.0,42.0,826.0,4410.0,12366.0,70.0,2.0,354.0,282.0,354.0,354.0,1,raw_available,72.0,ตามผล OH
3900061,MM3,KT9AA,3900061,0,MM3KT9AA,TMT&D,2022-06-11,2022-06-16,2018.0,333,500/230/22,57.0,19.0,27.0,70.0,44.0,101.0,0.0,40.0,847.0,6517.0,14105.0,31.0,24.0,337.0,282.0,337.0,337.0,1,raw_available,55.0,ตามผล
3900061,MM3,KT9AA,3900061,0,MM3KT9AA,TMT&D,2022-09-11,2022-09-22,2018.0,333,500/230/22,53.0,12.0,8.0,118.0,51.0,116.0,0.0,50.0,1039.0,2199.0,17340.0,89.0,10.0,442.0,343.0,442.0,442.0,1,raw_available,99.0,
3900061,MM3,KT9AA,3900061,0,MM3KT9AA,TMT&D,2023-03-12,2023-03-16,2018.0,333,500/230/22,60.0,9.0,44.0,130.0,60.0,133.0,0.0,92.0,1004.0,8980.0,21796.0,106.0,14.0,579.0,459.0,579.0,579.0,1,raw_available,120.0,
3900061,MM3,KT9AA,3900061,0,MM3KT9AA,TMT&D,2024-04-21,2024-04-28,2018.0,333,500/230/22,60.0,9.0,16.0,256.0,115.0,244.0,0.0,160.0,1713.0,6920.0,14740.0,286.0,29.0,1106.0,791.0,1106.0,1106.0,1,raw_available,315.0,
3900062,MM3,KT9AB,3900062,0,MM3KT9AB,TMT&D,2019-05-10,2019-09-13,2018.0,333,500/230/22,60.0,20.0,5.0,0.0,0.0,0.0,0.0,51.0,657.0,12084.0,42734.0,0.0,0.0,56.0,56.0,56.0,56.0,1,raw_available,0.0,
3900062,MM3,KT9AB,3900062,0,MM3KT9AB,TMT&D,2019-08-25,2019-09-13,2018.0,333,500/230/22,68.0,21.0,13.0,2.0,1.0,3.0,0.0,93.0,846.0,10595.0,45514.0,6.0,0.0,118.0,112.0,118.0,118.0,1,raw_available,6.0,
3900062,MM3,KT9AB,3900062,0,MM3KT9AB,TMT&D,2019-11-11,2019-12-20,2018.0,333,500/230/22,54.0,17.0,11.0,30.0,0.0,3.0,0.0,372.0,1464.0,8252.0,33720.0,5.0,0.0,421.0,416.0,421.0,421.0,1,raw_available,5.0,
3900062,MM3,KT9AB,3900062,0,MM3KT9AB,TMT&D,2020-06-22,2020-08-02,2018.0,333,500/230/22,56.0,21.0,13.0,0.0,7.0,0.0,0.0,132.0,1191.0,11211.0,27460.0,0.0,0.0,152.0,152.0,152.0,152.0,1,raw_available,0.0,
3900062,MM3,KT9AB,3900062,0,MM3KT9AB,TMT&D,2020-08-11,2020-08-16,2018.0,333,500/230/22,56.0,16.0,39.0,3.0,1.0,0.0,0.0,152.0,1932.0,5830.0,48600.0,0.0,1.0,196.0,195.0,196.0,196.0,1,raw_available,1.0,
3900062,MM3,KT9AB,3900062,0,MM3KT9AB,TMT&D,2021-03-07,2021-04-18,2018.0,333,500/230/22,55.0,33.0,35.0,8.0,1.0,1.0,0.0,58.0,846.0,5231.0,46639.0,5.0,2.0,110.0,103.0,110.0,110.0,1,raw_available,7.0,
3900062,MM3,KT9AB,3900062,0,MM3KT9AB,TMT&D,2021-08-18,2021-08-22,2018.0,333,500/230/22,53.0,8.0,10.0,0.0,1.0,1.0,0.0,167.0,1175.0,19113.0,43654.0,0.0,0.0,179.0,179.0,179.0,179.0,1,raw_available,0.0,
3900062,MM3,KT9AB,3900062,0,MM3KT9AB,TMT&D,2021-08-31,2021-09-11,2018.0,333,500/230/22,26.0,14.0,14.0,1.0,0.0,0.0,0.0,14.0,122.0,4804.0,14283.0,1.0,0.0,30.0,29.0,30.0,30.0,1,raw_available,1.0,หลังเปิดตรวจสอบภายใน
3900062,MM3,KT9AB,3900062,0,MM3KT9AB,TMT&D,2021-11-09,2021-11-21,2018.0,333,500/230/22,50.0,9.0,12.0,0.0,0.0,0.0,0.0,35.0,633.0,6560.0,18137.0,2.0,0.0,49.0,47.0,49.0,49.0,1,raw_available,2.0,หลังเปิดตรวจสอบและทำน้ำมันประมาณ3เดือน
3900062,MM3,KT9AB,3900062,0,MM3KT9AB,TMT&D,2021-12-07,2021-12-13,2018.0,333,500/230/22,48.0,8.0,16.0,3.0,0.0,1.0,0.0,44.0,598.0,3818.0,10533.0,2.0,0.0,66.0,64.0,66.0,66.0,1,raw_available,2.0,ตามผลหลังเปิดตรวจสอบ
3900062,MM3,KT9AB,3900062,0,MM3KT9AB,TMT&D,2021-12-25,2021-12-26,2018.0,333,500/230/22,48.0,9.0,24.0,2.0,0.0,1.0,0.0,13.0,567.0,3032.0,10951.0,1.0,0.0,41.0,40.0,41.0,41.0,1,raw_available,1.0,ตามผลหลังเพิ่มโหลดประมาณ 800 MVA วันละ6 ช.มเป็นเวลา 2 วัน
3900062,MM3,KT9AB,3900062,0,MM3KT9AB,TMT&D,2022-01-25,2022-01-29,2018.0,333,500/230/22,52.0,9.0,27.0,1.0,1.0,1.0,0.0,12.0,651.0,2797.0,11386.0,3.0,0.0,45.0,42.0,45.0,45.0,1,raw_available,3.0,
3900062,MM3,KT9AB,3900062,0,MM3KT9AB,TMT&D,2022-02-22,2022-02-26,2018.0,333,500/230/22,53.0,10.0,32.0,5.0,2.0,2.0,0.0,13.0,738.0,4975.0,14515.0,4.0,0.0,58.0,54.0,58.0,58.0,1,raw_available,4.0,
3900062,MM3,KT9AB,3900062,0,MM3KT9AB,TMT&D,2022-03-11,2022-03-18,2018.0,333,500/230/22,57.0,11.0,2.0,4.0,1.0,1.0,0.0,63.0,760.0,11111.0,34339.0,1.0,4.0,76.0,71.0,76.0,76.0,1,raw_available,5.0,ตามผล OH
3900062,MM3,KT9AB,3900062,0,MM3KT9AB,TMT&D,2022-04-25,2022-04-29,2018.0,333,500/230/22,,9.0,2.0,1.0,1.0,1.0,0.0,63.0,871.0,4249.0,14555.0,2.0,2.0,72.0,68.0,72.0,72.0,1,raw_available,4.0,ตามผล OH
3900062,MM3,KT9AB,3900062,0,MM3KT9AB,TMT&D,2022-06-13,2022-06-17,2018.0,333,500/230/22,57.0,10.0,6.0,1.0,0.0,4.0,0.0,43.0,649.0,4520.0,16900.0,6.0,0.0,60.0,54.0,60.0,60.0,1,raw_available,6.0,
3900062,MM3,KT9AB,3900062,0,MM3KT9AB,TMT&D,2023-03-12,2023-03-16,2018.0,333,500/230/22,60.0,13.0,4.0,1.0,1.0,1.0,0.0,109.0,1100.0,10202.0,27464.0,2.0,2.0,120.0,116.0,120.0,120.0,1,raw_available,4.0,
3900062,MM3,KT9AB,3900062,0,MM3KT9AB,TMT&D,2023-09-10,2023-10-08,2018.0,333,500/230/22,58.0,12.0,13.0,2.0,32.0,15.0,0.0,133.0,1142.0,11667.0,28482.0,3.0,10.0,208.0,195.0,208.0,208.0,1,raw_available,13.0,
3900062,MM3,KT9AB,3900062,0,MM3KT9AB,TMT&D,2024-04-21,2024-04-28,2018.0,333,500/230/22,60.0,15.0,6.0,12.0,4.0,1.0,0.0,221.0,2325.0,3900.0,21120.0,29.0,3.0,276.0,244.0,276.0,276.0,1,raw_available,32.0,
3900063,MM3,KT9AC,3900063,0,MM3KT9AC,TMT&D,2019-05-10,2019-09-13,2018.0,333,500/230/22,60.0,18.0,10.0,0.0,0.0,0.0,0.0,69.0,439.0,3750.0,19447.0,0.0,0.0,79.0,79.0,79.0,79.0,1,raw_available,0.0,
3900063,MM3,KT9AC,3900063,0,MM3KT9AC,TMT&D,2019-08-25,2019-09-13,2018.0,333,500/230/22,70.0,19.0,16.0,2.0,1.0,0.0,0.0,83.0,609.0,11915.0,39873.0,0.0,1.0,103.0,102.0,103.0,103.0,1,raw_available,1.0,
3900063,MM3,KT9AC,3900063,0,MM3KT9AC,TMT&D,2019-11-11,2019-12-20,2018.0,333,500/230/22,57.0,15.0,26.0,4.0,0.0,0.0,0.0,122.0,1253.0,10184.0,31504.0,0.0,0.0,152.0,152.0,152.0,152.0,1,raw_available,0.0,
3900063,MM3,KT9AC,3900063,0,MM3KT9AC,TMT&D,2020-06-22,2020-08-02,2018.0,333,500/230/22,58.0,19.0,13.0,0.0,8.0,0.0,0.0,121.0,1238.0,20036.0,50533.0,0.0,0.0,142.0,142.0,142.0,142.0,1,raw_available,0.0,
3900063,MM3,KT9AC,3900063,0,MM3KT9AC,TMT&D,2020-08-11,2020-08-16,2018.0,333,500/230/22,56.0,10.0,33.0,2.0,1.0,0.0,0.0,124.0,2072.0,7040.0,51400.0,12.0,3.0,175.0,160.0,175.0,175.0,1,raw_available,15.0,
3900063,MM3,KT9AC,3900063,0,MM3KT9AC,TMT&D,2020-11-09,2020-12-07,2018.0,333,500/230/22,54.0,20.0,30.0,6.0,1.0,0.0,0.0,25.0,64.0,11140.0,51020.0,10.0,1.0,73.0,62.0,73.0,73.0,1,raw_available,11.0,
3900063,MM3,KT9AC,3900063,0,MM3KT9AC,TMT&D,2021-03-07,2021-04-18,2018.0,333,500/230/22,55.0,26.0,44.0,3.0,1.0,0.0,0.0,72.0,844.0,8449.0,60472.0,0.0,3.0,123.0,120.0,123.0,123.0,1,raw_available,3.0,
3900063,MM3,KT9AC,3900063,0,MM3KT9AC,TMT&D,2021-08-18,2021-08-22,2018.0,333,500/230/22,,10.0,11.0,0.0,4.0,4.0,0.0,179.0,1233.0,11573.0,27237.0,0.0,0.0,198.0,198.0,198.0,198.0,1,raw_available,0.0,
3900063,MM3,KT9AC,3900063,0,MM3KT9AC,TMT&D,2021-08-31,2021-09-11,2018.0,333,500/230/22,26.0,9.0,18.0,4.0,9.0,1.0,0.0,12.0,111.0,4294.0,17093.0,0.0,6.0,50.0,44.0,50.0,50.0,1,raw_available,6.0,หลังเปิดตรวจสอบภายใน
3900063,MM3,KT9AC,3900063,0,MM3KT9AC,TMT&D,2021-11-09,2021-11-21,2018.0,333,500/230/22,50.0,10.0,13.0,2.0,0.0,0.0,0.0,33.0,632.0,6561.0,19925.0,1.0,0.0,49.0,48.0,49.0,49.0,1,raw_available,1.0,หลังเปิดตรวจสอบและทำน้ำมันประมาณ3เดือน
3900063,MM3,KT9AC,3900063,0,MM3KT9AC,TMT&D,2021-12-07,2021-12-13,2018.0,333,500/230/22,49.0,12.0,22.0,26.0,0.0,1.0,0.0,69.0,605.0,3335.0,11889.0,3.0,0.0,121.0,118.0,121.0,121.0,1,raw_available,3.0,ตามผลหลังเปิดตรวจสอบ
3900063,MM3,KT9AC,3900063,0,MM3KT9AC,TMT&D,2021-12-25,2021-12-26,2018.0,333,500/230/22,48.0,11.0,10.0,2.0,0.0,0.0,0.0,14.0,543.0,2592.0,10210.0,0.0,0.0,26.0,26.0,26.0,26.0,1,raw_available,0.0,ตามผลหลังเพิ่มโหลดประมาณ 800 MVA วันละ6 ช.มเป็นเวลา 2 วัน
3900063,MM3,KT9AC,3900063,0,MM3KT9AC,TMT&D,2022-01-25,2022-01-29,2018.0,333,500/230/22,52.0,9.0,28.0,2.0,1.0,0.0,0.0,11.0,633.0,2472.0,10507.0,0.0,0.0,42.0,42.0,42.0,42.0,1,raw_available,0.0,
3900063,MM3,KT9AC,3900063,0,MM3KT9AC,TMT&D,2022-02-22,2022-02-27,2018.0,333,500/230/22,54.0,9.0,24.0,2.0,1.0,1.0,0.0,14.0,687.0,8051.0,31156.0,3.0,0.0,45.0,42.0,45.0,45.0,1,raw_available,3.0,
3900063,MM3,KT9AC,3900063,0,MM3KT9AC,TMT&D,2022-03-11,2022-03-18,2018.0,333,500/230/22,58.0,6.0,3.0,3.0,0.0,0.0,0.0,59.0,727.0,7340.0,14088.0,1.0,0.0,66.0,65.0,66.0,66.0,1,raw_available,1.0,ตามผล OH
3900063,MM3,KT9AC,3900063,0,MM3KT9AC,TMT&D,2022-04-25,2022-04-29,2018.0,333,500/230/22,,9.0,2.0,1.0,1.0,1.0,0.0,56.0,820.0,5131.0,14232.0,3.0,0.0,64.0,61.0,64.0,64.0,1,raw_available,3.0,ตามผล OH
3900063,MM3,KT9AC,3900063,0,MM3KT9AC,TMT&D,2022-06-13,2022-06-17,2018.0,333,500/230/22,57.0,10.0,4.0,1.0,0.0,3.0,0.0,37.0,633.0,6070.0,22730.0,5.0,1.0,51.0,45.0,51.0,51.0,1,raw_available,6.0,
3900063,MM3,KT9AC,3900063,0,MM3KT9AC,TMT&D,2023-03-12,2023-03-16,2018.0,333,500/230/22,60.0,5.0,6.0,2.0,0.0,0.0,0.0,92.0,968.0,10527.0,19679.0,0.0,0.0,100.0,100.0,100.0,100.0,1,raw_available,0.0,
3900063,MM3,KT9AC,3900063,0,MM3KT9AC,TMT&D,2023-09-10,2023-10-08,2018.0,333,500/230/22,58.0,9.0,7.0,2.0,22.0,0.0,0.0,128.0,1079.0,11818.0,27134.0,3.0,4.0,166.0,159.0,166.0,166.0,1,raw_available,7.0,
3900063,MM3,KT9AC,3900063,0,MM3KT9AC,TMT&D,2024-04-21,2024-04-28,2018.0,333,500/230/22,60.0,12.0,9.0,6.0,5.0,0.0,0.0,171.0,1206.0,7059.0,22013.0,0.0,0.0,191.0,191.0,191.0,191.0,1,raw_available,0.0,
3A429001,NP-P,KT2A,3A429001,0,NP-PKT2A,OSAKA,2019-07-20,2019-08-19,1982.0,13,69/11/22,45.0,22.0,13.0,0.0,6.0,0.0,0.0,78.0,1089.0,6011.0,23641.0,0.0,0.0,97.0,97.0,97.0,97.0,1,raw_available,0.0,
3A429001,NP-P,KT2A,3A429001,0,NP-PKT2A,OSAKA,2020-02-24,2020-03-29,1982.0,13,69/11/22,30.0,11.0,44.0,12.0,6.0,0.0,0.0,73.0,734.0,3950.0,23285.0,0.0,4.0,139.0,135.0,139.0,139.0,1,raw_available,4.0,
3A429001,NP-P,KT2A,3A429001,0,NP-PKT2A,OSAKA,2020-06-26,2020-08-04,1982.0,13,69/11/22,40.0,30.0,7.0,15.0,56.0,3.0,0.0,78.0,1225.0,10129.0,45446.0,0.0,41.0,200.0,159.0,200.0,200.0,1,raw_available,41.0,
3A429001,NP-P,KT2A,3A429001,0,NP-PKT2A,OSAKA,2021-02-22,2021-05-21,1982.0,13,69/11/22,42.0,30.0,13.0,0.0,49.0,0.0,0.0,75.0,1191.0,10536.0,24206.0,0.0,0.0,137.0,137.0,137.0,137.0,1,raw_available,0.0,
3A430001,BB,KT3A,3A430001,0,BBKT3A,OSAKA,2021-12-11,2022-01-06,,13,115/22,38.0,16.0,5.0,6.0,6.0,0.0,0.0,72.0,837.0,6400.0,25560.0,2.0,8.0,99.0,89.0,99.0,99.0,1,raw_available,10.0,
3A430001,BB,KT3A,3A430001,0,BBKT3A,OSAKA,2023-01-22,2023-01-27,,13,115/22,30.0,11.0,8.0,2.0,5.0,0.0,0.0,94.0,1063.0,8556.0,25584.0,0.0,0.0,109.0,109.0,109.0,109.0,1,raw_available,0.0,สีเบอร์ 2
3A431001,BB,KT2A,3A431001,0,BBKT2A,OSAKA,2019-07-19,2019-08-18,,13,115/22,50.0,22.0,9.0,5.0,11.0,0.0,0.0,52.0,1051.0,4388.0,21315.0,0.0,0.0,77.0,77.0,77.0,77.0,1,raw_available,0.0,
3A431001,BB,KT2A,3A431001,0,BBKT2A,OSAKA,2020-02-08,2020-05-09,,13,115/22,35.0,30.0,2.0,3.0,3.0,1.0,0.0,54.0,645.0,6776.0,39516.0,1.0,3.0,67.0,63.0,67.0,67.0,1,raw_available,4.0,research
3A431001,BB,KT2A,3A431001,0,BBKT2A,OSAKA,2020-12-27,2021-01-12,,13,115/22,33.0,19.0,22.0,9.0,5.0,0.0,0.0,61.0,1177.0,4499.0,38522.0,1.0,4.0,102.0,97.0,102.0,102.0,1,raw_available,5.0,
3A431001,BB,KT2A,3A431001,0,BBKT2A,OSAKA,2021-12-11,2022-01-06,,13,115/22,31.0,13.0,6.0,0.0,25.0,0.0,0.0,79.0,833.0,4267.0,24212.0,0.0,0.0,110.0,110.0,110.0,110.0,1,raw_available,0.0,
3A431001,BB,KT2A,3A431001,0,BBKT2A,OSAKA,2023-01-22,2023-01-27,,13,115/22,32.0,10.0,8.0,8.0,11.0,0.0,0.0,81.0,992.0,6596.0,23958.0,9.0,8.0,125.0,108.0,125.0,125.0,1,raw_available,17.0,สีเบอร์ 1.
407920,CM3,KT3A,407920,0,CM3KT3A,TRAFO UNION,2020-03-22,2020-05-16,2007.0,200,230/115/22,60.0,11.0,20.0,9.0,11.0,0.0,0.0,538.0,3179.0,7905.0,45701.0,0.0,4.0,582.0,578.0,582.0,582.0,1,raw_available,4.0,
407920,CM3,KT3A,407920,0,CM3KT3A,TRAFO UNION,2020-10-05,2020-11-13,2007.0,200,230/115/22,,15.0,20.0,0.0,43.0,0.0,0.0,372.0,2851.0,8897.0,32264.0,0.0,0.0,435.0,435.0,435.0,435.0,1,raw_available,0.0,
407920,CM3,KT3A,407920,0,CM3KT3A,TRAFO UNION,2021-04-21,2021-10-21,2007.0,200,230/115/22,,27.0,21.0,2.0,5.0,16.0,0.0,36.0,1619.0,19395.0,70101.0,21.0,5.0,106.0,80.0,106.0,106.0,1,raw_available,26.0,
407920,CM3,KT3A,407920,0,CM3KT3A,TRAFO UNION,2021-10-01,2021-11-12,2007.0,200,230/115/22,62.0,10.0,23.0,0.0,9.0,0.0,0.0,454.0,3723.0,5227.0,32828.0,0.0,0.0,486.0,486.0,486.0,486.0,1,raw_available,0.0,
407920,CM3,KT3A,407920,0,CM3KT3A,TRAFO UNION,2023-02-11,2023-02-22,2007.0,200,230/115/22,,8.0,12.0,6.0,3.0,0.0,0.0,244.0,2063.0,4130.0,39080.0,10.0,8.0,283.0,265.0,283.0,283.0,1,raw_available,18.0,ทดสอบหลัง replace bushing ด้าน 230 kv 3 เฟส
407920,CM3,KT3A,407920,0,CM3KT3A,TRAFO UNION,2023-03-24,2023-03-31,2007.0,200,230/115/22,0.0,4.0,15.0,6.0,3.0,0.0,0.0,385.0,4761.0,3275.0,31596.0,10.0,15.0,434.0,409.0,434.0,434.0,1,raw_available,25.0,
407920,CM3,KT3A,407920,0,CM3KT3A,TRAFO UNION,2023-04-03,2023-06-05,2007.0,200,230/115/22,60.0,12.0,10.0,6.0,3.0,0.0,0.0,396.0,4882.0,8921.0,46353.0,9.0,13.0,437.0,415.0,437.0,437.0,1,raw_available,22.0,
407920,CM3,KT3A,407920,0,CM3KT3A,TRAFO UNION,2023-09-24,2023-10-10,2007.0,200,230/115/22,0.0,6.0,10.0,7.0,2.0,1.0,0.0,358.0,3598.0,12394.0,36092.0,5.0,4.0,387.0,378.0,387.0,387.0,1,raw_available,9.0,
407920,CM3,KT3A,407920,0,CM3KT3A,TRAFO UNION,2024-01-21,2024-05-26,2007.0,200,230/115/22,45.0,11.0,14.0,14.0,7.0,2.0,0.0,469.0,4400.0,6379.0,42383.0,2.0,9.0,517.0,506.0,517.0,517.0,1,raw_available,11.0,
407922,CM3,KT4A,407922,0,CM3KT4A,TRAFO UNION,2020-03-20,2020-05-16,2007.0,200,230/115/22,59.0,10.0,10.0,10.0,5.0,0.0,0.0,579.0,2961.0,6584.0,54542.0,0.0,11.0,615.0,604.0,615.0,615.0,1,raw_available,11.0,
407922,CM3,KT4A,407922,0,CM3KT4A,TRAFO UNION,2020-10-05,2020-11-13,2007.0,200,230/115/22,,9.0,14.0,0.0,0.0,0.0,0.0,386.0,2812.0,9235.0,32257.0,0.0,0.0,400.0,400.0,400.0,400.0,1,raw_available,0.0,
407922,CM3,KT4A,407922,0,CM3KT4A,TRAFO UNION,2021-04-11,2021-10-21,2007.0,200,230/115/22,,11.0,23.0,2.0,4.0,4.0,0.0,83.0,2646.0,9944.0,57653.0,1.0,6.0,123.0,116.0,123.0,123.0,1,raw_available,7.0,
407922,CM3,KT4A,407922,0,CM3KT4A,TRAFO UNION,2021-10-01,2021-11-12,2007.0,200,230/115/22,58.0,10.0,15.0,0.0,7.0,0.0,0.0,481.0,3593.0,3460.0,27355.0,0.0,0.0,503.0,503.0,503.0,503.0,1,raw_available,0.0,
407922,CM3,KT4A,407922,0,CM3KT4A,TRAFO UNION,2023-04-03,2023-06-04,2007.0,200,230/115/22,60.0,10.0,12.0,6.0,6.0,1.0,0.0,571.0,5049.0,4058.0,37080.0,1.0,7.0,604.0,596.0,604.0,604.0,1,raw_available,8.0,
407922,CM3,KT4A,407922,0,CM3KT4A,TRAFO UNION,2023-09-24,2023-10-10,2007.0,200,230/115/22,0.0,8.0,7.0,9.0,3.0,0.0,0.0,399.0,2864.0,11152.0,26015.0,1.0,7.0,426.0,418.0,426.0,426.0,1,raw_available,8.0,
407922,CM3,KT4A,407922,0,CM3KT4A,TRAFO UNION,2024-01-21,2024-05-26,2007.0,200,230/115/22,,12.0,11.0,16.0,7.0,6.0,0.0,587.0,5164.0,6864.0,45418.0,2.0,11.0,640.0,627.0,640.0,640.0,1,raw_available,13.0,
408030,SR2,KT4A,408030,0,SR2KT4A,TRAFO-UNION,2019-11-01,2019-11-10,2009.0,300,230/115,57.0,12.0,9.0,0.0,0.0,0.0,0.0,23.0,155.0,8510.0,34130.0,0.0,0.0,32.0,32.0,32.0,32.0,1,raw_available,0.0,เข้าใช้งานครั้งแรก 19/10/48
408030,SR2,KT4A,408030,0,SR2KT4A,TRAFO-UNION,2019-12-22,2020-01-04,2009.0,300,230/115,46.0,15.0,4.0,0.0,0.0,0.0,0.0,72.0,767.0,24102.0,42882.0,0.0,0.0,76.0,76.0,76.0,76.0,1,raw_available,0.0,ตามผลหลังเข้าใช้งานมากกว่า1เดือน
408030,SR2,KT4A,408030,0,SR2KT4A,TRAFO-UNION,2020-06-28,2020-08-15,2009.0,300,230/115,62.0,13.0,19.0,2.0,1.0,1.0,0.0,144.0,1559.0,8559.0,28254.0,0.0,2.0,169.0,167.0,169.0,169.0,1,raw_available,2.0,
408030,SR2,KT4A,408030,0,SR2KT4A,TRAFO-UNION,2021-06-21,2021-07-02,2009.0,300,230/115,62.0,12.0,31.0,6.0,0.0,0.0,0.0,310.0,3338.0,6221.0,29876.0,1.0,4.0,352.0,347.0,352.0,352.0,1,raw_available,5.0,
408030,SR2,KT4A,408030,0,SR2KT4A,TRAFO-UNION,2022-06-18,2022-06-25,2009.0,300,230/115,58.0,13.0,38.0,2.0,5.0,1.0,0.0,374.0,4418.0,3490.0,21048.0,0.0,0.0,420.0,420.0,420.0,420.0,1,raw_available,0.0,
408030,SR2,KT4A,408030,0,SR2KT4A,TRAFO-UNION,2023-06-11,2023-06-16,2009.0,300,230/115,60.0,10.0,38.0,10.0,5.0,0.0,0.0,435.0,4937.0,2754.0,19778.0,0.0,0.0,488.0,488.0,488.0,488.0,1,raw_available,0.0,
408030,SR2,KT4A,408030,0,SR2KT4A,TRAFO-UNION,2023-11-18,2023-12-28,2009.0,300,230/115,57.0,10.0,32.0,8.0,4.0,0.0,0.0,437.0,5120.0,12026.0,35077.0,0.0,10.0,491.0,481.0,491.0,491.0,1,raw_available,10.0,
408030,SR2,KT4A,408030,0,SR2KT4A,TRAFO-UNION,2024-03-24,2024-04-19,2009.0,300,230/115,60.0,10.0,12.0,16.0,12.0,2.0,0.0,387.0,4525.0,4977.0,34308.0,1.0,9.0,439.0,429.0,439.0,439.0,1,raw_available,10.0,
408525,KNE,KT1AA,408525,0,KNEKT1AA,SIEMENS,2019-02-25,2019-04-07,2014.0,116,230/122/122,51.0,25.0,8.0,0.0,3.0,1.0,0.0,323.0,1210.0,9492.0,44159.0,2.0,4.0,341.0,335.0,341.0,341.0,1,raw_available,6.0,
408525,KNE,KT1AA,408525,0,KNEKT1AA,SIEMENS,2019-07-20,2019-08-30,2014.0,116,230/122/122,60.0,24.0,7.0,9.0,9.0,1.0,0.0,451.0,1771.0,8322.0,41597.0,1.0,4.0,482.0,477.0,482.0,482.0,1,raw_available,5.0,
408525,KNE,KT1AA,408525,0,KNEKT1AA,SIEMENS,2019-09-22,2019-10-07,2014.0,116,230/122/122,48.0,7.0,13.0,12.0,0.0,0.0,0.0,394.0,1686.0,17040.0,58450.0,0.0,0.0,419.0,419.0,419.0,419.0,1,raw_available,0.0,
408525,KNE,KT1AA,408525,0,KNEKT1AA,SIEMENS,2020-04-04,2020-05-15,2014.0,116,230/122/122,60.0,23.0,9.0,0.0,0.0,0.0,0.0,419.0,2492.0,20004.0,59549.0,0.0,0.0,428.0,428.0,428.0,428.0,1,raw_available,0.0,
408525,KNE,KT1AA,408525,0,KNEKT1AA,SIEMENS,2020-08-02,2020-08-24,2014.0,116,230/122/122,59.0,10.0,14.0,10.0,0.0,0.0,0.0,553.0,3207.0,6964.0,42783.0,0.0,0.0,577.0,577.0,577.0,577.0,1,raw_available,0.0,
408525,KNE,KT1AA,408525,0,KNEKT1AA,SIEMENS,2021-02-27,2021-05-29,2014.0,116,230/122/122,30.0,5.0,21.0,4.0,1.0,0.0,0.0,375.0,3203.0,12358.0,51513.0,0.0,5.0,406.0,401.0,406.0,406.0,1,raw_available,5.0,
408525,KNE,KT1AA,408525,0,KNEKT1AA,SIEMENS,2021-08-09,2021-11-15,2014.0,116,230/122/122,60.0,20.0,4.0,7.0,11.0,0.0,0.0,491.0,4780.0,12790.0,57470.0,23.0,6.0,542.0,513.0,542.0,542.0,1,raw_available,29.0,
408525,KNE,KT1AA,408525,0,KNEKT1AA,SIEMENS,2022-01-16,2022-02-08,2014.0,116,230/122/122,,22.0,5.0,12.0,8.0,0.0,0.0,815.0,4009.0,14958.0,54568.0,1.0,3.0,844.0,840.0,844.0,844.0,1,raw_available,4.0,
408525,KNE,KT1AA,408525,0,KNEKT1AA,SIEMENS,2022-02-08,2022-02-14,2014.0,116,230/122/122,40.0,10.0,7.0,20.0,5.0,1.0,0.0,869.0,5030.0,3027.0,35207.0,1.0,2.0,905.0,902.0,905.0,905.0,1,raw_available,3.0,Hydran detect 121 ppm
408525,KNE,KT1AA,408525,0,KNEKT1AA,SIEMENS,2022-07-11,2022-07-25,2014.0,116,230/122/122,46.0,9.0,12.0,13.0,9.0,0.0,0.0,996.0,5871.0,3742.0,35767.0,0.0,0.0,1030.0,1030.0,1030.0,1030.0,1,raw_available,0.0,
408525,KNE,KT1AA,408525,0,KNEKT1AA,SIEMENS,2023-02-25,2023-03-11,2014.0,116,230/122/122,44.0,16.0,7.0,11.0,9.0,0.0,0.0,955.0,5833.0,13463.0,39399.0,0.0,0.0,982.0,982.0,982.0,982.0,1,raw_available,0.0,
408525,KNE,KT1AA,408525,0,KNEKT1AA,SIEMENS,2023-08-31,2023-10-30,2014.0,116,230/122/122,45.0,16.0,7.0,12.0,43.0,30.0,0.0,966.0,5929.0,5760.0,42964.0,2.0,3.0,1063.0,1058.0,1063.0,1063.0,1,raw_available,5.0,
408525,KNE,KT1AA,408525,0,KNEKT1AA,SIEMENS,2024-02-15,2024-04-10,2014.0,116,230/122/122,41.0,13.0,8.0,11.0,17.0,9.0,0.0,864.0,5297.0,14318.0,39954.0,5.0,9.0,923.0,909.0,923.0,923.0,1,raw_available,14.0,
408526,KNE,KT1AB,408526,0,KNEKT1AB,SIEMENS,2019-02-25,2019-04-07,2014.0,116,230/122/122,53.0,26.0,4.0,0.0,1.0,1.0,0.0,351.0,1251.0,10011.0,40478.0,0.0,1.0,358.0,357.0,358.0,358.0,1,raw_available,1.0,
408526,KNE,KT1AB,408526,0,KNEKT1AB,SIEMENS,2019-07-20,2019-08-30,2014.0,116,230/122/122,60.0,26.0,9.0,11.0,8.0,1.0,0.0,410.0,1761.0,7949.0,41128.0,1.0,4.0,444.0,439.0,444.0,444.0,1,raw_available,5.0,
408526,KNE,KT1AB,408526,0,KNEKT1AB,SIEMENS,2019-09-22,2019-10-07,2014.0,116,230/122/122,50.0,7.0,23.0,9.0,0.0,0.0,0.0,297.0,1446.0,17160.0,50670.0,0.0,0.0,329.0,329.0,329.0,329.0,1,raw_available,0.0,
408526,KNE,KT1AB,408526,0,KNEKT1AB,SIEMENS,2020-04-04,2020-05-15,2014.0,116,230/122/122,60.0,13.0,11.0,0.0,0.0,0.0,0.0,452.0,2666.0,9223.0,31221.0,0.0,0.0,463.0,463.0,463.0,463.0,1,raw_available,0.0,
408526,KNE,KT1AB,408526,0,KNEKT1AB,SIEMENS,2020-08-02,2020-08-24,2014.0,116,230/122/122,59.0,9.0,12.0,8.0,9.0,1.0,0.0,540.0,3258.0,6950.0,39209.0,14.0,9.0,593.0,570.0,593.0,593.0,1,raw_available,23.0,
408526,KNE,KT1AB,408526,0,KNEKT1AB,SIEMENS,2021-02-27,2021-05-29,2014.0,116,230/122/122,30.0,7.0,24.0,4.0,2.0,0.0,0.0,356.0,3334.0,13586.0,46496.0,0.0,5.0,391.0,386.0,391.0,391.0,1,raw_available,5.0,
408526,KNE,KT1AB,408526,0,KNEKT1AB,SIEMENS,2021-08-09,2021-11-15,2014.0,116,230/122/122,63.0,22.0,7.0,0.0,36.0,0.0,0.0,445.0,2947.0,14413.0,38497.0,0.0,0.0,488.0,488.0,488.0,488.0,1,raw_available,0.0,
408526,KNE,KT1AB,408526,0,KNEKT1AB,SIEMENS,2022-01-16,2022-02-08,2014.0,116,230/122/122,,14.0,10.0,20.0,9.0,1.0,0.0,855.0,5131.0,3141.0,30617.0,1.0,4.0,900.0,895.0,900.0,900.0,1,raw_available,5.0,
408526,KNE,KT1AB,408526,0,KNEKT1AB,SIEMENS,2022-02-08,2022-02-14,2014.0,116,230/122/122,40.0,8.0,9.0,13.0,3.0,0.0,0.0,861.0,5195.0,3626.0,29050.0,1.0,1.0,888.0,886.0,888.0,888.0,1,raw_available,2.0,Hydran detect 132 ppm
408526,KNE,KT1AB,408526,0,KNEKT1AB,SIEMENS,2022-07-11,2022-07-25,2014.0,116,230/122/122,48.0,10.0,12.0,2.0,11.0,1.0,0.0,647.0,3963.0,6157.0,36168.0,0.0,0.0,673.0,673.0,673.0,673.0,1,raw_available,0.0,
408526,KNE,KT1AB,408526,0,KNEKT1AB,SIEMENS,2023-02-25,2023-03-11,2014.0,116,230/122/122,48.0,9.0,7.0,9.0,5.0,0.0,0.0,596.0,3255.0,10319.0,34498.0,0.0,0.0,617.0,617.0,617.0,617.0,1,raw_available,0.0,
408526,KNE,KT1AB,408526,0,KNEKT1AB,SIEMENS,2023-08-31,2023-10-30,2014.0,116,230/122/122,50.0,29.0,15.0,10.0,5.0,0.0,0.0,605.0,3296.0,13351.0,44335.0,2.0,3.0,640.0,635.0,640.0,640.0,1,raw_available,5.0,
408526,KNE,KT1AB,408526,0,KNEKT1AB,SIEMENS,2024-02-15,2024-04-09,2014.0,116,230/122/122,45.0,17.0,13.0,12.0,0.0,0.0,0.0,619.0,3017.0,4487.0,32577.0,0.0,0.0,644.0,644.0,644.0,644.0,1,raw_available,0.0,
408527,KNE,KT1AC,408527,0,KNEKT1AC,SIEMENS,2019-02-25,2019-04-07,2014.0,116,230/122/122,51.0,26.0,7.0,0.0,0.0,1.0,0.0,334.0,1076.0,7613.0,39161.0,0.0,0.0,342.0,342.0,342.0,342.0,1,raw_available,0.0,
408527,KNE,KT1AC,408527,0,KNEKT1AC,SIEMENS,2019-07-20,2019-08-30,2014.0,116,230/122/122,65.0,31.0,6.0,11.0,5.0,1.0,0.0,448.0,1704.0,7591.0,45182.0,1.0,2.0,474.0,471.0,474.0,474.0,1,raw_available,3.0,
408527,KNE,KT1AC,408527,0,KNEKT1AC,SIEMENS,2019-09-22,2019-10-07,2014.0,116,230/122/122,53.0,5.0,22.0,10.0,0.0,0.0,0.0,370.0,1467.0,8590.0,53080.0,0.0,0.0,402.0,402.0,402.0,402.0,1,raw_available,0.0,
408527,KNE,KT1AC,408527,0,KNEKT1AC,SIEMENS,2020-04-04,2020-05-15,2014.0,116,230/122/122,62.0,19.0,11.0,0.0,0.0,0.0,0.0,440.0,2196.0,12037.0,35961.0,0.0,0.0,451.0,451.0,451.0,451.0,1,raw_available,0.0,
408527,KNE,KT1AC,408527,0,KNEKT1AC,SIEMENS,2020-08-02,2020-08-24,2014.0,116,230/122/122,60.0,12.0,15.0,9.0,0.0,1.0,0.0,585.0,2849.0,5920.0,39819.0,1.0,1.0,612.0,610.0,612.0,612.0,1,raw_available,2.0,
408527,KNE,KT1AC,408527,0,KNEKT1AC,SIEMENS,2021-02-27,2021-05-29,2014.0,116,230/122/122,35.0,5.0,29.0,3.0,2.0,0.0,0.0,408.0,3123.0,11817.0,40002.0,0.0,4.0,446.0,442.0,446.0,446.0,1,raw_available,4.0,
408527,KNE,KT1AC,408527,0,KNEKT1AC,SIEMENS,2021-08-09,2021-11-15,2014.0,116,230/122/122,63.0,26.0,8.0,0.0,17.0,0.0,0.0,506.0,2781.0,14589.0,41324.0,0.0,0.0,531.0,531.0,531.0,531.0,1,raw_available,0.0,
408527,KNE,KT1AC,408527,0,KNEKT1AC,SIEMENS,2022-01-16,2022-02-08,2014.0,116,230/122/122,,12.0,9.0,20.0,8.0,1.0,0.0,906.0,4624.0,3240.0,35531.0,1.0,3.0,948.0,944.0,948.0,948.0,1,raw_available,4.0,
408527,KNE,KT1AC,408527,0,KNEKT1AC,SIEMENS,2022-02-08,2022-02-14,2014.0,116,230/122/122,46.0,9.0,9.0,14.0,3.0,1.0,0.0,908.0,4687.0,3170.0,36152.0,1.0,1.0,937.0,935.0,937.0,937.0,1,raw_available,2.0,Hydran detect 150 ppm
408527,KNE,KT1AC,408527,0,KNEKT1AC,SIEMENS,2022-07-11,2022-07-24,2014.0,116,230/122/122,54.0,11.0,9.0,6.0,5.0,0.0,0.0,847.0,4834.0,7730.0,49680.0,14.0,6.0,887.0,867.0,887.0,887.0,1,raw_available,20.0,
408527,KNE,KT1AC,408527,0,KNEKT1AC,SIEMENS,2023-02-25,2023-03-11,2014.0,116,230/122/122,50.0,14.0,10.0,18.0,16.0,2.0,0.0,894.0,4895.0,7298.0,38023.0,0.0,8.0,948.0,940.0,948.0,948.0,1,raw_available,8.0,
408527,KNE,KT1AC,408527,0,KNEKT1AC,SIEMENS,2023-08-31,2023-10-30,2014.0,116,230/122/122,52.0,24.0,12.0,12.0,41.0,29.0,0.0,916.0,4987.0,5916.0,48754.0,2.0,2.0,1014.0,1010.0,1014.0,1014.0,1,raw_available,4.0,
408527,KNE,KT1AC,408527,0,KNEKT1AC,SIEMENS,2024-02-15,2024-04-09,2014.0,116,230/122/122,50.0,14.0,10.0,8.0,0.0,0.0,0.0,806.0,4482.0,9755.0,36593.0,0.0,0.0,824.0,824.0,824.0,824.0,1,raw_available,0.0,
421036,SNR-P,KT3A,421036,0,SNR-PKT3A,TUSCO TRAFO,2022-04-17,2022-04-21,2013.0,2,22/11,51.0,8.0,4.0,2.0,1.0,15.0,0.0,183.0,1911.0,7480.0,74202.0,4.0,2.0,211.0,205.0,211.0,211.0,1,raw_available,6.0,CVT ระเบิด
421036,SNR-P,KT3A,421036,0,SNR-PKT3A,TUSCO TRAFO,2022-06-02,2022-06-03,2013.0,2,22/11,55.0,8.0,146.0,0.0,0.0,11.0,0.0,208.0,1839.0,8576.0,74537.0,2.0,0.0,367.0,365.0,367.0,367.0,1,raw_available,2.0,หม้อแปลง Trip ด้วย Buchholz Relay (เนื่องจากกระรอกขึ้นไปบน Line และทำให้ PT Trip ลง Ground)
4710127,TW,KT1A,4710127,0,TWKT1A,TIRA THAI,2019-11-14,2019-12-15,2019.0,200,230/121/22,33.0,24.0,0.0,0.0,0.0,0.0,0.0,16.0,221.0,12049.0,27520.0,0.0,0.0,16.0,16.0,16.0,16.0,1,raw_available,0.0,ยังไม่ได้จ่ายไฟ
4710127,TW,KT1A,4710127,0,TWKT1A,TIRA THAI,2019-12-17,2019-12-28,2019.0,200,230/121/22,39.0,9.0,10.0,0.0,0.0,0.0,0.0,19.0,318.0,17250.0,36940.0,0.0,0.0,29.0,29.0,29.0,29.0,1,raw_available,0.0,
4710127,TW,KT1A,4710127,0,TWKT1A,TIRA THAI,2021-01-17,2021-03-21,2019.0,200,230/121/22,41.0,8.0,23.0,0.0,0.0,0.0,0.0,46.0,400.0,5810.0,27340.0,0.0,0.0,69.0,69.0,69.0,69.0,1,raw_available,0.0,
4710127,TW,KT1A,4710127,0,TWKT1A,TIRA THAI,2022-01-21,2022-01-29,2019.0,200,230/121/22,54.0,10.0,7.0,1.0,0.0,0.0,0.0,96.0,568.0,8620.0,22210.0,6.0,0.0,110.0,104.0,110.0,110.0,1,raw_available,6.0,
4710127,TW,KT1A,4710127,0,TWKT1A,TIRA THAI,2022-07-22,2022-07-31,2019.0,200,230/121/22,53.0,11.0,8.0,0.0,0.0,0.0,0.0,139.0,748.0,5340.0,19440.0,0.0,0.0,147.0,147.0,147.0,147.0,1,raw_available,0.0,
4710127,TW,KT1A,4710127,0,TWKT1A,TIRA THAI,2023-01-28,2023-02-04,2019.0,200,230/121/22,48.0,4.0,4.0,1.0,1.0,0.0,0.0,126.0,716.0,6640.0,19800.0,0.0,0.0,132.0,132.0,132.0,132.0,1,raw_available,0.0,
4710127,TW,KT1A,4710127,0,TWKT1A,TIRA THAI,2023-07-02,2023-07-14,2019.0,200,230/121/22,51.0,5.0,12.0,19.0,1.0,2.0,0.0,131.0,720.0,8109.0,26339.0,13.0,13.0,191.0,165.0,191.0,191.0,1,raw_available,26.0,
4710127,TW,KT1A,4710127,0,TWKT1A,TIRA THAI,2024-02-17,2024-03-02,2019.0,200,230/121/22,46.0,6.0,19.0,0.0,1.0,0.0,0.0,235.0,1081.0,21227.0,46648.0,1.0,0.0,256.0,255.0,256.0,256.0,1,raw_available,1.0,
4710128,TW,KT2A,4710128,0,TWKT2A,TIRA THAI,2019-11-14,2019-12-15,2019.0,200,230/121/22,34.0,11.0,2.0,0.0,0.0,0.0,0.0,20.0,182.0,7745.0,26345.0,0.0,0.0,22.0,22.0,22.0,22.0,1,raw_available,0.0,ยังไม่ได้จ่ายไฟ
4710128,TW,KT2A,4710128,0,TWKT2A,TIRA THAI,2019-12-17,2020-01-04,2019.0,200,230/121/22,40.0,10.0,16.0,0.0,0.0,0.0,0.0,35.0,535.0,35090.0,78030.0,0.0,0.0,51.0,51.0,51.0,51.0,1,raw_available,0.0,
4710128,TW,KT2A,4710128,0,TWKT2A,TIRA THAI,2021-01-27,2021-03-26,2019.0,200,230/121/22,44.0,21.0,17.0,0.0,0.0,0.0,0.0,40.0,650.0,20750.0,80000.0,0.0,0.0,57.0,57.0,57.0,57.0,1,raw_available,0.0,
4710128,TW,KT2A,4710128,0,TWKT2A,TIRA THAI,2022-01-21,2022-01-29,2019.0,200,230/121/22,39.0,18.0,5.0,0.0,0.0,0.0,0.0,90.0,469.0,9410.0,24940.0,0.0,0.0,95.0,95.0,95.0,95.0,1,raw_available,0.0,COLD STAND BY
4710128,TW,KT2A,4710128,0,TWKT2A,TIRA THAI,2022-07-23,2022-07-31,2019.0,200,230/121/22,,12.0,8.0,0.0,0.0,0.0,0.0,117.0,468.0,5400.0,21650.0,0.0,0.0,125.0,125.0,125.0,125.0,1,raw_available,0.0,
4710128,TW,KT2A,4710128,0,TWKT2A,TIRA THAI,2023-01-28,2023-02-04,2019.0,200,230/121/22,38.0,5.0,9.0,10.0,7.0,30.0,0.0,112.0,449.0,8030.0,21860.0,7.0,0.0,175.0,168.0,175.0,175.0,1,raw_available,7.0,
4710128,TW,KT2A,4710128,0,TWKT2A,TIRA THAI,2023-07-02,2023-07-14,2019.0,200,230/121/22,52.0,6.0,11.0,17.0,4.0,4.0,0.0,159.0,514.0,9921.0,25811.0,11.0,0.0,206.0,195.0,206.0,206.0,1,raw_available,11.0,
4710128,TW,KT2A,4710128,0,TWKT2A,TIRA THAI,2024-02-17,2024-03-02,2019.0,200,230/121/22,48.0,5.0,8.0,1.0,1.0,0.0,0.0,169.0,644.0,24197.0,49849.0,1.0,0.0,180.0,179.0,180.0,180.0,1,raw_available,1.0,
50002,PB,KT1A,50002,0,PBKT1A,ABB,2021-03-23,2021-03-23,2006.0,50,115/22,,17.0,8.0,39.0,103.0,4.0,0.0,150.0,2429.0,10984.0,56737.0,0.0,55.0,359.0,304.0,359.0,359.0,1,raw_available,55.0,Tx Trip Show Tr Diff LV. สาเหตุจากแมว
50002,PB,KT1A,50002,0,PBKT1A,ABB,2021-06-21,2021-09-03,2006.0,50,115/22,50.0,25.0,16.0,45.0,118.0,0.0,0.0,125.0,2169.0,6932.0,46668.0,0.0,42.0,346.0,304.0,346.0,346.0,1,raw_available,42.0,
50002,PB,KT1A,50002,0,PBKT1A,ABB,2022-06-10,2022-07-07,2006.0,50,115/22,58.0,18.0,15.0,36.0,126.0,4.0,0.0,151.0,2271.0,10452.0,45289.0,0.0,38.0,370.0,332.0,370.0,370.0,1,raw_available,38.0,
50002,PB,KT1A,50002,0,PBKT1A,ABB,2023-06-10,2023-07-01,2006.0,50,115/22,52.0,14.0,16.0,74.0,157.0,1.0,0.0,164.0,2464.0,6694.0,49345.0,0.0,108.0,520.0,412.0,520.0,520.0,1,raw_available,108.0,
50002,PB,KT1A,50002,0,PBKT1A,ABB,2024-01-19,2024-02-19,2006.0,50,115/22,46.0,9.0,24.0,75.0,159.0,2.0,0.0,184.0,2337.0,10044.0,52979.0,8.0,83.0,535.0,444.0,535.0,535.0,1,raw_available,91.0,
5003,MD1,KT1A,5003,0,MD1KT1A,ABB,2020-05-25,2020-05-30,2006.0,50,115/22,48.0,13.0,50.0,114.0,242.0,6.0,0.0,131.0,1510.0,2533.0,40702.0,0.0,128.0,671.0,543.0,671.0,671.0,1,raw_available,128.0,ระดับน้ำมันต่ำอยู่กว่า Curve
5003,MD1,KT1A,5003,0,MD1KT1A,ABB,2021-02-25,2021-05-21,2006.0,50,115/22,50.0,37.0,18.0,68.0,437.0,5.0,0.0,83.0,1016.0,16036.0,43907.0,0.0,125.0,736.0,611.0,736.0,736.0,1,raw_available,125.0,
5003,MD1,KT1A,5003,0,MD1KT1A,ABB,2022-02-03,2022-02-20,2006.0,50,115/22,33.0,10.0,39.0,71.0,292.0,2.0,0.0,136.0,1531.0,18462.0,49174.0,4.0,143.0,687.0,540.0,687.0,687.0,1,raw_available,147.0,
5003,MD1,KT1A,5003,0,MD1KT1A,ABB,2023-02-02,2023-02-13,2006.0,50,115/22,39.0,9.0,19.0,126.0,288.0,7.0,0.0,155.0,1735.0,5285.0,45291.0,0.0,157.0,752.0,595.0,752.0,752.0,1,raw_available,157.0,
5003,MD1,KT1A,5003,0,MD1KT1A,ABB,2024-01-31,2024-03-10,2006.0,50,115/22,48.0,19.0,13.0,53.0,206.0,3.0,0.0,159.0,1388.0,9048.0,37164.0,33.0,208.0,675.0,434.0,675.0,675.0,1,raw_available,241.0,
5004,PK1,KT1A,5004,0,PK1KT1A,ABB,2019-09-09,2019-11-23,2007.0,50,115/33/11,49.0,26.0,18.0,111.0,250.0,4.0,0.0,94.0,2289.0,6647.0,55260.0,0.0,172.0,649.0,477.0,649.0,649.0,1,raw_available,172.0,
5004,PK1,KT1A,5004,0,PK1KT1A,ABB,2020-09-12,2020-11-16,2007.0,50,115/33/11,59.0,16.0,10.0,105.0,263.0,0.0,0.0,96.0,2494.0,4299.0,37958.0,180.0,0.0,654.0,474.0,654.0,654.0,1,raw_available,180.0,
5004,PK1,KT1A,5004,0,PK1KT1A,ABB,2021-09-17,2021-11-17,2007.0,50,115/33/11,49.0,18.0,11.0,108.0,282.0,0.0,0.0,101.0,2552.0,6057.0,39370.0,0.0,69.0,571.0,502.0,571.0,571.0,1,raw_available,69.0,
5004,PK1,KT1A,5004,0,PK1KT1A,ABB,2022-09-19,2022-10-08,2007.0,50,115/33/11,48.0,9.0,16.0,135.0,293.0,3.0,0.0,84.0,3325.0,3225.0,36016.0,11.0,150.0,692.0,531.0,692.0,692.0,1,raw_available,161.0,
5004,PK1,KT1A,5004,0,PK1KT1A,ABB,2023-09-16,2023-10-29,2007.0,50,115/33/11,50.0,9.0,32.0,161.0,373.0,8.0,0.0,139.0,4253.0,2741.0,53953.0,16.0,229.0,958.0,713.0,958.0,958.0,1,raw_available,245.0,
504004,CT,KT3A,504004,0,CTKT3A,ABB,2019-11-11,2019-11-14,2018.0,200,230/121/22,60.0,12.0,0.0,5.4,0.0,0.0,0.0,7.0,305.0,21101.0,56266.0,2.1,2.2,16.7,12.4,16.7,16.7,1,raw_available,4.299999999999999,
504004,CT,KT3A,504004,0,CTKT3A,ABB,2019-11-16,2019-11-22,2018.0,200,230/121/22,,9.0,13.0,3.0,0.0,0.0,0.0,35.0,353.0,9790.0,26370.0,0.0,0.0,51.0,51.0,51.0,51.0,1,raw_available,0.0,หลังใช้งานประมาณ 2 เดือน
504004,CT,KT3A,504004,0,CTKT3A,ABB,2019-12-21,2020-01-31,2018.0,200,230/121/22,48.0,,16.0,28.0,8.0,28.0,0.0,58.0,381.0,7044.0,22049.0,20.0,4.0,162.0,138.0,162.0,162.0,1,raw_available,24.0,
504004,CT,KT3A,504004,0,CTKT3A,ABB,2020-03-15,2020-03-22,2018.0,200,230/121/22,59.0,16.0,28.0,39.0,10.0,48.0,0.0,73.0,326.0,10224.0,31302.0,24.0,2.0,224.0,198.0,224.0,224.0,1,raw_available,26.0,
504004,CT,KT3A,504004,0,CTKT3A,ABB,2020-08-29,2020-09-11,2018.0,200,230/121/22,58.0,5.0,19.0,26.0,8.0,28.0,0.3,92.0,649.0,6551.0,21409.0,20.0,0.0,193.3,173.3,193.3,193.3,1,raw_available,20.0,
504004,CT,KT3A,504004,0,CTKT3A,ABB,2021-03-13,2021-05-03,2018.0,200,230/121/22,60.0,15.0,47.0,0.0,11.0,0.0,0.0,63.0,419.0,5540.0,24280.0,38.0,4.0,163.0,121.0,163.0,163.0,1,raw_available,42.0,
504004,CT,KT3A,504004,0,CTKT3A,ABB,2022-03-13,2022-03-19,2018.0,200,230/121/22,63.0,6.0,24.0,32.0,12.0,42.0,0.0,85.0,506.0,6495.0,28184.0,33.0,5.0,233.0,195.0,233.0,233.0,1,raw_available,38.0,
504004,CT,KT3A,504004,0,CTKT3A,ABB,2022-09-09,2022-09-16,2018.0,200,230/121/22,60.0,8.0,42.0,47.0,18.0,49.0,0.0,64.0,497.0,5317.0,24948.0,46.0,6.0,272.0,220.0,272.0,272.0,1,raw_available,52.0,หลังเติม Passivator .
504004,CT,KT3A,504004,0,CTKT3A,ABB,2023-06-16,2023-06-22,2018.0,200,230/121/22,61.0,7.0,37.0,61.0,25.0,57.0,0.0,467.0,2497.0,4898.0,20373.0,4.0,7.0,658.0,647.0,658.0,658.0,1,raw_available,11.0,
504004,CT,KT3A,504004,0,CTKT3A,ABB,2023-10-13,2023-10-20,2018.0,200,230/121/22,56.0,10.0,18.0,53.0,19.0,43.0,0.0,274.0,3058.0,24973.0,44519.0,49.0,21.0,477.0,407.0,477.0,477.0,1,raw_available,70.0,
504004,CT,KT3A,504004,0,CTKT3A,ABB,2024-03-09,2024-04-20,2018.0,200,230/121/22,65.0,16.0,42.0,83.0,46.0,83.0,0.0,328.0,3884.0,9129.0,34036.0,57.0,19.0,658.0,582.0,658.0,658.0,1,raw_available,76.0,
504005,CT,KT4A,504005,0,CTKT4A,ABB,2019-11-11,2019-11-14,2018.0,200,230/121/21,60.0,16.0,7.0,1.0,0.0,1.0,0.0,54.0,497.0,5392.0,23480.0,1.0,0.0,64.0,63.0,64.0,64.0,1,raw_available,1.0,
504005,CT,KT4A,504005,0,CTKT4A,ABB,2019-11-16,2019-11-22,2018.0,200,230/121/21,,55.0,16.0,25.0,7.0,31.0,0.0,26.0,467.0,9160.0,25730.0,0.0,0.0,105.0,105.0,105.0,105.0,1,raw_available,0.0,หลังใช้งานประมาณ 2 เดือน
504005,CT,KT4A,504005,0,CTKT4A,ABB,2019-12-21,2020-01-31,2018.0,200,230/121/21,48.0,,8.0,3.0,1.0,2.0,0.0,71.0,376.0,6430.0,20202.0,1.0,0.0,86.0,85.0,86.0,86.0,1,raw_available,1.0,
504005,CT,KT4A,504005,0,CTKT4A,ABB,2020-02-14,2020-02-28,2018.0,200,230/121/21,54.0,14.0,15.0,22.0,0.0,8.0,0.0,82.0,625.0,13559.0,34240.0,0.0,0.0,127.0,127.0,127.0,127.0,1,raw_available,0.0,
504005,CT,KT4A,504005,0,CTKT4A,ABB,2020-03-15,2020-03-22,2018.0,200,230/121/21,59.0,25.0,12.0,35.0,9.0,48.0,0.0,86.0,432.0,4475.0,41847.0,27.0,2.0,219.0,190.0,219.0,219.0,1,raw_available,29.0,
504005,CT,KT4A,504005,0,CTKT4A,ABB,2021-03-13,2021-05-02,2018.0,200,230/121/21,64.0,20.0,41.0,0.0,18.0,0.0,0.0,92.0,652.0,3400.0,23190.0,80.0,6.0,237.0,151.0,237.0,237.0,1,raw_available,86.0,
504005,CT,KT4A,504005,0,CTKT4A,ABB,2022-03-13,2022-03-19,2018.0,200,230/121/21,64.0,18.0,23.0,32.0,11.0,45.0,0.0,107.0,775.0,9821.0,35628.0,37.0,4.0,259.0,218.0,259.0,259.0,1,raw_available,41.0,
504005,CT,KT4A,504005,0,CTKT4A,ABB,2022-09-09,2022-09-16,2018.0,200,230/121/21,60.0,8.0,39.0,41.0,14.0,46.0,0.0,97.0,761.0,4569.0,20762.0,44.0,4.0,285.0,237.0,285.0,285.0,1,raw_available,48.0,หลังเติม Passivator .
504005,CT,KT4A,504005,0,CTKT4A,ABB,2023-06-16,2023-06-22,2018.0,200,230/121/21,58.0,7.0,44.0,0.0,4.0,16.0,43.0,27.0,414.0,6208.0,46790.0,9.0,557.0,700.0,134.0,700.0,700.0,1,raw_available,566.0,
504005,CT,KT4A,504005,0,CTKT4A,ABB,2023-10-13,2023-10-22,2018.0,200,230/121/21,56.0,12.0,13.0,34.0,15.0,60.0,0.0,208.0,1862.0,32409.0,63325.0,38.0,0.0,368.0,330.0,368.0,368.0,1,raw_available,38.0,
504005,CT,KT4A,504005,0,CTKT4A,ABB,2024-03-09,2024-04-20,2018.0,200,230/121/21,65.0,13.0,40.0,53.0,17.0,58.0,0.0,327.0,1774.0,6809.0,28816.0,36.0,7.0,538.0,495.0,538.0,538.0,1,raw_available,43.0,
504006,YT,KT3A,504006,0,YTKT3A,ABB,2019-07-07,2019-07-08,2018.0,200,230,,26.0,0.0,0.0,0.0,0.0,0.0,2.0,126.0,8231.0,37288.0,0.0,0.0,2.0,2.0,2.0,2.0,1,raw_available,0.0,Purify Oil Before Filling in the Transformer
504006,YT,KT3A,504006,0,YTKT3A,ABB,2020-03-10,2020-03-25,2018.0,200,230,61.0,6.0,250.0,602.0,170.0,486.0,0.0,38.0,225.0,4298.0,33187.0,375.0,40.0,1961.0,1546.0,1961.0,1961.0,1,raw_available,415.0,
504006,YT,KT3A,504006,0,YTKT3A,ABB,2020-05-09,2020-05-18,2018.0,200,230,65.0,10.0,176.0,641.0,176.0,579.0,1.8,93.0,591.0,2424.0,17841.0,343.0,42.0,2051.8,1666.8,2051.8,2051.8,1,raw_available,385.0000000000002,
504006,YT,KT3A,504006,0,YTKT3A,ABB,2020-05-25,2020-05-29,2018.0,200,230,61.0,10.0,184.0,699.0,178.0,591.0,1.4,103.0,623.0,2339.0,21312.0,353.0,79.0,2188.4,1756.4,2188.4,2188.4,1,raw_available,432.0,
504006,YT,KT3A,504006,0,YTKT3A,ABB,2020-06-07,2020-06-19,2018.0,200,230,66.0,8.0,146.0,579.0,160.0,527.0,1.3,98.0,686.0,3892.0,19242.0,360.0,46.0,1917.3,1511.3,1917.3,1917.3,1,raw_available,406.0,Increased load about 120MW
504006,YT,KT3A,504006,0,YTKT3A,ABB,2020-06-08,2020-06-19,2018.0,200,230,70.0,8.0,151.0,576.0,158.0,522.0,1.4,99.0,694.0,3445.0,18084.0,351.0,45.0,1903.4,1507.4,1903.4,1903.4,1,raw_available,396.0,Increased load
504006,YT,KT3A,504006,0,YTKT3A,ABB,2020-06-23,2020-07-06,2018.0,200,230,64.0,7.0,153.0,591.0,155.0,521.0,1.2,136.0,734.0,2902.0,15661.0,335.0,41.0,1933.2,1557.2,1933.2,1933.2,1,raw_available,376.0,
504006,YT,KT3A,504006,0,YTKT3A,ABB,2020-07-30,2020-09-12,2018.0,200,230,56.0,15.0,142.0,481.0,139.0,449.0,0.5,78.0,559.0,7873.0,21650.0,313.0,0.0,1602.5,1289.5,1602.5,1602.5,1,raw_available,313.0,
504006,YT,KT3A,504006,0,YTKT3A,ABB,2020-09-23,2020-09-29,2018.0,200,230,35.0,8.0,11.0,26.0,70.0,75.0,0.0,20.0,202.0,9367.0,25977.0,0.0,0.0,202.0,202.0,202.0,202.0,1,raw_available,0.0,ติดตามผลหลังตรวจภายใน
504006,YT,KT3A,504006,0,YTKT3A,ABB,2020-09-29,2020-10-04,2018.0,200,230,42.0,21.0,8.0,26.0,73.0,75.0,0.0,5.0,231.0,13302.0,26431.0,0.0,0.0,183.0,187.0,183.0,183.0,1,raw_available,-4.0,หลังจาก Inspect ภายใน แล้วนำเข้าใช้งาน 1 อาทิตย์
504006,YT,KT3A,504006,0,YTKT3A,ABB,2020-10-10,2020-10-12,2018.0,200,230,56.0,10.0,3.0,22.0,33.0,82.0,0.1,41.0,259.0,8873.0,30722.0,122.0,0.0,303.1,181.1,303.1,303.1,1,raw_available,122.00000000000003,ตามผลทุก 1 สัปดาห์
504006,YT,KT3A,504006,0,YTKT3A,ABB,2020-10-16,2020-10-25,2018.0,200,230,62.0,11.0,15.0,23.0,31.0,79.0,0.2,50.0,336.0,3471.0,33020.0,113.0,0.0,311.2,198.2,311.2,311.2,1,raw_available,113.0,ตามผลทุก 1 สัปดาห์
504006,YT,KT3A,504006,0,YTKT3A,ABB,2020-10-24,2020-11-07,2018.0,200,230,58.0,9.0,2.0,18.0,30.0,78.0,0.2,55.0,362.0,11294.0,36692.0,113.0,0.0,296.2,183.2,296.2,296.2,1,raw_available,113.0,ตามผลทุก 1 สัปดาห์
504006,YT,KT3A,504006,0,YTKT3A,ABB,2021-01-26,2021-04-23,2018.0,200,230,,22.0,15.0,27.0,30.0,71.0,0.0,62.0,375.0,7499.0,37932.0,123.0,14.0,342.0,205.0,342.0,342.0,1,raw_available,137.0,
504006,YT,KT3A,504006,0,YTKT3A,ABB,2021-09-05,2021-11-06,2018.0,200,230,54.0,19.0,22.0,36.0,41.0,79.0,0.0,182.0,889.0,14442.0,33089.0,156.0,0.0,516.0,360.0,516.0,516.0,1,raw_available,156.0,
504006,YT,KT3A,504006,0,YTKT3A,ABB,2022-02-15,2022-03-26,2018.0,200,230,48.0,14.0,10.0,31.0,27.0,69.0,0.0,125.0,1047.0,13048.0,41725.0,111.0,12.0,385.0,262.0,385.0,385.0,1,raw_available,123.0,
504006,YT,KT3A,504006,0,YTKT3A,ABB,2022-07-29,2022-08-19,2018.0,200,230,58.0,13.0,5.0,56.0,40.0,97.0,0.0,324.0,1376.0,2852.0,40476.0,134.0,17.0,673.0,522.0,673.0,673.0,1,raw_available,151.0,
504006,YT,KT3A,504006,0,YTKT3A,ABB,2023-02-14,2023-03-05,2018.0,200,230,62.0,6.0,12.0,51.0,41.0,90.0,0.0,254.0,1622.0,13280.0,32164.0,123.0,4.0,575.0,448.0,575.0,575.0,1,raw_available,127.0,
504006,YT,KT3A,504006,0,YTKT3A,ABB,2023-08-07,2023-09-08,2018.0,200,230,58.0,9.0,14.0,60.0,34.0,98.0,0.0,441.0,2732.0,6610.0,26800.0,110.0,13.0,770.0,647.0,770.0,770.0,1,raw_available,123.0,
504006,YT,KT3A,504006,0,YTKT3A,ABB,2024-02-13,2024-03-18,2018.0,200,230,66.0,13.0,11.0,78.0,53.0,128.0,1.3,562.0,3724.0,15321.0,31514.0,236.0,21.0,1090.3,833.3,1090.3,1090.3,1,raw_available,257.0,
504006,YT,KT3A,504006,0,YTKT3A,ABB,2024-04-10,2024-04-22,2018.0,200,230,65.0,11.0,16.0,70.0,51.0,131.0,0.0,506.0,1805.0,9820.0,42941.0,139.0,12.0,925.0,774.0,925.0,925.0,1,raw_available,151.0,
508031,RY2,KT5A,508031,0,RY2KT5A,ABB,2023-07-17,2023-07-22,2023.0,200,230/12/22,30.0,6.0,8.0,0.0,0.0,0.0,0.0,8.0,84.0,9993.0,21754.0,0.0,0.0,16.0,16.0,16.0,16.0,1,raw_available,0.0,
508031,RY2,KT5A,508031,0,RY2KT5A,ABB,2024-04-20,2024-04-26,2023.0,200,230/12/22,60.0,9.0,22.0,16.0,2.0,22.0,0.0,115.0,708.0,6589.0,15000.0,0.0,0.0,177.0,177.0,177.0,177.0,1,raw_available,0.0,
508032,SN4,KT4A,508032,0,SN4KT4A,ABB,2023-08-10,2023-08-12,2022.0,200,230/115,35.0,5.0,9.0,0.0,2.0,23.0,0.0,8.0,102.0,8205.0,14993.0,5.0,0.0,47.0,42.0,47.0,47.0,1,raw_available,5.0,ก่อนเข้าใช้งาน
508032,SN4,KT4A,508032,0,SN4KT4A,ABB,2024-03-10,2024-04-09,2022.0,200,230/115,52.0,8.0,23.0,2.0,3.0,0.0,0.0,79.0,473.0,11268.0,26083.0,1.0,1.0,109.0,107.0,109.0,109.0,1,raw_available,2.0,
52009,BR,KT2A,52009,0,BRKT2A,ABB,2019-03-23,2019-04-21,2007.0,50,115/22/11,53.0,15.0,12.0,53.0,22.0,0.0,0.0,164.0,1408.0,8149.0,38953.0,0.0,0.0,251.0,251.0,251.0,251.0,1,raw_available,0.0,
52009,BR,KT2A,52009,0,BRKT2A,ABB,2020-03-22,2020-05-25,2007.0,50,115/22/11,43.0,18.0,28.0,87.0,29.0,0.0,0.0,165.0,1095.0,7520.0,46660.0,0.0,14.0,323.0,309.0,323.0,323.0,1,raw_available,14.0,
52009,BR,KT2A,52009,0,BRKT2A,ABB,2021-01-11,2021-02-01,2007.0,50,115/22/11,45.0,8.0,18.0,60.0,21.0,0.0,0.0,98.0,1765.0,6532.0,51974.0,0.0,11.0,208.0,197.0,208.0,208.0,1,raw_available,11.0,
52009,BR,KT2A,52009,0,BRKT2A,ABB,2022-02-28,2022-03-27,2007.0,50,115/22/11,36.0,14.0,15.0,0.0,32.0,0.0,0.0,168.0,1502.0,5775.0,37174.0,0.0,0.0,215.0,215.0,215.0,215.0,1,raw_available,0.0,
52009,BR,KT2A,52009,0,BRKT2A,ABB,2023-02-25,2023-03-11,2007.0,50,115/22/11,56.0,17.0,5.0,61.0,25.0,1.0,0.0,229.0,4598.0,8205.0,46345.0,0.0,12.0,333.0,321.0,333.0,333.0,1,raw_available,12.0,
52009,BR,KT2A,52009,0,BRKT2A,ABB,2024-02-24,2024-04-08,2007.0,50,115/22/11,48.0,13.0,4.0,102.0,37.0,4.0,0.0,250.0,2080.0,8547.0,41725.0,7.0,19.0,423.0,397.0,423.0,423.0,1,raw_available,26.0,
52010,CYP,KT3A,52010,0,CYPKT3A,ABB,2019-03-30,2019-04-18,2007.0,50,115/22/11,53.0,15.0,18.0,15.0,52.0,0.0,0.0,246.0,3313.0,3578.0,34962.0,0.0,0.0,331.0,331.0,331.0,331.0,1,raw_available,0.0,
52010,CYP,KT3A,52010,0,CYPKT3A,ABB,2020-03-30,2020-05-26,2007.0,50,115/22/11,45.0,13.0,29.0,13.0,5.0,0.0,0.0,209.0,3197.0,7943.0,35506.0,0.0,0.0,256.0,256.0,256.0,256.0,1,raw_available,0.0,
52010,CYP,KT3A,52010,0,CYPKT3A,ABB,2021-01-18,2021-02-01,2007.0,50,115/22/11,52.0,8.0,34.0,30.0,5.0,0.0,0.0,160.0,4120.0,3586.0,50412.0,0.0,2.0,231.0,229.0,231.0,231.0,1,raw_available,2.0,
52010,CYP,KT3A,52010,0,CYPKT3A,ABB,2022-03-06,2022-03-27,2007.0,50,115/22/11,38.0,6.0,13.0,16.0,4.0,0.0,0.0,119.0,2762.0,9050.0,47590.0,2.0,3.0,157.0,152.0,157.0,157.0,1,raw_available,5.0,
52010,CYP,KT3A,52010,0,CYPKT3A,ABB,2023-03-03,2023-03-18,2007.0,50,115/22/11,45.0,16.0,26.0,22.0,7.0,0.0,0.0,265.0,3702.0,6265.0,40387.0,0.0,0.0,320.0,320.0,320.0,320.0,1,raw_available,0.0,
52010,CYP,KT3A,52010,0,CYPKT3A,ABB,2024-03-04,2024-04-08,2007.0,50,115/22/11,50.0,12.0,18.0,13.0,0.0,0.0,0.0,284.0,3507.0,5299.0,33977.0,0.0,0.0,315.0,315.0,315.0,315.0,1,raw_available,0.0,
52011,MK,KT1A,52011,0,MKKT1A,ABB,2019-03-08,2019-04-26,2007.0,50,115/22,50.0,20.0,12.0,17.0,10.0,0.0,0.0,127.0,1469.0,9515.0,41133.0,0.0,0.0,166.0,166.0,166.0,166.0,1,raw_available,0.0,
52011,MK,KT1A,52011,0,MKKT1A,ABB,2020-03-07,2020-03-28,2007.0,50,115/22,59.0,12.0,12.0,30.0,8.0,0.0,0.0,132.0,1529.0,8642.0,42569.0,0.0,7.0,189.0,182.0,189.0,189.0,1,raw_available,7.0,
52011,MK,KT1A,52011,0,MKKT1A,ABB,2021-01-09,2021-02-05,2007.0,50,115/22,45.0,12.0,15.0,33.0,7.0,0.0,0.0,107.0,2439.0,5396.0,51962.0,0.0,4.0,166.0,162.0,166.0,166.0,1,raw_available,4.0,
52011,MK,KT1A,52011,0,MKKT1A,ABB,2022-02-12,2022-03-28,2007.0,50,115/22,43.0,13.0,14.0,30.0,12.0,0.0,0.0,134.0,1819.0,8008.0,37407.0,0.0,0.0,190.0,190.0,190.0,190.0,1,raw_available,0.0,
52011,MK,KT1A,52011,0,MKKT1A,ABB,2023-02-11,2023-03-10,2007.0,50,115/22,47.0,20.0,12.0,32.0,10.0,2.0,0.0,171.0,1939.0,5094.0,36681.0,0.0,0.0,227.0,227.0,227.0,227.0,1,raw_available,0.0,
52011,MK,KT1A,52011,0,MKKT1A,ABB,2024-02-09,2024-03-19,2007.0,50,115/22,51.0,16.0,13.0,25.0,9.0,3.0,0.0,181.0,1974.0,7623.0,37565.0,0.0,0.0,231.0,231.0,231.0,231.0,1,raw_available,0.0,
52012,UD2,KT1A,52012,0,UD2KT1A,ABB,2019-02-06,2019-05-12,2004.0,50,115/22,42.0,23.0,9.0,7.0,1.0,3.0,0.0,311.0,1800.0,8524.0,46216.0,1.0,0.0,332.0,331.0,332.0,332.0,1,raw_available,1.0,
52012,UD2,KT1A,52012,0,UD2KT1A,ABB,2020-04-05,2020-05-15,2004.0,50,115/22,52.0,13.0,28.0,8.0,2.0,0.0,0.0,445.0,2358.0,7711.0,47441.0,0.0,3.0,486.0,483.0,486.0,486.0,1,raw_available,3.0,
52012,UD2,KT1A,52012,0,UD2KT1A,ABB,2021-02-15,2021-05-24,2004.0,50,115/22,50.0,17.0,13.0,10.0,0.0,2.0,0.0,590.0,4581.0,10981.0,56315.0,3.0,1.0,619.0,615.0,619.0,619.0,1,raw_available,4.0,
52012,UD2,KT1A,52012,0,UD2KT1A,ABB,2022-01-19,2022-02-06,2004.0,50,115/22,46.0,9.0,11.0,6.0,2.0,0.0,0.0,279.0,3039.0,5747.0,46958.0,0.0,1.0,299.0,298.0,299.0,299.0,1,raw_available,1.0,
52012,UD2,KT1A,52012,0,UD2KT1A,ABB,2023-02-03,2023-02-17,2004.0,50,115/22,42.0,11.0,6.0,18.0,3.0,1.0,0.0,281.0,3177.0,4556.0,44751.0,3.0,1.0,313.0,309.0,313.0,313.0,1,raw_available,4.0,
52012,UD2,KT1A,52012,0,UD2KT1A,ABB,2024-01-16,2024-02-11,2004.0,50,115/22,46.0,6.0,35.0,16.0,3.0,4.0,0.0,347.0,2278.0,9368.0,51236.0,4.0,2.0,411.0,405.0,411.0,411.0,1,raw_available,6.0,
52013,AN,KT1A,52013,0,ANKT1A,ABB,2020-05-25,2020-05-30,2007.0,50,115/22,47.0,10.0,10.0,16.0,1.0,2.0,0.0,202.0,1851.0,5405.0,55119.0,2.0,1.0,234.0,231.0,234.0,234.0,1,raw_available,3.0,
52013,AN,KT1A,52013,0,ANKT1A,ABB,2021-02-26,2021-05-20,2007.0,50,115/22,46.0,38.0,14.0,10.0,2.0,2.0,0.0,121.0,684.0,16174.0,64807.0,2.0,1.0,152.0,149.0,152.0,152.0,1,raw_available,3.0,
52013,AN,KT1A,52013,0,ANKT1A,ABB,2022-02-04,2022-02-19,2007.0,50,115/22,48.0,17.0,9.0,9.0,2.0,2.0,0.0,163.0,1196.0,10316.0,46537.0,1.0,2.0,184.0,185.0,184.0,184.0,1,raw_available,-1.0,
52013,AN,KT1A,52013,0,ANKT1A,ABB,2023-02-03,2023-02-18,2007.0,50,115/22,45.0,6.0,13.0,15.0,3.0,3.0,0.0,243.0,2075.0,10547.0,46745.0,3.0,2.0,282.0,277.0,282.0,282.0,1,raw_available,5.0,
52013,AN,KT1A,52013,0,ANKT1A,ABB,2024-02-02,2024-03-08,2007.0,50,115/22,49.0,11.0,16.0,10.0,3.0,15.0,0.0,200.0,2084.0,5642.0,30749.0,14.0,2.0,260.0,244.0,260.0,260.0,1,raw_available,16.0,
52014,PKC,KT1A,52014,0,PKCKT1A,ABB,2019-03-17,2019-04-27,2007.0,50,115/22/11,52.0,9.0,19.0,14.0,0.0,0.0,0.0,199.0,1568.0,6302.0,37085.0,0.0,0.0,232.0,232.0,232.0,232.0,1,raw_available,0.0,
52014,PKC,KT1A,52014,0,PKCKT1A,ABB,2020-03-16,2020-03-28,2007.0,50,115/22/11,42.0,14.0,27.0,30.0,6.0,0.0,0.0,204.0,1605.0,7435.0,43592.0,0.0,3.0,270.0,267.0,270.0,270.0,1,raw_available,3.0,
52014,PKC,KT1A,52014,0,PKCKT1A,ABB,2021-02-07,2021-04-25,2007.0,50,115/22/11,41.0,24.0,18.0,0.0,35.0,0.0,0.0,149.0,1214.0,16333.0,42797.0,0.0,0.0,202.0,202.0,202.0,202.0,1,raw_available,0.0,
52014,PKC,KT1A,52014,0,PKCKT1A,ABB,2022-02-27,2022-03-27,2007.0,50,115/22/11,40.0,15.0,15.0,0.0,7.0,0.0,0.0,216.0,1741.0,6496.0,37053.0,0.0,0.0,238.0,238.0,238.0,238.0,1,raw_available,0.0,
52014,PKC,KT1A,52014,0,PKCKT1A,ABB,2023-02-26,2023-03-12,2007.0,50,115/22/11,53.0,12.0,13.0,18.0,9.0,0.0,0.0,238.0,2016.0,8663.0,40353.0,0.0,3.0,281.0,278.0,281.0,281.0,1,raw_available,3.0,
52014,PKC,KT1A,52014,0,PKCKT1A,ABB,2024-02-24,2024-04-08,2007.0,50,115/22/11,48.0,11.0,12.0,24.0,10.0,3.0,0.0,331.0,1674.0,9196.0,40018.0,10.0,12.0,402.0,380.0,402.0,402.0,1,raw_available,22.0,
52015,PCH,KT1A,52015,0,PCHKT1A,ABB,2019-03-28,2019-04-21,2007.0,50,115/22,58.0,18.0,12.0,14.0,5.0,0.0,0.0,204.0,2881.0,7413.0,36144.0,0.0,0.0,235.0,235.0,235.0,235.0,1,raw_available,0.0,
52015,PCH,KT1A,52015,0,PCHKT1A,ABB,2020-03-28,2020-05-26,2007.0,50,115/22,50.0,10.0,17.0,12.0,5.0,0.0,0.0,210.0,2611.0,8339.0,36239.0,0.0,0.0,244.0,244.0,244.0,244.0,1,raw_available,0.0,
52015,PCH,KT1A,52015,0,PCHKT1A,ABB,2021-01-16,2021-02-05,2007.0,50,115/22,48.0,8.0,25.0,27.0,4.0,0.0,0.0,137.0,3146.0,5956.0,50974.0,0.0,2.0,195.0,193.0,195.0,195.0,1,raw_available,2.0,
52015,PCH,KT1A,52015,0,PCHKT1A,ABB,2022-03-04,2022-03-27,2007.0,50,115/22,40.0,9.0,12.0,18.0,5.0,0.0,0.0,149.0,2765.0,6190.0,47880.0,2.0,3.0,189.0,184.0,189.0,189.0,1,raw_available,5.0,
52015,PCH,KT1A,52015,0,PCHKT1A,ABB,2023-03-02,2023-03-17,2007.0,50,115/22,46.0,16.0,6.0,17.0,7.0,0.0,0.0,214.0,3571.0,13915.0,40250.0,0.0,0.0,244.0,244.0,244.0,244.0,1,raw_available,0.0,
52015,PCH,KT1A,52015,0,PCHKT1A,ABB,2024-03-02,2024-04-07,2007.0,50,115/22,52.0,7.0,4.0,24.0,6.0,2.0,0.0,262.0,2789.0,9535.0,39592.0,3.0,2.0,303.0,298.0,303.0,303.0,1,raw_available,5.0,
52016,PCH,KT2A,52016,0,PCHKT2A,ABB,2019-03-28,2019-04-18,2007.0,50,115/22,63.0,22.0,14.0,20.0,10.0,0.0,0.0,242.0,3303.0,7390.0,37151.0,0.0,0.0,286.0,286.0,286.0,286.0,1,raw_available,0.0,
52016,PCH,KT2A,52016,0,PCHKT2A,ABB,2021-01-16,2021-02-12,2007.0,50,115/22,53.0,11.0,29.0,43.0,7.0,0.0,0.0,174.0,3827.0,4932.0,51074.0,0.0,4.0,257.0,253.0,257.0,257.0,1,raw_available,4.0,
52016,PCH,KT2A,52016,0,PCHKT2A,ABB,2022-03-04,2022-03-27,2007.0,50,115/22,38.0,7.0,13.0,21.0,6.0,0.0,0.0,147.0,2932.0,5850.0,46820.0,77.0,4.0,268.0,187.0,268.0,268.0,1,raw_available,81.0,
52016,PCH,KT2A,52016,0,PCHKT2A,ABB,2023-03-02,2023-03-17,2007.0,50,115/22,49.0,11.0,8.0,27.0,9.0,0.0,0.0,249.0,3456.0,11002.0,39700.0,0.0,0.0,293.0,293.0,293.0,293.0,1,raw_available,0.0,
52016,PCH,KT2A,52016,0,PCHKT2A,ABB,2024-03-02,2024-04-07,2007.0,50,115/22,52.0,10.0,3.0,30.0,8.0,2.0,0.0,271.0,3227.0,11425.0,40502.0,3.0,4.0,321.0,314.0,321.0,321.0,1,raw_available,7.0,
528569,MM2,KT1A,528569,0,MM2KT1A,OSAKA,2019-05-25,2019-06-07,2002.0,4,115/11,47.0,18.0,9.0,5.0,7.0,1.0,0.0,108.0,2637.0,4160.0,43382.0,0.0,0.0,130.0,130.0,130.0,130.0,1,raw_available,0.0,
528569,MM2,KT1A,528569,0,MM2KT1A,OSAKA,2020-05-09,2020-05-18,2002.0,4,115/11,48.0,16.0,4.0,4.0,2.0,0.0,0.0,19.0,943.0,21102.0,68703.0,0.0,1.0,30.0,29.0,30.0,30.0,1,raw_available,1.0,
528569,MM2,KT1A,528569,0,MM2KT1A,OSAKA,2021-03-07,2021-04-19,2002.0,4,115/11,45.0,15.0,25.0,5.0,2.0,0.0,0.0,22.0,1610.0,17746.0,65248.0,0.0,2.0,56.0,54.0,56.0,56.0,1,raw_available,2.0,
528569,MM2,KT1A,528569,0,MM2KT1A,OSAKA,2022-03-11,2022-03-19,2002.0,4,115/11,44.0,19.0,15.0,5.0,6.0,0.0,0.0,15.0,2970.0,4032.0,76590.0,0.0,0.0,41.0,41.0,41.0,41.0,1,raw_available,0.0,
528569,MM2,KT1A,528569,0,MM2KT1A,OSAKA,2023-03-12,2023-03-16,2002.0,4,115/11,0.0,15.0,28.0,6.0,5.0,1.0,0.0,33.0,3180.0,6955.0,95347.0,6.0,3.0,82.0,73.0,82.0,82.0,1,raw_available,9.0,
528571,SNR-P,KT2A,528571,0,SNR-PKT2A,OSAKA,2019-07-14,2019-08-17,1979.0,4,115/11,45.0,23.0,14.0,13.0,32.0,0.0,0.0,74.0,4182.0,4919.0,45982.0,0.0,9.0,142.0,133.0,142.0,142.0,1,raw_available,9.0,
528571,SNR-P,KT2A,528571,0,SNR-PKT2A,OSAKA,2020-05-08,2020-05-27,1979.0,4,115/11,45.0,19.0,16.0,16.0,32.0,0.0,0.0,65.0,4381.0,4998.0,68639.0,0.0,0.0,129.0,129.0,129.0,129.0,1,raw_available,0.0,
528571,SNR-P,KT2A,528571,0,SNR-PKT2A,OSAKA,2021-04-14,2021-06-05,1979.0,4,115/11,49.0,18.0,15.0,14.0,71.0,0.0,0.0,69.0,4563.0,5437.0,71954.0,0.0,16.0,185.0,169.0,185.0,185.0,1,raw_available,16.0,
528571,SNR-P,KT2A,528571,0,SNR-PKT2A,OSAKA,2022-04-17,2022-04-21,1979.0,4,115/11,38.0,14.0,9.0,41.0,54.0,4.0,0.0,74.0,5452.0,3540.0,86076.0,3.0,27.0,212.0,182.0,212.0,212.0,1,raw_available,30.0,CVT ระเบิด
528571,SNR-P,KT2A,528571,0,SNR-PKT2A,OSAKA,2023-04-23,2023-05-04,1979.0,4,115/11,45.0,18.0,5.0,34.0,48.0,5.0,0.0,64.0,4478.0,4860.0,84006.0,6.0,29.0,191.0,156.0,191.0,191.0,1,raw_available,35.0,
528571,SNR-P,KT2A,528571,0,SNR-PKT2A,OSAKA,2024-02-15,2024-03-17,1979.0,4,115/11,50.0,24.0,8.0,31.0,5.0,13.0,0.0,91.0,4220.0,12856.0,45226.0,0.0,0.0,148.0,148.0,148.0,148.0,1,raw_available,0.0,
535956,BLG,KT2A,535956,0,BLGKT2A,ELIN,2019-04-06,2019-07-05,1977.0,8,107/34.85,66.0,29.0,41.0,8.0,2.0,24.0,56.0,373.0,2146.0,13330.0,45288.0,11.0,0.0,515.0,504.0,515.0,515.0,1,raw_available,11.0,
535956,BLG,KT2A,535956,0,BLGKT2A,ELIN,2019-04-06,2019-08-26,1977.0,8,107/34.85,66.0,27.0,43.0,20.0,0.0,22.0,125.0,516.0,3180.0,16541.0,54793.0,0.0,0.0,726.0,726.0,726.0,726.0,1,raw_available,0.0,
535956,BLG,KT2A,535956,0,BLGKT2A,ELIN,2019-09-06,2019-10-18,1977.0,8,107/34.85,-64.0,24.0,23.0,9.0,0.0,26.0,38.0,450.0,2138.0,12926.0,47571.0,14.0,1.0,561.0,546.0,561.0,561.0,1,raw_available,15.0,
535956,BLG,KT2A,535956,0,BLGKT2A,ELIN,2020-07-25,2020-08-24,1977.0,8,107/34.85,67.0,16.0,38.0,0.0,6.0,15.0,37.0,197.0,1683.0,10863.0,53477.0,0.0,59.0,352.0,293.0,352.0,352.0,1,raw_available,59.0,
535956,BLG,KT2A,535956,0,BLGKT2A,ELIN,2022-07-15,2022-07-24,1977.0,8,107/34.85,,20.0,59.0,4.0,3.0,8.0,0.0,608.0,4695.0,10540.0,71630.0,7.0,88.0,777.0,682.0,777.0,777.0,1,raw_available,95.0,ไม่ได้ออกผลขอเก็บตัวอย่างใหม่
535956,BLG,KT2A,535956,0,BLGKT2A,ELIN,2023-07-28,2023-11-18,1977.0,8,107/34.85,0.0,27.0,3.0,17.0,2.0,27.0,24.0,552.0,4137.0,33550.0,53850.0,6.0,2.0,633.0,625.0,633.0,633.0,1,raw_available,8.0,
535956,BLG,KT2A,535956,0,BLGKT2A,ELIN,2024-01-13,2024-04-09,1977.0,8,107/34.85,0.0,19.0,9.0,9.0,2.0,36.0,29.0,606.0,4815.0,23524.0,85953.0,7.0,1.0,699.0,691.0,699.0,699.0,1,raw_available,8.0,
535959,BLG,KT1A,535959,0,BLGKT1A,ELIN,2019-02-02,2019-04-07,1977.0,8,107/34.85,47.0,34.0,10.0,3.0,11.0,45.0,100.0,319.0,5105.0,10115.0,46333.0,15.0,0.0,503.0,488.0,503.0,503.0,1,raw_available,15.0,
535959,BLG,KT1A,535959,0,BLGKT1A,ELIN,2019-04-06,2019-06-30,1977.0,8,107/34.85,58.0,35.0,22.0,24.0,5.0,50.0,115.0,371.0,6023.0,12665.0,46542.0,16.0,0.0,603.0,587.0,603.0,603.0,1,raw_available,16.0,
535959,BLG,KT1A,535959,0,BLGKT1A,ELIN,2019-09-06,2019-10-18,1977.0,8,107/34.85,58.0,26.0,17.0,21.0,14.0,47.0,95.0,401.0,5741.0,9622.0,50112.0,21.0,0.0,616.0,595.0,616.0,616.0,1,raw_available,21.0,
535959,BLG,KT1A,535959,0,BLGKT1A,ELIN,2020-07-25,2020-08-24,1977.0,8,107/34.85,63.0,32.0,533.0,13.0,0.0,33.0,65.0,208.0,12451.0,13847.0,58351.0,13.0,2.0,867.0,852.0,867.0,867.0,1,raw_available,15.0,
535959,BLG,KT1A,535959,0,BLGKT1A,ELIN,2022-07-15,2022-07-24,1977.0,8,107/34.85,54.0,40.0,49.0,2.0,14.0,18.0,14.0,273.0,20231.0,5763.0,81193.0,0.0,0.0,370.0,370.0,370.0,370.0,1,raw_available,0.0,ไม่ได้ออกผลขอเก็บตัวอย่างใหม่
535959,BLG,KT1A,535959,0,BLGKT1A,ELIN,2023-06-26,2023-07-17,1977.0,8,107/34.85,38.0,17.0,7.0,1.0,3.0,8.0,9.0,36.0,7760.0,19995.0,55072.0,2.0,7.0,73.0,64.0,73.0,73.0,1,raw_available,9.0,ค่า p.f สูง
535959,BLG,KT1A,535959,0,BLGKT1A,ELIN,2023-07-28,2023-11-18,1977.0,8,107/34.85,33.0,27.0,10.0,4.0,3.0,19.0,8.0,72.0,5053.0,23270.0,37090.0,5.0,3.0,124.0,116.0,124.0,124.0,1,raw_available,8.0,
55005,RPB,KT3A,55005,0,RPBKT3A,ABB,2019-05-30,2019-07-25,2010.0,200,230/12/33,56.0,20.0,33.0,30.0,64.0,0.0,0.0,112.0,2915.0,6250.0,24870.0,0.0,18.0,257.0,239.0,257.0,257.0,1,raw_available,18.0,
55005,RPB,KT3A,55005,0,RPBKT3A,ABB,2019-11-18,2019-12-23,2010.0,200,230/12/33,48.0,14.0,21.0,33.0,0.0,0.0,0.0,167.0,2899.0,10879.0,40415.0,0.0,34.0,255.0,221.0,255.0,255.0,1,raw_available,34.0,
55005,RPB,KT3A,55005,0,RPBKT3A,ABB,2020-05-10,2020-05-31,2010.0,200,230/12/33,52.0,24.0,19.0,45.0,79.0,0.0,0.0,83.0,1451.0,9215.0,38457.0,10.0,57.0,293.0,226.0,293.0,293.0,1,raw_available,67.0,
55005,RPB,KT3A,55005,0,RPBKT3A,ABB,2020-07-06,2020-07-19,2010.0,200,230/12/33,53.0,14.0,21.0,27.0,59.0,2.0,0.0,42.0,469.0,11705.0,61328.0,0.0,32.0,183.0,151.0,183.0,183.0,1,raw_available,32.0,
55005,RPB,KT3A,55005,0,RPBKT3A,ABB,2020-11-02,2020-11-29,2010.0,200,230/12/33,55.0,11.0,19.0,18.0,68.0,0.0,0.0,48.0,527.0,12554.0,47093.0,0.0,37.0,190.0,153.0,190.0,190.0,1,raw_available,37.0,
55005,RPB,KT3A,55005,0,RPBKT3A,ABB,2021-05-04,2021-07-24,2010.0,200,230/12/33,62.0,18.0,12.0,0.0,20.0,0.0,0.0,22.0,994.0,10009.0,20300.0,0.0,0.0,54.0,54.0,54.0,54.0,1,raw_available,0.0,
55005,RPB,KT3A,55005,0,RPBKT3A,ABB,2021-11-07,2021-11-22,2010.0,200,230/12/33,53.0,9.0,10.0,0.0,30.0,0.0,0.0,23.0,1285.0,8925.0,17138.0,0.0,3.0,66.0,63.0,66.0,66.0,1,raw_available,3.0,
55005,RPB,KT3A,55005,0,RPBKT3A,ABB,2022-04-10,2022-04-23,2010.0,200,230/12/33,59.0,14.0,16.0,12.0,31.0,12.0,0.0,29.0,1706.0,3746.0,23338.0,1.0,27.0,128.0,100.0,128.0,128.0,1,raw_available,28.0,
55005,RPB,KT3A,55005,0,RPBKT3A,ABB,2022-04-28,2022-05-15,2010.0,200,230/12/33,60.0,8.0,15.0,8.0,31.0,2.0,0.0,34.0,1817.0,3809.0,13477.0,0.0,2.0,92.0,90.0,92.0,92.0,1,raw_available,2.0,
55005,RPB,KT3A,55005,0,RPBKT3A,ABB,2022-12-19,2023-01-08,2010.0,200,230/12/33,58.0,10.0,32.0,9.0,28.0,1.0,0.0,53.0,1920.0,24514.0,57683.0,0.0,11.0,134.0,123.0,134.0,134.0,1,raw_available,11.0,
55005,RPB,KT3A,55005,0,RPBKT3A,ABB,2023-05-05,2023-05-18,2010.0,200,230/12/33,52.0,17.0,7.0,11.0,27.0,0.0,0.0,52.0,1889.0,18670.0,46760.0,2.0,25.0,124.0,97.0,124.0,124.0,1,raw_available,27.0,
55005,RPB,KT3A,55005,0,RPBKT3A,ABB,2023-11-27,2024-01-26,2010.0,200,230/12/33,65.0,22.0,68.0,18.0,49.0,6.0,0.0,90.0,2634.0,13691.0,40521.0,7.0,37.0,275.0,231.0,275.0,275.0,1,raw_available,44.0,
55013,TS,KT1A,55013,0,TSKT1A,ABB,2019-03-16,2019-06-30,2013.0,200,230/121/33,38.0,20.0,11.0,4.0,1.0,1.0,0.0,264.0,1550.0,13286.0,45043.0,0.0,0.0,281.0,281.0,281.0,281.0,1,raw_available,0.0,
55013,TS,KT1A,55013,0,TSKT1A,ABB,2019-09-15,2019-11-22,2013.0,200,230/121/33,,30.0,19.0,7.0,0.0,0.0,0.0,0.0,0.0,9370.0,32390.0,0.0,0.0,26.0,26.0,26.0,26.0,1,raw_available,0.0,
55013,TS,KT1A,55013,0,TSKT1A,ABB,2020-04-24,2020-05-26,2013.0,200,230/121/33,54.0,25.0,38.0,3.0,1.0,0.0,0.0,239.0,1181.0,16351.0,48451.0,0.0,1.0,282.0,281.0,282.0,282.0,1,raw_available,1.0,
55013,TS,KT1A,55013,0,TSKT1A,ABB,2020-09-05,2020-11-10,2013.0,200,230/121/33,53.0,18.0,12.0,0.0,1.0,0.0,0.0,361.0,2687.0,6495.0,29511.0,0.0,0.0,374.0,374.0,374.0,374.0,1,raw_available,0.0,
55013,TS,KT1A,55013,0,TSKT1A,ABB,2021-03-06,2021-05-11,2013.0,200,230/121/33,53.0,19.0,28.0,4.0,1.0,0.0,0.0,312.0,2063.0,5351.0,29985.0,0.0,1.0,346.0,345.0,346.0,346.0,1,raw_available,1.0,
55013,TS,KT1A,55013,0,TSKT1A,ABB,2021-09-12,2021-11-16,2013.0,200,230/121/33,60.0,12.0,15.0,0.0,0.0,0.0,0.0,348.0,3969.0,10644.0,30313.0,0.0,0.0,363.0,363.0,363.0,363.0,1,raw_available,0.0,
55013,TS,KT1A,55013,0,TSKT1A,ABB,2022-03-26,2022-04-25,2013.0,200,230/121/33,44.0,15.0,12.0,3.0,1.0,1.0,0.0,500.0,4343.0,5295.0,16919.0,1.0,1.0,519.0,517.0,519.0,519.0,1,raw_available,2.0,
55013,TS,KT1A,55013,0,TSKT1A,ABB,2022-09-09,2022-10-09,2013.0,200,230/121/33,48.0,10.0,13.0,5.0,1.0,0.0,0.0,591.0,4544.0,5465.0,31614.0,0.0,1.0,611.0,610.0,611.0,611.0,1,raw_available,1.0,
55013,TS,KT1A,55013,0,TSKT1A,ABB,2023-03-05,2023-04-09,2013.0,200,230/121/33,51.0,13.0,15.0,22.0,0.0,0.0,0.0,528.0,4752.0,9177.0,27915.0,0.0,0.0,565.0,565.0,565.0,565.0,1,raw_available,0.0,
55013,TS,KT1A,55013,0,TSKT1A,ABB,2023-10-06,2023-10-29,2013.0,200,230/121/33,47.0,11.0,21.0,7.0,5.0,1.0,0.0,461.0,3647.0,5542.0,27917.0,0.0,7.0,502.0,495.0,502.0,502.0,1,raw_available,7.0,
55013,TS,KT1A,55013,0,TSKT1A,ABB,2024-03-04,2024-04-09,2013.0,200,230/121/33,60.0,12.0,13.0,8.0,0.0,0.0,0.0,418.0,3237.0,8628.0,26379.0,0.0,0.0,439.0,439.0,439.0,439.0,1,raw_available,0.0,
550269,VRK-P,KT4A,550269,0,VRK-PKT4A,MITSUBISHI,2019-08-26,2019-09-21,1977.0,66,230/115/22,40.0,23.0,138.0,93.0,196.0,5.0,0.0,216.0,6688.0,6914.0,36394.0,0.0,145.0,793.0,648.0,793.0,793.0,1,raw_available,145.0,
550269,VRK-P,KT4A,550269,0,VRK-PKT4A,MITSUBISHI,2020-06-05,2020-07-04,1977.0,66,230/115/22,40.0,30.0,15.0,83.0,166.0,19.0,0.0,166.0,1845.0,3897.0,44654.0,0.0,88.0,537.0,449.0,537.0,537.0,1,raw_available,88.0,
550269,VRK-P,KT4A,550269,0,VRK-PKT4A,MITSUBISHI,2020-10-20,2020-10-31,1977.0,66,230/115/22,42.0,26.0,12.0,73.0,164.0,16.0,0.0,180.0,1865.0,5222.0,52358.0,31.0,94.0,570.0,445.0,570.0,570.0,1,raw_available,125.0,
550269,VRK-P,KT4A,550269,0,VRK-PKT4A,MITSUBISHI,2021-04-20,2021-06-05,1977.0,66,230/115/22,46.0,26.0,50.0,58.0,100.0,7.0,0.0,91.0,1215.0,7120.0,55071.0,33.0,76.0,415.0,306.0,415.0,415.0,1,raw_available,109.0,
550269,VRK-P,KT4A,550269,0,VRK-PKT4A,MITSUBISHI,2022-02-24,2022-03-07,1977.0,66,230/115/22,44.0,23.0,41.0,41.0,178.0,19.0,0.0,180.0,1853.0,6629.0,51042.0,30.0,98.0,587.0,459.0,587.0,587.0,1,raw_available,128.0,
550269,VRK-P,KT4A,550269,0,VRK-PKT4A,MITSUBISHI,2022-11-17,2022-12-04,1977.0,66,230/115/22,45.0,14.0,49.0,106.0,213.0,23.0,0.0,197.0,1953.0,5291.0,54379.0,35.0,132.0,755.0,588.0,755.0,755.0,1,raw_available,167.0,
550269,VRK-P,KT4A,550269,0,VRK-PKT4A,MITSUBISHI,2023-05-20,2023-06-09,1977.0,66,230/115/22,45.0,18.0,13.0,87.0,190.0,21.0,0.0,203.0,2037.0,5264.0,44810.0,26.0,60.0,600.0,514.0,600.0,600.0,1,raw_available,86.0,
550269,VRK-P,KT4A,550269,0,VRK-PKT4A,MITSUBISHI,2023-11-24,2023-12-29,1977.0,66,230/115/22,46.0,19.0,44.0,103.0,242.0,27.0,0.0,226.0,2345.0,3381.0,55121.0,40.0,118.0,800.0,642.0,800.0,800.0,1,raw_available,158.0,
550269,VRK-P,KT4A,550269,0,VRK-PKT4A,MITSUBISHI,2024-04-08,2024-04-20,1977.0,66,230/115/22,47.0,28.0,35.0,96.0,283.0,21.0,0.0,231.0,2350.0,4543.0,65699.0,35.0,121.0,822.0,666.0,822.0,822.0,1,raw_available,156.0,
552428,NB,KT7A,552428,0,NBKT7A,MITSUBISHI,2019-05-04,2019-05-24,2000.0,25,115/69/22,54.0,22.0,10.0,0.0,6.0,0.0,0.0,105.0,1013.0,3661.0,23546.0,0.0,0.0,121.0,121.0,121.0,121.0,1,raw_available,0.0,
552428,NB,KT7A,552428,0,NBKT7A,MITSUBISHI,2019-11-02,2019-12-06,2000.0,25,115/69/22,57.0,12.0,12.0,6.0,0.0,0.0,0.0,108.0,1305.0,3742.0,23471.0,0.0,0.0,126.0,126.0,126.0,126.0,1,raw_available,0.0,
552428,NB,KT7A,552428,0,NBKT7A,MITSUBISHI,2020-06-05,2020-08-04,2000.0,25,115/69/22,53.0,20.0,12.0,0.0,11.0,0.0,0.0,78.0,987.0,10617.0,27703.0,0.0,0.0,101.0,101.0,101.0,101.0,1,raw_available,0.0,
552428,NB,KT7A,552428,0,NBKT7A,MITSUBISHI,2020-11-09,2020-11-22,2000.0,25,115/69/22,56.0,10.0,32.0,7.0,1.0,0.0,0.0,41.0,655.0,6210.0,34790.0,2.0,0.0,83.0,81.0,83.0,83.0,1,raw_available,2.0,
552428,NB,KT7A,552428,0,NBKT7A,MITSUBISHI,2021-05-20,2021-06-18,2000.0,25,115/69/22,55.0,14.0,13.0,5.0,5.0,0.0,0.0,86.0,837.0,5182.0,30175.0,0.0,1.0,110.0,109.0,110.0,110.0,1,raw_available,1.0,
552428,NB,KT7A,552428,0,NBKT7A,MITSUBISHI,2021-11-08,2021-11-19,2000.0,25,115/69/22,56.0,,7.0,2.0,1.0,0.0,0.0,134.0,2028.0,2690.0,17860.0,2.0,0.0,146.0,144.0,146.0,146.0,1,raw_available,2.0,
552428,NB,KT7A,552428,0,NBKT7A,MITSUBISHI,2022-05-29,2022-06-03,2000.0,25,115/69/22,55.0,21.0,10.0,4.0,1.0,1.0,0.0,128.0,2652.0,8114.0,35933.0,2.0,2.0,148.0,144.0,148.0,148.0,1,raw_available,4.0,
552428,NB,KT7A,552428,0,NBKT7A,MITSUBISHI,2022-11-19,2022-11-28,2000.0,25,115/69/22,55.0,14.0,9.0,6.0,1.0,0.0,0.0,125.0,2223.0,3850.0,23560.0,4.0,0.0,145.0,141.0,145.0,145.0,1,raw_available,4.0,
552428,NB,KT7A,552428,0,NBKT7A,MITSUBISHI,2023-05-12,2023-05-14,2000.0,25,115/69/22,0.0,11.0,5.0,4.0,1.0,0.0,0.0,139.0,2547.0,8610.0,29440.0,1.0,0.0,150.0,149.0,150.0,150.0,1,raw_available,1.0,
552428,NB,KT7A,552428,0,NBKT7A,MITSUBISHI,2023-11-20,2023-12-24,2000.0,25,115/69/22,54.0,11.0,33.0,6.0,4.0,0.0,0.0,104.0,2292.0,10845.0,33342.0,2.0,5.0,154.0,147.0,154.0,154.0,1,raw_available,7.0,
552428,NB,KT7A,552428,0,NBKT7A,MITSUBISHI,2024-06-21,2024-06-23,2000.0,25,115/69/22,58.0,14.0,6.0,7.0,13.0,6.0,0.0,92.0,1908.0,12927.0,39470.0,3.0,20.0,147.0,124.0,147.0,147.0,1,raw_available,23.0,
554709,NB,KT5A,554709,0,NBKT5A,MITSUBISHI,2019-05-04,2019-05-25,1984.0,12,69/22,50.0,24.0,15.0,21.0,11.0,6.0,0.0,343.0,4099.0,2717.0,45102.0,0.0,0.0,396.0,396.0,396.0,396.0,1,raw_available,0.0,
554709,NB,KT5A,554709,0,NBKT5A,MITSUBISHI,2019-11-02,2019-12-06,1984.0,12,69/22,45.0,14.0,15.0,34.0,6.0,0.0,0.0,464.0,5020.0,3183.0,49037.0,0.0,0.0,519.0,519.0,519.0,519.0,1,raw_available,0.0,
554709,NB,KT5A,554709,0,NBKT5A,MITSUBISHI,2020-06-05,2020-08-04,1984.0,12,69/22,50.0,16.0,13.0,20.0,19.0,8.0,0.0,325.0,3846.0,4357.0,51518.0,0.0,0.0,385.0,385.0,385.0,385.0,1,raw_available,0.0,
554709,NB,KT5A,554709,0,NBKT5A,MITSUBISHI,2020-07-02,2020-07-05,1984.0,12,69/22,,11.0,16.0,22.0,16.0,8.0,0.0,317.0,3947.0,4803.0,53017.0,0.0,0.0,379.0,379.0,379.0,379.0,1,raw_available,0.0,research
554709,NB,KT5A,554709,0,NBKT5A,MITSUBISHI,2020-11-09,2020-11-22,1984.0,12,69/22,51.0,13.0,31.0,23.0,6.0,1.0,0.0,113.0,1663.0,6300.0,14848.0,13.0,5.0,192.0,174.0,192.0,192.0,1,raw_available,18.0,
554709,NB,KT5A,554709,0,NBKT5A,MITSUBISHI,2021-05-20,2021-06-21,1984.0,12,69/22,60.0,16.0,30.0,24.0,6.0,1.0,0.0,187.0,1547.0,4683.0,65941.0,9.0,5.0,262.0,248.0,262.0,262.0,1,raw_available,14.0,
554709,NB,KT5A,554709,0,NBKT5A,MITSUBISHI,2021-11-08,2021-11-18,1984.0,12,69/22,45.0,,8.0,31.0,8.0,0.0,0.0,234.0,4786.0,3580.0,62840.0,17.0,7.0,305.0,281.0,305.0,305.0,1,raw_available,24.0,
554709,NB,KT5A,554709,0,NBKT5A,MITSUBISHI,2021-12-14,2021-12-18,1984.0,12,69/22,,13.0,1.0,8.0,10.0,7.0,0.0,44.0,2855.0,15934.0,70181.0,9.0,4.0,83.0,70.0,83.0,83.0,1,raw_available,13.0,repeat
554709,NB,KT5A,554709,0,NBKT5A,MITSUBISHI,2022-05-29,2022-06-03,1984.0,12,69/22,50.0,13.0,12.0,24.0,9.0,11.0,0.0,176.0,3236.0,6532.0,65001.0,13.0,8.0,253.0,232.0,253.0,253.0,1,raw_available,21.0,
554709,NB,KT5A,554709,0,NBKT5A,MITSUBISHI,2022-11-19,2022-11-28,1984.0,12,69/22,45.0,14.0,10.0,31.0,11.0,3.0,0.0,191.0,3414.0,2540.0,81410.0,14.0,8.0,268.0,246.0,268.0,268.0,1,raw_available,22.0,
554709,NB,KT5A,554709,0,NBKT5A,MITSUBISHI,2023-05-12,2023-05-14,1984.0,12,69/22,0.0,26.0,8.0,27.0,11.0,3.0,0.0,198.0,3593.0,6540.0,76590.0,13.0,8.0,268.0,247.0,268.0,268.0,1,raw_available,21.0,
554709,NB,KT5A,554709,0,NBKT5A,MITSUBISHI,2023-11-20,2023-12-24,1984.0,12,69/22,45.0,14.0,26.0,29.0,17.0,10.0,0.0,352.0,3692.0,6239.0,91860.0,11.0,10.0,455.0,434.0,455.0,455.0,1,raw_available,21.0,
554709,NB,KT5A,554709,0,NBKT5A,MITSUBISHI,2024-06-21,2024-06-23,1984.0,12,69/22,52.0,16.0,34.0,40.0,24.0,18.0,0.0,365.0,3987.0,5566.0,83295.0,12.0,16.0,509.0,481.0,509.0,509.0,1,raw_available,28.0,
554711,NB,KT4A,554711,0,NBKT4A,MITSUBISHI,2019-05-04,2019-05-25,1990.0,12,69/22/11,47.0,21.0,7.0,88.0,239.0,12.0,0.0,267.0,2005.0,6694.0,36067.0,10.0,108.0,731.0,613.0,731.0,731.0,1,raw_available,118.0,
554711,NB,KT4A,554711,0,NBKT4A,MITSUBISHI,2019-11-02,2019-12-06,1990.0,12,69/22/11,54.0,18.0,4.0,42.0,153.0,3.0,0.0,346.0,2435.0,15917.0,37142.0,7.0,38.0,656.0,548.0,656.0,656.0,1,raw_available,108.0,
554711,NB,KT4A,554711,0,NBKT4A,MITSUBISHI,2020-06-05,2020-08-04,1990.0,12,69/22/11,55.0,21.0,13.0,54.0,201.0,10.0,0.0,313.0,2173.0,8553.0,43855.0,0.0,174.0,765.0,591.0,765.0,765.0,1,raw_available,174.0,
554711,NB,KT4A,554711,0,NBKT4A,MITSUBISHI,2020-11-09,2020-11-22,1990.0,12,69/22/11,56.0,20.0,22.0,82.0,231.0,0.0,0.0,115.0,1222.0,4850.0,172750.0,56.0,148.0,654.0,450.0,654.0,654.0,1,raw_available,204.0,
554711,NB,KT4A,554711,0,NBKT4A,MITSUBISHI,2021-05-20,2021-06-18,1990.0,12,69/22/11,55.0,14.0,11.0,75.0,238.0,0.0,0.0,121.0,1391.0,5892.0,67370.0,0.0,162.0,607.0,445.0,607.0,607.0,1,raw_available,162.0,
554711,NB,KT4A,554711,0,NBKT4A,MITSUBISHI,2021-11-08,2021-11-18,1990.0,12,69/22/11,52.0,,4.0,73.0,232.0,4.0,0.0,187.0,2810.0,2540.0,54110.0,60.0,167.0,727.0,500.0,727.0,727.0,1,raw_available,227.0,
554711,NB,KT4A,554711,0,NBKT4A,MITSUBISHI,2022-05-29,2022-06-03,1990.0,12,69/22/11,50.0,21.0,5.0,76.0,302.0,15.0,0.0,319.0,3134.0,5095.0,61205.0,86.0,159.0,962.0,717.0,962.0,962.0,1,raw_available,245.0,
554711,NB,KT4A,554711,0,NBKT4A,MITSUBISHI,2022-11-19,2022-11-28,1990.0,12,69/22/11,45.0,18.0,5.0,84.0,262.0,7.0,0.0,165.0,1890.0,3290.0,81000.0,14.0,0.0,537.0,523.0,537.0,537.0,1,raw_available,14.0,
554711,NB,KT4A,554711,0,NBKT4A,MITSUBISHI,2023-05-12,2023-05-14,1990.0,12,69/22/11,0.0,14.0,4.0,81.0,246.0,21.0,0.0,180.0,1952.0,6290.0,74480.0,26.0,167.0,725.0,532.0,725.0,725.0,1,raw_available,193.0,
554711,NB,KT4A,554711,0,NBKT4A,MITSUBISHI,2023-11-20,2023-12-25,1990.0,12,69/22/11,45.0,17.0,18.0,103.0,281.0,14.0,0.0,314.0,2537.0,3362.0,79638.0,0.0,148.0,878.0,730.0,878.0,878.0,1,raw_available,148.0,
554711,NB,KT4A,554711,0,NBKT4A,MITSUBISHI,2024-06-21,2024-06-23,1990.0,12,69/22/11,53.0,10.0,2.0,104.0,338.0,18.0,0.0,276.0,2154.0,11877.0,88700.0,25.0,155.0,918.0,738.0,918.0,918.0,1,raw_available,180.0,
555272,KNE,KT2A,555272,0,KNEKT2A,MITSUBISHI,2019-02-25,2019-04-07,2014.0,66.66,230/115/33,42.0,23.0,27.0,28.0,66.0,2.0,0.0,62.0,1704.0,2235.0,30179.0,0.0,35.0,220.0,185.0,220.0,220.0,1,raw_available,35.0,
555272,KNE,KT2A,555272,0,KNEKT2A,MITSUBISHI,2019-07-20,2019-08-30,2014.0,66.66,230/115/33,40.0,47.0,13.0,8.0,28.0,2.0,0.0,65.0,630.0,3393.0,51914.0,4.0,24.0,144.0,116.0,144.0,144.0,1,raw_available,28.0,
555272,KNE,KT2A,555272,0,KNEKT2A,MITSUBISHI,2020-08-02,2020-08-24,2014.0,66.66,230/115/33,41.0,18.0,31.0,17.0,66.0,5.0,0.0,52.0,1612.0,2118.0,23646.0,0.0,22.0,193.0,171.0,193.0,193.0,1,raw_available,22.0,
555272,KNE,KT2A,555272,0,KNEKT2A,MITSUBISHI,2021-08-09,2021-11-15,2014.0,66.66,230/115/33,42.0,30.0,24.0,29.0,85.0,1.0,0.0,64.0,1656.0,1250.0,31130.0,17.0,73.0,293.0,203.0,293.0,293.0,1,raw_available,90.0,
555272,KNE,KT2A,555272,0,KNEKT2A,MITSUBISHI,2022-07-11,2022-07-24,2014.0,66.66,230/115/33,46.0,18.0,36.0,22.0,61.0,11.0,0.0,75.0,1896.0,3990.0,42780.0,14.0,50.0,269.0,205.0,269.0,269.0,1,raw_available,64.0,
555272,KNE,KT2A,555272,0,KNEKT2A,MITSUBISHI,2023-02-25,2023-03-11,2014.0,66.66,230/115/33,40.0,18.0,32.0,30.0,66.0,1.0,0.0,79.0,1977.0,4902.0,33742.0,0.0,33.0,241.0,208.0,241.0,241.0,1,raw_available,33.0,
555272,KNE,KT2A,555272,0,KNEKT2A,MITSUBISHI,2023-08-31,2023-10-30,2014.0,66.66,230/115/33,44.0,31.0,31.0,40.0,93.0,4.0,0.0,91.0,2267.0,2871.0,42353.0,0.0,59.0,318.0,259.0,318.0,318.0,1,raw_available,59.0,
556261,KB1,KT3A,556261,0,KB1KT3A,MITSUBISHI,2019-04-08,2019-06-21,1985.0,25,115/22,52.0,26.0,7.0,16.0,36.0,0.0,0.0,109.0,1863.0,10097.0,32587.0,0.0,39.0,207.0,168.0,207.0,207.0,1,raw_available,39.0,
556261,KB1,KT3A,556261,0,KB1KT3A,MITSUBISHI,2020-06-20,2020-07-05,1985.0,25,115/22,,13.0,11.0,15.0,30.0,0.0,0.0,135.0,1924.0,9052.0,32264.0,0.0,0.0,191.0,191.0,191.0,191.0,1,raw_available,0.0,research
556261,KB1,KT3A,556261,0,KB1KT3A,MITSUBISHI,2021-04-23,2021-06-11,1985.0,25,115/22,54.0,26.0,43.0,10.0,14.0,0.0,0.0,51.0,1263.0,18420.0,45590.0,2.0,11.0,131.0,118.0,131.0,131.0,1,raw_available,13.0,
556261,KB1,KT3A,556261,0,KB1KT3A,MITSUBISHI,2021-06-04,2021-06-04,1985.0,25,115/22,30.0,13.0,6.0,13.0,26.0,3.0,0.0,37.0,214.0,3285.0,28142.0,4.0,23.0,112.0,85.0,112.0,112.0,1,raw_available,27.0,เกิด Buchholz trip
556261,KB1,KT3A,556261,0,KB1KT3A,MITSUBISHI,2022-04-24,2022-05-13,1985.0,25,115/22,63.0,16.0,10.0,8.0,30.0,2.0,0.0,100.0,1881.0,10281.0,28336.0,3.0,3.0,156.0,150.0,156.0,156.0,1,raw_available,6.0,
556261,KB1,KT3A,556261,0,KB1KT3A,MITSUBISHI,2023-04-21,2023-05-07,1985.0,25,115/22,48.0,22.0,3.0,17.0,32.0,5.0,0.0,134.0,2008.0,5996.0,37579.0,3.0,30.0,224.0,191.0,224.0,224.0,1,raw_available,33.0,
556261,KB1,KT3A,556261,0,KB1KT3A,MITSUBISHI,2024-04-29,2024-05-06,1985.0,25,115/22,53.0,16.0,13.0,22.0,23.0,3.0,0.0,163.0,2744.0,4996.0,26799.0,0.0,16.0,240.0,224.0,240.0,240.0,1,raw_available,16.0,
558020,SK-P,KT3A,558020,0,SK-PKT3A,MITSUBISHI,2019-03-08,2019-03-21,2004.0,12,115/22,44.0,18.0,37.0,41.0,40.0,6.0,0.0,234.0,4032.0,5022.0,37981.0,0.0,0.0,358.0,358.0,358.0,358.0,1,raw_available,0.0,
558020,SK-P,KT3A,558020,0,SK-PKT3A,MITSUBISHI,2020-01-27,2020-02-15,2004.0,12,115/22,52.0,12.0,42.0,60.0,66.0,0.0,0.0,261.0,3504.0,6150.0,55040.0,46.0,32.0,507.0,429.0,507.0,507.0,1,raw_available,78.0,
558020,SK-P,KT3A,558020,0,SK-PKT3A,MITSUBISHI,2021-01-16,2021-01-29,2004.0,12,115/22,39.0,12.0,35.0,59.0,47.0,0.0,0.0,191.0,5404.0,3864.0,50836.0,0.0,27.0,359.0,332.0,359.0,359.0,1,raw_available,27.0,
558020,SK-P,KT3A,558020,0,SK-PKT3A,MITSUBISHI,2022-01-16,2022-01-23,2004.0,12,115/22,41.0,15.0,23.0,43.0,45.0,0.0,0.0,186.0,4857.0,2560.0,42020.0,35.0,29.0,361.0,297.0,361.0,361.0,1,raw_available,64.0,
558020,SK-P,KT3A,558020,0,SK-PKT3A,MITSUBISHI,2022-11-06,2022-11-14,2004.0,12,115/22,57.0,18.0,7.0,26.0,42.0,4.0,0.0,194.0,3408.0,4260.0,34357.0,7.0,20.0,300.0,273.0,300.0,300.0,1,raw_available,27.0,
558020,SK-P,KT3A,558020,0,SK-PKT3A,MITSUBISHI,2022-12-26,2023-01-13,2004.0,12,115/22,44.0,5.0,12.0,32.0,42.0,4.0,0.0,219.0,3400.0,5426.0,34915.0,9.0,24.0,342.0,309.0,342.0,342.0,1,raw_available,33.0,
558020,SK-P,KT3A,558020,0,SK-PKT3A,MITSUBISHI,2023-04-29,2023-05-06,2004.0,12,115/22,51.0,20.0,10.0,36.0,38.0,2.0,0.0,231.0,3502.0,3631.0,39185.0,9.0,32.0,358.0,317.0,358.0,358.0,1,raw_available,41.0,
558020,SK-P,KT3A,558020,0,SK-PKT3A,MITSUBISHI,2023-11-23,2023-12-03,2004.0,12,115/22,,7.0,39.0,26.0,50.0,3.0,0.0,248.0,3822.0,6792.0,32579.0,0.0,27.0,393.0,366.0,393.0,393.0,1,raw_available,27.0,ทดสอบเพิ่อยืนยันผลการวิจัยการตัดกระดาษฉนวน
558020,SK-P,KT3A,558020,0,SK-PKT3A,MITSUBISHI,2024-04-19,2024-04-27,2004.0,12,115/22,56.0,19.0,30.0,39.0,43.0,20.0,0.0,205.0,3579.0,9869.0,53368.0,11.0,29.0,377.0,337.0,377.0,377.0,1,raw_available,40.0,
558022,SK-P,KT4A,558022,0,SK-PKT4A,MITSUBISHI,2019-03-08,2019-03-21,2004.0,12.5,115/22,45.0,18.0,7.0,4.0,7.0,2.0,0.0,60.0,796.0,6629.0,37296.0,2.0,5.0,87.0,80.0,87.0,87.0,1,raw_available,7.0,
558022,SK-P,KT4A,558022,0,SK-PKT4A,MITSUBISHI,2020-01-27,2020-02-15,2004.0,12.5,115/22,48.0,21.0,44.0,15.0,21.0,0.0,0.0,61.0,1085.0,15590.0,42700.0,5.0,15.0,161.0,141.0,161.0,161.0,1,raw_available,20.0,
558022,SK-P,KT4A,558022,0,SK-PKT4A,MITSUBISHI,2021-01-16,2021-01-23,2004.0,12.5,115/22,41.0,11.0,38.0,17.0,23.0,0.0,0.0,62.0,1778.0,6441.0,39174.0,1.0,15.0,156.0,140.0,156.0,156.0,1,raw_available,16.0,
558022,SK-P,KT4A,558022,0,SK-PKT4A,MITSUBISHI,2022-01-16,2022-01-23,2004.0,12.5,115/22,42.0,12.0,9.0,13.0,38.0,0.0,0.0,102.0,1321.0,5542.0,24112.0,0.0,0.0,162.0,162.0,162.0,162.0,1,raw_available,0.0,
558022,SK-P,KT4A,558022,0,SK-PKT4A,MITSUBISHI,2022-11-06,2022-11-14,2004.0,12.5,115/22,42.0,13.0,5.0,20.0,39.0,2.0,0.0,121.0,2005.0,4068.0,28950.0,2.0,18.0,207.0,187.0,207.0,207.0,1,raw_available,20.0,
558022,SK-P,KT4A,558022,0,SK-PKT4A,MITSUBISHI,2022-12-26,2023-01-14,2004.0,12.5,115/22,47.0,13.0,3.0,20.0,33.0,1.0,0.0,88.0,1773.0,4130.0,28610.0,5.0,19.0,169.0,145.0,169.0,169.0,1,raw_available,24.0,
558022,SK-P,KT4A,558022,0,SK-PKT4A,MITSUBISHI,2023-04-29,2023-05-07,2004.0,12.5,115/22,54.0,17.0,2.0,17.0,36.0,4.0,0.0,97.0,1911.0,11791.0,45097.0,3.0,26.0,185.0,156.0,185.0,185.0,1,raw_available,29.0,
558022,SK-P,KT4A,558022,0,SK-PKT4A,MITSUBISHI,2023-11-23,2023-12-03,2004.0,12.5,115/22,,10.0,35.0,36.0,50.0,6.0,0.0,116.0,2194.0,6931.0,41811.0,10.0,27.0,280.0,243.0,280.0,280.0,1,raw_available,37.0,ทดสอบเพิ่อยืนยันผลการวิจัยการตัดกระดาษฉนวน
558022,SK-P,KT4A,558022,0,SK-PKT4A,MITSUBISHI,2024-04-19,2024-04-27,2004.0,12.5,115/22,58.0,17.0,15.0,36.0,64.0,9.0,0.0,130.0,2049.0,9492.0,42606.0,4.0,44.0,302.0,254.0,302.0,302.0,1,raw_available,48.0,
558031,AY2,KT3A,558031,0,AY2KT3A,MITSUBISHI,2022-02-28,2022-03-10,1986.0,40,115/69/11,45.0,15.0,52.0,22.0,54.0,15.0,0.0,79.0,1203.0,2606.0,48634.0,12.0,31.0,265.0,222.0,265.0,265.0,1,raw_available,43.0,ย้ายมาจาก TK2-KT3A
558031,AY2,KT3A,558031,0,AY2KT3A,MITSUBISHI,2024-01-25,2024-03-02,1986.0,40,115/69/11,49.0,14.0,5.0,44.0,82.0,61.0,0.0,89.0,1582.0,13629.0,70854.0,45.0,50.0,376.0,281.0,376.0,376.0,1,raw_available,95.0,
558034,KNG,KT1A,558034,0,KNGKT1A,MITSUBISHI,2019-03-24,2019-04-19,1993.0,25,115/22/11,48.0,19.0,47.0,23.0,87.0,0.0,0.0,98.0,1176.0,7608.0,27668.0,0.0,14.0,269.0,255.0,269.0,269.0,1,raw_available,14.0,
558034,KNG,KT1A,558034,0,KNGKT1A,MITSUBISHI,2020-06-19,2020-07-06,1993.0,25,115/22/11,51.0,13.0,60.0,40.0,48.0,6.0,0.0,127.0,1204.0,2491.0,27271.0,11.0,24.0,316.0,281.0,316.0,316.0,1,raw_available,35.0,
558034,KNG,KT1A,558034,0,KNGKT1A,MITSUBISHI,2021-01-13,2021-02-08,1993.0,25,115/22/11,43.0,9.0,55.0,35.0,51.0,8.0,0.0,73.0,1150.0,4589.0,37288.0,2.0,32.0,256.0,222.0,256.0,256.0,1,raw_available,34.0,
558034,KNG,KT1A,558034,0,KNGKT1A,MITSUBISHI,2022-03-01,2022-03-27,1993.0,25,115/22/11,44.0,14.0,44.0,0.0,75.0,0.0,0.0,113.0,1166.0,7944.0,28462.0,0.0,18.0,250.0,232.0,250.0,250.0,1,raw_available,18.0,
558034,KNG,KT1A,558034,0,KNGKT1A,MITSUBISHI,2023-02-27,2023-03-11,1993.0,25,115/22/11,62.0,21.0,46.0,38.0,64.0,1.0,0.0,243.0,5621.0,3889.0,32241.0,8.0,39.0,439.0,392.0,439.0,439.0,1,raw_available,47.0,
558034,KNG,KT1A,558034,0,KNGKT1A,MITSUBISHI,2024-02-26,2024-04-08,1993.0,25,115/22/11,55.0,16.0,22.0,53.0,87.0,6.0,0.0,250.0,1592.0,9497.0,32592.0,11.0,50.0,479.0,418.0,479.0,479.0,1,raw_available,61.0,
558035,BKN,KT1A,558035,0,BKNKT1A,MITSUBISHI,2019-02-08,2019-05-12,2000.0,25,115/22/11,61.0,24.0,14.0,23.0,24.0,2.0,0.0,209.0,1826.0,9797.0,43237.0,3.0,11.0,286.0,272.0,286.0,286.0,1,raw_available,14.0,
558035,BKN,KT1A,558035,0,BKNKT1A,MITSUBISHI,2020-03-13,2020-05-10,2000.0,25,115/22/11,,22.0,20.0,38.0,47.0,2.0,0.0,132.0,873.0,6381.0,49773.0,0.0,28.0,267.0,239.0,267.0,267.0,1,raw_available,28.0,research
558035,BKN,KT1A,558035,0,BKNKT1A,MITSUBISHI,2020-04-10,2020-05-17,2000.0,25,115/22/11,51.0,28.0,15.0,35.0,38.0,0.0,0.0,146.0,914.0,9284.0,53567.0,0.0,29.0,263.0,234.0,263.0,263.0,1,raw_available,29.0,
558035,BKN,KT1A,558035,0,BKNKT1A,MITSUBISHI,2021-02-09,2021-05-24,2000.0,25,115/22/11,58.0,35.0,53.0,63.0,66.0,5.0,0.0,177.0,2289.0,8211.0,56329.0,13.0,63.0,440.0,364.0,440.0,440.0,1,raw_available,76.0,
558035,BKN,KT1A,558035,0,BKNKT1A,MITSUBISHI,2022-01-22,2022-02-08,2000.0,25,115/22/11,57.0,13.0,50.0,34.0,63.0,4.0,0.0,221.0,1616.0,3775.0,57803.0,0.0,20.0,392.0,372.0,392.0,392.0,1,raw_available,20.0,
558035,BKN,KT1A,558035,0,BKNKT1A,MITSUBISHI,2023-01-22,2023-02-03,2000.0,25,115/22/11,56.0,10.0,53.0,51.0,66.0,2.0,0.0,240.0,1851.0,2507.0,73915.0,15.0,41.0,468.0,412.0,468.0,468.0,1,raw_available,56.0,
558035,BKN,KT1A,558035,0,BKNKT1A,MITSUBISHI,2024-01-19,2024-02-10,2000.0,25,115/22/11,55.0,13.0,54.0,84.0,106.0,6.0,0.0,217.0,1687.0,6110.0,56940.0,46.0,71.0,584.0,467.0,584.0,584.0,1,raw_available,117.0,
558036,NBL,KT2A,558036,0,NBLKT2A,MITSUBISHI,2019-02-03,2019-05-12,1987.0,25,115/22/11,56.0,25.0,28.0,30.0,50.0,5.0,0.0,71.0,983.0,4704.0,43974.0,6.0,28.0,218.0,184.0,218.0,218.0,1,raw_available,34.0,
558036,NBL,KT2A,558036,0,NBLKT2A,MITSUBISHI,2020-03-13,2020-05-15,1987.0,25,115/22/11,,20.0,2.0,13.0,35.0,3.0,0.0,31.0,687.0,11831.0,51209.0,0.0,30.0,114.0,84.0,114.0,114.0,1,raw_available,30.0,research
558036,NBL,KT2A,558036,0,NBLKT2A,MITSUBISHI,2020-04-04,2020-05-15,1987.0,25,115/22/11,66.0,25.0,66.0,39.0,68.0,2.0,0.0,78.0,999.0,3042.0,40931.0,0.0,59.0,312.0,253.0,312.0,312.0,1,raw_available,59.0,
558036,NBL,KT2A,558036,0,NBLKT2A,MITSUBISHI,2021-02-16,2021-05-24,1987.0,25,115/22/11,64.0,34.0,32.0,38.0,58.0,6.0,0.0,1332.0,3945.0,6074.0,60757.0,6.0,42.0,1514.0,1466.0,1514.0,1514.0,1,raw_available,48.0,
558036,NBL,KT2A,558036,0,NBLKT2A,MITSUBISHI,2022-01-17,2022-02-08,1987.0,25,115/22/11,52.0,19.0,19.0,10.0,33.0,0.0,0.0,32.0,472.0,2481.0,22084.0,0.0,0.0,94.0,94.0,94.0,94.0,1,raw_available,0.0,
558036,NBL,KT2A,558036,0,NBLKT2A,MITSUBISHI,2023-01-15,2023-02-04,1987.0,25,115/22/11,45.0,11.0,30.0,17.0,31.0,0.0,0.0,36.0,571.0,1354.0,16754.0,0.0,19.0,133.0,114.0,133.0,133.0,1,raw_available,19.0,
558036,NBL,KT2A,558036,0,NBLKT2A,MITSUBISHI,2023-04-29,2023-05-14,1987.0,25,115/22/11,60.0,21.0,28.0,14.0,25.0,2.0,0.0,89.0,608.0,4514.0,29660.0,0.0,36.0,194.0,158.0,194.0,194.0,1,raw_available,36.0,เกิด Fault ที่ห้อง OLTC KT1A หลัง O/H OLTC แล้วประมาณ 1 ปี.
558036,NBL,KT2A,558036,0,NBLKT2A,MITSUBISHI,2024-01-14,2024-02-11,1987.0,25,115/22/11,58.0,18.0,40.0,14.0,39.0,7.0,0.0,126.0,849.0,5655.0,69518.0,6.0,31.0,263.0,226.0,263.0,263.0,1,raw_available,37.0,
56031,RB2,KT2A,56031,0,RB2KT2A,ABB,2020-10-02,2020-10-02,2011.0,50,115/22,,8.0,7.0,3.0,0.0,9.0,0.0,559.0,2416.0,17412.0,58800.0,0.0,0.0,578.0,578.0,578.0,578.0,1,raw_available,0.0,เนื่องจากมี Fault จาก PEA
56031,RB2,KT2A,56031,0,RB2KT2A,ABB,2021-06-26,2021-09-07,2011.0,50,115/22,36.0,20.0,9.0,0.0,0.0,9.0,0.0,607.0,1904.0,12940.0,65158.0,0.0,0.0,625.0,625.0,625.0,625.0,1,raw_available,0.0,
56031,RB2,KT2A,56031,0,RB2KT2A,ABB,2022-06-26,2022-07-02,2011.0,50,115/22,47.0,5.0,5.0,3.0,1.0,5.0,0.0,479.0,2967.0,10080.0,73740.0,15.0,2.0,510.0,493.0,510.0,510.0,1,raw_available,17.0,
56031,RB2,KT2A,56031,0,RB2KT2A,ABB,2023-06-16,2023-06-24,2011.0,50,115/22,48.0,10.0,6.0,14.0,2.0,15.0,0.0,605.0,2829.0,11372.0,72754.0,13.0,1.0,656.0,642.0,656.0,656.0,1,raw_available,14.0,
56031,RB2,KT2A,56031,0,RB2KT2A,ABB,2024-06-22,2024-06-28,2011.0,50,115/22,48.0,7.0,8.0,14.0,2.0,26.0,0.0,962.0,4416.0,5080.0,74509.0,3.0,1.0,1016.0,1012.0,1016.0,1016.0,1,raw_available,4.0,
56032,RB1,KT1A,56032,0,RB1KT1A,ABB,2021-06-25,2021-09-07,1990.0,50,115/22,42.0,25.0,10.0,0.0,14.0,0.0,0.0,538.0,1666.0,19658.0,57004.0,0.0,0.0,562.0,562.0,562.0,562.0,1,raw_available,0.0,
56032,RB1,KT1A,56032,0,RB1KT1A,ABB,2022-06-12,2022-07-08,1990.0,50,115/22,48.0,12.0,9.0,8.0,4.0,17.0,0.0,672.0,2384.0,21575.0,64003.0,0.0,0.0,710.0,710.0,710.0,710.0,1,raw_available,0.0,
56032,RB1,KT1A,56032,0,RB1KT1A,ABB,2023-06-15,2023-06-23,1990.0,50,115/22,42.0,12.0,6.0,3.0,1.0,24.0,0.0,572.0,2167.0,18751.0,73742.0,17.0,0.0,623.0,606.0,623.0,623.0,1,raw_available,17.0,
56032,RB1,KT1A,56032,0,RB1KT1A,ABB,2024-06-08,2024-06-12,1990.0,50,115/22,44.0,5.0,4.0,8.0,2.0,27.0,0.0,816.0,2087.0,23741.0,79746.0,1.0,1.0,859.0,857.0,859.0,859.0,1,raw_available,2.0,
56037,YT,KT1A,56037,0,YTKT1A,ABB,2019-03-11,2019-04-26,2011.0,50,115/22,47.0,16.0,26.0,6.0,0.0,18.0,0.0,331.0,1502.0,8162.0,40386.0,0.0,0.0,381.0,381.0,381.0,381.0,1,raw_available,0.0,
56037,YT,KT1A,56037,0,YTKT1A,ABB,2020-03-10,2020-03-27,2011.0,50,115/22,41.0,12.0,9.0,2.0,1.0,68.0,0.0,336.0,1528.0,19357.0,74192.0,7.0,1.0,424.0,416.0,424.0,424.0,1,raw_available,8.0,
56037,YT,KT1A,56037,0,YTKT1A,ABB,2021-01-27,2021-04-20,2011.0,50,115/22,45.0,23.0,29.0,1.0,1.0,49.0,0.0,303.0,1595.0,7423.0,55530.0,1.0,1.0,385.0,383.0,385.0,385.0,1,raw_available,2.0,
56037,YT,KT1A,56037,0,YTKT1A,ABB,2022-02-15,2022-03-31,2011.0,50,115/22,37.0,21.0,15.0,0.0,0.0,32.0,0.0,346.0,2017.0,30157.0,62456.0,0.0,0.0,393.0,393.0,393.0,393.0,1,raw_available,0.0,
56037,YT,KT1A,56037,0,YTKT1A,ABB,2023-02-15,2023-03-09,2011.0,50,115/22,45.0,8.0,5.0,5.0,8.0,46.0,0.0,772.0,2187.0,29059.0,81994.0,28.0,1.0,865.0,836.0,865.0,865.0,1,raw_available,29.0,
56037,YT,KT1A,56037,0,YTKT1A,ABB,2024-02-13,2024-03-18,2011.0,50,115/22,45.0,13.0,17.0,8.0,11.0,49.0,0.0,908.0,2694.0,19853.0,61293.0,12.0,5.0,1010.0,993.0,1010.0,1010.0,1,raw_available,17.0,
56038,YT,KT2A,56038,0,YTKT2A,ABB,2020-01-23,2020-01-24,2011.0,50,115/22,,,5.0,5.0,2.0,0.0,0.0,564.0,2191.0,15165.0,53115.0,0.0,0.0,576.0,576.0,576.0,576.0,1,raw_available,0.0,หม้อแปลง Trip ด้วย Overcurrent Relay ด้าน LV. (เนื่องจาก Cable ของ PEA.ระเบิด)
56038,YT,KT2A,56038,0,YTKT2A,ABB,2020-03-10,2020-03-25,2011.0,50,115/22,40.0,13.0,10.0,3.0,0.0,0.0,0.0,582.0,2248.0,15859.0,51921.0,0.0,0.0,595.0,595.0,595.0,595.0,1,raw_available,0.0,
56038,YT,KT2A,56038,0,YTKT2A,ABB,2021-01-27,2021-04-25,2011.0,50,115/22,44.0,17.0,13.0,0.0,36.0,8.0,0.0,600.0,2278.0,19364.0,54010.0,0.0,0.0,657.0,657.0,657.0,657.0,1,raw_available,0.0,
56038,YT,KT2A,56038,0,YTKT2A,ABB,2022-04-28,2022-05-20,2011.0,50,115/22,46.0,11.0,5.0,1.0,11.0,9.0,0.0,596.0,2772.0,22482.0,51000.0,4.0,2.0,628.0,622.0,628.0,628.0,1,raw_available,6.0,
56038,YT,KT2A,56038,0,YTKT2A,ABB,2023-02-15,2023-03-07,2011.0,50,115/22,46.0,6.0,2.0,5.0,2.0,4.0,0.0,852.0,3302.0,24373.0,71940.0,2.0,2.0,869.0,865.0,869.0,869.0,1,raw_available,4.0,
56038,YT,KT2A,56038,0,YTKT2A,ABB,2024-02-13,2024-03-18,2011.0,50,115/22,46.0,15.0,10.0,5.0,1.0,4.0,0.0,595.0,4510.0,13696.0,54901.0,6.0,1.0,622.0,615.0,622.0,622.0,1,raw_available,7.0,
56039,MK,KT2A,56039,0,MKKT2A,ABB,2019-03-08,2019-04-27,2011.0,50,115/22,43.0,24.0,7.0,0.0,0.0,4.0,0.0,562.0,1695.0,12676.0,43580.0,0.0,0.0,573.0,573.0,573.0,573.0,1,raw_available,0.0,
56039,MK,KT2A,56039,0,MKKT2A,ABB,2020-03-07,2020-03-24,2011.0,50,115/22,50.0,12.0,46.0,3.0,0.0,6.0,0.0,584.0,1762.0,17648.0,66305.0,0.0,0.0,639.0,639.0,639.0,639.0,1,raw_available,0.0,
56039,MK,KT2A,56039,0,MKKT2A,ABB,2021-01-09,2021-02-08,2011.0,50,115/22,37.0,4.0,26.0,3.0,1.0,7.0,0.0,571.0,2529.0,12596.0,52147.0,3.0,1.0,612.0,608.0,612.0,612.0,1,raw_available,4.0,
56039,MK,KT2A,56039,0,MKKT2A,ABB,2022-02-12,2022-03-28,2011.0,50,115/22,35.0,14.0,28.0,3.0,0.0,19.0,0.0,753.0,2556.0,20663.0,60233.0,0.0,0.0,803.0,803.0,803.0,803.0,1,raw_available,0.0,
56039,MK,KT2A,56039,0,MKKT2A,ABB,2023-02-11,2023-03-09,2011.0,50,115/22,42.0,12.0,6.0,6.0,9.0,21.0,0.0,892.0,2644.0,23715.0,62368.0,0.0,12.0,946.0,934.0,946.0,946.0,1,raw_available,12.0,
56039,MK,KT2A,56039,0,MKKT2A,ABB,2024-02-09,2024-03-19,2011.0,50,115/22,47.0,13.0,4.0,7.0,1.0,20.0,0.0,766.0,2005.0,28000.0,51214.0,11.0,1.0,810.0,798.0,810.0,810.0,1,raw_available,12.0,
56039,MK,KT2A,56039,0,MKKT2A,ABB,2024-03-25,2024-03-31,2011.0,50,115/22,42.0,8.0,4.0,5.0,1.0,16.0,0.0,512.0,2107.0,17271.0,60250.0,1.0,1.0,540.0,538.0,540.0,540.0,1,raw_available,2.0,
56040,KK1,KT6A,56040,0,KK1KT6A,ABB,2019-02-12,2019-05-10,2011.0,50,115/22,42.0,23.0,9.0,0.0,0.0,0.0,0.0,640.0,2440.0,15566.0,47307.0,0.0,0.0,649.0,649.0,649.0,649.0,1,raw_available,0.0,
56040,KK1,KT6A,56040,0,KK1KT6A,ABB,2020-02-06,2020-02-27,2011.0,50,115/22,39.0,13.0,30.0,3.0,1.0,0.0,0.0,899.0,2176.0,13406.0,57064.0,0.0,0.0,933.0,933.0,933.0,933.0,1,raw_available,0.0,
56040,KK1,KT6A,56040,0,KK1KT6A,ABB,2021-02-05,2021-03-08,2011.0,50,115/22,36.0,18.0,5.0,0.0,1.0,0.0,0.0,299.0,1610.0,12525.0,57886.0,1.0,0.0,306.0,305.0,306.0,306.0,1,raw_available,1.0,
56040,KK1,KT6A,56040,0,KK1KT6A,ABB,2022-02-11,2022-03-28,2011.0,50,115/22,42.0,15.0,6.0,10.0,1.0,4.0,0.0,1178.0,3935.0,10417.0,58073.0,1.0,1.0,1201.0,1199.0,1201.0,1201.0,1,raw_available,2.0,
56040,KK1,KT6A,56040,0,KK1KT6A,ABB,2023-02-10,2023-03-09,2011.0,50,115/22,47.0,26.0,20.0,8.0,1.0,6.0,0.0,1141.0,3400.0,20557.0,70820.0,2.0,3.0,1181.0,1176.0,1181.0,1181.0,1,raw_available,5.0,
56040,KK1,KT6A,56040,0,KK1KT6A,ABB,2024-02-08,2024-03-19,2011.0,50,115/22,53.0,14.0,7.0,9.0,1.0,10.0,0.0,1198.0,4150.0,12696.0,46842.0,18.0,1.0,1244.0,1225.0,1244.0,1244.0,1,raw_available,19.0,
56041,NK,KT1A,56041,0,NKKT1A,ABB,2019-02-07,2019-05-12,2011.0,50,115/22/11,45.0,27.0,2.0,3.0,0.0,4.0,0.0,512.0,1422.0,19733.0,55538.0,1.0,0.0,522.0,521.0,522.0,522.0,1,raw_available,1.0,
56041,NK,KT1A,56041,0,NKKT1A,ABB,2020-04-08,2020-05-17,2011.0,50,115/22/11,45.0,17.0,7.0,4.0,1.0,4.0,0.0,869.0,2129.0,20816.0,58274.0,0.0,0.0,885.0,885.0,885.0,885.0,1,raw_available,0.0,
56041,NK,KT1A,56041,0,NKKT1A,ABB,2021-02-08,2021-05-25,2011.0,50,115/22/11,42.0,14.0,13.0,5.0,0.0,7.0,0.0,1419.0,4740.0,23004.0,63186.0,0.0,0.0,1444.0,1444.0,1444.0,1444.0,1,raw_available,0.0,
56041,NK,KT1A,56041,0,NKKT1A,ABB,2022-01-21,2022-02-06,2011.0,50,115/22/11,42.0,11.0,5.0,2.0,1.0,4.0,0.0,650.0,3142.0,18814.0,73476.0,8.0,1.0,671.0,662.0,671.0,671.0,1,raw_available,9.0,
56041,NK,KT1A,56041,0,NKKT1A,ABB,2023-01-19,2023-02-03,2011.0,50,115/22/11,32.0,10.0,4.0,3.0,1.0,6.0,0.0,528.0,2834.0,17614.0,65712.0,9.0,0.0,551.0,542.0,551.0,551.0,1,raw_available,9.0,
56041,NK,KT1A,56041,0,NKKT1A,ABB,2024-01-18,2024-02-11,2011.0,50,115/22/11,38.0,9.0,13.0,5.0,1.0,17.0,0.0,723.0,2574.0,28549.0,72653.0,2.0,1.0,762.0,759.0,762.0,762.0,1,raw_available,3.0,
56042,NK,KT2A,56042,0,NKKT2A,ABB,2019-02-07,2019-05-10,2011.0,50,115/22/11,46.0,24.0,2.0,2.0,0.0,5.0,0.0,253.0,1358.0,17907.0,43339.0,1.0,0.0,263.0,262.0,263.0,263.0,1,raw_available,1.0,
56042,NK,KT2A,56042,0,NKKT2A,ABB,2020-04-08,2020-05-08,2011.0,50,115/22/11,45.0,11.0,75.0,75.0,311.0,38.0,0.0,106.0,2732.0,10685.0,41041.0,25.0,173.0,803.0,605.0,803.0,803.0,1,raw_available,198.0,
56042,NK,KT2A,56042,0,NKKT2A,ABB,2021-02-08,2021-06-14,2011.0,50,115/22/11,46.0,6.0,28.0,1.0,0.0,4.0,0.0,259.0,1712.0,7400.0,46280.0,0.0,0.0,292.0,292.0,292.0,292.0,1,raw_available,0.0,
56042,NK,KT2A,56042,0,NKKT2A,ABB,2022-01-21,2022-02-06,2011.0,50,115/22/11,45.0,10.0,4.0,2.0,0.0,5.0,0.0,421.0,2519.0,24672.0,78647.0,11.0,0.0,443.0,432.0,443.0,443.0,1,raw_available,11.0,
56042,NK,KT2A,56042,0,NKKT2A,ABB,2023-01-09,2023-02-03,2011.0,50,115/22/11,36.0,11.0,3.0,2.0,1.0,8.0,0.0,319.0,2250.0,22263.0,67614.0,10.0,1.0,344.0,333.0,344.0,344.0,1,raw_available,11.0,
56042,NK,KT2A,56042,0,NKKT2A,ABB,2024-01-18,2024-02-11,2011.0,50,115/22/11,41.0,9.0,9.0,3.0,1.0,19.0,0.0,578.0,1650.0,31948.0,73698.0,1.0,0.0,611.0,610.0,611.0,611.0,1,raw_available,1.0,
56043,CPA,KT1A,56043,0,CPAKT1A,ABB,2019-02-02,2019-05-12,2011.0,50,115/22,43.0,23.0,10.0,0.0,0.0,0.0,0.0,301.0,1218.0,7183.0,48161.0,0.0,0.0,311.0,311.0,311.0,311.0,1,raw_available,0.0,
56043,CPA,KT1A,56043,0,CPAKT1A,ABB,2020-04-02,2020-05-09,2011.0,50,115/22,45.0,12.0,46.0,15.0,14.0,10.0,0.0,691.0,1630.0,16630.0,51241.0,19.0,17.0,812.0,776.0,812.0,812.0,1,raw_available,36.0,
56043,CPA,KT1A,56043,0,CPAKT1A,ABB,2020-08-02,2020-08-25,2011.0,50,115/22,43.0,,25.0,2.0,1.0,0.0,0.0,437.0,1829.0,12321.0,48905.0,0.0,0.0,465.0,465.0,465.0,465.0,1,raw_available,0.0,ตามผล Single phase Impedance เกิน 2%
56043,CPA,KT1A,56043,0,CPAKT1A,ABB,2021-02-06,2021-05-20,2011.0,50,115/22,41.0,27.0,13.0,2.0,0.0,3.0,0.0,296.0,648.0,22404.0,58999.0,0.0,0.0,314.0,314.0,314.0,314.0,1,raw_available,0.0,
56043,CPA,KT1A,56043,0,CPAKT1A,ABB,2022-01-15,2022-02-12,2011.0,50,115/22,39.0,14.0,3.0,7.0,1.0,5.0,0.0,799.0,2381.0,12442.0,60017.0,1.0,3.0,819.0,815.0,819.0,819.0,1,raw_available,4.0,
56043,CPA,KT1A,56043,0,CPAKT1A,ABB,2023-01-13,2023-02-04,2011.0,50,115/22,32.0,10.0,24.0,5.0,1.0,5.0,0.0,788.0,2325.0,24306.0,64387.0,1.0,1.0,825.0,823.0,825.0,825.0,1,raw_available,2.0,
56043,CPA,KT1A,56043,0,CPAKT1A,ABB,2024-01-12,2024-02-11,2011.0,50,115/22,41.0,20.0,3.0,6.0,1.0,8.0,0.0,798.0,2343.0,32920.0,44650.0,28.0,1.0,845.0,816.0,845.0,845.0,1,raw_available,29.0,
56044,CPA,KT2A,56044,0,CPAKT2A,ABB,2019-02-02,2019-05-12,2010.0,50,115/22,44.0,22.0,8.0,0.0,0.0,0.0,0.0,316.0,1340.0,10374.0,48462.0,0.0,0.0,324.0,324.0,324.0,324.0,1,raw_available,0.0,
56044,CPA,KT2A,56044,0,CPAKT2A,ABB,2020-04-02,2020-05-08,2010.0,50,115/22,45.0,24.0,119.0,112.0,270.0,6.0,0.0,193.0,3022.0,7726.0,48851.0,35.0,148.0,883.0,700.0,883.0,883.0,1,raw_available,183.0,
56044,CPA,KT2A,56044,0,CPAKT2A,ABB,2021-02-06,2021-05-24,2010.0,50,115/22,40.0,25.0,54.0,3.0,1.0,1.0,0.0,494.0,3257.0,20581.0,60876.0,1.0,1.0,555.0,553.0,555.0,555.0,1,raw_available,2.0,
56044,CPA,KT2A,56044,0,CPAKT2A,ABB,2022-01-15,2022-02-08,2010.0,50,115/22,39.0,11.0,5.0,2.0,1.0,0.0,0.0,456.0,2436.0,18543.0,61584.0,0.0,1.0,465.0,464.0,465.0,465.0,1,raw_available,1.0,
56044,CPA,KT2A,56044,0,CPAKT2A,ABB,2023-01-13,2023-02-04,2010.0,50,115/22,32.0,5.0,3.0,2.0,1.0,3.0,0.0,455.0,1274.0,16967.0,57905.0,1.0,1.0,466.0,464.0,466.0,466.0,1,raw_available,2.0,
56044,CPA,KT2A,56044,0,CPAKT2A,ABB,2024-01-12,2024-02-11,2010.0,50,115/22,41.0,12.0,5.0,5.0,1.0,6.0,0.0,441.0,1588.0,35020.0,43530.0,12.0,1.0,471.0,458.0,471.0,471.0,1,raw_available,13.0,
56045,PP,KT1A,56045,0,PPKT1A,ABB,2019-11-01,2019-12-26,2013.0,50,115/33,46.0,22.0,16.0,6.0,0.0,3.0,0.0,1170.0,3310.0,15190.0,67850.0,0.0,0.0,1195.0,1195.0,1195.0,1195.0,1,raw_available,0.0,
56045,PP,KT1A,56045,0,PPKT1A,ABB,2020-11-28,2020-11-30,2013.0,50,115/33,35.0,15.0,34.0,3.0,2.0,5.0,0.0,915.0,3363.0,11267.0,68947.0,6.0,2.0,967.0,959.0,967.0,967.0,1,raw_available,8.0,
56045,PP,KT1A,56045,0,PPKT1A,ABB,2021-11-10,2021-11-23,2013.0,50,115/33,40.0,15.0,3.0,3.0,2.0,5.0,0.0,858.0,3619.0,11540.0,54210.0,5.0,1.0,877.0,871.0,877.0,877.0,1,raw_available,6.0,
56045,PP,KT1A,56045,0,PPKT1A,ABB,2022-12-08,2023-01-08,2013.0,50,115/33,,10.0,12.0,8.0,3.0,14.0,0.0,917.0,2765.0,15963.0,55291.0,5.0,4.0,963.0,954.0,963.0,963.0,1,raw_available,9.0,
56045,PP,KT1A,56045,0,PPKT1A,ABB,2023-11-19,2024-01-23,2013.0,50,115/33,42.0,22.0,11.0,9.0,3.0,4.0,0.0,857.0,2548.0,21833.0,72272.0,5.0,7.0,896.0,884.0,896.0,896.0,1,raw_available,12.0,
56046,PP,KT2A,56046,0,PPKT2A,ABB,2019-04-01,2019-08-29,2011.0,50,115/33,48.0,23.0,5.0,2.0,1.0,5.0,0.0,388.0,1058.0,9377.0,34457.0,2.0,2.0,405.0,401.0,405.0,405.0,1,raw_available,4.0,
56046,PP,KT2A,56046,0,PPKT2A,ABB,2019-11-01,2019-12-23,2011.0,50,115/33,46.0,,8.0,0.0,0.0,6.0,0.0,565.0,2056.0,17851.0,65715.0,3.0,2.0,584.0,579.0,584.0,584.0,1,raw_available,5.0,
56046,PP,KT2A,56046,0,PPKT2A,ABB,2020-10-30,2020-11-28,2011.0,50,115/33,35.0,12.0,18.0,3.0,2.0,6.0,0.0,534.0,2133.0,12953.0,64971.0,5.0,1.0,569.0,563.0,569.0,569.0,1,raw_available,6.0,
56046,PP,KT2A,56046,0,PPKT2A,ABB,2021-11-10,2021-11-23,2011.0,50,115/33,40.0,7.0,6.0,2.0,1.0,3.0,0.0,877.0,4094.0,11950.0,56390.0,5.0,1.0,895.0,889.0,895.0,895.0,1,raw_available,6.0,
56046,PP,KT2A,56046,0,PPKT2A,ABB,2022-12-08,2023-01-13,2011.0,50,115/33,38.0,10.0,8.0,3.0,1.0,5.0,0.0,842.0,3090.0,14970.0,66230.0,1.0,1.0,861.0,859.0,861.0,861.0,1,raw_available,2.0,
56046,PP,KT2A,56046,0,PPKT2A,ABB,2023-11-19,2024-01-25,2011.0,50,115/33,42.0,19.0,18.0,6.0,4.0,13.0,0.0,894.0,2872.0,19268.0,70764.0,3.0,5.0,943.0,935.0,943.0,943.0,1,raw_available,8.0,
56047,SUK,KT2A,56047,0,SUKKT2A,ABB,2019-08-24,2019-10-18,2009.0,50,115/33/11,45.0,,17.0,9.0,26.0,0.0,0.0,346.0,2492.0,9931.0,51394.0,0.0,14.0,412.0,398.0,412.0,412.0,1,raw_available,14.0,
56047,SUK,KT2A,56047,0,SUKKT2A,ABB,2020-07-18,2020-08-24,2009.0,50,115/33/11,42.0,13.0,9.0,0.0,34.0,9.0,0.0,543.0,2497.0,13424.0,45770.0,0.0,10.0,605.0,595.0,605.0,605.0,1,raw_available,10.0,
56047,SUK,KT2A,56047,0,SUKKT2A,ABB,2021-07-11,2021-11-04,2009.0,50,115/33/11,40.0,24.0,10.0,0.0,9.0,10.0,0.0,504.0,1745.0,20289.0,50263.0,0.0,0.0,533.0,533.0,533.0,533.0,1,raw_available,0.0,
56047,SUK,KT2A,56047,0,SUKKT2A,ABB,2022-07-03,2022-07-24,2009.0,50,115/33/11,40.0,17.0,5.0,2.0,3.0,3.0,0.0,514.0,2754.0,12050.0,65240.0,8.0,0.0,535.0,527.0,535.0,535.0,1,raw_available,8.0,
56047,SUK,KT2A,56047,0,SUKKT2A,ABB,2023-08-26,2023-11-18,2009.0,50,115/33/11,40.0,27.0,5.0,14.0,2.0,13.0,0.0,544.0,4263.0,16810.0,40790.0,5.0,3.0,586.0,578.0,586.0,586.0,1,raw_available,8.0,
566415,LR,KT3A,566415,0,LRKT3A,MITSUBISHI,2019-04-04,2019-06-23,1991.0,25,115/33,54.0,27.0,18.0,39.0,51.0,12.0,0.0,148.0,2324.0,13318.0,40923.0,54.0,17.0,339.0,268.0,339.0,339.0,1,raw_available,71.0,
566415,LR,KT3A,566415,0,LRKT3A,MITSUBISHI,2019-09-29,2019-11-23,1991.0,25,115/33,52.0,29.0,23.0,42.0,0.0,5.0,0.0,275.0,2695.0,11444.0,84370.0,12.0,35.0,392.0,345.0,392.0,392.0,1,raw_available,47.0,
566415,LR,KT3A,566415,0,LRKT3A,MITSUBISHI,2020-09-18,2020-11-15,1991.0,25,115/33,49.0,25.0,40.0,14.0,25.0,1.0,0.0,66.0,850.0,10550.0,202740.0,6.0,18.0,170.0,146.0,170.0,170.0,1,raw_available,24.0,
566415,LR,KT3A,566415,0,LRKT3A,MITSUBISHI,2021-09-13,2021-11-16,1991.0,25,115/33,53.0,30.0,9.0,0.0,10.0,0.0,0.0,363.0,1354.0,11803.0,40155.0,0.0,0.0,382.0,382.0,382.0,382.0,1,raw_available,0.0,
566415,LR,KT3A,566415,0,LRKT3A,MITSUBISHI,2022-09-15,2022-10-08,1991.0,25,115/33,55.0,26.0,4.0,30.0,52.0,5.0,0.0,354.0,1987.0,12920.0,73909.0,9.0,33.0,487.0,445.0,487.0,487.0,1,raw_available,42.0,
566415,LR,KT3A,566415,0,LRKT3A,MITSUBISHI,2023-10-02,2023-11-18,1991.0,25,115/33,52.0,25.0,7.0,26.0,41.0,6.0,0.0,229.0,5024.0,12560.0,43470.0,17.0,39.0,365.0,309.0,365.0,365.0,1,raw_available,56.0,
57015,CBD,KT1A,57015,0,CBDKT1A,ABB,2022-04-10,2022-04-17,2015.0,50,115/22,60.0,10.0,9.0,2.0,7.0,6.0,0.0,718.0,3811.0,21958.0,54390.0,0.0,0.0,742.0,742.0,742.0,742.0,1,raw_available,0.0,
57015,CBD,KT1A,57015,0,CBDKT1A,ABB,2022-10-07,2022-11-03,2015.0,50,115/22,49.0,15.0,9.0,4.0,3.0,5.0,0.0,797.0,3068.0,14776.0,32001.0,0.0,0.0,818.0,818.0,818.0,818.0,1,raw_available,0.0,
57015,CBD,KT1A,57015,0,CBDKT1A,ABB,2023-05-28,2023-06-03,2015.0,50,115/22,50.0,5.0,5.0,4.0,3.0,6.0,0.0,864.0,3804.0,15876.0,69588.0,2.0,1.0,885.0,882.0,885.0,885.0,1,raw_available,3.0,
57015,CBD,KT1A,57015,0,CBDKT1A,ABB,2024-05-18,2024-06-03,2015.0,50,115/22,49.0,12.0,5.0,11.0,1.0,8.0,0.0,826.0,3808.0,36880.0,50610.0,25.0,0.0,876.0,851.0,876.0,876.0,1,raw_available,25.0,
57016,CBD,KT2A,57016,0,CBDKT2A,ABB,2019-10-19,2019-11-11,2015.0,50,115/22,44.0,12.0,47.0,0.0,0.0,11.0,0.0,331.0,1651.0,19820.0,56382.0,0.0,0.0,389.0,389.0,389.0,389.0,1,raw_available,0.0,
57016,CBD,KT2A,57016,0,CBDKT2A,ABB,2022-04-10,2022-04-17,2015.0,50,115/22,48.0,6.0,12.0,4.0,4.0,14.0,0.0,781.0,3344.0,14755.0,50878.0,0.0,0.0,815.0,815.0,815.0,815.0,1,raw_available,0.0,
57016,CBD,KT2A,57016,0,CBDKT2A,ABB,2022-10-07,2022-11-03,2015.0,50,115/22,40.0,18.0,7.0,4.0,6.0,11.0,0.0,788.0,2395.0,20999.0,54576.0,0.0,0.0,816.0,816.0,816.0,816.0,1,raw_available,0.0,
57016,CBD,KT2A,57016,0,CBDKT2A,ABB,2023-03-18,2023-03-25,2015.0,50,115/22,40.0,6.0,4.0,10.0,9.0,27.0,0.0,672.0,2519.0,28227.0,58722.0,0.0,0.0,722.0,722.0,722.0,722.0,1,raw_available,0.0,
57016,CBD,KT2A,57016,0,CBDKT2A,ABB,2023-05-28,2023-06-03,2015.0,50,115/22,40.0,15.0,4.0,6.0,6.0,14.0,0.0,850.0,3060.0,11011.0,67644.0,6.0,2.0,888.0,880.0,888.0,888.0,1,raw_available,8.0,
57016,CBD,KT2A,57016,0,CBDKT2A,ABB,2024-05-18,2024-06-03,2015.0,50,115/22,48.0,15.0,3.0,20.0,6.0,18.0,0.0,714.0,3483.0,36680.0,51900.0,25.0,5.0,791.0,761.0,791.0,791.0,1,raw_available,30.0,
57017,MCN,KT1A,57017,0,MCNKT1A,ABB,2021-06-21,2021-08-30,2011.0,50,115/22,,36.0,4.0,0.0,0.0,0.0,0.0,30.0,644.0,36492.0,59936.0,0.0,0.0,34.0,34.0,34.0,34.0,1,raw_available,0.0,
57017,MCN,KT1A,57017,0,MCNKT1A,ABB,2022-06-18,2022-06-20,2011.0,50,115/22,,8.0,9.0,2.0,3.0,17.0,0.0,305.0,1045.0,15472.0,62534.0,7.0,2.0,345.0,336.0,345.0,345.0,1,raw_available,9.0,
57017,MCN,KT1A,57017,0,MCNKT1A,ABB,2022-09-16,2022-10-01,2011.0,50,115/22,,9.0,2.0,6.0,13.0,14.0,0.0,450.0,1270.0,14235.0,75664.0,6.0,5.0,496.0,485.0,496.0,496.0,1,raw_available,11.0,
57017,MCN,KT1A,57017,0,MCNKT1A,ABB,2023-06-01,2023-06-10,2011.0,50,115/22,,25.0,18.0,16.0,4.0,15.0,0.0,685.0,2295.0,5378.0,67956.0,4.0,2.0,744.0,738.0,744.0,744.0,1,raw_available,6.0,
57017,MCN,KT1A,57017,0,MCNKT1A,ABB,2024-04-29,2024-05-26,2011.0,50,115/22,40.0,25.0,16.0,5.0,11.0,15.0,0.0,781.0,2557.0,4766.0,36204.0,0.0,0.0,828.0,828.0,828.0,828.0,1,raw_available,0.0,
57018,UT,KT3A,57018,0,UTKT3A,ABB,2019-10-10,2019-10-20,2011.0,50,115/22,44.0,8.0,17.0,6.0,4.0,22.0,0.0,684.0,1434.0,8900.0,58520.0,0.0,0.0,733.0,733.0,733.0,733.0,1,raw_available,0.0,
57018,UT,KT3A,57018,0,UTKT3A,ABB,2020-12-07,2021-01-11,2011.0,50,115/22,38.0,10.0,27.0,4.0,6.0,3.0,0.0,640.0,2326.0,11032.0,54420.0,9.0,3.0,692.0,680.0,692.0,692.0,1,raw_available,12.0,
57018,UT,KT3A,57018,0,UTKT3A,ABB,2021-10-24,2021-11-12,2011.0,50,115/22,46.0,12.0,10.0,0.0,17.0,16.0,0.0,793.0,2914.0,12851.0,55454.0,0.0,0.0,836.0,836.0,836.0,836.0,1,raw_available,0.0,
57018,UT,KT3A,57018,0,UTKT3A,ABB,2022-10-29,2022-11-06,2011.0,50,115/22,,8.0,8.0,5.0,4.0,9.0,0.0,995.0,3201.0,11274.0,71054.0,2.0,3.0,1026.0,1021.0,1026.0,1026.0,1,raw_available,5.0,
57018,UT,KT3A,57018,0,UTKT3A,ABB,2023-04-28,2023-05-07,2011.0,50,115/22,50.0,10.0,5.0,7.0,5.0,14.0,0.0,943.0,3219.0,11812.0,72544.0,5.0,7.0,986.0,974.0,986.0,986.0,1,raw_available,12.0,
57018,UT,KT3A,57018,0,UTKT3A,ABB,2024-04-20,2024-04-27,2011.0,50,115/22,54.0,7.0,7.0,12.0,8.0,29.0,0.0,985.0,3262.0,16920.0,72716.0,6.0,19.0,1066.0,1041.0,1066.0,1066.0,1,raw_available,25.0,
57019,TR,KT2A,57019,0,TRKT2A,ABB,2020-03-14,2020-03-22,2014.0,50,115/22,63.0,17.0,9.0,4.0,5.0,6.0,0.0,489.0,1751.0,16214.0,47098.0,0.0,5.0,518.0,513.0,518.0,518.0,1,raw_available,5.0,
57019,TR,KT2A,57019,0,TRKT2A,ABB,2022-02-25,2022-03-06,2014.0,50,115/22,40.0,5.0,7.0,0.0,5.0,19.0,0.0,696.0,2132.0,21288.0,57397.0,0.0,0.0,727.0,727.0,727.0,727.0,1,raw_available,0.0,
57019,TR,KT2A,57019,0,TRKT2A,ABB,2022-09-09,2022-09-16,2014.0,50,115/22,50.0,10.0,7.0,4.0,3.0,23.0,0.0,678.0,1835.0,20531.0,86261.0,4.0,3.0,722.0,715.0,722.0,722.0,1,raw_available,7.0,
57019,TR,KT2A,57019,0,TRKT2A,ABB,2023-04-07,2023-04-20,2014.0,50,115/22,50.0,10.0,2.0,9.0,3.0,18.0,0.0,1012.0,2750.0,25561.0,75594.0,5.0,2.0,1051.0,1044.0,1051.0,1051.0,1,raw_available,7.0,
57019,TR,KT2A,57019,0,TRKT2A,ABB,2024-03-08,2024-04-11,2014.0,50,115/22,50.0,14.0,15.0,20.0,3.0,42.0,0.0,1076.0,3717.0,34330.0,54860.0,5.0,3.0,1164.0,1156.0,1164.0,1164.0,1,raw_available,8.0,
57020,TN-P,KT2A,57020,0,TN-PKT2A,ABB,2019-07-26,2019-08-16,1991.0,50,115/22,39.0,19.0,14.0,0.0,7.0,7.0,0.0,241.0,2506.0,10656.0,18486.0,0.0,0.0,269.0,269.0,269.0,269.0,1,raw_available,0.0,
57020,TN-P,KT2A,57020,0,TN-PKT2A,ABB,2022-03-01,2022-03-07,1991.0,50,115/22,40.0,7.0,16.0,4.0,4.0,11.0,0.0,266.0,2576.0,10749.0,46206.0,7.0,3.0,311.0,301.0,311.0,311.0,1,raw_available,10.0,
57020,TN-P,KT2A,57020,0,TN-PKT2A,ABB,2022-04-29,2022-05-12,1991.0,50,115/22,45.0,14.0,9.0,22.0,23.0,11.0,0.0,362.0,2360.0,14699.0,46662.0,0.0,1.0,428.0,427.0,428.0,428.0,1,raw_available,1.0,
57020,TN-P,KT2A,57020,0,TN-PKT2A,ABB,2023-02-17,2023-02-21,1991.0,50,115/22,36.0,6.0,2.0,3.0,3.0,5.0,0.0,376.0,2395.0,9460.0,42940.0,9.0,3.0,401.0,389.0,401.0,401.0,1,raw_available,12.0,
57020,TN-P,KT2A,57020,0,TN-PKT2A,ABB,2023-04-23,2023-04-29,1991.0,50,115/22,45.0,21.0,2.0,7.0,3.0,16.0,0.0,393.0,2388.0,28630.0,69940.0,8.0,3.0,432.0,421.0,432.0,432.0,1,raw_available,11.0,
57020,TN-P,KT2A,57020,0,TN-PKT2A,ABB,2023-08-29,2023-09-15,1991.0,50,115/22,40.0,10.0,4.0,43.0,3.0,19.0,0.0,345.0,2179.0,21260.0,41120.0,8.0,4.0,426.0,414.0,426.0,426.0,1,raw_available,12.0,
57020,TN-P,KT2A,57020,0,TN-PKT2A,ABB,2024-02-15,2024-03-17,1991.0,50,115/22,40.0,17.0,8.0,34.0,59.0,5.0,0.0,340.0,2350.0,4908.0,65478.0,0.0,31.0,377.0,446.0,377.0,377.0,1,raw_available,-69.0,
57021,THG,KT1A,57021,0,THGKT1A,ABB,2020-04-04,2020-04-12,2024.0,50,115/22,,13.0,49.0,4.0,4.0,0.0,0.0,274.0,1025.0,3837.0,66472.0,0.0,0.0,331.0,331.0,331.0,331.0,1,raw_available,0.0,
57021,THG,KT1A,57021,0,THGKT1A,ABB,2021-06-21,2021-08-30,2024.0,50,115/22,,31.0,6.0,0.0,0.0,0.0,0.0,324.0,1476.0,9896.0,46941.0,0.0,0.0,330.0,330.0,330.0,330.0,1,raw_available,0.0,
57021,THG,KT1A,57021,0,THGKT1A,ABB,2022-06-18,2022-06-20,2024.0,50,115/22,,10.0,8.0,17.0,18.0,16.0,0.0,236.0,1147.0,15762.0,66887.0,5.0,29.0,329.0,295.0,329.0,329.0,1,raw_available,34.0,
57021,THG,KT1A,57021,0,THGKT1A,ABB,2023-06-01,2023-06-10,2024.0,50,115/22,,19.0,6.0,15.0,4.0,0.0,0.0,570.0,2026.0,5595.0,62186.0,1.0,2.0,598.0,595.0,598.0,598.0,1,raw_available,3.0,
57021,THG,KT1A,57021,0,THGKT1A,ABB,2024-04-22,2024-05-26,2024.0,50,115/22,50.0,21.0,5.0,8.0,5.0,3.0,0.0,949.0,3496.0,4321.0,62450.0,1.0,6.0,977.0,970.0,977.0,977.0,1,raw_available,7.0,
57022,TR,KT1A,57022,0,TRKT1A,ABB,2020-03-14,2020-03-22,2014.0,50,115/22,42.0,15.0,2.0,1.0,0.0,0.0,0.0,330.0,1175.0,12138.0,46161.0,0.0,0.0,333.0,333.0,333.0,333.0,1,raw_available,0.0,
57022,TR,KT1A,57022,0,TRKT1A,ABB,2022-02-25,2022-03-06,2014.0,50,115/22,40.0,8.0,8.0,0.0,0.0,0.0,0.0,446.0,1742.0,27198.0,54766.0,0.0,0.0,454.0,454.0,454.0,454.0,1,raw_available,0.0,
57022,TR,KT1A,57022,0,TRKT1A,ABB,2022-09-09,2022-09-16,2014.0,50,115/22,50.0,12.0,6.0,3.0,1.0,1.0,0.0,437.0,1809.0,20437.0,74185.0,0.0,0.0,448.0,448.0,448.0,448.0,1,raw_available,0.0,
57022,TR,KT1A,57022,0,TRKT1A,ABB,2023-04-07,2023-04-20,2014.0,50,115/22,50.0,13.0,3.0,7.0,0.0,2.0,0.0,612.0,2168.0,28190.0,66105.0,0.0,0.0,624.0,624.0,624.0,624.0,1,raw_available,0.0,
57022,TR,KT1A,57022,0,TRKT1A,ABB,2024-03-08,2024-04-11,2014.0,50,115/22,45.0,11.0,3.0,5.0,1.0,4.0,0.0,496.0,2335.0,5170.0,47130.0,24.0,1.0,534.0,509.0,534.0,534.0,1,raw_available,25.0,
57023,PE,KT1A,57023,0,PEKT1A,ABB,2019-11-08,2019-12-13,2011.0,50,115/22,49.0,8.0,7.0,1.0,0.0,0.0,0.0,279.0,1108.0,22805.0,61217.0,0.0,0.0,287.0,287.0,287.0,287.0,1,raw_available,0.0,
57023,PE,KT1A,57023,0,PEKT1A,ABB,2021-01-23,2021-02-13,2011.0,50,115/22,47.0,20.0,16.0,0.0,0.0,0.0,0.0,135.0,821.0,12331.0,57931.0,0.0,0.0,151.0,151.0,151.0,151.0,1,raw_available,0.0,
57023,PE,KT1A,57023,0,PEKT1A,ABB,2021-01-26,2021-03-29,2011.0,50,115/22,36.0,16.0,25.0,0.0,1.0,0.0,0.0,139.0,843.0,14697.0,61673.0,0.0,1.0,166.0,165.0,166.0,166.0,1,raw_available,1.0,
57023,PE,KT1A,57023,0,PEKT1A,ABB,2021-10-17,2021-11-17,2011.0,50,115/22,42.0,14.0,3.0,2.0,1.0,0.0,0.0,435.0,2142.0,13997.0,44782.0,0.0,1.0,442.0,441.0,442.0,442.0,1,raw_available,1.0,
57023,PE,KT1A,57023,0,PEKT1A,ABB,2022-11-18,2022-12-11,2011.0,50,115/22,43.0,18.0,1.0,4.0,1.0,2.0,0.0,360.0,1929.0,25906.0,67279.0,1.0,0.0,369.0,368.0,369.0,369.0,1,raw_available,1.0,สี0.5
57023,PE,KT1A,57023,0,PEKT1A,ABB,2023-03-09,2023-03-17,2011.0,50,115/22,50.0,5.0,7.0,1.0,12.0,1.0,0.0,516.0,1882.0,27529.0,51606.0,0.0,10.0,547.0,537.0,547.0,547.0,1,raw_available,10.0,
57023,PE,KT1A,57023,0,PEKT1A,ABB,2024-02-02,2024-02-24,2011.0,50,115/22,40.0,10.0,2.0,6.0,1.0,3.0,0.0,527.0,1666.0,32890.0,43170.0,33.0,0.0,572.0,539.0,572.0,572.0,1,raw_available,33.0,
57024,LSN,KT1A,57024,0,LSNKT1A,ABB,2019-11-21,2019-12-26,2011.0,50,115/22,40.0,18.0,19.0,3.0,0.0,0.0,0.0,561.0,1865.0,27330.0,95190.0,0.0,0.0,583.0,583.0,583.0,583.0,1,raw_available,0.0,
57024,LSN,KT1A,57024,0,LSNKT1A,ABB,2020-11-08,2020-11-27,2011.0,50,115/22,40.0,13.0,29.0,2.0,1.0,1.0,0.0,367.0,1460.0,17546.0,72003.0,1.0,1.0,402.0,400.0,402.0,402.0,1,raw_available,2.0,
57024,LSN,KT1A,57024,0,LSNKT1A,ABB,2021-11-02,2021-11-22,2011.0,50,115/22,44.0,7.0,3.0,2.0,0.0,0.0,0.0,590.0,2843.0,14960.0,55120.0,1.0,1.0,597.0,595.0,597.0,597.0,1,raw_available,2.0,
57024,LSN,KT1A,57024,0,LSNKT1A,ABB,2022-11-27,2023-01-12,2011.0,50,115/22,56.0,11.0,4.0,2.0,0.0,0.0,0.0,583.0,2292.0,19470.0,63430.0,5.0,1.0,595.0,589.0,595.0,595.0,1,raw_available,6.0,
57024,LSN,KT1A,57024,0,LSNKT1A,ABB,2023-04-29,2023-05-19,2011.0,50,115/22,45.0,8.0,3.0,3.0,1.0,2.0,0.0,563.0,1831.0,20871.0,64042.0,4.0,0.0,576.0,572.0,576.0,576.0,1,raw_available,4.0,
57024,LSN,KT1A,57024,0,LSNKT1A,ABB,2023-11-23,2024-01-27,2011.0,50,115/22,40.0,22.0,6.0,3.0,1.0,6.0,0.0,616.0,2125.0,22169.0,71759.0,1.0,2.0,635.0,632.0,635.0,635.0,1,raw_available,3.0,
57025,NA,KT2A,57025,0,NAKT2A,ABB,2019-05-18,2019-06-07,2011.0,50,115/22,50.0,10.0,5.0,1.0,1.0,1.0,0.0,356.0,1403.0,14555.0,50454.0,0.0,0.0,364.0,364.0,364.0,364.0,1,raw_available,0.0,
57025,NA,KT2A,57025,0,NAKT2A,ABB,2020-03-07,2020-03-15,2011.0,50,115/22,33.0,10.0,3.0,3.0,1.0,0.0,0.0,277.0,1207.0,7307.0,46995.0,0.0,2.0,286.0,284.0,286.0,286.0,1,raw_available,2.0,
57025,NA,KT2A,57025,0,NAKT2A,ABB,2020-05-24,2020-06-05,2011.0,50,115/22,45.0,9.0,4.0,4.0,4.0,2.0,0.0,447.0,902.0,7527.0,60469.0,0.0,28.0,489.0,461.0,489.0,489.0,1,raw_available,28.0,
57025,NA,KT2A,57025,0,NAKT2A,ABB,2021-04-03,2021-05-30,2011.0,50,115/22,46.0,10.0,41.0,1.0,0.0,0.0,0.0,91.0,713.0,19444.0,51002.0,0.0,0.0,133.0,133.0,133.0,133.0,1,raw_available,0.0,
57025,NA,KT2A,57025,0,NAKT2A,ABB,2022-03-06,2022-03-18,2011.0,50,115/22,32.0,5.0,7.0,0.0,4.0,0.0,0.0,451.0,1378.0,17492.0,54252.0,0.0,0.0,462.0,462.0,462.0,462.0,1,raw_available,0.0,
57025,NA,KT2A,57025,0,NAKT2A,ABB,2023-04-02,2023-04-22,2011.0,50,115/22,42.0,13.0,11.0,5.0,1.0,3.0,0.0,908.0,2189.0,11458.0,67643.0,1.0,1.0,930.0,928.0,930.0,930.0,1,raw_available,2.0,
57026,ST,KT1A,57026,0,STKT1A,ABB,2019-04-20,2019-05-16,2011.0,50,115/22,41.0,13.0,27.0,0.0,0.0,0.0,0.0,122.0,1899.0,8322.0,26605.0,0.0,0.0,149.0,149.0,149.0,149.0,1,raw_available,0.0,
57026,ST,KT1A,57026,0,STKT1A,ABB,2020-03-22,2020-04-07,2011.0,50,115/22,40.0,11.0,54.0,3.0,0.0,0.0,0.0,140.0,558.0,5267.0,27301.0,0.0,0.0,197.0,197.0,197.0,197.0,1,raw_available,0.0,
57026,ST,KT1A,57026,0,STKT1A,ABB,2021-04-10,2021-06-25,2011.0,50,115/22,47.0,21.0,23.0,2.0,0.0,0.0,0.0,198.0,2401.0,15662.0,33854.0,0.0,0.0,223.0,223.0,223.0,223.0,1,raw_available,0.0,
57026,ST,KT1A,57026,0,STKT1A,ABB,2022-05-21,2022-06-05,2011.0,50,115/22,44.0,17.0,13.0,2.0,0.0,0.0,0.0,209.0,2623.0,3466.0,26102.0,0.0,0.0,224.0,224.0,224.0,224.0,1,raw_available,0.0,
57026,ST,KT1A,57026,0,STKT1A,ABB,2023-04-08,2023-04-30,2011.0,50,115/22,47.0,14.0,2.0,2.0,0.0,0.0,0.0,256.0,2652.0,7360.0,36110.0,0.0,0.0,260.0,260.0,260.0,260.0,1,raw_available,0.0,
57026,ST,KT1A,57026,0,STKT1A,ABB,2024-04-24,2024-04-27,2011.0,50,115/22,52.0,8.0,26.0,11.0,12.0,7.0,0.0,356.0,3014.0,14266.0,41433.0,1.0,5.0,418.0,412.0,418.0,418.0,1,raw_available,6.0,
57027,ST,KT2A,57027,0,STKT2A,ABB,2019-04-20,2019-05-16,2011.0,50,115/22,45.0,18.0,12.0,0.0,0.0,4.0,0.0,368.0,1579.0,8262.0,42068.0,0.0,0.0,384.0,384.0,384.0,384.0,1,raw_available,0.0,
57027,ST,KT2A,57027,0,STKT2A,ABB,2020-04-27,2020-05-28,2011.0,50,115/22,50.0,10.0,5.0,4.0,1.0,5.0,0.0,417.0,1778.0,13639.0,77112.0,2.0,2.0,436.0,432.0,436.0,436.0,1,raw_available,4.0,
57027,ST,KT2A,57027,0,STKT2A,ABB,2021-04-10,2021-06-25,2011.0,50,115/22,50.0,22.0,36.0,3.0,1.0,3.0,0.0,638.0,4146.0,14065.0,57322.0,1.0,1.0,683.0,681.0,683.0,683.0,1,raw_available,2.0,
57027,ST,KT2A,57027,0,STKT2A,ABB,2022-05-21,2022-06-05,2011.0,50,115/22,44.0,16.0,23.0,6.0,7.0,9.0,0.0,612.0,2651.0,8366.0,60987.0,0.0,0.0,657.0,657.0,657.0,657.0,1,raw_available,0.0,
57027,ST,KT2A,57027,0,STKT2A,ABB,2023-04-08,2023-04-30,2011.0,50,115/22,50.0,15.0,11.0,3.0,1.0,19.0,0.0,608.0,2973.0,12290.0,53530.0,9.0,1.0,652.0,642.0,652.0,652.0,1,raw_available,10.0,
57027,ST,KT2A,57027,0,STKT2A,ABB,2024-04-22,2024-04-27,2011.0,50,115/22,56.0,5.0,5.0,9.0,2.0,20.0,0.0,681.0,2891.0,22847.0,73137.0,6.0,7.0,730.0,717.0,730.0,730.0,1,raw_available,13.0,
57028,NA,KT1A,57028,0,NAKT1A,ABB,2019-05-28,2019-06-07,2011.0,50,115/22,50.0,15.0,27.0,3.0,1.0,2.0,0.0,416.0,1752.0,8951.0,50029.0,0.0,0.0,449.0,449.0,449.0,449.0,1,raw_available,0.0,
57028,NA,KT1A,57028,0,NAKT1A,ABB,2020-05-24,2020-06-05,2011.0,50,115/22,44.0,8.0,8.0,1.0,1.0,2.0,0.0,484.0,1022.0,6018.0,54983.0,0.0,1.0,497.0,496.0,497.0,497.0,1,raw_available,1.0,
57028,NA,KT1A,57028,0,NAKT1A,ABB,2021-04-03,2021-05-29,2011.0,50,115/22,45.0,8.0,44.0,1.0,0.0,0.0,0.0,160.0,824.0,49900.0,73160.0,2.0,0.0,207.0,205.0,207.0,207.0,1,raw_available,2.0,
57028,NA,KT1A,57028,0,NAKT1A,ABB,2022-03-06,2022-03-18,2011.0,50,115/22,30.0,11.0,10.0,0.0,8.0,0.0,0.0,517.0,1621.0,17436.0,51987.0,0.0,0.0,535.0,535.0,535.0,535.0,1,raw_available,0.0,
57028,NA,KT1A,57028,0,NAKT1A,ABB,2023-04-02,2023-04-22,2011.0,50,115/22,41.0,11.0,9.0,4.0,1.0,3.0,0.0,834.0,2214.0,16142.0,58975.0,2.0,1.0,854.0,851.0,854.0,854.0,1,raw_available,3.0,
57029,LSN,KT2A,57029,0,LSNKT2A,ABB,2019-11-21,2019-12-22,2011.0,50,115/22,40.0,18.0,17.0,2.0,0.0,0.0,0.0,396.0,1496.0,24340.0,37000.0,0.0,0.0,415.0,415.0,415.0,415.0,1,raw_available,0.0,
57029,LSN,KT2A,57029,0,LSNKT2A,ABB,2020-11-08,2020-11-27,2011.0,50,115/22,42.0,16.0,22.0,4.0,8.0,0.0,0.0,408.0,1844.0,18889.0,34205.0,0.0,1.0,443.0,442.0,443.0,443.0,1,raw_available,1.0,
57029,LSN,KT2A,57029,0,LSNKT2A,ABB,2021-11-02,2021-11-22,2011.0,50,115/22,46.0,14.0,7.0,0.0,11.0,0.0,0.0,490.0,1706.0,25852.0,55180.0,0.0,0.0,508.0,508.0,508.0,508.0,1,raw_available,0.0,
57029,LSN,KT2A,57029,0,LSNKT2A,ABB,2022-11-27,2023-01-12,2011.0,50,115/22,56.0,8.0,10.0,4.0,0.0,4.0,0.0,473.0,2086.0,27476.0,56008.0,0.0,0.0,491.0,491.0,491.0,491.0,1,raw_available,0.0,
57029,LSN,KT2A,57029,0,LSNKT2A,ABB,2023-11-23,2024-01-27,2011.0,50,115/22,43.0,14.0,7.0,7.0,1.0,7.0,0.0,687.0,2874.0,27710.0,68992.0,1.0,1.0,711.0,709.0,711.0,711.0,1,raw_available,2.0,
57030,SN3,KT1A,57030,0,SN3KT1A,ABB,2019-03-24,2019-03-30,2004.0,50,115/22,41.0,6.0,7.0,9.0,0.0,0.0,0.0,278.0,2479.0,8302.0,45472.0,0.0,0.0,294.0,294.0,294.0,294.0,1,raw_available,0.0,
57030,SN3,KT1A,57030,0,SN3KT1A,ABB,2021-03-12,2021-05-08,2004.0,50,115/22,42.0,19.0,40.0,0.0,2.0,1.0,0.0,251.0,2447.0,4298.0,38084.0,2.0,1.0,297.0,294.0,297.0,297.0,1,raw_available,3.0,
57030,SN3,KT1A,57030,0,SN3KT1A,ABB,2022-03-10,2022-04-01,2004.0,50,115/22,48.0,17.0,12.0,10.0,3.0,3.0,0.0,268.0,3355.0,8181.0,38914.0,1.0,3.0,300.0,296.0,300.0,300.0,1,raw_available,4.0,
57030,SN3,KT1A,57030,0,SN3KT1A,ABB,2023-03-16,2023-04-06,2004.0,50,115/22,45.0,9.0,5.0,7.0,1.0,0.0,0.0,284.0,3763.0,7884.0,43186.0,0.0,0.0,297.0,297.0,297.0,297.0,1,raw_available,0.0,
57030,SN3,KT1A,57030,0,SN3KT1A,ABB,2024-03-17,2024-04-19,2004.0,50,115/22,54.0,11.0,2.0,20.0,1.0,3.0,0.0,272.0,3500.0,14380.0,50866.0,2.0,2.0,302.0,298.0,302.0,302.0,1,raw_available,4.0,
57031,AP,KT3A,57031,0,APKT3A,ABB,2019-11-17,2019-12-14,2011.0,50,115/22,46.0,9.0,17.0,1.0,0.0,0.0,0.0,282.0,1003.0,22472.0,63915.0,0.0,0.0,300.0,300.0,300.0,300.0,1,raw_available,0.0,
57031,AP,KT3A,57031,0,APKT3A,ABB,2020-06-19,2020-07-05,2011.0,50,115/22,35.0,13.0,5.0,5.0,0.0,1.0,0.0,436.0,1274.0,13322.0,70115.0,2.0,0.0,449.0,447.0,449.0,449.0,1,raw_available,2.0,
57031,AP,KT3A,57031,0,APKT3A,ABB,2021-01-25,2021-03-26,2011.0,50,115/22,48.0,14.0,31.0,0.0,1.0,0.0,0.0,160.0,0.0,20020.0,58380.0,4.0,0.0,196.0,192.0,196.0,196.0,1,raw_available,4.0,
57031,AP,KT3A,57031,0,APKT3A,ABB,2023-03-19,2023-04-07,2011.0,50,115/22,49.0,9.0,5.0,2.0,0.0,0.0,0.0,279.0,2341.0,25570.0,68190.0,2.0,0.0,288.0,286.0,288.0,288.0,1,raw_available,2.0,
573068,SR2,KT5A,573068,0,SR2KT5A,MITSUBISHI,2019-12-21,2020-01-10,1997.0,40,115/22,25.0,10.0,27.0,137.0,307.0,18.0,0.0,276.0,5921.0,4485.0,57812.0,26.0,169.0,960.0,765.0,960.0,960.0,1,raw_available,195.0,
573068,SR2,KT5A,573068,0,SR2KT5A,MITSUBISHI,2020-06-28,2020-08-15,1997.0,40,115/22,58.0,23.0,32.0,112.0,246.0,0.0,0.0,183.0,8660.0,7000.0,130840.0,84.0,212.0,869.0,573.0,869.0,869.0,1,raw_available,296.0,
573069,PKK,KT1A,573069,0,PKKKT1A,MITSUBISHI,2021-04-20,2021-06-08,2007.0,40,115/22,68.0,19.0,54.0,52.0,62.0,1.0,0.0,142.0,3538.0,24440.0,60500.0,10.0,45.0,366.0,311.0,366.0,366.0,1,raw_available,55.0,
573069,PKK,KT1A,573069,0,PKKKT1A,MITSUBISHI,2022-04-22,2022-05-06,2007.0,40,115/22,67.0,22.0,16.0,56.0,116.0,16.0,0.0,307.0,4337.0,13900.0,50517.0,0.0,24.0,535.0,511.0,535.0,535.0,1,raw_available,24.0,
573069,PKK,KT1A,573069,0,PKKKT1A,MITSUBISHI,2023-04-28,2023-05-06,2007.0,40,115/22,68.0,19.0,13.0,100.0,97.0,5.0,0.0,308.0,4385.0,5370.0,52230.0,11.0,64.0,598.0,523.0,598.0,598.0,1,raw_available,75.0,
573069,PKK,KT1A,573069,0,PKKKT1A,MITSUBISHI,2023-09-29,2023-10-05,2007.0,40,115/22,0.0,0.0,0.0,0.0,0.0,0.0,0.0,0.0,0.0,9020.0,50780.0,0.0,0.0,0.0,0.0,0.0,0.0,1,raw_available,0.0,
573069,PKK,KT1A,573069,0,PKKKT1A,MITSUBISHI,2024-05-11,2024-05-17,2007.0,40,115/22,30.0,9.0,20.0,151.0,174.0,50.0,0.0,562.0,3372.0,3679.0,59403.0,13.0,71.0,1041.0,957.0,1041.0,1041.0,1,raw_available,84.0,
573070,PKK,KT4A,573070,0,PKKKT4A,MITSUBISHI,2020-12-22,2021-01-09,2007.0,40,115/22,,15.0,45.0,96.0,283.0,3.0,0.0,107.0,4254.0,13780.0,52033.0,0.0,164.0,715.0,534.0,715.0,715.0,1,raw_available,181.0,research
573070,PKK,KT4A,573070,0,PKKKT4A,MITSUBISHI,2023-04-28,2023-05-06,2007.0,40,115/22,30.0,7.0,28.0,98.0,257.0,16.0,0.0,146.0,2909.0,3280.0,46870.0,13.0,162.0,720.0,545.0,720.0,720.0,1,raw_available,175.0,
573070,PKK,KT4A,573070,0,PKKKT4A,MITSUBISHI,2024-05-11,2024-05-17,2007.0,40,115/22,67.0,19.0,31.0,184.0,271.0,10.0,0.0,167.0,3671.0,3808.0,40180.0,55.0,298.0,1016.0,663.0,1016.0,1016.0,1,raw_available,353.0,
573071,CC,KT3A,573071,0,CCKT3A,MITSUBISHI,2020-01-23,2020-02-03,1998.0,40,115/22,74.0,9.0,56.0,76.0,276.0,10.0,0.0,151.0,3592.0,1859.0,47165.0,89.0,134.0,792.0,569.0,792.0,792.0,1,raw_available,223.0,
573071,CC,KT3A,573071,0,CCKT3A,MITSUBISHI,2022-01-22,2022-01-28,1998.0,40,115/22,30.0,14.0,15.0,43.0,155.0,1.0,0.0,89.0,3281.0,5384.0,53081.0,0.0,97.0,400.0,303.0,400.0,400.0,1,raw_available,97.0,
573071,CC,KT3A,573071,0,CCKT3A,MITSUBISHI,2023-01-15,2023-01-20,1998.0,40,115/22,,5.0,15.0,53.0,183.0,7.0,0.0,124.0,3932.0,5358.0,35047.0,63.0,49.0,494.0,382.0,494.0,494.0,1,raw_available,112.0,Tx. COLD STANDBY
573073,BP2,KT6A,573073,0,BP2KT6A,MITSUBISHI,2019-04-11,2019-06-21,1998.0,40,115/22,59.0,22.0,44.0,127.0,384.0,9.0,0.0,135.0,5404.0,8595.0,47211.0,0.0,216.0,915.0,699.0,915.0,915.0,1,raw_available,216.0,
573073,BP2,KT6A,573073,0,BP2KT6A,MITSUBISHI,2021-05-22,2021-08-03,1998.0,40,115/22,60.0,23.0,38.0,82.0,320.0,8.0,0.0,104.0,3971.0,10795.0,54466.0,0.0,115.0,667.0,552.0,667.0,667.0,1,raw_available,115.0,
573073,BP2,KT6A,573073,0,BP2KT6A,MITSUBISHI,2022-05-28,2022-06-05,1998.0,40,115/22,61.0,22.0,86.0,76.0,296.0,31.0,0.0,69.0,3299.0,3850.0,61880.0,14.0,185.0,757.0,558.0,757.0,757.0,1,raw_available,199.0,
573073,BP2,KT6A,573073,0,BP2KT6A,MITSUBISHI,2023-05-12,2023-06-09,1998.0,40,115/22,65.0,20.0,92.0,116.0,397.0,11.0,0.0,121.0,4180.0,4806.0,42220.0,0.0,110.0,847.0,737.0,847.0,847.0,1,raw_available,110.0,
573073,BP2,KT6A,573073,0,BP2KT6A,MITSUBISHI,2024-05-24,2024-06-02,1998.0,40,115/22,62.0,17.0,48.0,134.0,584.0,20.0,0.0,138.0,4371.0,10152.0,59688.0,12.0,248.0,1184.0,924.0,1184.0,1184.0,1,raw_available,260.0,
573074,BP2,KT4A,573074,0,BP2KT4A,MITSUBISHI,2019-04-11,2019-06-21,1998.0,40,115/22,69.0,34.0,34.0,127.0,346.0,7.0,0.0,131.0,7689.0,11098.0,47027.0,0.0,166.0,811.0,645.0,811.0,811.0,1,raw_available,166.0,
573074,BP2,KT4A,573074,0,BP2KT4A,MITSUBISHI,2021-05-22,2021-08-03,1998.0,40,115/22,72.0,23.0,30.0,97.0,355.0,7.0,0.0,108.0,6081.0,15975.0,60311.0,0.0,119.0,716.0,597.0,716.0,716.0,1,raw_available,119.0,
573074,BP2,KT4A,573074,0,BP2KT4A,MITSUBISHI,2022-05-28,2022-06-05,1998.0,40,115/22,68.0,25.0,79.0,72.0,282.0,42.0,0.0,61.0,4946.0,6560.0,56760.0,11.0,183.0,730.0,536.0,730.0,730.0,1,raw_available,194.0,
573074,BP2,KT4A,573074,0,BP2KT4A,MITSUBISHI,2023-05-12,2023-06-09,1998.0,40,115/22,78.0,24.0,117.0,116.0,469.0,8.0,0.0,135.0,5263.0,5384.0,43889.0,5.0,109.0,959.0,845.0,959.0,959.0,1,raw_available,114.0,
573074,BP2,KT4A,573074,0,BP2KT4A,MITSUBISHI,2024-05-24,2024-06-02,1998.0,40,115/22,68.0,23.0,148.0,265.0,715.0,13.0,0.0,166.0,6945.0,4953.0,39642.0,62.0,483.0,1852.0,1307.0,1852.0,1852.0,1,raw_available,545.0,
573075,CC,KT2A,573075,0,CCKT2A,MITSUBISHI,2020-01-23,2020-02-03,1998.0,40,115/22,66.0,22.0,44.0,28.0,39.0,0.0,0.0,207.0,2720.0,3297.0,45621.0,11.0,59.0,388.0,318.0,388.0,388.0,1,raw_available,70.0,
573075,CC,KT2A,573075,0,CCKT2A,MITSUBISHI,2021-05-21,2021-06-06,1998.0,40,115/22,,20.0,37.0,1.0,0.0,0.0,0.0,220.0,2800.0,6800.0,26290.0,0.0,0.0,258.0,258.0,258.0,258.0,1,raw_available,0.0,หลังทดสอบทางไฟฟ้า
573075,CC,KT2A,573075,0,CCKT2A,MITSUBISHI,2022-01-22,2022-01-28,1998.0,40,115/22,65.0,25.0,44.0,15.0,18.0,0.0,0.0,207.0,2291.0,2373.0,22795.0,0.0,10.0,294.0,284.0,294.0,294.0,1,raw_available,10.0,
573075,CC,KT2A,573075,0,CCKT2A,MITSUBISHI,2022-07-07,2022-07-14,1998.0,40,115/22,72.0,21.0,55.0,18.0,28.0,14.0,0.0,244.0,2463.0,4980.0,37110.0,6.0,16.0,381.0,359.0,381.0,381.0,1,raw_available,22.0,
573075,CC,KT2A,573075,0,CCKT2A,MITSUBISHI,2023-01-15,2023-01-20,1998.0,40,115/22,54.0,12.0,81.0,39.0,51.0,3.0,0.0,271.0,3102.0,4229.0,21271.0,12.0,25.0,482.0,445.0,482.0,482.0,1,raw_available,37.0,
573076,CC,KT1A,573076,0,CCKT1A,MITSUBISHI,2020-01-23,2020-02-03,1998.0,40,115/22,68.0,22.0,71.0,236.0,543.0,17.0,0.0,237.0,5998.0,2108.0,69204.0,38.0,301.0,1443.0,1104.0,1443.0,1443.0,1,raw_available,339.0,
573076,CC,KT1A,573076,0,CCKT1A,MITSUBISHI,2022-01-22,2022-01-28,1998.0,40,115/22,72.0,18.0,80.0,99.0,291.0,0.0,0.0,196.0,4838.0,3264.0,52248.0,0.0,176.0,842.0,666.0,842.0,842.0,1,raw_available,176.0,
573076,CC,KT1A,573076,0,CCKT1A,MITSUBISHI,2022-07-07,2022-07-14,1998.0,40,115/22,57.0,18.0,89.0,97.0,296.0,1.0,0.0,167.0,4517.0,4580.0,55950.0,8.0,178.0,836.0,650.0,836.0,836.0,1,raw_available,186.0,
573076,CC,KT1A,573076,0,CCKT1A,MITSUBISHI,2023-01-15,2023-01-20,1998.0,40,115/22,,10.0,88.0,132.0,366.0,10.0,0.0,177.0,4639.0,4361.0,41600.0,26.0,182.0,981.0,773.0,981.0,981.0,1,raw_available,208.0,
573076,CC,KT1A,573076,0,CCKT1A,MITSUBISHI,2023-03-04,2023-03-12,1998.0,40,115/22,57.0,16.0,77.0,112.0,306.0,6.0,0.0,180.0,4706.0,3236.0,49665.0,8.0,189.0,878.0,681.0,878.0,878.0,1,raw_available,197.0,โครงการวิจัยหม้อแปลง
573077,SR2,KT1A,573077,0,SR2KT1A,MITSUBISHI,2020-02-10,2020-02-22,1998.0,40,115/22,,23.0,302.0,278.0,557.0,276.0,893.0,113.0,2565.0,4125.0,23868.0,73.0,335.0,2827.0,2419.0,2827.0,2827.0,1,raw_available,408.0,Research เก็บน้ำมันก่อนที่จะทำการตัดกระดาษ
573077,SR2,KT1A,573077,0,SR2KT1A,MITSUBISHI,2020-03-07,2020-03-14,1998.0,40,115/22,62.0,23.0,85.0,80.0,235.0,90.0,296.0,54.0,2046.0,4423.0,53453.0,19.0,119.0,978.0,840.0,978.0,978.0,1,raw_available,138.0,ตามผลเนื่องจากพบC2H2
573077,SR2,KT1A,573077,0,SR2KT1A,MITSUBISHI,2020-03-18,2020-03-18,1998.0,40,115/22,58.0,20.0,112.0,92.0,259.0,89.0,363.0,52.0,2305.0,3636.0,39804.0,19.0,124.0,1110.0,967.0,1110.0,1110.0,1,raw_available,143.0,ตามผล C2H2 C2H2
573077,SR2,KT1A,573077,0,SR2KT1A,MITSUBISHI,2020-03-20,2020-03-21,1998.0,40,115/22,62.0,21.0,78.0,76.0,226.0,70.0,320.0,49.0,2013.0,5253.0,50568.0,0.0,118.0,937.0,819.0,937.0,937.0,1,raw_available,118.0,ตามผล C2H2
573077,SR2,KT1A,573077,0,SR2KT1A,MITSUBISHI,2020-09-18,2020-10-05,1998.0,40,115/22,38.0,10.0,7.0,0.0,37.0,0.0,0.0,5.0,232.0,12535.0,22903.0,0.0,0.0,49.0,49.0,49.0,49.0,1,raw_available,0.0,หลังกรองน้ำมันMaintank และเปลี่ยน Cylinder OLTC
573077,SR2,KT1A,573077,0,SR2KT1A,MITSUBISHI,2021-12-15,2021-12-20,1998.0,40,115/22,56.0,21.0,58.0,55.0,66.0,6.0,23.0,135.0,2365.0,2800.0,67471.0,9.0,36.0,388.0,343.0,388.0,388.0,1,raw_available,45.0,repeat
573077,SR2,KT1A,573077,0,SR2KT1A,MITSUBISHI,2022-06-18,2022-06-24,1998.0,40,115/22,58.0,19.0,52.0,42.0,66.0,17.0,25.0,50.0,708.0,7248.0,68524.0,11.0,42.0,305.0,252.0,305.0,305.0,1,raw_available,53.0,
573077,SR2,KT1A,573077,0,SR2KT1A,MITSUBISHI,2022-12-22,2023-01-14,1998.0,40,115/22,34.0,12.0,2.0,2.0,16.0,1.0,0.0,12.0,209.0,5165.0,22518.0,1.0,21.0,55.0,33.0,55.0,55.0,1,raw_available,22.0,after replace seal
573077,SR2,KT1A,573077,0,SR2KT1A,MITSUBISHI,2023-06-11,2023-06-16,1998.0,40,115/22,58.0,20.0,27.0,31.0,42.0,5.0,0.0,146.0,1437.0,1500.0,339940.0,6.0,24.0,281.0,251.0,281.0,281.0,1,raw_available,30.0,
573077,SR2,KT1A,573077,0,SR2KT1A,MITSUBISHI,2024-03-24,2024-04-19,1998.0,40,115/22,58.0,18.0,21.0,80.0,110.0,9.0,0.0,160.0,1581.0,5617.0,47665.0,7.0,57.0,444.0,380.0,444.0,444.0,1,raw_available,64.0,
573078,AP,KT4A,573078,0,APKT4A,MITSUBISHI,2019-11-17,2019-12-14,1999.0,40,115/22,62.0,20.0,29.0,59.0,219.0,0.0,0.0,70.0,2020.0,11532.0,53926.0,0.0,148.0,525.0,377.0,525.0,525.0,1,raw_available,148.0,
573078,AP,KT4A,573078,0,APKT4A,MITSUBISHI,2020-01-23,2020-01-23,1999.0,40,115/22,,18.0,32.0,94.0,586.0,0.0,0.0,140.0,3338.0,3128.0,39156.0,0.0,115.0,967.0,852.0,967.0,967.0,1,raw_available,115.0,research
573078,AP,KT4A,573078,0,APKT4A,MITSUBISHI,2020-02-10,2020-03-01,1999.0,40,115/22,58.0,17.0,44.0,82.0,261.0,0.0,0.0,112.0,2740.0,2513.0,37051.0,0.0,170.0,669.0,499.0,669.0,669.0,1,raw_available,170.0,
573078,AP,KT4A,573078,0,APKT4A,MITSUBISHI,2020-06-19,2020-07-05,1999.0,40,115/22,44.0,26.0,16.0,69.0,208.0,6.0,0.0,84.0,2231.0,4431.0,42556.0,0.0,114.0,497.0,383.0,497.0,497.0,1,raw_available,114.0,
573078,AP,KT4A,573078,0,APKT4A,MITSUBISHI,2021-01-25,2021-03-21,1999.0,40,115/22,57.0,17.0,33.0,70.0,166.0,0.0,0.0,90.0,2300.0,6420.0,50210.0,17.0,126.0,502.0,359.0,502.0,502.0,1,raw_available,143.0,
573078,AP,KT4A,573078,0,APKT4A,MITSUBISHI,2021-11-29,2021-12-03,1999.0,40,115/22,58.0,15.0,50.0,25.0,296.0,6.0,0.0,20.0,3290.0,6023.0,46054.0,0.0,150.0,547.0,397.0,547.0,547.0,1,raw_available,150.0,repeat
573078,AP,KT4A,573078,0,APKT4A,MITSUBISHI,2022-07-08,2022-07-14,1999.0,40,115/22,,17.0,55.0,71.0,237.0,2.0,0.0,57.0,3055.0,3360.0,47950.0,15.0,147.0,584.0,422.0,584.0,584.0,1,raw_available,162.0,
573078,AP,KT4A,573078,0,APKT4A,MITSUBISHI,2023-03-19,2023-04-07,1999.0,40,115/22,60.0,22.0,24.0,66.0,217.0,2.0,0.0,59.0,4316.0,7390.0,50440.0,16.0,161.0,545.0,368.0,545.0,545.0,1,raw_available,177.0,
573080,WNK,KT2A,573080,0,WNKKT2A,MITSUBISHI,2020-01-23,2020-01-23,1997.0,25,115/22,,11.0,16.0,26.0,260.0,177.0,0.0,113.0,3317.0,3144.0,21185.0,0.0,18.0,610.0,592.0,610.0,610.0,1,raw_available,18.0,research
573080,WNK,KT2A,573080,0,WNKKT2A,MITSUBISHI,2020-02-22,2020-04-10,1997.0,25,115/22,48.0,15.0,11.0,12.0,46.0,6.0,0.0,58.0,1543.0,13209.0,69775.0,0.0,6.0,139.0,133.0,139.0,139.0,1,raw_available,6.0,
573080,WNK,KT2A,573080,0,WNKKT2A,MITSUBISHI,2021-11-29,2021-12-03,1997.0,25,115/22,55.0,13.0,24.0,37.0,83.0,0.0,0.0,90.0,4730.0,16334.0,22523.0,8.0,50.0,292.0,234.0,292.0,292.0,1,raw_available,58.0,repeat
573080,WNK,KT2A,573080,0,WNKKT2A,MITSUBISHI,2022-02-14,2022-02-20,1997.0,25,115/22,59.0,14.0,16.0,21.0,94.0,3.0,0.0,70.0,2930.0,21597.0,54307.0,41.0,6.0,251.0,204.0,251.0,251.0,1,raw_available,47.0,
573080,WNK,KT2A,573080,0,WNKKT2A,MITSUBISHI,2022-08-14,2022-09-03,1997.0,25,115/22,66.0,20.0,9.0,46.0,108.0,2.0,0.0,113.0,3127.0,12191.0,38587.0,0.0,57.0,335.0,278.0,335.0,335.0,1,raw_available,57.0,
573080,WNK,KT2A,573080,0,WNKKT2A,MITSUBISHI,2023-03-16,2023-03-25,1997.0,25,115/22,40.0,10.0,15.0,32.0,104.0,2.0,0.0,115.0,3054.0,18736.0,38680.0,0.0,40.0,308.0,268.0,308.0,308.0,1,raw_available,40.0,
573080,WNK,KT2A,573080,0,WNKKT2A,MITSUBISHI,2024-06-24,2024-06-28,1997.0,25,115/22,36.0,14.0,17.0,92.0,187.0,16.0,0.0,170.0,3088.0,8630.0,25590.0,15.0,107.0,604.0,482.0,604.0,604.0,1,raw_available,122.0,
573081,PA2,KT3A,573081,0,PA2KT3A,MITSUBISHI,2020-01-16,2020-02-06,1997.0,25,115/22,54.0,17.0,49.0,75.0,223.0,0.0,0.0,224.0,4608.0,3490.0,65310.0,55.0,192.0,818.0,571.0,818.0,818.0,1,raw_available,247.0,
573081,PA2,KT3A,573081,0,PA2KT3A,MITSUBISHI,2021-01-23,2021-03-26,1997.0,25,115/22,55.0,18.0,38.0,80.0,193.0,0.0,0.0,250.0,4800.0,3030.0,65300.0,21.0,170.0,752.0,561.0,752.0,752.0,1,raw_available,191.0,
573081,PA2,KT3A,573081,0,PA2KT3A,MITSUBISHI,2022-01-08,2022-01-14,1997.0,25,115/22,80.0,25.0,10.0,70.0,215.0,0.0,0.0,138.0,6039.0,10060.0,80780.0,17.0,0.0,450.0,433.0,450.0,450.0,1,raw_available,17.0,
573081,PA2,KT3A,573081,0,PA2KT3A,MITSUBISHI,2022-08-02,2022-08-20,1997.0,25,115/22,57.0,13.0,16.0,71.0,226.0,3.0,0.0,147.0,5811.0,4280.0,72640.0,14.0,174.0,651.0,463.0,651.0,651.0,1,raw_available,188.0,
573081,PA2,KT3A,573081,0,PA2KT3A,MITSUBISHI,2023-02-26,2023-03-04,1997.0,25,115/22,58.0,14.0,11.0,97.0,285.0,3.0,0.0,125.0,5403.0,2670.0,76800.0,10.0,16.0,547.0,521.0,547.0,547.0,1,raw_available,26.0,
573081,PA2,KT3A,573081,0,PA2KT3A,MITSUBISHI,2024-02-12,2024-02-25,1997.0,25,115/22,56.0,13.0,24.0,115.0,387.0,4.0,0.0,222.0,4052.0,8656.0,87939.0,15.0,202.0,969.0,752.0,969.0,969.0,1,raw_available,217.0,
573082,BSP,KT3A,573082,0,BSPKT3A,MITSUBISHI,2021-04-18,2021-06-08,2007.0,25,115/22,50.0,24.0,43.0,19.0,131.0,1.0,0.0,120.0,2400.0,7648.0,49000.0,6.0,116.0,436.0,314.0,436.0,436.0,1,raw_available,122.0,
573082,BSP,KT3A,573082,0,BSPKT3A,MITSUBISHI,2022-05-21,2022-05-26,2007.0,25,115/22,45.0,12.0,7.0,54.0,324.0,8.0,0.0,116.0,2425.0,9169.0,49702.0,0.0,89.0,598.0,509.0,598.0,598.0,1,raw_available,89.0,
573082,BSP,KT3A,573082,0,BSPKT3A,MITSUBISHI,2023-01-20,2023-02-02,2007.0,25,115/22,45.0,10.0,4.0,90.0,321.0,5.0,0.0,184.0,2477.0,2680.0,57280.0,20.0,191.0,815.0,604.0,815.0,815.0,1,raw_available,211.0,
573082,BSP,KT3A,573082,0,BSPKT3A,MITSUBISHI,2023-04-23,2023-05-07,2007.0,25,115/22,44.0,15.0,5.0,97.0,325.0,18.0,0.0,179.0,2634.0,2374.0,61675.0,21.0,170.0,815.0,624.0,815.0,815.0,1,raw_available,191.0,
573082,BSP,KT3A,573082,0,BSPKT3A,MITSUBISHI,2024-04-20,2024-04-27,2007.0,25,115/22,52.0,3.0,9.0,111.0,457.0,9.0,0.0,164.0,2520.0,5747.0,46111.0,0.0,171.0,921.0,750.0,921.0,921.0,1,raw_available,171.0,
573084,SL,KT2A,573084,0,SLKT2A,MITSUBISHI,2019-10-10,2019-10-20,2007.0,25,115/22,60.0,18.0,32.4,119.0,472.0,10.0,0.0,274.0,1907.0,2410.0,67860.0,120.0,327.0,1354.4,907.4,1354.4,1354.4,1,raw_available,447.0000000000001,
573084,SL,KT2A,573084,0,SLKT2A,MITSUBISHI,2020-12-06,2021-01-11,2007.0,25,115/22,53.0,17.0,34.0,115.0,426.0,5.0,0.0,296.0,2961.0,3844.0,56631.0,0.0,280.0,1156.0,876.0,1156.0,1156.0,1,raw_available,280.0,
573084,SL,KT2A,573084,0,SLKT2A,MITSUBISHI,2021-10-25,2021-11-12,2007.0,25,115/22,51.0,13.0,11.0,92.0,308.0,8.0,0.0,139.0,1877.0,10315.0,54048.0,0.0,73.0,631.0,558.0,631.0,631.0,1,raw_available,73.0,
573084,SL,KT2A,573084,0,SLKT2A,MITSUBISHI,2022-05-22,2022-06-05,2007.0,25,115/22,55.0,17.0,35.0,93.0,493.0,9.0,0.0,158.0,2192.0,4526.0,51475.0,0.0,102.0,890.0,788.0,890.0,890.0,1,raw_available,102.0,
573084,SL,KT2A,573084,0,SLKT2A,MITSUBISHI,2023-04-09,2023-04-30,2007.0,25,115/22,63.0,21.0,7.0,72.0,287.0,24.0,0.0,172.0,2184.0,7550.0,53320.0,110.0,250.0,922.0,562.0,922.0,922.0,1,raw_available,360.0,
573084,SL,KT2A,573084,0,SLKT2A,MITSUBISHI,2023-12-17,2024-01-28,2007.0,25,115/22,58.0,14.0,31.0,5.0,9.0,1.0,0.0,31.0,1064.0,5099.0,13847.0,1.0,6.0,84.0,77.0,84.0,84.0,1,raw_available,7.0,
573084,SL,KT2A,573084,0,SLKT2A,MITSUBISHI,2024-04-21,2024-04-27,2007.0,25,115/22,59.0,14.0,27.0,12.0,16.0,4.0,0.0,58.0,1014.0,9624.0,22803.0,0.0,8.0,125.0,117.0,125.0,125.0,1,raw_available,8.0,
573085,LKB,KT1A,573085,0,LKBKT1A,MITSUBISHI,2019-06-28,2019-07-18,1997.0,25,115/22,54.0,18.0,10.0,20.0,43.0,0.0,0.0,169.0,1971.0,3098.0,28782.0,0.0,10.0,252.0,242.0,252.0,252.0,1,raw_available,10.0,
573085,LKB,KT1A,573085,0,LKBKT1A,MITSUBISHI,2020-02-14,2020-05-10,1997.0,25,115/22,52.0,32.0,5.0,23.0,20.0,2.0,0.0,146.0,1443.0,6317.0,45758.0,0.0,9.0,205.0,196.0,205.0,205.0,1,raw_available,9.0,research
573085,LKB,KT1A,573085,0,LKBKT1A,MITSUBISHI,2020-07-03,2020-08-22,1997.0,25,115/22,57.0,24.0,18.0,18.0,16.0,0.0,0.0,89.0,1776.0,4195.0,49255.0,0.0,16.0,157.0,141.0,157.0,157.0,1,raw_available,16.0,
573085,LKB,KT1A,573085,0,LKBKT1A,MITSUBISHI,2021-06-26,2021-10-05,1997.0,25,115/22,53.0,17.0,13.0,13.0,33.0,0.0,0.0,102.0,1941.0,6099.0,25130.0,0.0,0.0,161.0,161.0,161.0,161.0,1,raw_available,0.0,
573085,LKB,KT1A,573085,0,LKBKT1A,MITSUBISHI,2022-06-03,2022-06-18,1997.0,25,115/22,56.0,18.0,20.0,6.0,33.0,3.0,0.0,172.0,2554.0,13492.0,55850.0,2.0,6.0,242.0,234.0,242.0,242.0,1,raw_available,8.0,
573085,LKB,KT1A,573085,0,LKBKT1A,MITSUBISHI,2023-07-28,2023-08-07,1997.0,25,115/22,64.0,18.0,15.0,15.0,37.0,2.0,0.0,230.0,2571.0,18169.0,44864.0,3.0,18.0,320.0,299.0,320.0,320.0,1,raw_available,21.0,
573088,PC,KT2A,573088,0,PCKT2A,MITSUBISHI,2020-01-19,2020-01-27,1998.0,25,115/22,55.0,17.0,25.0,142.0,262.0,0.0,0.0,124.0,5222.0,4131.0,62884.0,0.0,247.0,800.0,553.0,800.0,800.0,1,raw_available,247.0,
573088,PC,KT2A,573088,0,PCKT2A,MITSUBISHI,2021-06-05,2021-08-16,1998.0,25,115/22,62.0,27.0,21.0,117.0,468.0,16.0,0.0,112.0,4244.0,9104.0,56495.0,0.0,189.0,923.0,734.0,923.0,923.0,1,raw_available,189.0,
573088,PC,KT2A,573088,0,PCKT2A,MITSUBISHI,2022-01-09,2022-01-16,1998.0,25,115/22,60.0,15.0,49.0,44.0,641.0,8.0,0.0,34.0,6854.0,3441.0,67091.0,0.0,309.0,1085.0,776.0,1085.0,1085.0,1,raw_available,309.0,
573088,PC,KT2A,573088,0,PCKT2A,MITSUBISHI,2023-03-11,2023-03-17,1998.0,25,115/22,57.0,17.0,183.0,148.0,560.0,1.0,0.0,132.0,5160.0,9916.0,59451.0,0.0,257.0,1281.0,1024.0,1281.0,1281.0,1,raw_available,257.0,
573088,PC,KT2A,573088,0,PCKT2A,MITSUBISHI,2024-02-04,2024-02-24,1998.0,25,115/22,51.0,15.0,30.0,228.0,789.0,10.0,0.0,128.0,4539.0,4460.0,48960.0,68.0,482.0,1735.0,1185.0,1735.0,1735.0,1,raw_available,550.0,
573089,LS,KT3A,573089,0,LSKT3A,MITSUBISHI,2019-09-14,2019-09-21,1998.0,25,115/22,47.0,15.0,10.0,27.0,51.0,0.0,0.0,124.0,2967.0,6502.0,41957.0,0.0,40.0,252.0,212.0,252.0,252.0,1,raw_available,40.0,
573089,LS,KT3A,573089,0,LSKT3A,MITSUBISHI,2020-02-25,2020-05-10,1998.0,25,115/22,68.0,24.0,17.0,52.0,94.0,3.0,0.0,113.0,2292.0,4263.0,44779.0,0.0,40.0,319.0,279.0,319.0,319.0,1,raw_available,40.0,research
573089,LS,KT3A,573089,0,LSKT3A,MITSUBISHI,2020-12-26,2021-01-11,1998.0,25,115/22,45.0,15.0,25.0,27.0,79.0,0.0,0.0,103.0,2759.0,10041.0,50936.0,0.0,54.0,288.0,234.0,288.0,288.0,1,raw_available,54.0,
573089,LS,KT3A,573089,0,LSKT3A,MITSUBISHI,2021-10-16,2021-11-18,1998.0,25,115/22,54.0,15.0,9.0,30.0,95.0,0.0,0.0,47.0,2389.0,6174.0,24826.0,10.0,71.0,262.0,181.0,262.0,262.0,1,raw_available,81.0,
573089,LS,KT3A,573089,0,LSKT3A,MITSUBISHI,2021-12-04,2021-12-11,1998.0,25,115/22,48.0,17.0,38.0,64.0,109.0,3.0,0.0,775.0,1906.0,4427.0,35643.0,0.0,54.0,1043.0,989.0,1043.0,1043.0,1,raw_available,54.0,
573089,LS,KT3A,573089,0,LSKT3A,MITSUBISHI,2021-12-16,2021-12-20,1998.0,25,115/22,50.0,13.0,19.0,36.0,109.0,0.0,0.0,61.0,2805.0,2915.0,26778.0,10.0,76.0,311.0,225.0,311.0,311.0,1,raw_available,86.0,repeat
573089,LS,KT3A,573089,0,LSKT3A,MITSUBISHI,2022-11-19,2022-12-11,1998.0,25,115/22,52.0,19.0,19.0,48.0,126.0,6.0,0.0,78.0,1680.0,4095.0,31679.0,9.0,57.0,343.0,277.0,343.0,343.0,1,raw_available,66.0,สี 2.5
573089,LS,KT3A,573089,0,LSKT3A,MITSUBISHI,2023-12-15,2024-01-28,1998.0,25,115/22,55.0,19.0,49.0,23.0,75.0,2.0,0.0,42.0,1166.0,4804.0,18547.0,3.0,45.0,239.0,191.0,239.0,239.0,1,raw_available,48.0,
573090,LKB,KT2A,573090,0,LKBKT2A,MITSUBISHI,2019-06-28,2019-08-18,1998.0,25,115/22,55.0,24.0,9.0,21.0,31.0,0.0,0.0,132.0,1627.0,5102.0,30005.0,0.0,7.0,200.0,193.0,200.0,200.0,1,raw_available,7.0,
573090,LKB,KT2A,573090,0,LKBKT2A,MITSUBISHI,2020-07-03,2020-08-22,1998.0,25,115/22,34.0,26.0,12.0,27.0,17.0,0.0,0.0,94.0,1170.0,7895.0,46766.0,0.0,3.0,153.0,150.0,153.0,153.0,1,raw_available,3.0,
573090,LKB,KT2A,573090,0,LKBKT2A,MITSUBISHI,2021-06-26,2021-10-05,1998.0,25,115/22,,18.0,6.0,16.0,25.0,0.0,0.0,65.0,1093.0,10463.0,41044.0,0.0,0.0,112.0,112.0,112.0,112.0,1,raw_available,0.0,
573090,LKB,KT2A,573090,0,LKBKT2A,MITSUBISHI,2022-06-03,2022-06-18,1998.0,25,115/22,37.0,18.0,10.0,69.0,43.0,22.0,0.0,276.0,1366.0,4363.0,53394.0,148.0,31.0,599.0,420.0,599.0,599.0,1,raw_available,179.0,
573090,LKB,KT2A,573090,0,LKBKT2A,MITSUBISHI,2023-07-28,2023-08-06,1998.0,25,115/22,36.0,14.0,8.0,62.0,41.0,22.0,0.0,261.0,1388.0,4980.0,43270.0,6.0,28.0,428.0,394.0,428.0,428.0,1,raw_available,34.0,
573091,UT,KT2A,573091,0,UTKT2A,MITSUBISHI,2019-10-10,2019-10-20,1998.0,25,115/22,63.0,19.0,40.0,177.0,621.0,20.0,0.0,105.0,3237.0,3520.0,68250.0,36.0,353.0,1352.0,963.0,1352.0,1352.0,1,raw_available,389.0,
573091,UT,KT2A,573091,0,UTKT2A,MITSUBISHI,2020-12-07,2021-01-11,1998.0,25,115/22,61.0,20.0,48.0,137.0,570.0,9.0,0.0,97.0,7568.0,5486.0,57568.0,34.0,310.0,1205.0,861.0,1205.0,1205.0,1,raw_available,344.0,
573091,UT,KT2A,573091,0,UTKT2A,MITSUBISHI,2021-10-24,2021-11-12,1998.0,25,115/22,64.0,19.0,30.0,140.0,520.0,28.0,0.0,114.0,6619.0,6514.0,59524.0,0.0,110.0,942.0,832.0,942.0,942.0,1,raw_available,110.0,
573091,UT,KT2A,573091,0,UTKT2A,MITSUBISHI,2021-11-12,2021-11-13,1998.0,25,115/22,,21.0,51.0,285.0,644.0,27.0,0.0,343.0,8088.0,5143.0,74180.0,0.0,301.0,1651.0,1350.0,1651.0,1651.0,1,raw_available,301.0,Research
573091,UT,KT2A,573091,0,UTKT2A,MITSUBISHI,2021-12-17,2021-12-20,1998.0,25,115/22,60.0,20.0,11.0,45.0,239.0,3.0,0.0,39.0,4846.0,2495.0,28325.0,21.0,192.0,550.0,337.0,550.0,550.0,1,raw_available,213.0,repeat
573091,UT,KT2A,573091,0,UTKT2A,MITSUBISHI,2022-10-29,2022-11-07,1998.0,25,115/22,,28.0,5.0,29.0,192.0,8.0,0.0,44.0,2791.0,1550.0,63067.0,5.0,138.0,421.0,278.0,421.0,421.0,1,raw_available,143.0,
573091,UT,KT2A,573091,0,UTKT2A,MITSUBISHI,2023-04-28,2023-05-07,1998.0,25,115/22,66.0,20.0,9.0,39.0,193.0,7.0,0.0,50.0,3294.0,12377.0,47836.0,8.0,150.0,456.0,298.0,456.0,456.0,1,raw_available,158.0,
573091,UT,KT2A,573091,0,UTKT2A,MITSUBISHI,2024-04-20,2024-04-27,1998.0,25,115/22,66.0,22.0,34.0,80.0,273.0,29.0,0.0,88.0,3203.0,11453.0,48839.0,8.0,208.0,720.0,504.0,720.0,720.0,1,raw_available,216.0,
574405,TP,KT1A,574405,0,TPKT1A,MITSUBISHI,2019-03-31,2019-08-26,1999.0,25,115/33/11,49.0,26.0,15.0,22.0,66.0,0.0,0.0,69.0,2612.0,9758.0,42997.0,0.0,22.0,194.0,172.0,194.0,194.0,1,raw_available,22.0,
574405,TP,KT1A,574405,0,TPKT1A,MITSUBISHI,2019-07-16,2019-09-26,1999.0,25,115/33/11,28.0,,15.0,22.0,69.0,0.0,0.0,49.0,1860.0,12410.0,39820.0,0.0,39.0,194.0,155.0,194.0,194.0,1,raw_available,39.0,Surge arester LV.phase B ระเบิด
574405,TP,KT1A,574405,0,TPKT1A,MITSUBISHI,2019-11-24,2019-12-23,1999.0,25,115/33/11,41.0,17.0,11.0,28.0,0.0,1.0,0.0,62.0,2835.0,8061.0,32389.0,0.0,41.0,143.0,102.0,143.0,143.0,1,raw_available,41.0,
574405,TP,KT1A,574405,0,TPKT1A,MITSUBISHI,2020-03-03,2020-03-13,1999.0,25,115/33/11,,39.0,11.0,41.0,85.0,0.0,0.0,60.0,2425.0,15388.0,34467.0,0.0,19.0,216.0,197.0,216.0,216.0,1,raw_available,19.0,research
574405,TP,KT1A,574405,0,TPKT1A,MITSUBISHI,2020-11-01,2020-11-27,1999.0,25,115/33/11,43.0,24.0,22.0,25.0,74.0,1.0,0.0,64.0,2682.0,8235.0,46239.0,0.0,26.0,212.0,186.0,212.0,212.0,1,raw_available,26.0,
574405,TP,KT1A,574405,0,TPKT1A,MITSUBISHI,2021-11-07,2021-11-22,1999.0,25,115/33/11,31.0,17.0,11.0,26.0,88.0,0.0,0.0,72.0,3099.0,4660.0,24740.0,18.0,61.0,276.0,197.0,276.0,276.0,1,raw_available,79.0,
574405,TP,KT1A,574405,0,TPKT1A,MITSUBISHI,2022-11-19,2023-01-08,1999.0,25,115/33/11,54.0,18.0,120.0,25.0,88.0,2.0,0.0,79.0,3148.0,5321.0,21267.0,42.0,41.0,397.0,314.0,397.0,397.0,1,raw_available,83.0,
574405,TP,KT1A,574405,0,TPKT1A,MITSUBISHI,2023-11-26,2024-01-26,1999.0,25,115/33/11,50.0,25.0,22.0,24.0,88.0,3.0,0.0,77.0,2414.0,11922.0,36131.0,5.0,51.0,270.0,214.0,270.0,270.0,1,raw_available,56.0,
574406,PK2,KT2A,574406,0,PK2KT2A,MITSUBISHI,2019-04-01,2019-07-05,1999.0,25,115/33/11,,36.0,17.0,78.0,273.0,8.0,0.0,102.0,4219.0,10470.0,52589.0,0.0,135.0,613.0,478.0,613.0,613.0,1,raw_available,135.0,
574406,PK2,KT2A,574406,0,PK2KT2A,MITSUBISHI,2019-09-07,2019-11-23,1999.0,25,115/33/11,54.0,6.0,23.0,63.0,317.0,3.0,0.0,0.0,0.0,10310.0,62740.0,17.0,201.0,624.0,406.0,624.0,624.0,1,raw_available,218.0,
574406,PK2,KT2A,574406,0,PK2KT2A,MITSUBISHI,2020-09-13,2020-11-15,1999.0,25,115/33/11,53.0,22.0,37.0,32.0,145.0,0.0,0.0,23.0,1427.0,8550.0,169030.0,13.0,99.0,349.0,237.0,349.0,349.0,1,raw_available,112.0,
574406,PK2,KT2A,574406,0,PK2KT2A,MITSUBISHI,2021-09-18,2021-11-17,1999.0,25,115/33/11,53.0,15.0,22.0,87.0,366.0,10.0,0.0,106.0,5721.0,8453.0,57509.0,0.0,79.0,670.0,591.0,670.0,670.0,1,raw_available,79.0,
574406,PK2,KT2A,574406,0,PK2KT2A,MITSUBISHI,2022-09-18,2022-10-08,1999.0,25,115/33/11,64.0,12.0,26.0,109.0,387.0,8.0,0.0,73.0,6395.0,8581.0,56701.0,8.0,172.0,783.0,603.0,783.0,783.0,1,raw_available,180.0,
574406,PK2,KT2A,574406,0,PK2KT2A,MITSUBISHI,2023-09-17,2023-10-26,1999.0,25,115/33/11,46.0,19.0,23.0,128.0,541.0,8.0,0.0,143.0,7224.0,7458.0,71956.0,5.0,200.0,1048.0,843.0,1048.0,1048.0,1,raw_available,205.0,
574407,SDO,KT1A,574407,0,SDOKT1A,MITSUBISHI,2019-03-23,2019-08-26,1999.0,25,115/33/11,68.0,24.0,10.0,37.0,150.0,0.0,0.0,109.0,3124.0,10420.0,46120.0,0.0,63.0,369.0,306.0,369.0,369.0,1,raw_available,63.0,
574407,SDO,KT1A,574407,0,SDOKT1A,MITSUBISHI,2019-07-15,2019-09-05,1999.0,25,115/33/11,55.0,29.0,18.0,55.0,189.0,0.0,0.0,105.0,3076.0,9643.0,44738.0,0.0,83.0,450.0,367.0,450.0,450.0,1,raw_available,83.0,
574407,SDO,KT1A,574407,0,SDOKT1A,MITSUBISHI,2020-07-05,2020-08-24,1999.0,25,115/33/11,48.0,27.0,15.0,72.0,229.0,4.0,0.0,104.0,3269.0,6061.0,55732.0,0.0,120.0,544.0,424.0,544.0,544.0,1,raw_available,120.0,
574407,SDO,KT1A,574407,0,SDOKT1A,MITSUBISHI,2021-08-08,2021-11-15,1999.0,25,115/33/11,52.0,20.0,17.0,76.0,268.0,7.0,0.0,133.0,2797.0,8650.0,66409.0,0.0,57.0,558.0,501.0,558.0,558.0,1,raw_available,57.0,
574407,SDO,KT1A,574407,0,SDOKT1A,MITSUBISHI,2022-07-11,2022-07-24,1999.0,25,115/33/11,57.0,16.0,18.0,63.0,212.0,20.0,0.0,175.0,3406.0,5900.0,80440.0,17.0,146.0,651.0,488.0,651.0,651.0,1,raw_available,163.0,
574407,SDO,KT1A,574407,0,SDOKT1A,MITSUBISHI,2023-07-23,2023-11-05,1999.0,25,115/33/11,57.0,19.0,13.0,113.0,398.0,29.0,0.0,227.0,4745.0,4764.0,82391.0,11.0,138.0,929.0,780.0,929.0,929.0,1,raw_available,149.0,
574408,PTN,KT1A,574408,0,PTNKT1A,MITSUBISHI,2019-03-17,2019-08-25,2012.0,25,115/33/11,26.0,27.0,11.0,49.0,262.0,7.0,0.0,98.0,2394.0,10945.0,47906.0,0.0,141.0,568.0,427.0,568.0,568.0,1,raw_available,141.0,De-energize.
574408,PTN,KT1A,574408,0,PTNKT1A,MITSUBISHI,2019-08-25,2019-10-19,2012.0,25,115/33/11,28.0,29.0,10.0,97.0,395.0,12.0,0.0,122.0,5171.0,3246.0,57898.0,2.0,192.0,830.0,636.0,830.0,830.0,1,raw_available,194.0,
574408,PTN,KT1A,574408,0,PTNKT1A,MITSUBISHI,2020-07-19,2020-08-24,2012.0,25,115/33/11,55.0,19.0,18.0,102.0,431.0,13.0,0.0,116.0,5781.0,5401.0,58183.0,1.0,108.0,789.0,680.0,789.0,789.0,1,raw_available,109.0,
574408,PTN,KT1A,574408,0,PTNKT1A,MITSUBISHI,2021-07-10,2021-11-04,2012.0,25,115/33/11,,19.0,21.0,109.0,480.0,12.0,0.0,129.0,6803.0,8342.0,71274.0,0.0,71.0,822.0,751.0,822.0,822.0,1,raw_available,71.0,
574408,PTN,KT1A,574408,0,PTNKT1A,MITSUBISHI,2022-07-14,2022-07-24,2012.0,25,115/33/11,53.0,17.0,9.0,24.0,272.0,7.0,0.0,50.0,3377.0,7011.0,37424.0,0.0,97.0,459.0,362.0,459.0,459.0,1,raw_available,97.0,ไม่ได้ออกผลขอเก็บตัวอย่างใหม่
574408,PTN,KT1A,574408,0,PTNKT1A,MITSUBISHI,2023-07-17,2023-11-23,2012.0,25,115/33/11,56.0,29.0,7.0,137.0,483.0,14.0,0.0,173.0,4037.0,7629.0,74447.0,13.0,223.0,1050.0,814.0,1050.0,1050.0,1,raw_available,236.0,
574409,PTN,KT2A,574409,0,PTNKT2A,MITSUBISHI,2019-03-09,2019-03-11,2012.0,25,115/33/11,35.0,13.0,50.0,95.0,384.0,9.0,0.0,117.0,3997.0,5075.0,73364.0,0.0,166.0,821.0,655.0,821.0,821.0,1,raw_available,166.0,ปลดจากระบบเมื่อ 02/03/48 หลังจากนั้นเกิด Buchholz Alarm
574409,PTN,KT2A,574409,0,PTNKT2A,MITSUBISHI,2019-03-17,2019-08-29,2012.0,25,115/33/11,39.0,28.0,7.0,68.0,397.0,11.0,0.0,122.0,3889.0,8645.0,49840.0,0.0,198.0,803.0,605.0,803.0,803.0,1,raw_available,198.0,
574409,PTN,KT2A,574409,0,PTNKT2A,MITSUBISHI,2019-04-08,2019-07-05,2012.0,25,115/33/11,54.0,39.0,25.0,72.0,354.0,11.0,0.0,115.0,3785.0,7308.0,47936.0,0.0,166.0,743.0,577.0,743.0,743.0,1,raw_available,166.0,
574409,PTN,KT2A,574409,0,PTNKT2A,MITSUBISHI,2019-08-25,2019-10-18,2012.0,25,115/33/11,67.0,28.0,13.0,87.0,391.0,9.0,0.0,181.0,3683.0,13241.0,48429.0,0.0,177.0,858.0,681.0,858.0,858.0,1,raw_available,177.0,
574409,PTN,KT2A,574409,0,PTNKT2A,MITSUBISHI,2020-07-19,2020-08-24,2012.0,25,115/33/11,55.0,14.0,44.0,87.0,460.0,3.0,0.0,66.0,3544.0,3926.0,59753.0,22.0,251.0,933.0,660.0,933.0,933.0,1,raw_available,273.0,
574409,PTN,KT2A,574409,0,PTNKT2A,MITSUBISHI,2021-07-11,2021-11-04,2012.0,25,115/33/11,,29.0,13.0,78.0,437.0,11.0,0.0,100.0,3358.0,9736.0,69744.0,0.0,62.0,701.0,639.0,701.0,701.0,1,raw_available,62.0,
574409,PTN,KT2A,574409,0,PTNKT2A,MITSUBISHI,2022-07-14,2022-07-24,2012.0,25,115/33/11,59.0,17.0,27.0,66.0,522.0,19.0,0.0,101.0,4865.0,3567.0,81629.0,0.0,152.0,887.0,735.0,887.0,887.0,1,raw_available,152.0,
574409,PTN,KT2A,574409,0,PTNKT2A,MITSUBISHI,2022-08-20,2022-09-02,2012.0,25,115/33/11,,15.0,2.0,35.0,323.0,6.0,0.0,77.0,3149.0,1768.0,43323.0,0.0,195.0,638.0,443.0,638.0,638.0,1,raw_available,195.0,
574409,PTN,KT2A,574409,0,PTNKT2A,MITSUBISHI,2023-07-17,2023-11-23,2012.0,25,115/33/11,58.0,22.0,14.0,179.0,506.0,17.0,0.0,192.0,3501.0,8773.0,84739.0,14.0,256.0,1178.0,908.0,1178.0,1178.0,1,raw_available,270.0,
574410,NH,KT1A,574410,0,NHKT1A,MITSUBISHI,2019-02-04,2019-05-12,2012.0,25,115/22,58.0,20.0,19.0,47.0,193.0,6.0,0.0,77.0,2376.0,7130.0,46729.0,0.0,79.0,421.0,342.0,421.0,421.0,1,raw_available,79.0,
574410,NH,KT1A,574410,0,NHKT1A,MITSUBISHI,2020-04-07,2020-05-08,2012.0,25,115/22,54.0,23.0,48.0,81.0,331.0,43.0,0.0,108.0,2858.0,7341.0,41175.0,28.0,188.0,827.0,611.0,827.0,827.0,1,raw_available,216.0,
574410,NH,KT1A,574410,0,NHKT1A,MITSUBISHI,2021-02-12,2021-05-24,2012.0,25,115/22,56.0,23.0,56.0,86.0,235.0,2.0,0.0,111.0,5764.0,6235.0,52008.0,12.0,155.0,657.0,490.0,657.0,657.0,1,raw_available,167.0,
574410,NH,KT1A,574410,0,NHKT1A,MITSUBISHI,2022-01-18,2022-02-06,2012.0,25,115/22,49.0,13.0,40.0,50.0,212.0,2.0,0.0,75.0,3827.0,5704.0,56742.0,24.0,138.0,541.0,379.0,541.0,541.0,1,raw_available,162.0,
574410,NH,KT1A,574410,0,NHKT1A,MITSUBISHI,2023-01-18,2023-02-04,2012.0,25,115/22,48.0,13.0,33.0,66.0,248.0,5.0,0.0,82.0,3875.0,2435.0,52528.0,8.0,125.0,567.0,434.0,567.0,567.0,1,raw_available,133.0,
574410,NH,KT1A,574410,0,NHKT1A,MITSUBISHI,2024-01-17,2024-02-10,2012.0,25,115/22,53.0,12.0,38.0,77.0,295.0,11.0,0.0,112.0,3013.0,8963.0,56890.0,11.0,136.0,680.0,533.0,680.0,680.0,1,raw_available,147.0,
574411,POT,KT3A,574411,0,POTKT3A,MITSUBISHI,2019-03-10,2019-04-08,2013.0,25,115/22,52.0,16.0,8.0,37.0,58.0,0.0,0.0,113.0,1871.0,7158.0,32326.0,0.0,11.0,227.0,216.0,227.0,227.0,1,raw_available,11.0,
574411,POT,KT3A,574411,0,POTKT3A,MITSUBISHI,2020-03-08,2020-03-28,2013.0,25,115/22,57.0,13.0,11.0,24.0,15.0,0.0,0.0,119.0,1962.0,5562.0,32589.0,0.0,7.0,176.0,169.0,176.0,176.0,1,raw_available,7.0,
574411,POT,KT3A,574411,0,POTKT3A,MITSUBISHI,2021-01-24,2021-04-24,2013.0,25,115/22,46.0,27.0,39.0,19.0,33.0,3.0,0.0,210.0,2089.0,4399.0,41116.0,7.0,20.0,331.0,304.0,331.0,331.0,1,raw_available,27.0,
574411,POT,KT3A,574411,0,POTKT3A,MITSUBISHI,2022-02-14,2022-03-27,2013.0,25,115/22,45.0,19.0,16.0,22.0,50.0,4.0,0.0,155.0,1651.0,8922.0,34719.0,0.0,19.0,266.0,247.0,266.0,266.0,1,raw_available,19.0,
574411,POT,KT3A,574411,0,POTKT3A,MITSUBISHI,2023-02-13,2023-03-07,2013.0,25,115/22,52.0,12.0,40.0,16.0,67.0,4.0,0.0,189.0,1781.0,4631.0,37000.0,0.0,28.0,344.0,316.0,344.0,344.0,1,raw_available,28.0,
574411,POT,KT3A,574411,0,POTKT3A,MITSUBISHI,2024-02-12,2024-03-18,2013.0,25,115/22,58.0,18.0,29.0,52.0,88.0,5.0,0.0,170.0,1604.0,7340.0,45256.0,4.0,36.0,384.0,344.0,384.0,384.0,1,raw_available,40.0,
574412,NBL,KT1A,574412,0,NBLKT1A,MITSUBISHI,2019-02-03,2019-05-12,2000.0,25,115/22,59.0,21.0,14.0,42.0,92.0,5.0,0.0,135.0,1442.0,10762.0,42523.0,0.0,45.0,333.0,288.0,333.0,333.0,1,raw_available,45.0,
574412,NBL,KT1A,574412,0,NBLKT1A,MITSUBISHI,2020-04-04,2020-05-09,2000.0,25,115/22,63.0,19.0,49.0,84.0,239.0,4.0,0.0,111.0,2221.0,10921.0,43281.0,17.0,136.0,640.0,487.0,640.0,640.0,1,raw_available,153.0,
574412,NBL,KT1A,574412,0,NBLKT1A,MITSUBISHI,2021-02-16,2021-05-21,2000.0,25,115/22,58.0,43.0,8.0,42.0,112.0,4.0,0.0,104.0,1390.0,16702.0,60465.0,0.0,59.0,329.0,270.0,329.0,329.0,1,raw_available,59.0,
574412,NBL,KT1A,574412,0,NBLKT1A,MITSUBISHI,2022-01-17,2022-02-07,2000.0,25,115/22,50.0,7.0,32.0,52.0,133.0,2.0,0.0,108.0,2534.0,5394.0,50582.0,5.0,85.0,417.0,327.0,417.0,417.0,1,raw_available,90.0,
574412,NBL,KT1A,574412,0,NBLKT1A,MITSUBISHI,2023-01-15,2023-02-04,2000.0,25,115/22,41.0,7.0,23.0,70.0,169.0,5.0,0.0,140.0,2418.0,8803.0,41143.0,7.0,67.0,481.0,407.0,481.0,481.0,1,raw_available,74.0,
574412,NBL,KT1A,574412,0,NBLKT1A,MITSUBISHI,2023-04-29,2023-05-14,2000.0,25,115/22,28.0,7.0,92.0,87.0,169.0,9.0,31.0,163.0,2080.0,5725.0,51561.0,0.0,94.0,645.0,551.0,645.0,645.0,1,raw_available,94.0,เกิด Fault ที่ห้อง OLTC และ ชำรุดเสียหาย หลัง O/H OLTC แล้วประมาณ 1 ปี.
574412,NBL,KT1A,574412,0,NBLKT1A,MITSUBISHI,2023-06-17,2023-06-26,2000.0,25,115/22,27.0,18.0,3.0,7.0,1.0,3.0,0.0,17.0,327.0,23310.0,54510.0,0.0,0.0,31.0,31.0,31.0,31.0,1,raw_available,0.0,หลังเปลี่ยน OLTC ใหม่
574412,NBL,KT1A,574412,0,NBLKT1A,MITSUBISHI,2023-10-20,2023-12-02,2000.0,25,115/22,61.0,17.0,8.0,9.0,11.0,2.0,0.0,69.0,1023.0,25267.0,63794.0,2.0,6.0,107.0,99.0,107.0,107.0,1,raw_available,8.0,
574412,NBL,KT1A,574412,0,NBLKT1A,MITSUBISHI,2024-01-14,2024-02-11,2000.0,25,115/22,51.0,7.0,21.0,9.0,11.0,1.0,0.0,52.0,571.0,20967.0,42478.0,2.0,7.0,103.0,94.0,103.0,103.0,1,raw_available,9.0,
574412,NBL,KT1A,574412,0,NBLKT1A,MITSUBISHI,2024-04-12,2024-04-22,2000.0,25,115/22,30.0,8.0,1.0,10.0,1.0,3.0,0.0,14.0,101.0,4611.0,12245.0,1.0,1.0,31.0,29.0,31.0,31.0,1,raw_available,2.0,หลังจากทำน้ำมันรั่วออกจาก breather หลังมีการเชื่อม OLTC
574413,POT,KT1A,574413,0,POTKT1A,MITSUBISHI,2020-03-08,2020-03-24,2000.0,25,115/22/11,59.0,14.0,16.0,27.0,72.0,0.0,0.0,91.0,2475.0,3524.0,21978.0,0.0,55.0,261.0,206.0,261.0,261.0,1,raw_available,55.0,
574413,POT,KT1A,574413,0,POTKT1A,MITSUBISHI,2021-01-24,2021-04-23,2000.0,25,115/22/11,46.0,48.0,22.0,17.0,65.0,2.0,0.0,101.0,2510.0,6266.0,42071.0,4.0,56.0,267.0,207.0,267.0,267.0,1,raw_available,60.0,
574413,POT,KT1A,574413,0,POTKT1A,MITSUBISHI,2022-02-14,2022-03-26,2000.0,25,115/22/11,45.0,14.0,16.0,21.0,71.0,1.0,0.0,37.0,1045.0,9397.0,40223.0,3.0,55.0,204.0,146.0,204.0,204.0,1,raw_available,58.0,
574413,POT,KT1A,574413,0,POTKT1A,MITSUBISHI,2023-02-13,2023-03-09,2000.0,25,115/22/11,54.0,14.0,14.0,38.0,95.0,4.0,0.0,62.0,1251.0,12439.0,32057.0,0.0,50.0,263.0,213.0,263.0,263.0,1,raw_available,50.0,
574413,POT,KT1A,574413,0,POTKT1A,MITSUBISHI,2024-02-12,2024-03-18,2000.0,25,115/22/11,59.0,20.0,11.0,21.0,68.0,14.0,0.0,119.0,1074.0,9301.0,45141.0,7.0,42.0,282.0,233.0,282.0,282.0,1,raw_available,49.0,
574414,TA1,KT1A,574414,0,TA1KT1A,MITSUBISHI,2019-07-18,2019-08-18,1999.0,25,115/22,57.0,24.0,15.0,114.0,330.0,9.0,0.0,124.0,3561.0,8265.0,56028.0,0.0,139.0,731.0,592.0,731.0,731.0,1,raw_available,139.0,
574414,TA1,KT1A,574414,0,TA1KT1A,MITSUBISHI,2020-03-13,2020-05-10,1999.0,25,115/22,55.0,22.0,12.0,120.0,347.0,6.0,0.0,132.0,3062.0,6369.0,52908.0,0.0,163.0,780.0,617.0,780.0,780.0,1,raw_available,163.0,research
574414,TA1,KT1A,574414,0,TA1KT1A,MITSUBISHI,2020-07-25,2020-08-22,1999.0,25,115/22,55.0,18.0,37.0,22.0,120.0,0.0,0.0,38.0,2099.0,5064.0,39085.0,13.0,110.0,340.0,217.0,340.0,340.0,1,raw_available,123.0,
574414,TA1,KT1A,574414,0,TA1KT1A,MITSUBISHI,2021-07-16,2021-10-09,1999.0,25,115/22,57.0,28.0,17.0,35.0,170.0,0.0,0.0,96.0,2195.0,6031.0,30888.0,0.0,85.0,403.0,318.0,403.0,403.0,1,raw_available,85.0,
574414,TA1,KT1A,574414,0,TA1KT1A,MITSUBISHI,2022-07-31,2022-08-04,1999.0,25,115/22,56.0,13.0,8.0,62.0,225.0,4.0,0.0,94.0,2633.0,1981.0,34719.0,9.0,136.0,538.0,393.0,538.0,538.0,1,raw_available,145.0,
574414,TA1,KT1A,574414,0,TA1KT1A,MITSUBISHI,2023-02-02,2023-02-12,1999.0,25,115/22,57.0,13.0,17.0,55.0,200.0,1.0,0.0,79.0,2755.0,4490.0,37350.0,10.0,157.0,519.0,352.0,519.0,519.0,1,raw_available,167.0,
574415,WNK,KT1A,574415,0,WNKKT1A,MITSUBISHI,2020-02-22,2020-04-10,2000.0,25,115/22,54.0,10.0,9.0,142.0,385.0,24.0,0.0,66.0,3786.0,13455.0,70836.0,0.0,126.0,752.0,626.0,752.0,752.0,1,raw_available,126.0,
574415,WNK,KT1A,574415,0,WNKKT1A,MITSUBISHI,2021-01-10,2021-03-26,2000.0,25,115/22,51.0,26.0,96.0,0.0,80.0,0.0,0.0,192.0,0.0,26530.0,484230.0,67.0,2.0,437.0,368.0,437.0,437.0,1,raw_available,69.0,
574415,WNK,KT1A,574415,0,WNKKT1A,MITSUBISHI,2022-02-14,2022-02-20,2000.0,25,115/22,26.0,10.0,10.0,105.0,467.0,18.0,0.0,100.0,2896.0,7076.0,59277.0,193.0,37.0,930.0,700.0,930.0,930.0,1,raw_available,230.0,
574415,WNK,KT1A,574415,0,WNKKT1A,MITSUBISHI,2022-08-14,2022-09-03,2000.0,25,115/22,,21.0,3.0,123.0,523.0,17.0,0.0,112.0,2862.0,6373.0,73210.0,0.0,266.0,1044.0,778.0,1044.0,1044.0,1,raw_available,266.0,
574415,WNK,KT1A,574415,0,WNKKT1A,MITSUBISHI,2023-03-16,2023-03-25,2000.0,25,115/22,58.0,15.0,11.0,109.0,514.0,12.0,0.0,83.0,4321.0,17365.0,63316.0,0.0,201.0,930.0,729.0,930.0,930.0,1,raw_available,201.0,
574415,WNK,KT1A,574415,0,WNKKT1A,MITSUBISHI,2024-06-24,2024-06-29,2000.0,25,115/22,0.0,16.0,128.0,159.0,694.0,64.0,0.0,132.0,7991.0,2153.0,62074.0,14.0,272.0,1463.0,1177.0,1463.0,1463.0,1,raw_available,286.0,
574418,LS,KT2A,574418,0,LSKT2A,MITSUBISHI,2019-09-14,2019-09-21,2000.0,25,115/22,49.0,11.0,9.0,34.0,115.0,0.0,0.0,119.0,2602.0,11912.0,44532.0,0.0,71.0,348.0,277.0,348.0,348.0,1,raw_available,71.0,
574418,LS,KT2A,574418,0,LSKT2A,MITSUBISHI,2020-02-24,2020-05-09,2000.0,25,115/22,60.0,15.0,9.0,53.0,148.0,3.0,0.0,103.0,2247.0,6552.0,44809.0,0.0,69.0,385.0,316.0,385.0,385.0,1,raw_available,69.0,research
574418,LS,KT2A,574418,0,LSKT2A,MITSUBISHI,2020-12-26,2021-01-11,2000.0,25,115/22,,16.0,16.0,28.0,98.0,0.0,0.0,94.0,2495.0,9955.0,46868.0,9.0,67.0,279.0,236.0,279.0,279.0,1,raw_available,43.0,
574418,LS,KT2A,574418,0,LSKT2A,MITSUBISHI,2021-10-16,2021-11-17,2000.0,25,115/22,56.0,15.0,26.0,12.0,161.0,2.0,0.0,98.0,2551.0,6203.0,40401.0,0.0,74.0,373.0,299.0,373.0,373.0,1,raw_available,74.0,
574418,LS,KT2A,574418,0,LSKT2A,MITSUBISHI,2022-11-19,2022-12-11,2000.0,25,115/22,51.0,21.0,4.0,48.0,153.0,3.0,0.0,105.0,2615.0,9429.0,52896.0,0.0,80.0,393.0,313.0,393.0,393.0,1,raw_available,80.0,สี 2
574418,LS,KT2A,574418,0,LSKT2A,MITSUBISHI,2023-12-15,2024-01-28,2000.0,25,115/22,57.0,13.0,32.0,54.0,227.0,4.0,0.0,89.0,2346.0,9452.0,44425.0,6.0,91.0,503.0,406.0,503.0,503.0,1,raw_available,97.0,
5899717,AT1,KT2AB,5899717,0,AT1KT2AB,ASEA,2019-01-11,2019-03-10,1980.0,33,220/69/11,54.0,25.0,131.0,49.0,12.0,22.0,0.0,225.0,3200.0,8253.0,41677.0,4.0,5.0,448.0,439.0,448.0,448.0,1,raw_available,9.0,
5899717,AT1,KT2AB,5899717,0,AT1KT2AB,ASEA,2020-01-23,2020-02-07,1980.0,33,220/69/11,60.0,20.0,272.0,114.0,22.0,20.0,0.0,610.0,6786.0,6820.0,70400.0,32.0,14.0,1084.0,1038.0,1084.0,1084.0,1,raw_available,46.0,
5899718,AT1,KT2AC,5899718,0,AT1KT2AC,ASEA,2019-01-11,2019-03-08,1980.0,33,220/69/11,36.0,25.0,250.0,96.0,24.0,26.0,0.0,332.0,5067.0,8128.0,4128.0,0.0,0.0,728.0,728.0,728.0,728.0,1,raw_available,0.0,
5899718,AT1,KT2AC,5899718,0,AT1KT2AC,ASEA,2020-01-23,2020-02-07,1980.0,33,220/69/11,41.0,20.0,38.0,49.0,35.0,30.0,0.0,112.0,2675.0,27320.0,41000.0,15.0,0.0,279.0,264.0,279.0,279.0,1,raw_available,15.0,
5899719,AT1,KT2AA,5899719,0,AT1KT2AA,ASEA,2019-01-11,2019-03-08,1980.0,33,220/69/11,50.0,24.0,285.0,68.0,12.0,69.0,0.0,689.0,6382.0,9128.0,42526.0,10.0,2.0,1135.0,1123.0,1135.0,1135.0,1,raw_available,12.0,
5899719,AT1,KT2AA,5899719,0,AT1KT2AA,ASEA,2020-01-23,2020-02-07,1980.0,33,220/69/11,60.0,25.0,421.0,70.0,6.0,42.0,0.0,650.0,6400.0,6127.0,30990.0,11.0,5.0,1205.0,1189.0,1205.0,1205.0,1,raw_available,16.0,
5A0178001,VRK-P,KT2A,5A0178001,0,VRK-PKT2A,OSAKA,2019-08-26,2019-09-21,1984.0,12,115/22,51.0,21.0,12.0,21.0,51.0,13.0,0.0,426.0,5482.0,7281.0,42910.0,5.0,39.0,567.0,523.0,567.0,567.0,1,raw_available,44.0,
5A0178001,VRK-P,KT2A,5A0178001,0,VRK-PKT2A,OSAKA,2020-06-05,2020-07-04,1984.0,12,115/22,44.0,24.0,20.0,25.0,24.0,7.0,0.0,175.0,3136.0,11431.0,54618.0,0.0,0.0,251.0,251.0,251.0,251.0,1,raw_available,0.0,
5A0178001,VRK-P,KT2A,5A0178001,0,VRK-PKT2A,OSAKA,2020-10-20,2020-10-31,1984.0,12,115/22,46.0,31.0,9.0,16.0,34.0,8.0,0.0,412.0,6078.0,4024.0,79916.0,43.0,56.0,578.0,479.0,578.0,578.0,1,raw_available,99.0,
5A0178001,VRK-P,KT2A,5A0178001,0,VRK-PKT2A,OSAKA,2021-04-04,2021-04-19,1984.0,12,115/22,30.0,19.0,40.0,43.0,35.0,6.0,0.0,177.0,2161.0,5492.0,60781.0,74.0,95.0,470.0,301.0,470.0,470.0,1,raw_available,169.0,สีผิดปกติ
5A0178001,VRK-P,KT2A,5A0178001,0,VRK-PKT2A,OSAKA,2021-04-20,2021-06-05,1984.0,12,115/22,40.0,22.0,45.0,9.0,17.0,4.0,0.0,199.0,2192.0,5410.0,48222.0,38.0,45.0,357.0,274.0,357.0,357.0,1,raw_available,83.0,
5A0178001,VRK-P,KT2A,5A0178001,0,VRK-PKT2A,OSAKA,2022-02-25,2022-03-07,1984.0,12,115/22,36.0,11.0,40.0,32.0,20.0,56.0,0.0,201.0,2626.0,4792.0,17704.0,61.0,19.0,429.0,349.0,429.0,429.0,1,raw_available,80.0,
5A0178001,VRK-P,KT2A,5A0178001,0,VRK-PKT2A,OSAKA,2023-05-11,2023-06-09,1984.0,12,115/22,55.0,21.0,18.0,8.0,13.0,37.0,0.0,379.0,2979.0,6397.0,39725.0,3.0,5.0,463.0,455.0,463.0,463.0,1,raw_available,8.0,
5A0178001,VRK-P,KT2A,5A0178001,0,VRK-PKT2A,OSAKA,2024-04-08,2024-04-20,1984.0,12,115/22,50.0,10.0,22.0,10.0,5.0,5.0,0.0,394.0,2681.0,5021.0,25072.0,6.0,14.0,456.0,436.0,456.0,456.0,1,raw_available,20.0,
5A0179002,PL2,KT2A,5A0179002,0,PL2KT2A,OSAKA,2020-03-28,2020-04-05,1984.0,13,115/22,57.0,17.0,61.0,45.0,68.0,0.0,0.0,79.0,1689.0,5067.0,47571.0,10.0,45.0,308.0,253.0,308.0,308.0,1,raw_available,55.0,
5A0179002,PL2,KT2A,5A0179002,0,PL2KT2A,OSAKA,2021-03-08,2021-04-02,1984.0,13,115/22,57.0,17.0,25.0,37.0,47.0,0.0,0.0,91.0,2108.0,5392.0,66651.0,0.0,31.0,231.0,200.0,231.0,231.0,1,raw_available,31.0,
5A0179002,PL2,KT2A,5A0179002,0,PL2KT2A,OSAKA,2022-10-02,2022-10-07,1984.0,13,115/22,61.0,15.0,5.0,39.0,70.0,0.0,0.0,58.0,2309.0,3986.0,51306.0,4.0,34.0,210.0,172.0,210.0,210.0,1,raw_available,38.0,
5A0179002,PL2,KT2A,5A0179002,0,PL2KT2A,OSAKA,2023-09-12,2023-09-30,1984.0,13,115/22,51.0,17.0,14.0,67.0,106.0,4.0,0.0,114.0,3450.0,3485.0,50604.0,9.0,52.0,366.0,305.0,366.0,366.0,1,raw_available,61.0,
5A0179002,PL2,KT2A,5A0179002,0,PL2KT2A,OSAKA,2024-04-09,2024-04-27,1984.0,13,115/22,52.0,19.0,11.0,64.0,106.0,3.0,0.0,145.0,5241.0,5530.0,37280.0,17.0,74.0,420.0,329.0,420.0,420.0,1,raw_available,91.0,
5A0179003,PL2,KT3A,5A0179003,0,PL2KT3A,OSAKA,2019-03-24,2019-04-07,1984.0,13,115/22,57.0,30.0,8.0,15.0,54.0,5.0,0.0,127.0,4867.0,64250.0,49978.0,8.0,27.0,244.0,209.0,244.0,244.0,1,raw_available,35.0,
5A0179003,PL2,KT3A,5A0179003,0,PL2KT3A,OSAKA,2020-03-28,2020-04-07,1984.0,13,115/22,56.0,15.0,60.0,21.0,55.0,6.0,0.0,34.0,1201.0,20185.0,54042.0,25.0,53.0,254.0,176.0,254.0,254.0,1,raw_available,78.0,
5A0179003,PL2,KT3A,5A0179003,0,PL2KT3A,OSAKA,2021-03-08,2021-04-02,1984.0,13,115/22,54.0,17.0,31.0,18.0,64.0,3.0,0.0,91.0,2448.0,4395.0,51035.0,9.0,46.0,262.0,207.0,262.0,262.0,1,raw_available,55.0,
5A0179003,PL2,KT3A,5A0179003,0,PL2KT3A,OSAKA,2022-10-02,2022-10-07,1984.0,13,115/22,54.0,13.0,153.0,40.0,82.0,11.0,0.0,95.0,2832.0,3754.0,44892.0,16.0,100.0,497.0,381.0,497.0,497.0,1,raw_available,116.0,
5A0179003,PL2,KT3A,5A0179003,0,PL2KT3A,OSAKA,2023-09-15,2023-09-30,1984.0,13,115/22,53.0,15.0,42.0,39.0,54.0,3.0,0.0,107.0,2698.0,2445.0,43827.0,5.0,24.0,274.0,245.0,274.0,274.0,1,raw_available,29.0,
5A0179003,PL2,KT3A,5A0179003,0,PL2KT3A,OSAKA,2024-04-09,2024-04-27,1984.0,13,115/22,37.0,12.0,12.0,40.0,52.0,3.0,0.0,115.0,2682.0,4220.0,32720.0,12.0,36.0,270.0,222.0,270.0,270.0,1,raw_available,48.0,
5A0493001,NP-P,KT1A,5A0493001,0,NP-PKT1A,OSAKA,2019-07-20,2019-08-19,1985.0,10,115/22,41.0,19.0,34.0,31.0,47.0,16.0,12.0,175.0,1942.0,5289.0,31713.0,0.0,0.0,315.0,315.0,315.0,315.0,1,raw_available,0.0,
5A0493001,NP-P,KT1A,5A0493001,0,NP-PKT1A,OSAKA,2020-02-24,2020-03-29,1985.0,10,115/22,29.0,21.0,72.0,52.0,63.0,10.0,3.0,138.0,1005.0,6805.0,35716.0,17.0,38.0,393.0,338.0,393.0,393.0,1,raw_available,55.0,
5A0493001,NP-P,KT1A,5A0493001,0,NP-PKT1A,OSAKA,2020-06-27,2020-08-04,1985.0,10,115/22,41.0,29.0,29.0,30.0,42.0,14.0,2.0,162.0,1835.0,3903.0,41565.0,6.0,19.0,304.0,279.0,304.0,304.0,1,raw_available,25.0,
5A0493001,NP-P,KT1A,5A0493001,0,NP-PKT1A,OSAKA,2021-02-22,2021-05-21,1985.0,10,115/22,39.0,29.0,30.0,38.0,53.0,17.0,2.0,116.0,719.0,7434.0,44723.0,6.0,23.0,285.0,256.0,285.0,285.0,1,raw_available,29.0,
5A0493001,NP-P,KT1A,5A0493001,0,NP-PKT1A,OSAKA,2022-01-31,2022-02-18,1985.0,10,115/22,38.0,13.0,23.0,28.0,42.0,6.0,0.0,112.0,1867.0,5294.0,37268.0,0.0,26.0,237.0,211.0,237.0,237.0,1,raw_available,26.0,
5A0493001,NP-P,KT1A,5A0493001,0,NP-PKT1A,OSAKA,2023-01-29,2023-02-18,1985.0,10,115/22,0.0,15.0,15.0,0.0,66.0,19.0,0.0,241.0,2405.0,6600.0,39008.0,8.0,36.0,385.0,341.0,385.0,385.0,1,raw_available,44.0,
5A0493001,NP-P,KT1A,5A0493001,0,NP-PKT1A,OSAKA,2024-01-28,2024-03-09,1985.0,10,115/22,0.0,19.0,10.0,44.0,20.0,8.0,0.0,176.0,1654.0,14411.0,36584.0,16.0,2.0,276.0,258.0,276.0,276.0,1,raw_available,18.0,
5A0493001,NP-P,KT1A,5A0493001,0,NP-PKT1A,OSAKA,2024-05-10,2024-05-13,1985.0,10,115/22,32.0,12.0,56.0,54.0,82.0,33.0,17.0,272.0,2419.0,2870.0,20145.0,10.0,24.0,548.0,514.0,548.0,548.0,1,raw_available,34.0,
5A1587001,DBN,KT3A,5A1587001,0,DBNKT3A,OSAKA,2019-02-14,2019-03-02,1990.0,25,115/69/22,53.0,21.0,41.0,68.0,187.0,17.0,0.0,174.0,2250.0,11722.0,41985.0,56.0,128.0,671.0,487.0,671.0,671.0,1,raw_available,184.0,
5A1587001,DBN,KT3A,5A1587001,0,DBNKT3A,OSAKA,2020-02-10,2020-02-22,1990.0,25,115/69/22,,15.0,54.0,135.0,279.0,7.0,0.0,315.0,2214.0,13741.0,44911.0,0.0,178.0,968.0,790.0,968.0,968.0,1,raw_available,178.0,
5A1587001,DBN,KT3A,5A1587001,0,DBNKT3A,OSAKA,2021-02-14,2021-04-26,1990.0,25,115/69/22,52.0,21.0,0.0,72.0,174.0,8.0,0.0,101.0,1642.0,27930.0,50000.0,36.0,152.0,543.0,355.0,543.0,543.0,1,raw_available,188.0,
5A1587001,DBN,KT3A,5A1587001,0,DBNKT3A,OSAKA,2022-02-07,2022-03-07,1990.0,25,115/69/22,58.0,16.0,21.0,55.0,280.0,18.0,0.0,210.0,3771.0,7068.0,83763.0,0.0,160.0,744.0,584.0,744.0,744.0,1,raw_available,160.0,
5A1587001,DBN,KT3A,5A1587001,0,DBNKT3A,OSAKA,2023-03-23,2023-04-06,1990.0,25,115/69/22,57.0,17.0,9.0,20.0,31.0,1.0,0.0,191.0,2464.0,7468.0,34339.0,2.0,30.0,284.0,252.0,284.0,284.0,1,raw_available,32.0,
5A1587001,DBN,KT3A,5A1587001,0,DBNKT3A,OSAKA,2024-02-17,2024-03-17,1990.0,25,115/69/22,55.0,25.0,13.0,17.0,42.0,7.0,0.0,194.0,2482.0,7059.0,27453.0,0.0,23.0,296.0,273.0,296.0,296.0,1,raw_available,23.0,
5A1588001,MM3,KT8A,5A1588001,0,MM3KT8A,OSAKA,2019-05-10,2019-09-14,1990.0,25,115/22,55.0,26.0,7.0,12.0,15.0,2.0,0.0,136.0,1905.0,10701.0,37467.0,0.0,10.0,182.0,172.0,182.0,182.0,1,raw_available,10.0,
5A1588001,MM3,KT8A,5A1588001,0,MM3KT8A,OSAKA,2020-06-22,2020-08-02,1990.0,25,115/22,52.0,11.0,9.0,10.0,14.0,0.0,0.0,205.0,1920.0,6950.0,20013.0,0.0,0.0,238.0,238.0,238.0,238.0,1,raw_available,0.0,
5A1588001,MM3,KT8A,5A1588001,0,MM3KT8A,OSAKA,2021-03-07,2021-04-17,1990.0,25,115/22,50.0,10.0,39.0,21.0,13.0,0.0,0.0,94.0,1130.0,6334.0,38571.0,0.0,9.0,176.0,167.0,176.0,176.0,1,raw_available,9.0,
5A1588001,MM3,KT8A,5A1588001,0,MM3KT8A,OSAKA,2022-03-12,2022-03-19,1990.0,25,115/22,53.0,13.0,8.0,0.0,27.0,18.0,0.0,195.0,1945.0,8795.0,29053.0,0.0,0.0,248.0,248.0,248.0,248.0,1,raw_available,0.0,
5A1588001,MM3,KT8A,5A1588001,0,MM3KT8A,OSAKA,2023-03-13,2023-03-16,1990.0,25,115/22,48.0,7.0,22.0,18.0,21.0,3.0,0.0,211.0,2170.0,4356.0,30511.0,0.0,19.0,294.0,275.0,294.0,294.0,1,raw_available,19.0,
5A1588001,MM3,KT8A,5A1588001,0,MM3KT8A,OSAKA,2024-04-21,2024-04-28,1990.0,25,115/22,54.0,7.0,4.0,27.0,25.0,3.0,0.0,246.0,2714.0,9740.0,25250.0,9.0,13.0,327.0,305.0,327.0,327.0,1,raw_available,22.0,
5A1592001,VRK,KT3A,5A1592001,0,VRKKT3A,OSAKA,2021-10-16,2021-10-19,1990.0,25,115/22,,18.0,19.0,4.0,12.0,7.0,0.0,223.0,2771.0,15705.0,61525.0,31.0,15.0,311.0,265.0,311.0,311.0,1,raw_available,46.0,ก่อนย้ายเข้าโรงซ่อม เพื่อทำ refurbishment
5A1592001,VRK,KT3A,5A1592001,0,VRKKT3A,OSAKA,2022-01-03,2022-01-04,1990.0,25,115/22,,6.0,1.0,0.0,0.0,13.0,0.0,26.0,161.0,6180.0,18196.0,6.0,0.0,46.0,40.0,46.0,46.0,1,raw_available,6.0,น้ำมันที่ใช้ทำเป็นน้ำมันHot oil
5A1592001,VRK,KT3A,5A1592001,0,VRKKT3A,OSAKA,2022-01-21,2022-01-22,1990.0,25,115/22,30.0,8.0,0.0,0.0,0.0,0.0,0.0,8.0,148.0,3070.0,10660.0,0.0,0.0,8.0,8.0,8.0,8.0,1,raw_available,0.0,ก่อนการทดสอบ HV TEST
5A1592001,VRK,KT3A,5A1592001,0,VRKKT3A,OSAKA,2022-01-30,2022-02-04,1990.0,25,115/22,30.0,11.0,0.0,1.0,1.0,4.0,0.0,16.0,107.0,2251.0,58087.0,0.0,1.0,23.0,22.0,23.0,23.0,1,raw_available,1.0,หลังทดสอบ HV LAB
5A1592001,VRK,KT3A,5A1592001,0,VRKKT3A,OSAKA,2023-05-19,2023-06-10,1990.0,25,115/22,30.0,18.0,6.0,7.0,3.0,1.0,0.0,71.0,223.0,6781.0,20761.0,1.0,3.0,92.0,88.0,92.0,92.0,1,raw_available,4.0,ย้ายมาจาก สฟ.นครนายก KT2A .
5A1592001,VRK,KT3A,5A1592001,0,VRKKT3A,OSAKA,2023-10-22,2023-12-01,1990.0,25,115/22,,28.0,10.0,12.0,1.0,8.0,0.0,108.0,237.0,6553.0,52662.0,2.0,0.0,141.0,139.0,141.0,141.0,1,raw_available,2.0,ตามผลหลังการใช้งาน3 เดือน
5A1594001,LR,KT2A,5A1594001,0,LRKT2A,OSAKA,2019-04-01,2019-06-30,1992.0,25,115/33,60.0,34.0,141.0,83.0,270.0,19.0,0.0,342.0,3287.0,8308.0,35086.0,12.0,171.0,1038.0,855.0,1038.0,1038.0,1,raw_available,183.0,
5A1594001,LR,KT2A,5A1594001,0,LRKT2A,OSAKA,2019-09-28,2019-11-22,1992.0,25,115/33,53.0,6.0,79.0,67.0,280.0,25.0,0.0,0.0,0.0,9540.0,70060.0,106.0,288.0,845.0,451.0,845.0,845.0,1,raw_available,394.0,
5A1594001,LR,KT2A,5A1594001,0,LRKT2A,OSAKA,2020-09-18,2020-11-15,1992.0,25,115/33,54.0,24.0,22.0,32.0,120.0,4.0,0.0,86.0,1142.0,8590.0,231570.0,56.0,126.0,446.0,264.0,446.0,446.0,1,raw_available,182.0,
5A1594001,LR,KT2A,5A1594001,0,LRKT2A,OSAKA,2021-09-13,2021-11-16,1992.0,25,115/33,54.0,20.0,44.0,80.0,269.0,21.0,0.0,462.0,4182.0,5390.0,70035.0,44.0,147.0,1067.0,876.0,1067.0,1067.0,1,raw_available,191.0,
5A1594001,LR,KT2A,5A1594001,0,LRKT2A,OSAKA,2022-09-15,2022-10-08,1992.0,25,115/33,54.0,29.0,40.0,63.0,245.0,17.0,0.0,499.0,4642.0,4310.0,76822.0,68.0,231.0,1163.0,864.0,1163.0,1163.0,1,raw_available,299.0,
5A1594001,LR,KT2A,5A1594001,0,LRKT2A,OSAKA,2023-10-02,2023-11-18,1992.0,25,115/33,52.0,27.0,41.0,55.0,164.0,19.0,0.0,322.0,6445.0,9390.0,47300.0,67.0,266.0,934.0,601.0,934.0,934.0,1,raw_available,333.0,
5A1594001,LR,KT2A,5A1594001,0,LRKT2A,OSAKA,2024-03-12,2024-04-09,1992.0,25,115/33,65.0,31.0,32.0,122.0,330.0,114.0,0.0,545.0,5664.0,10070.0,52620.0,323.0,445.0,1911.0,1143.0,1911.0,1911.0,1,raw_available,768.0,
5BA158903,BP1,KT1A,5BA158903,0,BP1KT1A,OSAKA,2019-03-11,2019-03-20,1989.0,25,115/22,54.0,42.0,12.0,67.0,103.0,10.0,0.0,318.0,3679.0,13338.0,37766.0,0.0,54.0,564.0,510.0,564.0,564.0,1,raw_available,54.0,
5BA158903,BP1,KT1A,5BA158903,0,BP1KT1A,OSAKA,2019-03-21,2019-03-30,1989.0,25,115/22,50.0,16.0,15.0,70.0,91.0,7.0,0.0,335.0,4879.0,7436.0,39032.0,0.0,31.0,549.0,518.0,549.0,549.0,1,raw_available,31.0,
5BA158903,BP1,KT1A,5BA158903,0,BP1KT1A,OSAKA,2019-06-08,2019-06-13,1989.0,25,115/22,40.0,10.0,4.0,8.0,23.0,1.0,0.0,52.0,845.0,5630.0,20460.0,0.0,27.0,115.0,88.0,115.0,115.0,1,raw_available,27.0,หลังแก้ไขOFF LOAD TAP CHANGER.
5BA158903,BP1,KT1A,5BA158903,0,BP1KT1A,OSAKA,2021-02-20,2021-04-02,1989.0,25,115/22,50.0,16.0,40.0,0.0,22.0,0.0,0.0,67.0,1015.0,7890.0,38006.0,20.0,21.0,170.0,129.0,170.0,170.0,1,raw_available,41.0,
5BA158903,BP1,KT1A,5BA158903,0,BP1KT1A,OSAKA,2022-02-07,2022-03-10,1989.0,25,115/22,54.0,11.0,21.0,34.0,28.0,28.0,0.0,142.0,2081.0,5035.0,48874.0,10.0,18.0,281.0,253.0,281.0,281.0,1,raw_available,28.0,
5BA158903,BP1,KT1A,5BA158903,0,BP1KT1A,OSAKA,2023-02-12,2023-03-12,1989.0,25,115/22,57.0,14.0,12.0,9.0,18.0,14.0,0.0,221.0,2958.0,8497.0,30808.0,0.0,0.0,274.0,274.0,274.0,274.0,1,raw_available,0.0,
5BA158903,BP1,KT1A,5BA158903,0,BP1KT1A,OSAKA,2024-02-25,2024-03-21,1989.0,25,115/22,54.0,10.0,22.0,11.0,23.0,21.0,0.0,289.0,2709.0,11005.0,46048.0,9.0,25.0,400.0,366.0,400.0,400.0,1,raw_available,34.0,
5BA159006,RB1,KT2A,5BA159006,0,RB1KT2A,OSAKA,2021-06-25,2021-09-05,1990.0,25,115/22,61.0,19.0,23.0,18.0,26.0,5.0,0.0,255.0,3169.0,5191.0,28983.0,0.0,0.0,327.0,327.0,327.0,327.0,1,raw_available,0.0,
5BA159006,RB1,KT2A,5BA159006,0,RB1KT2A,OSAKA,2021-11-23,2021-11-25,1990.0,25,115/22,,28.0,40.0,18.0,29.0,2.0,0.0,286.0,4420.0,5451.0,38507.0,3.0,13.0,391.0,375.0,391.0,391.0,1,raw_available,16.0,
5BA159006,RB1,KT2A,5BA159006,0,RB1KT2A,OSAKA,2022-06-12,2022-07-08,1990.0,25,115/22,54.0,15.0,22.0,10.0,29.0,5.0,0.0,267.0,4074.0,6684.0,30957.0,2.0,9.0,344.0,333.0,344.0,344.0,1,raw_available,11.0,
5BA159006,RB1,KT2A,5BA159006,0,RB1KT2A,OSAKA,2023-06-15,2023-06-23,1990.0,25,115/22,58.0,13.0,21.0,11.0,30.0,3.0,0.0,275.0,3996.0,6726.0,35869.0,2.0,10.0,352.0,340.0,352.0,352.0,1,raw_available,12.0,
5BA159006,RB1,KT2A,5BA159006,0,RB1KT2A,OSAKA,2024-06-08,2024-06-12,1990.0,25,115/22,60.0,12.0,14.0,7.0,25.0,14.0,0.0,524.0,2896.0,7689.0,55864.0,3.0,11.0,598.0,584.0,598.0,598.0,1,raw_available,14.0,
5BA159007,NCS,KT2A,5BA159007,0,NCSKT2A,OSAKA,2019-03-11,2019-06-21,1990.0,25,115/22,68.0,28.0,23.0,124.0,130.0,76.0,0.0,484.0,5430.0,7581.0,43692.0,0.0,85.0,922.0,837.0,922.0,922.0,1,raw_available,85.0,
5BA159007,NCS,KT2A,5BA159007,0,NCSKT2A,OSAKA,2021-05-14,2021-07-11,1990.0,25,115/22,55.0,20.0,43.0,103.0,104.0,41.0,0.0,623.0,8282.0,8258.0,53482.0,19.0,63.0,996.0,914.0,996.0,996.0,1,raw_available,82.0,
5BA159007,NCS,KT2A,5BA159007,0,NCSKT2A,OSAKA,2023-06-18,2023-06-23,1990.0,25,115/22,54.0,9.0,19.0,142.0,127.0,72.0,0.0,480.0,5751.0,8000.0,48222.0,15.0,56.0,911.0,840.0,911.0,911.0,1,raw_available,71.0,
5BA159007,NCS,KT2A,5BA159007,0,NCSKT2A,OSAKA,2024-05-10,2024-05-17,1990.0,25,115/22,55.0,8.0,8.0,121.0,153.0,98.0,0.0,437.0,5367.0,22885.0,69611.0,23.0,56.0,896.0,817.0,896.0,896.0,1,raw_available,79.0,
5BA159008,TA1,KT2A,5BA159008,0,TA1KT2A,OSAKA,2019-07-18,2019-08-18,1990.0,25,115/22,59.0,17.0,11.0,5.0,17.0,0.0,0.0,74.0,1624.0,10087.0,46394.0,0.0,0.0,107.0,107.0,107.0,107.0,1,raw_available,0.0,
5BA159008,TA1,KT2A,5BA159008,0,TA1KT2A,OSAKA,2020-07-25,2020-08-22,1990.0,25,115/22,53.0,15.0,35.0,13.0,16.0,0.0,0.0,49.0,1564.0,7935.0,49842.0,1.0,10.0,124.0,113.0,124.0,124.0,1,raw_available,11.0,
5BA159008,TA1,KT2A,5BA159008,0,TA1KT2A,OSAKA,2021-07-16,2021-10-09,1990.0,25,115/22,55.0,19.0,13.0,5.0,28.0,0.0,0.0,81.0,1793.0,7094.0,30201.0,0.0,0.0,127.0,127.0,127.0,127.0,1,raw_available,0.0,
5BA159008,TA1,KT2A,5BA159008,0,TA1KT2A,OSAKA,2022-07-31,2022-08-04,1990.0,25,115/22,52.0,10.0,5.0,13.0,26.0,1.0,0.0,112.0,2028.0,1801.0,30407.0,0.0,15.0,172.0,157.0,172.0,172.0,1,raw_available,15.0,
5BA159008,TA1,KT2A,5BA159008,0,TA1KT2A,OSAKA,2023-02-02,2023-02-12,1990.0,25,115/22,56.0,9.0,13.0,16.0,28.0,2.0,0.0,129.0,2467.0,5333.0,33791.0,0.0,15.0,203.0,188.0,203.0,203.0,1,raw_available,15.0,
5BA159009,PE,KT2A,5BA159009,0,PEKT2A,DAIHEN,2019-11-08,2019-12-09,1990.0,25,115/22,59.0,14.0,36.0,16.0,18.0,0.0,0.0,173.0,4049.0,6125.0,18154.0,0.0,8.0,251.0,243.0,251.0,251.0,1,raw_available,8.0,
5BA159009,PE,KT2A,5BA159009,0,PEKT2A,DAIHEN,2020-03-01,2020-05-10,1990.0,25,115/22,58.0,25.0,28.0,13.0,3.0,0.0,0.0,141.0,2801.0,6579.0,32917.0,0.0,8.0,193.0,185.0,193.0,193.0,1,raw_available,8.0,research
5BA159009,PE,KT2A,5BA159009,0,PEKT2A,DAIHEN,2021-01-23,2021-02-13,1990.0,25,115/22,58.0,15.0,34.0,7.0,2.0,0.0,0.0,154.0,3239.0,9361.0,51952.0,0.0,1.0,198.0,197.0,198.0,198.0,1,raw_available,1.0,
5BA159009,PE,KT2A,5BA159009,0,PEKT2A,DAIHEN,2021-10-17,2021-11-17,1990.0,25,115/22,54.0,14.0,8.0,5.0,4.0,0.0,0.0,133.0,1673.0,6835.0,16688.0,0.0,3.0,153.0,150.0,153.0,153.0,1,raw_available,3.0,
5BA159009,PE,KT2A,5BA159009,0,PEKT2A,DAIHEN,2021-12-04,2021-12-11,1990.0,25,115/22,53.0,14.0,40.0,8.0,6.0,0.0,0.0,156.0,2085.0,3689.0,15501.0,0.0,4.0,214.0,210.0,214.0,214.0,1,raw_available,4.0,
5BA159009,PE,KT2A,5BA159009,0,PEKT2A,DAIHEN,2021-12-15,2021-12-20,1990.0,25,115/22,60.0,11.0,13.0,6.0,5.0,0.0,0.0,42.0,2099.0,3284.0,14446.0,0.0,3.0,69.0,66.0,69.0,69.0,1,raw_available,3.0,repeat
5BA159009,PE,KT2A,5BA159009,0,PEKT2A,DAIHEN,2022-10-28,2022-12-02,1990.0,25,115/22,40.0,19.0,10.0,3.0,7.0,1.0,0.0,143.0,1824.0,20554.0,54471.0,2.0,3.0,169.0,164.0,169.0,169.0,1,raw_available,5.0,
5BA159009,PE,KT2A,5BA159009,0,PEKT2A,DAIHEN,2023-03-09,2023-03-17,1990.0,25,115/22,71.0,12.0,16.0,6.0,12.0,1.0,0.0,151.0,1854.0,8039.0,13837.0,0.0,7.0,193.0,186.0,193.0,193.0,1,raw_available,7.0,
5BA159009,PE,KT2A,5BA159009,0,PEKT2A,DAIHEN,2024-02-02,2024-02-24,1990.0,25,115/22,54.0,13.0,10.0,8.0,12.0,1.0,0.0,57.0,1570.0,16290.0,19380.0,0.0,7.0,95.0,88.0,95.0,95.0,1,raw_available,7.0,
5BA159010,SH1,KT1A,5BA159010,0,SH1KT1A,DAIHEN,2020-02-06,2020-03-01,1990.0,25,115/22,58.0,12.0,40.0,9.0,4.0,2.0,0.0,154.0,2352.0,6094.0,59367.0,5.0,0.0,214.0,209.0,214.0,214.0,1,raw_available,5.0,
5BA159010,SH1,KT1A,5BA159010,0,SH1KT1A,DAIHEN,2022-01-27,2022-03-07,1990.0,25,115/22,50.0,10.0,13.0,0.0,12.0,12.0,0.0,396.0,3977.0,8835.0,70793.0,0.0,0.0,433.0,433.0,433.0,433.0,1,raw_available,0.0,
5BA159010,SH1,KT1A,5BA159010,0,SH1KT1A,DAIHEN,2022-08-25,2022-09-02,1990.0,25,115/22,56.0,7.0,7.0,18.0,5.0,5.0,0.0,356.0,3549.0,6468.0,65204.0,6.0,3.0,121.0,391.0,121.0,121.0,1,raw_available,-270.0,
5BA159010,SH1,KT1A,5BA159010,0,SH1KT1A,DAIHEN,2023-03-11,2023-03-17,1990.0,25,115/22,60.0,8.0,8.0,10.0,12.0,15.0,0.0,423.0,4070.0,15181.0,75862.0,0.0,3.0,471.0,468.0,471.0,471.0,1,raw_available,3.0,
5BA159010,SH1,KT1A,5BA159010,0,SH1KT1A,DAIHEN,2024-02-09,2024-02-25,1990.0,25,115/22,55.0,10.0,7.0,19.0,7.0,28.0,0.0,433.0,4542.0,11160.0,79533.0,6.0,4.0,504.0,494.0,504.0,504.0,1,raw_available,10.0,
5BA159011,LP2,KT2A,5BA159011,0,LP2KT2A,OSAKA,2019-04-24,2019-06-07,1990.0,25,115/22,60.0,21.0,9.0,89.0,239.0,12.0,0.0,389.0,2986.0,3291.0,45202.0,0.0,238.0,976.0,738.0,976.0,976.0,1,raw_available,238.0,
5BA159011,LP2,KT2A,5BA159011,0,LP2KT2A,OSAKA,2020-02-11,2020-05-10,1990.0,25,115/22,46.0,41.0,7.0,42.0,167.0,9.0,0.0,216.0,1560.0,10523.0,53214.0,0.0,196.0,637.0,441.0,637.0,637.0,1,raw_available,196.0,research
5BA159011,LP2,KT2A,5BA159011,0,LP2KT2A,OSAKA,2020-05-08,2020-05-18,1990.0,25,115/22,50.0,18.0,8.0,9.0,53.0,1.0,0.0,174.0,750.0,4159.0,39724.0,0.0,106.0,351.0,245.0,351.0,351.0,1,raw_available,106.0,
5BA159011,LP2,KT2A,5BA159011,0,LP2KT2A,OSAKA,2021-04-02,2021-05-29,1990.0,25,115/22,54.0,17.0,76.0,35.0,29.0,1.0,0.0,169.0,1129.0,3370.0,162150.0,10.0,58.0,378.0,310.0,378.0,378.0,1,raw_available,68.0,
5BA159011,LP2,KT2A,5BA159011,0,LP2KT2A,OSAKA,2021-12-07,2021-12-13,1990.0,25,115/22,,18.0,33.0,68.0,48.0,6.0,0.0,451.0,1912.0,3434.0,68612.0,0.0,79.0,685.0,606.0,685.0,685.0,1,raw_available,79.0,repeat
5BA159011,LP2,KT2A,5BA159011,0,LP2KT2A,OSAKA,2022-03-07,2022-03-18,1990.0,25,115/22,42.0,12.0,13.0,0.0,52.0,5.0,0.0,345.0,1581.0,7043.0,56656.0,0.0,36.0,451.0,415.0,451.0,451.0,1,raw_available,36.0,
5BA159011,LP2,KT2A,5BA159011,0,LP2KT2A,OSAKA,2023-05-21,2023-06-07,1990.0,25,115/22,50.0,20.0,15.0,61.0,49.0,3.0,0.0,363.0,1803.0,3940.0,68500.0,16.0,87.0,594.0,491.0,594.0,594.0,1,raw_available,103.0,
5BA159011,LP2,KT2A,5BA159011,0,LP2KT2A,OSAKA,2023-11-27,2023-12-24,1990.0,25,115/22,45.0,17.0,28.0,14.0,42.0,5.0,0.0,311.0,1592.0,4441.0,48222.0,12.0,52.0,464.0,400.0,464.0,464.0,1,raw_available,64.0,
5BA159012,NCS,KT1A,5BA159012,0,NCSKT1A,OSAKA,2019-03-11,2019-06-21,1990.0,25,115/22,68.0,37.0,16.0,58.0,108.0,9.0,0.0,684.0,6040.0,11360.0,40444.0,0.0,60.0,935.0,875.0,935.0,935.0,1,raw_available,60.0,
5BA159012,NCS,KT1A,5BA159012,0,NCSKT1A,OSAKA,2021-05-14,2021-07-11,1990.0,25,115/22,55.0,18.0,63.0,54.0,72.0,3.0,0.0,787.0,9499.0,12123.0,54954.0,2.0,43.0,1024.0,979.0,1024.0,1024.0,1,raw_available,45.0,
5BA159012,NCS,KT1A,5BA159012,0,NCSKT1A,OSAKA,2023-06-18,2023-06-23,1990.0,25,115/22,52.0,10.0,19.0,84.0,94.0,5.0,0.0,614.0,7535.0,7005.0,47198.0,3.0,55.0,874.0,816.0,874.0,874.0,1,raw_available,58.0,
5BA159012,NCS,KT1A,5BA159012,0,NCSKT1A,OSAKA,2024-05-10,2024-05-17,1990.0,25,115/22,52.0,7.0,6.0,56.0,109.0,8.0,0.0,636.0,7384.0,26951.0,67523.0,5.0,50.0,870.0,815.0,870.0,870.0,1,raw_available,55.0,
5BK010701,KN,KT2A,5BK010701,0,KNKT2A,OSAKA,2019-04-01,2019-07-05,1999.0,100,230/121/33,46.0,21.0,10.0,65.0,102.0,1.0,0.0,152.0,1986.0,10443.0,46051.0,0.0,54.0,384.0,330.0,384.0,384.0,1,raw_available,54.0,
5BK010701,KN,KT2A,5BK010701,0,KNKT2A,OSAKA,2019-05-26,2019-07-25,1999.0,100,230/121/33,44.0,24.0,7.0,64.0,108.0,0.0,0.0,137.0,2569.0,10840.0,42950.0,0.0,29.0,345.0,316.0,345.0,345.0,1,raw_available,29.0,
5BK010701,KN,KT2A,5BK010701,0,KNKT2A,OSAKA,2019-11-10,2019-12-23,1999.0,100,230/121/33,41.0,14.0,12.0,74.0,141.0,0.0,0.0,155.0,2720.0,12720.0,50470.0,0.0,96.0,478.0,382.0,478.0,478.0,1,raw_available,96.0,
5BK010701,KN,KT2A,5BK010701,0,KNKT2A,OSAKA,2020-05-09,2020-05-31,1999.0,100,230/121/33,57.0,24.0,15.0,102.0,174.0,0.0,0.0,122.0,1662.0,13247.0,52148.0,26.0,114.0,553.0,413.0,553.0,553.0,1,raw_available,140.0,
5BK010701,KN,KT2A,5BK010701,0,KNKT2A,OSAKA,2020-11-03,2020-11-28,1999.0,100,230/121/33,38.0,14.0,31.0,55.0,199.0,0.0,0.0,135.0,1734.0,16213.0,51682.0,0.0,81.0,501.0,420.0,501.0,501.0,1,raw_available,81.0,
5BK010701,KN,KT2A,5BK010701,0,KNKT2A,OSAKA,2021-05-18,2021-07-24,1999.0,100,230/121/33,43.0,15.0,8.0,66.0,126.0,0.0,0.0,144.0,2518.0,6255.0,38533.0,0.0,34.0,378.0,344.0,378.0,378.0,1,raw_available,34.0,
5BK010701,KN,KT2A,5BK010701,0,KNKT2A,OSAKA,2021-12-18,2022-01-10,1999.0,100,230/121/33,48.0,9.0,5.0,66.0,120.0,0.0,0.0,138.0,3217.0,4372.0,43258.0,0.0,87.0,416.0,329.0,416.0,416.0,1,raw_available,87.0,
5BK010701,KN,KT2A,5BK010701,0,KNKT2A,OSAKA,2022-05-06,2022-05-15,1999.0,100,230/121/33,47.0,9.0,7.0,41.0,132.0,2.0,0.0,152.0,3909.0,2494.0,32105.0,0.0,34.0,368.0,334.0,368.0,368.0,1,raw_available,34.0,
5BK010701,KN,KT2A,5BK010701,0,KNKT2A,OSAKA,2022-12-02,2023-01-13,1999.0,100,230/121/33,50.0,12.0,18.0,85.0,143.0,2.0,0.0,164.0,3166.0,10473.0,49749.0,4.0,76.0,492.0,412.0,492.0,492.0,1,raw_available,80.0,
5BK010701,KN,KT2A,5BK010701,0,KNKT2A,OSAKA,2023-04-30,2023-05-15,1999.0,100,230/121/33,54.0,8.0,5.0,93.0,135.0,0.0,0.0,165.0,3224.0,3180.0,42450.0,4.0,91.0,493.0,398.0,493.0,493.0,1,raw_available,95.0,
5BK010701,KN,KT2A,5BK010701,0,KNKT2A,OSAKA,2023-12-09,2024-01-25,1999.0,100,230/121/33,48.0,13.0,16.0,78.0,171.0,3.0,0.0,162.0,3832.0,11169.0,47990.0,5.0,71.0,506.0,430.0,506.0,506.0,1,raw_available,76.0,
5BK012201,BPK,KT4A,5BK012201,0,BPKKT4A,DAIHEN,2019-01-20,2019-01-26,2003.0,200,230/115,40.0,23.0,34.0,47.0,182.0,4.0,0.0,81.0,1203.0,9421.0,51662.0,0.0,129.0,477.0,348.0,477.0,477.0,1,raw_available,129.0,
5BK012201,BPK,KT4A,5BK012201,0,BPKKT4A,DAIHEN,2019-11-07,2019-11-24,2003.0,200,230/115,42.0,19.0,28.0,41.0,198.0,0.0,0.0,85.0,1300.0,16280.0,68050.0,0.0,135.0,487.0,352.0,487.0,487.0,1,raw_available,135.0,
5BK012201,BPK,KT4A,5BK012201,0,BPKKT4A,DAIHEN,2021-05-24,2021-06-13,2003.0,200,230/115,51.0,13.0,43.0,45.0,190.0,2.0,0.0,102.0,1539.0,10353.0,54760.0,0.0,123.0,505.0,382.0,505.0,505.0,1,raw_available,123.0,
5BK012201,BPK,KT4A,5BK012201,0,BPKKT4A,DAIHEN,2022-05-15,2022-06-09,2003.0,200,230/115,46.0,11.0,15.0,51.0,229.0,0.0,0.0,160.0,1700.0,3349.0,46417.0,0.0,120.0,575.0,455.0,575.0,575.0,1,raw_available,120.0,
5BK012201,BPK,KT4A,5BK012201,0,BPKKT4A,DAIHEN,2022-11-19,2022-11-27,2003.0,200,230/115,40.0,12.0,7.0,34.0,157.0,1.0,0.0,35.0,893.0,11970.0,62690.0,2.0,110.0,346.0,234.0,346.0,346.0,1,raw_available,112.0,
5BK012201,BPK,KT4A,5BK012201,0,BPKKT4A,DAIHEN,2023-06-04,2023-06-10,2003.0,200,230/115,40.0,8.0,31.0,64.0,242.0,3.0,0.0,92.0,1676.0,2673.0,41152.0,30.0,55.0,517.0,432.0,517.0,517.0,1,raw_available,85.0,
5BK012201,BPK,KT4A,5BK012201,0,BPKKT4A,DAIHEN,2024-06-23,2024-06-30,2003.0,200,230/115,44.0,8.0,25.0,68.0,296.0,4.0,0.0,123.0,2216.0,6701.0,53728.0,0.0,128.0,644.0,516.0,644.0,644.0,1,raw_available,128.0,
5BK012301,AT2,KT3A,5BK012301,0,AT2KT3A,DAIHEN,2019-02-25,2019-03-02,2003.0,200,230/115/22,58.0,16.0,69.0,77.0,100.0,9.0,0.0,195.0,2502.0,10453.0,41976.0,0.0,50.0,500.0,450.0,500.0,500.0,1,raw_available,50.0,
5BK012301,AT2,KT3A,5BK012301,0,AT2KT3A,DAIHEN,2020-02-08,2020-03-14,2003.0,200,230/115/22,60.0,14.0,10.0,55.0,90.0,0.0,0.0,101.0,1989.0,9231.0,75782.0,0.0,34.0,290.0,256.0,290.0,290.0,1,raw_available,34.0,
5BK012301,AT2,KT3A,5BK012301,0,AT2KT3A,DAIHEN,2022-02-20,2022-03-10,2003.0,200,230/115/22,48.0,10.0,38.0,64.0,214.0,4.0,0.0,229.0,5036.0,3699.0,75384.0,0.0,86.0,635.0,549.0,635.0,635.0,1,raw_available,86.0,
5BK012301,AT2,KT3A,5BK012301,0,AT2KT3A,DAIHEN,2022-08-27,2022-09-03,2003.0,200,230/115/22,60.0,22.0,11.0,114.0,197.0,3.0,0.0,217.0,4451.0,2312.0,88459.0,0.0,93.0,635.0,542.0,635.0,635.0,1,raw_available,93.0,
5BK012301,AT2,KT3A,5BK012301,0,AT2KT3A,DAIHEN,2023-01-29,2023-02-05,2003.0,200,230/115/22,62.0,22.0,24.0,56.0,219.0,6.0,0.0,184.0,4782.0,12789.0,89921.0,0.0,103.0,592.0,489.0,592.0,592.0,1,raw_available,103.0,สี 2.5
5BK012301,AT2,KT3A,5BK012301,0,AT2KT3A,DAIHEN,2023-08-17,2023-09-21,2003.0,200,230/115/22,66.0,21.0,109.0,140.0,193.0,4.0,0.0,159.0,3189.0,3405.0,73058.0,9.0,83.0,697.0,605.0,697.0,697.0,1,raw_available,92.0,
5BK012301,AT2,KT3A,5BK012301,0,AT2KT3A,DAIHEN,2024-02-08,2024-02-24,2003.0,200,230/115/22,60.0,11.0,40.0,201.0,316.0,6.0,0.0,334.0,6402.0,8253.0,78838.0,11.0,156.0,1064.0,897.0,1064.0,1064.0,1,raw_available,167.0,
5BK012401,NPO2,KT1A,5BK012401,0,NPO2KT1A,DAIHEN,2019-03-21,2019-04-21,2004.0,200,230/115,62.0,17.0,53.0,42.0,162.0,6.0,0.0,107.0,1777.0,5069.0,46663.0,0.0,137.0,507.0,370.0,507.0,507.0,1,raw_available,137.0,
5BK012401,NPO2,KT1A,5BK012401,0,NPO2KT1A,DAIHEN,2020-03-20,2020-05-26,2004.0,200,230/115,43.0,21.0,39.0,42.0,121.0,0.0,0.0,89.0,1711.0,7568.0,41047.0,0.0,61.0,352.0,291.0,352.0,352.0,1,raw_available,61.0,
5BK012401,NPO2,KT1A,5BK012401,0,NPO2KT1A,DAIHEN,2020-07-13,2020-08-22,2004.0,200,230/115,49.0,15.0,34.0,35.0,98.0,2.0,0.0,70.0,1689.0,11758.0,53513.0,0.0,70.0,309.0,239.0,309.0,309.0,1,raw_available,70.0,
5BK012401,NPO2,KT1A,5BK012401,0,NPO2KT1A,DAIHEN,2021-01-08,2021-02-05,2004.0,200,230/115,43.0,11.0,48.0,43.0,127.0,0.0,0.0,63.0,2262.0,5401.0,56824.0,0.0,89.0,370.0,281.0,370.0,370.0,1,raw_available,89.0,
5BK012401,NPO2,KT1A,5BK012401,0,NPO2KT1A,DAIHEN,2021-04-04,2021-04-10,2004.0,200,230/115,69.0,7.0,65.0,44.0,163.0,0.0,0.0,114.0,3402.0,3435.0,40215.0,0.0,69.0,455.0,386.0,455.0,455.0,1,raw_available,69.0,จ่ายโหลดเกิน 100%
5BK012401,NPO2,KT1A,5BK012401,0,NPO2KT1A,DAIHEN,2021-09-10,2021-11-08,2004.0,200,230/115,53.0,14.0,21.0,32.0,138.0,0.0,0.0,94.0,2403.0,17454.0,47897.0,0.0,24.0,309.0,285.0,309.0,309.0,1,raw_available,24.0,
5BK012401,NPO2,KT1A,5BK012401,0,NPO2KT1A,DAIHEN,2022-02-25,2022-03-27,2004.0,200,230/115,55.0,17.0,84.0,44.0,135.0,0.0,0.0,93.0,2671.0,4730.0,56780.0,2.0,93.0,451.0,356.0,451.0,451.0,1,raw_available,95.0,
5BK012401,NPO2,KT1A,5BK012401,0,NPO2KT1A,DAIHEN,2022-08-03,2022-08-14,2004.0,200,230/115,49.0,10.0,73.0,45.0,138.0,13.0,0.0,104.0,2808.0,4540.0,51290.0,5.0,102.0,480.0,373.0,480.0,480.0,1,raw_available,107.0,
5BK012401,NPO2,KT1A,5BK012401,0,NPO2KT1A,DAIHEN,2023-02-24,2023-03-11,2004.0,200,230/115,60.0,8.0,28.0,42.0,132.0,0.0,0.0,151.0,5322.0,7441.0,47543.0,4.0,88.0,445.0,353.0,445.0,445.0,1,raw_available,92.0,
5BK012401,NPO2,KT1A,5BK012401,0,NPO2KT1A,DAIHEN,2023-08-28,2023-10-09,2004.0,200,230/115,56.0,11.0,17.0,40.0,107.0,0.0,0.0,155.0,4805.0,12620.0,30000.0,4.0,79.0,402.0,319.0,402.0,402.0,1,raw_available,83.0,
5BK012401,NPO2,KT1A,5BK012401,0,NPO2KT1A,DAIHEN,2024-03-09,2024-04-08,2004.0,200,230/115,68.0,10.0,27.0,41.0,107.0,57.0,0.0,127.0,3594.0,2662.0,28765.0,0.0,81.0,440.0,359.0,440.0,440.0,1,raw_available,81.0,
5BK012402,NPO2,KT2A,5BK012402,0,NPO2KT2A,DAIHEN,2019-03-21,2019-04-19,2004.0,200,230/115,62.0,22.0,43.0,47.0,255.0,0.0,0.0,113.0,1793.0,3895.0,42098.0,0.0,60.0,518.0,458.0,518.0,518.0,1,raw_available,60.0,
5BK012402,NPO2,KT2A,5BK012402,0,NPO2KT2A,DAIHEN,2020-03-20,2020-05-26,2004.0,200,230/115,45.0,15.0,47.0,44.0,151.0,0.0,0.0,101.0,1953.0,3683.0,62966.0,0.0,77.0,420.0,343.0,420.0,420.0,1,raw_available,77.0,
5BK012402,NPO2,KT2A,5BK012402,0,NPO2KT2A,DAIHEN,2020-07-13,2020-08-22,2004.0,200,230/115,50.0,17.0,22.0,37.0,135.0,2.0,0.0,68.0,1641.0,13029.0,72707.0,0.0,76.0,340.0,264.0,340.0,340.0,1,raw_available,76.0,
5BK012402,NPO2,KT2A,5BK012402,0,NPO2KT2A,DAIHEN,2021-01-08,2021-02-08,2004.0,200,230/115,46.0,8.0,31.0,42.0,141.0,0.0,0.0,52.0,1841.0,6875.0,39988.0,0.0,107.0,373.0,266.0,373.0,373.0,1,raw_available,107.0,
5BK012402,NPO2,KT2A,5BK012402,0,NPO2KT2A,DAIHEN,2021-04-04,2021-04-10,2004.0,200,230/115,60.0,9.0,51.0,77.0,162.0,1.0,0.0,102.0,2152.0,9011.0,62007.0,0.0,96.0,489.0,393.0,489.0,489.0,1,raw_available,96.0,จ่ายโหลดเกิน 100%
5BK012402,NPO2,KT2A,5BK012402,0,NPO2KT2A,DAIHEN,2021-09-10,2021-11-11,2004.0,200,230/115,49.0,12.0,56.0,20.0,165.0,0.0,0.0,29.0,3239.0,6536.0,73279.0,0.0,89.0,359.0,270.0,359.0,359.0,1,raw_available,89.0,
5BK012402,NPO2,KT2A,5BK012402,0,NPO2KT2A,DAIHEN,2022-02-25,2022-03-27,2004.0,200,230/115,56.0,15.0,38.0,38.0,125.0,0.0,0.0,80.0,2295.0,5410.0,71470.0,2.0,95.0,378.0,281.0,378.0,378.0,1,raw_available,97.0,
5BK012402,NPO2,KT2A,5BK012402,0,NPO2KT2A,DAIHEN,2022-08-03,2022-08-14,2004.0,200,230/115,50.0,10.0,44.0,39.0,127.0,14.0,0.0,95.0,2778.0,4710.0,65780.0,2.0,98.0,419.0,319.0,419.0,419.0,1,raw_available,100.0,
5BK012402,NPO2,KT2A,5BK012402,0,NPO2KT2A,DAIHEN,2023-02-24,2023-03-11,2004.0,200,230/115,62.0,12.0,15.0,35.0,117.0,0.0,0.0,119.0,3836.0,7374.0,55243.0,5.0,87.0,378.0,286.0,378.0,378.0,1,raw_available,92.0,
5BK012402,NPO2,KT2A,5BK012402,0,NPO2KT2A,DAIHEN,2023-08-28,2023-10-09,2004.0,200,230/115,56.0,10.0,27.0,51.0,143.0,9.0,0.0,126.0,3766.0,5510.0,46620.0,0.0,98.0,454.0,356.0,454.0,454.0,1,raw_available,98.0,
5BK012402,NPO2,KT2A,5BK012402,0,NPO2KT2A,DAIHEN,2024-03-09,2024-04-08,2004.0,200,230/115,66.0,7.0,31.0,51.0,135.0,0.0,0.0,147.0,3449.0,3324.0,44689.0,0.0,93.0,457.0,364.0,457.0,457.0,1,raw_available,93.0,
5BK012701,TL3,KT3A,5BK012701,0,TL3KT3A,DAIHEN,2019-10-11,2019-11-14,2004.0,200,230/121/22,70.0,17.0,46.0,121.0,311.0,9.0,0.0,103.0,3554.0,10345.0,47097.0,0.0,164.0,754.0,590.0,754.0,754.0,1,raw_available,164.0,
5BK012701,TL3,KT3A,5BK012701,0,TL3KT3A,DAIHEN,2021-01-16,2021-03-21,2004.0,200,230/121/22,60.0,13.0,48.0,120.0,568.0,0.0,0.0,120.0,3560.0,5060.0,50000.0,0.0,0.0,856.0,856.0,856.0,856.0,1,raw_available,0.0,
5BK012701,TL3,KT3A,5BK012701,0,TL3KT3A,DAIHEN,2022-01-22,2022-01-29,2004.0,200,230/121/22,77.0,12.0,38.0,198.0,578.0,9.0,0.0,232.0,5945.0,6379.0,72967.0,0.0,52.0,1107.0,1055.0,1107.0,1107.0,1,raw_available,52.0,
5BK012701,TL3,KT3A,5BK012701,0,TL3KT3A,DAIHEN,2023-01-22,2023-01-30,2004.0,200,230/121/22,56.0,21.0,110.0,208.0,635.0,11.0,0.0,151.0,4862.0,4945.0,75588.0,0.0,327.0,1442.0,1115.0,1442.0,1442.0,1,raw_available,327.0,
5BK012701,TL3,KT3A,5BK012701,0,TL3KT3A,DAIHEN,2024-02-15,2024-03-21,2004.0,200,230/121/22,63.0,11.0,41.0,213.0,656.0,13.0,0.0,193.0,6532.0,7768.0,76542.0,0.0,336.0,1452.0,1116.0,1452.0,1452.0,1,raw_available,336.0,
5BK012702,TL3,KT2A,5BK012702,0,TL3KT2A,DAIHEN,2019-10-11,2019-11-14,2004.0,200,230/121,72.0,17.0,21.0,73.0,152.0,0.0,0.0,159.0,3814.0,8231.0,50476.0,0.0,61.0,466.0,405.0,466.0,466.0,1,raw_available,61.0,
5BK012702,TL3,KT2A,5BK012702,0,TL3KT2A,DAIHEN,2021-01-30,2021-03-26,2004.0,200,230/121,68.0,18.0,53.0,80.0,152.0,0.0,0.0,160.0,4000.0,5880.0,86870.0,14.0,101.0,560.0,445.0,560.0,560.0,1,raw_available,115.0,
5BK012702,TL3,KT2A,5BK012702,0,TL3KT2A,DAIHEN,2022-01-22,2022-01-29,2004.0,200,230/121,40.0,14.0,30.0,11.0,41.0,55.0,0.0,543.0,4646.0,7809.0,40410.0,0.0,0.0,680.0,680.0,680.0,680.0,1,raw_available,0.0,AFTER CORRECT OIL LEAK
5BK012702,TL3,KT2A,5BK012702,0,TL3KT2A,DAIHEN,2023-01-22,2023-01-30,2004.0,200,230/121,58.0,6.0,57.0,95.0,208.0,4.0,0.0,183.0,5122.0,4576.0,50285.0,0.0,109.0,656.0,547.0,656.0,656.0,1,raw_available,109.0,
5BK012702,TL3,KT2A,5BK012702,0,TL3KT2A,DAIHEN,2024-02-15,2024-03-21,2004.0,200,230/121,68.0,11.0,45.0,102.0,310.0,7.0,0.0,212.0,6179.0,8436.0,55043.0,0.0,134.0,810.0,676.0,810.0,810.0,1,raw_available,134.0,
5BK012801,BWN,KT1A,5BK012801,0,BWNKT1A,DAIHEN,2019-03-30,2019-04-07,2009.0,200,230/121/22,51.0,12.0,16.0,23.0,21.0,0.0,0.0,80.0,1094.0,9310.0,40264.0,0.0,0.0,140.0,140.0,140.0,140.0,1,raw_available,0.0,
5BK012801,BWN,KT1A,5BK012801,0,BWNKT1A,DAIHEN,2021-05-23,2021-07-20,2009.0,200,230/121/22,71.0,18.0,38.0,30.0,46.0,0.0,0.0,123.0,3049.0,7334.0,38842.0,0.0,0.0,237.0,237.0,237.0,237.0,1,raw_available,0.0,
5BK012801,BWN,KT1A,5BK012801,0,BWNKT1A,DAIHEN,2022-05-12,2022-05-20,2009.0,200,230/121/22,70.0,5.0,73.0,34.0,48.0,16.0,0.0,85.0,3181.0,5758.0,50354.0,0.0,27.0,283.0,256.0,283.0,283.0,1,raw_available,27.0,
5BK012801,BWN,KT1A,5BK012801,0,BWNKT1A,DAIHEN,2022-12-16,2023-01-06,2009.0,200,230/121/22,55.0,6.0,45.0,41.0,54.0,0.0,0.0,145.0,4366.0,4611.0,40493.0,0.0,30.0,315.0,285.0,315.0,315.0,1,raw_available,30.0,
5BK012801,BWN,KT1A,5BK012801,0,BWNKT1A,DAIHEN,2023-06-24,2023-06-29,2009.0,200,230/121/22,66.0,7.0,20.0,44.0,54.0,1.0,0.0,128.0,3750.0,5281.0,32885.0,2.0,38.0,287.0,247.0,287.0,287.0,1,raw_available,40.0,
5BK012801,BWN,KT1A,5BK012801,0,BWNKT1A,DAIHEN,2024-03-10,2024-04-10,2009.0,200,230/121/22,60.0,10.0,8.0,41.0,87.0,11.0,0.0,134.0,3789.0,5337.0,41308.0,89.0,65.0,435.0,281.0,435.0,435.0,1,raw_available,154.0,
5BK012802,PL2,KT1A,5BK012802,0,PL2KT1A,DAIHEN,2019-03-24,2019-04-07,2006.0,200,230/121/22,56.0,15.0,40.0,34.0,41.0,2.0,0.0,446.0,3621.0,7867.0,48367.0,0.0,23.0,586.0,563.0,586.0,586.0,1,raw_available,23.0,
5BK012802,PL2,KT1A,5BK012802,0,PL2KT1A,DAIHEN,2020-03-28,2020-04-05,2006.0,200,230/121/22,69.0,10.0,97.0,84.0,85.0,5.0,0.0,123.0,1153.0,5174.0,50123.0,15.0,47.0,456.0,394.0,456.0,456.0,1,raw_available,62.0,
5BK012802,PL2,KT1A,5BK012802,0,PL2KT1A,DAIHEN,2020-10-20,2020-11-17,2006.0,200,230/121/22,58.0,16.0,50.0,55.0,100.0,0.0,0.0,151.0,2034.0,5288.0,39950.0,0.0,61.0,417.0,356.0,417.0,417.0,1,raw_available,61.0,
5BK012802,PL2,KT1A,5BK012802,0,PL2KT1A,DAIHEN,2021-03-08,2021-04-02,2006.0,200,230/121/22,53.0,19.0,40.0,41.0,53.0,0.0,0.0,143.0,2419.0,10485.0,53798.0,0.0,32.0,309.0,277.0,309.0,309.0,1,raw_available,32.0,
5BK012802,PL2,KT1A,5BK012802,0,PL2KT1A,DAIHEN,2021-09-17,2021-10-11,2006.0,200,230/121/22,52.0,12.0,52.0,60.0,81.0,0.0,0.0,264.0,2187.0,3236.0,39239.0,0.0,32.0,489.0,457.0,489.0,489.0,1,raw_available,32.0,
5BK012802,PL2,KT1A,5BK012802,0,PL2KT1A,DAIHEN,2022-06-06,2022-06-18,2006.0,200,230/121/22,50.0,10.0,37.0,48.0,105.0,6.0,0.0,140.0,2451.0,5257.0,44769.0,53.0,27.0,416.0,336.0,416.0,416.0,1,raw_available,80.0,
5BK012802,PL2,KT1A,5BK012802,0,PL2KT1A,DAIHEN,2022-10-02,2022-10-07,2006.0,200,230/121/22,53.0,7.0,13.0,86.0,102.0,0.0,0.0,119.0,2369.0,3982.0,52973.0,5.0,41.0,366.0,320.0,366.0,366.0,1,raw_available,46.0,
5BK012802,PL2,KT1A,5BK012802,0,PL2KT1A,DAIHEN,2023-04-07,2023-04-30,2006.0,200,230/121/22,58.0,10.0,40.0,79.0,98.0,4.0,0.0,176.0,3112.0,6561.0,56282.0,4.0,51.0,452.0,397.0,452.0,452.0,1,raw_available,55.0,
5BK012802,PL2,KT1A,5BK012802,0,PL2KT1A,DAIHEN,2024-04-08,2024-04-27,2006.0,200,230/121/22,66.0,10.0,38.0,104.0,145.0,3.0,0.0,180.0,4212.0,9300.0,32510.0,48.0,92.0,610.0,470.0,610.0,610.0,1,raw_available,140.0,
5BK012901,BN,KT4A,5BK012901,0,BNKT4A,DAIHEN,2019-05-12,2019-05-25,2004.0,200,230/115/22,58.0,20.0,36.0,15.0,10.0,2.0,0.0,206.0,2644.0,5560.0,31091.0,2.0,3.0,274.0,269.0,274.0,274.0,1,raw_available,5.0,
5BK012901,BN,KT4A,5BK012901,0,BNKT4A,DAIHEN,2019-11-04,2019-12-14,2004.0,200,230/115/22,54.0,22.0,16.0,9.0,12.0,1.0,0.0,113.0,1991.0,18092.0,47423.0,1.0,6.0,158.0,151.0,158.0,158.0,1,raw_available,7.0,
5BK012901,BN,KT4A,5BK012901,0,BNKT4A,DAIHEN,2020-06-03,2020-07-03,2004.0,200,230/115/22,,12.0,33.0,17.0,21.0,0.0,0.0,182.0,2705.0,6542.0,27929.0,0.0,0.0,253.0,253.0,253.0,253.0,1,raw_available,0.0,
5BK012901,BN,KT4A,5BK012901,0,BNKT4A,DAIHEN,2020-11-21,2020-11-30,2004.0,200,230/115/22,56.0,12.0,25.0,18.0,14.0,3.0,0.0,166.0,2559.0,7706.0,26761.0,0.0,0.0,226.0,226.0,226.0,226.0,1,raw_available,0.0,
5BK012901,BN,KT4A,5BK012901,0,BNKT4A,DAIHEN,2021-05-18,2021-06-21,2004.0,200,230/115/22,58.0,14.0,33.0,25.0,14.0,0.0,0.0,134.0,2489.0,6779.0,39048.0,0.0,7.0,213.0,206.0,213.0,213.0,1,raw_available,7.0,
5BK012901,BN,KT4A,5BK012901,0,BNKT4A,DAIHEN,2021-11-15,2021-11-21,2004.0,200,230/115/22,54.0,7.0,21.0,33.0,24.0,0.0,0.0,157.0,3351.0,4286.0,26968.0,6.0,12.0,253.0,235.0,253.0,253.0,1,raw_available,18.0,
5BK012901,BN,KT4A,5BK012901,0,BNKT4A,DAIHEN,2022-05-30,2022-06-04,2004.0,200,230/115/22,54.0,10.0,23.0,21.0,30.0,2.0,0.0,178.0,3138.0,7733.0,29648.0,0.0,0.0,254.0,254.0,254.0,254.0,1,raw_available,0.0,
5BK012901,BN,KT4A,5BK012901,0,BNKT4A,DAIHEN,2022-11-26,2022-11-28,2004.0,200,230/115/22,56.0,6.0,34.0,36.0,32.0,2.0,0.0,180.0,2922.0,7650.0,28837.0,10.0,17.0,311.0,284.0,311.0,311.0,1,raw_available,27.0,
5BK012901,BN,KT4A,5BK012901,0,BNKT4A,DAIHEN,2023-05-19,2023-05-25,2004.0,200,230/115/22,61.0,9.0,48.0,42.0,38.0,5.0,0.0,223.0,3322.0,6139.0,38748.0,2.0,20.0,378.0,356.0,378.0,378.0,1,raw_available,22.0,
5BK012901,BN,KT4A,5BK012901,0,BNKT4A,DAIHEN,2023-11-24,2023-12-25,2004.0,200,230/115/22,51.0,11.0,71.0,45.0,39.0,9.0,0.0,196.0,3297.0,8371.0,37112.0,4.0,48.0,412.0,360.0,412.0,412.0,1,raw_available,52.0,
5BK013001,LSN,KT3A,5BK013001,0,LSNKT3A,DAIHEN,2019-03-11,2019-03-18,2006.0,200,230/115/22,59.0,14.0,52.0,69.0,124.0,0.0,0.0,135.0,3032.0,8053.0,47001.0,0.0,43.0,423.0,380.0,423.0,423.0,1,raw_available,43.0,
5BK013001,LSN,KT3A,5BK013001,0,LSNKT3A,DAIHEN,2019-09-22,2019-09-27,2006.0,200,230/115/22,71.0,10.0,32.0,75.0,152.0,6.0,0.0,161.0,3271.0,9105.0,41008.0,0.0,38.0,464.0,426.0,464.0,464.0,1,raw_available,38.0,
5BK013001,LSN,KT3A,5BK013001,0,LSNKT3A,DAIHEN,2019-10-27,2019-11-11,2006.0,200,230/115/22,,19.0,9.0,35.0,95.0,6.0,0.0,59.0,2384.0,30796.0,60144.0,0.0,64.0,268.0,204.0,268.0,268.0,1,raw_available,64.0,ทดสอบหลังปลดออกจากระบบ ก่อนนำไปใช้งานที่ สฟ.หลังสวน
5BK013001,LSN,KT3A,5BK013001,0,LSNKT3A,DAIHEN,2019-12-06,2019-12-15,2006.0,200,230/115/22,,17.0,0.0,0.0,0.0,0.0,0.0,19.0,172.0,7164.0,18509.0,0.0,0.0,19.0,19.0,19.0,19.0,1,raw_available,0.0,ย้ายมาจาก SR2-KT4A หลัง Purify
5BK013001,LSN,KT3A,5BK013001,0,LSNKT3A,DAIHEN,2020-05-02,2020-05-31,2006.0,200,230/115/22,66.0,17.0,4.0,13.0,7.0,0.0,0.0,67.0,885.0,8541.0,20058.0,3.0,3.0,97.0,91.0,97.0,97.0,1,raw_available,6.0,
5BK013001,LSN,KT3A,5BK013001,0,LSNKT3A,DAIHEN,2020-11-08,2020-11-27,2006.0,200,230/115/22,62.0,17.0,16.0,14.0,10.0,1.0,0.0,74.0,968.0,4546.0,28067.0,3.0,4.0,122.0,115.0,122.0,122.0,1,raw_available,7.0,
5BK013001,LSN,KT3A,5BK013001,0,LSNKT3A,DAIHEN,2021-05-04,2021-07-24,2006.0,200,230/115/22,60.0,30.0,9.0,0.0,20.0,0.0,0.0,83.0,1217.0,20957.0,44955.0,0.0,0.0,112.0,112.0,112.0,112.0,1,raw_available,0.0,
5BK013001,LSN,KT3A,5BK013001,0,LSNKT3A,DAIHEN,2021-11-02,2021-11-23,2006.0,200,230/115/22,61.0,12.0,3.0,16.0,15.0,0.0,0.0,75.0,2005.0,4250.0,20550.0,4.0,8.0,121.0,109.0,121.0,121.0,1,raw_available,12.0,
5BK013001,LSN,KT3A,5BK013001,0,LSNKT3A,DAIHEN,2022-04-29,2022-05-15,2006.0,200,230/115/22,64.0,12.0,10.0,16.0,24.0,0.0,0.0,97.0,1921.0,3338.0,18528.0,0.0,0.0,147.0,147.0,147.0,147.0,1,raw_available,0.0,
5BK013001,LSN,KT3A,5BK013001,0,LSNKT3A,DAIHEN,2022-11-27,2023-01-13,2006.0,200,230/115/22,56.0,12.0,2.0,19.0,22.0,2.0,0.0,93.0,1515.0,17556.0,44067.0,1.0,11.0,150.0,138.0,150.0,150.0,1,raw_available,12.0,
5BK013001,LSN,KT3A,5BK013001,0,LSNKT3A,DAIHEN,2023-04-29,2023-05-18,2006.0,200,230/115/22,60.0,12.0,2.0,13.0,17.0,0.0,0.0,86.0,1475.0,20330.0,51550.0,3.0,10.0,131.0,118.0,131.0,131.0,1,raw_available,13.0,
5BK013001,LSN,KT3A,5BK013001,0,LSNKT3A,DAIHEN,2023-11-23,2024-01-27,2006.0,200,230/115/22,57.0,21.0,17.0,21.0,29.0,1.0,0.0,105.0,1355.0,10682.0,30287.0,2.0,20.0,195.0,173.0,195.0,195.0,1,raw_available,22.0,
5BK013201,SA1,KT2A,5BK013201,0,SA1KT2A,DAIHEN,2019-10-20,2019-10-26,2006.0,200,230/121/22,62.0,21.0,54.0,83.0,151.0,5.0,0.0,256.0,6870.0,10251.0,42207.0,0.0,64.0,613.0,549.0,613.0,613.0,1,raw_available,64.0,
5BK013201,SA1,KT2A,5BK013201,0,SA1KT2A,DAIHEN,2019-11-08,2019-11-30,2006.0,200,230/121/22,60.0,14.0,63.0,87.0,158.0,6.0,0.0,286.0,6975.0,15900.0,37434.0,0.0,69.0,669.0,600.0,669.0,669.0,1,raw_available,69.0,
5BK013201,SA1,KT2A,5BK013201,0,SA1KT2A,DAIHEN,2020-03-20,2020-04-10,2006.0,200,230/121/22,,9.0,32.0,218.0,146.0,5.0,1.0,118.0,4945.0,11327.0,48328.0,0.0,68.0,588.0,520.0,588.0,588.0,1,raw_available,68.0,
5BK013201,SA1,KT2A,5BK013201,0,SA1KT2A,DAIHEN,2020-04-17,2020-04-17,2006.0,200,230/121/22,,9.0,79.0,73.0,150.0,8.0,2.0,174.0,6921.0,3763.0,31948.0,0.0,17.0,503.0,486.0,503.0,503.0,1,raw_available,17.0,Trip Buchholtz relay
5BK013201,SA1,KT2A,5BK013201,0,SA1KT2A,DAIHEN,2020-04-19,2020-04-21,2006.0,200,230/121/22,,9.0,76.0,82.0,154.0,5.0,2.0,197.0,7086.0,3567.0,58919.0,0.0,83.0,599.0,516.0,599.0,599.0,1,raw_available,83.0,
5BK013201,SA1,KT2A,5BK013201,0,SA1KT2A,DAIHEN,2020-05-18,2020-06-05,2006.0,200,230/121/22,62.0,16.0,70.0,80.0,142.0,4.0,1.0,151.0,3500.0,3215.0,46373.0,0.0,75.0,523.0,448.0,523.0,523.0,1,raw_available,75.0,
5BK013201,SA1,KT2A,5BK013201,0,SA1KT2A,DAIHEN,2020-10-04,2020-10-05,2006.0,200,230/121/22,,8.0,65.0,70.0,177.0,6.0,0.0,156.0,6577.0,3758.0,26743.0,0.0,121.0,595.0,474.0,595.0,595.0,1,raw_available,121.0,
5BK013201,SA1,KT2A,5BK013201,0,SA1KT2A,DAIHEN,2021-03-02,2021-03-16,2006.0,200,230/121/22,,13.0,10.0,0.0,130.0,5.0,0.0,29.0,3669.0,18618.0,41441.0,0.0,35.0,209.0,174.0,209.0,209.0,1,raw_available,35.0,
5BK013201,SA1,KT2A,5BK013201,0,SA1KT2A,DAIHEN,2021-05-21,2021-07-25,2006.0,200,230/121/22,65.0,24.0,11.0,53.0,141.0,3.0,0.0,178.0,2867.0,7570.0,39832.0,0.0,44.0,430.0,386.0,430.0,430.0,1,raw_available,44.0,
5BK013201,SA1,KT2A,5BK013201,0,SA1KT2A,DAIHEN,2022-05-28,2022-06-10,2006.0,200,230/121/22,63.0,12.0,29.0,15.0,31.0,3.0,0.0,171.0,4337.0,6150.0,42035.0,0.0,0.0,249.0,249.0,249.0,249.0,1,raw_available,0.0,
5BK013201,SA1,KT2A,5BK013201,0,SA1KT2A,DAIHEN,2022-11-18,2022-12-11,2006.0,200,230/121/22,55.0,9.0,42.0,34.0,12.0,2.0,0.0,180.0,4623.0,4110.0,48454.0,0.0,21.0,291.0,270.0,291.0,291.0,1,raw_available,21.0,
5BK013201,SA1,KT2A,5BK013201,0,SA1KT2A,DAIHEN,2023-05-25,2023-06-09,2006.0,200,230/121/22,58.0,7.0,35.0,44.0,128.0,4.0,0.0,194.0,5237.0,5974.0,39096.0,1.0,36.0,442.0,405.0,442.0,442.0,1,raw_available,37.0,
5BK013201,SA1,KT2A,5BK013201,0,SA1KT2A,DAIHEN,2023-11-23,2023-12-28,2006.0,200,230/121/22,50.0,6.0,53.0,38.0,61.0,5.0,0.0,204.0,5618.0,9856.0,51083.0,0.0,34.0,395.0,361.0,395.0,395.0,1,raw_available,34.0,
5BK013202,SA1,KT4A,5BK013202,0,SA1KT4A,DAIHEN,2019-10-20,2019-10-25,2006.0,200,230/121/22,60.0,17.0,44.0,83.0,147.0,5.0,0.0,140.0,6056.0,4873.0,47698.0,0.0,82.0,501.0,419.0,501.0,501.0,1,raw_available,82.0,
5BK013202,SA1,KT4A,5BK013202,0,SA1KT4A,DAIHEN,2019-11-08,2019-11-30,2006.0,200,230/121/22,56.0,16.0,27.0,64.0,145.0,6.0,0.0,115.0,5391.0,19251.0,48759.0,0.0,71.0,428.0,357.0,428.0,428.0,1,raw_available,71.0,
5BK013202,SA1,KT4A,5BK013202,0,SA1KT4A,DAIHEN,2020-03-20,2020-04-10,2006.0,200,230/121/22,,9.0,34.0,66.0,162.0,4.0,1.0,107.0,4418.0,9419.0,36259.0,0.0,73.0,447.0,374.0,447.0,447.0,1,raw_available,73.0,
5BK013202,SA1,KT4A,5BK013202,0,SA1KT4A,DAIHEN,2020-04-19,2020-04-21,2006.0,200,230/121/22,,9.0,37.0,75.0,171.0,5.0,1.0,142.0,5730.0,3468.0,58425.0,0.0,92.0,523.0,431.0,523.0,523.0,1,raw_available,92.0,
5BK013202,SA1,KT4A,5BK013202,0,SA1KT4A,DAIHEN,2020-05-18,2020-06-05,2006.0,200,230/121/22,55.0,14.0,39.0,71.0,151.0,6.0,0.0,122.0,4793.0,4988.0,35280.0,0.0,125.0,514.0,389.0,514.0,514.0,1,raw_available,125.0,
5BK013202,SA1,KT4A,5BK013202,0,SA1KT4A,DAIHEN,2020-09-28,2020-09-28,2006.0,200,230/121/22,80.0,8.0,66.0,70.0,145.0,6.0,5.0,120.0,4798.0,6478.0,44257.0,0.0,80.0,459.0,412.0,459.0,459.0,1,raw_available,47.0,
5BK013202,SA1,KT4A,5BK013202,0,SA1KT4A,DAIHEN,2020-09-29,2020-09-29,2006.0,200,230/121/22,,9.0,56.0,66.0,163.0,5.0,4.0,118.0,4752.0,7745.0,41773.0,0.0,79.0,491.0,412.0,491.0,491.0,1,raw_available,79.0,เก็บครั้งที่2และทดสอบครั้งที่2
5BK013202,SA1,KT4A,5BK013202,0,SA1KT4A,DAIHEN,2020-10-02,2020-10-02,2006.0,200,230/121/22,42.0,12.0,53.0,67.0,166.0,8.0,4.0,133.0,5664.0,6423.0,33747.0,0.0,109.0,540.0,431.0,540.0,540.0,1,raw_available,109.0,หลังจ่าย No Load ประมาณ 2 วัน
5BK013202,SA1,KT4A,5BK013202,0,SA1KT4A,DAIHEN,2020-10-04,2020-10-05,2006.0,200,230/121/22,56.0,4.0,52.0,73.0,167.0,6.0,3.0,122.0,5230.0,4822.0,29054.0,0.0,91.0,514.0,423.0,514.0,514.0,1,raw_available,91.0,หลังจ่าย Load ประมาณ2วัน
5BK013202,SA1,KT4A,5BK013202,0,SA1KT4A,DAIHEN,2021-05-21,2021-07-25,2006.0,200,230/121/22,68.0,19.0,41.0,65.0,157.0,5.0,0.0,119.0,4280.0,9852.0,36991.0,0.0,45.0,432.0,387.0,432.0,432.0,1,raw_available,45.0,
5BK013202,SA1,KT4A,5BK013202,0,SA1KT4A,DAIHEN,2022-05-08,2022-06-11,2006.0,200,230/121/22,64.0,10.0,52.0,66.0,233.0,8.0,0.0,133.0,5357.0,5465.0,46598.0,17.0,67.0,576.0,492.0,576.0,576.0,1,raw_available,84.0,
5BK013202,SA1,KT4A,5BK013202,0,SA1KT4A,DAIHEN,2022-11-18,2022-12-09,2006.0,200,230/121/22,54.0,12.0,62.0,96.0,236.0,7.0,0.0,141.0,5410.0,5089.0,43361.0,92.0,97.0,731.0,542.0,731.0,731.0,1,raw_available,189.0,
5BK013202,SA1,KT4A,5BK013202,0,SA1KT4A,DAIHEN,2023-05-25,2023-06-10,2006.0,200,230/121/22,56.0,10.0,38.0,117.0,269.0,9.0,0.0,167.0,6292.0,6627.0,60190.0,4.0,95.0,699.0,600.0,699.0,699.0,1,raw_available,99.0,
5BK013202,SA1,KT4A,5BK013202,0,SA1KT4A,DAIHEN,2023-11-23,2023-12-28,2006.0,200,230/121/22,48.0,5.0,78.0,128.0,248.0,10.0,0.0,186.0,6980.0,5412.0,57274.0,5.0,110.0,765.0,650.0,765.0,765.0,1,raw_available,115.0,
5BK013801,HY2,KT5A,5BK013801,0,HY2KT5A,DAIHEN,2019-01-26,2019-04-07,2011.0,200,230/115/33,62.0,21.0,11.0,31.0,70.0,0.0,0.0,103.0,2124.0,13633.0,48792.0,0.0,20.0,235.0,215.0,235.0,235.0,1,raw_available,20.0,
5BK013801,HY2,KT5A,5BK013801,0,HY2KT5A,DAIHEN,2019-07-13,2019-09-05,2011.0,200,230/115/33,61.0,26.0,15.0,36.0,74.0,0.0,0.0,112.0,2257.0,4549.0,30931.0,0.0,21.0,258.0,237.0,258.0,258.0,1,raw_available,21.0,
5BK013801,HY2,KT5A,5BK013801,0,HY2KT5A,DAIHEN,2019-11-11,2019-11-12,2011.0,200,230/115/33,,8.0,15.0,46.0,86.0,0.0,0.0,118.0,2801.0,4891.0,39595.0,0.0,35.0,300.0,265.0,300.0,300.0,1,raw_available,35.0,
5BK013801,HY2,KT5A,5BK013801,0,HY2KT5A,DAIHEN,2020-04-05,2020-05-15,2011.0,200,230/115/33,62.0,22.0,9.0,36.0,82.0,0.0,0.0,103.0,2318.0,13909.0,41179.0,0.0,22.0,252.0,230.0,252.0,252.0,1,raw_available,22.0,
5BK013801,HY2,KT5A,5BK013801,0,HY2KT5A,DAIHEN,2020-07-12,2020-08-24,2011.0,200,230/115/33,52.0,14.0,28.0,26.0,72.0,0.0,0.0,52.0,1873.0,6932.0,52121.0,0.0,46.0,224.0,178.0,224.0,224.0,1,raw_available,46.0,
5BK013801,HY2,KT5A,5BK013801,0,HY2KT5A,DAIHEN,2021-08-07,2021-11-15,2011.0,200,230/115/33,66.0,20.0,8.0,37.0,115.0,0.0,0.0,110.0,2710.0,14405.0,41653.0,0.0,15.0,285.0,270.0,285.0,285.0,1,raw_available,15.0,
5BK013801,HY2,KT5A,5BK013801,0,HY2KT5A,DAIHEN,2022-01-30,2022-02-14,2011.0,200,230/115/33,69.0,6.0,15.0,50.0,122.0,0.0,0.0,132.0,3776.0,4867.0,34059.0,0.0,37.0,356.0,319.0,356.0,356.0,1,raw_available,37.0,
5BK013801,HY2,KT5A,5BK013801,0,HY2KT5A,DAIHEN,2022-07-10,2022-07-24,2011.0,200,230/115/33,66.0,10.0,10.0,40.0,93.0,0.0,0.0,197.0,4484.0,4900.0,49120.0,3.0,48.0,391.0,340.0,391.0,391.0,1,raw_available,51.0,
5BK013801,HY2,KT5A,5BK013801,0,HY2KT5A,DAIHEN,2023-01-20,2023-03-11,2011.0,200,230/115/33,60.0,16.0,9.0,54.0,101.0,0.0,0.0,212.0,4658.0,7784.0,36613.0,0.0,40.0,416.0,376.0,416.0,416.0,1,raw_available,40.0,
5BK013801,HY2,KT5A,5BK013801,0,HY2KT5A,DAIHEN,2023-08-14,2023-11-02,2011.0,200,230/115/33,69.0,25.0,7.0,43.0,133.0,1.0,0.0,133.0,3848.0,9704.0,60892.0,0.0,49.0,366.0,317.0,366.0,366.0,1,raw_available,49.0,
5BK013801,HY2,KT5A,5BK013801,0,HY2KT5A,DAIHEN,2024-02-19,2024-04-09,2011.0,200,230/115/33,70.0,14.0,8.0,55.0,106.0,0.0,0.0,145.0,4367.0,8567.0,36704.0,0.0,58.0,372.0,314.0,372.0,372.0,1,raw_available,58.0,
5BK013802,PU,KT2A,5BK013802,0,PUKT2A,DAIHEN,2019-03-15,2019-06-30,2010.0,200,230/121/33,44.0,24.0,8.0,17.0,30.0,0.0,0.0,130.0,621.0,14918.0,44112.0,0.0,12.0,197.0,185.0,197.0,197.0,1,raw_available,12.0,
5BK013802,PU,KT2A,5BK013802,0,PUKT2A,DAIHEN,2019-09-19,2019-11-23,2010.0,200,230/121/33,45.0,23.0,17.0,16.0,25.0,0.0,0.0,0.0,0.0,10950.0,42340.0,0.0,13.0,71.0,58.0,71.0,71.0,1,raw_available,13.0,
5BK013802,PU,KT2A,5BK013802,0,PUKT2A,DAIHEN,2020-04-24,2020-05-26,2010.0,200,230/121/33,46.0,13.0,27.0,37.0,38.0,0.0,0.0,142.0,531.0,11152.0,48831.0,0.0,23.0,267.0,244.0,267.0,267.0,1,raw_available,23.0,
5BK013802,PU,KT2A,5BK013802,0,PUKT2A,DAIHEN,2020-09-08,2020-11-10,2010.0,200,230/121/33,41.0,17.0,4.0,13.0,26.0,2.0,0.0,196.0,703.0,4940.0,33895.0,3.0,14.0,258.0,241.0,258.0,258.0,1,raw_available,17.0,
5BK013802,PU,KT2A,5BK013802,0,PUKT2A,DAIHEN,2021-03-12,2021-05-23,2010.0,200,230/121/33,44.0,12.0,9.0,17.0,20.0,2.0,0.0,258.0,1092.0,8440.0,49384.0,2.0,9.0,317.0,306.0,317.0,317.0,1,raw_available,11.0,
5BK013802,PU,KT2A,5BK013802,0,PUKT2A,DAIHEN,2021-09-05,2021-11-17,2010.0,200,230/121/33,41.0,16.0,13.0,0.0,28.0,0.0,0.0,190.0,713.0,11850.0,36981.0,0.0,0.0,231.0,231.0,231.0,231.0,1,raw_available,0.0,
5BK013802,PU,KT2A,5BK013802,0,PUKT2A,DAIHEN,2022-03-26,2022-04-25,2010.0,200,230/121/33,40.0,17.0,6.0,15.0,16.0,1.0,0.0,132.0,716.0,8824.0,48625.0,9.0,10.0,189.0,170.0,189.0,189.0,1,raw_available,19.0,
5BK013802,PU,KT2A,5BK013802,0,PUKT2A,DAIHEN,2022-09-12,2022-10-08,2010.0,200,230/121/33,42.0,9.0,5.0,26.0,21.0,1.0,0.0,171.0,844.0,7330.0,50300.0,0.0,13.0,237.0,224.0,237.0,237.0,1,raw_available,13.0,
5BK013802,PU,KT2A,5BK013802,0,PUKT2A,DAIHEN,2023-03-17,2023-04-09,2010.0,200,230/121/33,52.0,12.0,7.0,13.0,21.0,0.0,0.0,286.0,1183.0,7182.0,37195.0,0.0,8.0,335.0,327.0,335.0,335.0,1,raw_available,8.0,
5BK013802,PU,KT2A,5BK013802,0,PUKT2A,DAIHEN,2023-09-21,2023-10-26,2010.0,200,230/121/33,54.0,17.0,12.0,23.0,25.0,13.0,0.0,283.0,1303.0,11166.0,51488.0,3.0,12.0,371.0,356.0,371.0,371.0,1,raw_available,15.0,
5BK013802,PU,KT2A,5BK013802,0,PUKT2A,DAIHEN,2024-03-11,2024-04-09,2010.0,200,230/121/33,52.0,5.0,6.0,21.0,6.0,0.0,0.0,263.0,1200.0,10622.0,40571.0,0.0,0.0,296.0,296.0,296.0,296.0,1,raw_available,0.0,
5BK014001,BI2,KT4A,5BK014001,0,BI2KT4A,DAIHEN,2019-03-14,2019-03-30,2011.0,200,230,74.0,14.0,15.0,27.0,66.0,0.0,0.0,146.0,2585.0,8310.0,36018.0,0.0,25.0,279.0,254.0,279.0,279.0,1,raw_available,25.0,
5BK014001,BI2,KT4A,5BK014001,0,BI2KT4A,DAIHEN,2020-03-21,2020-04-04,2011.0,200,230,70.0,15.0,79.0,59.0,123.0,0.0,0.0,108.0,1628.0,5980.0,51370.0,15.0,79.0,463.0,369.0,463.0,463.0,1,raw_available,94.0,
5BK014001,BI2,KT4A,5BK014001,0,BI2KT4A,DAIHEN,2021-03-20,2021-05-09,2011.0,200,230,66.0,20.0,35.0,47.0,118.0,0.0,0.0,115.0,1895.0,7869.0,51304.0,0.0,92.0,407.0,315.0,407.0,407.0,1,raw_available,92.0,
5BK014001,BI2,KT4A,5BK014001,0,BI2KT4A,DAIHEN,2022-04-29,2022-05-08,2011.0,200,230,57.0,7.0,51.0,45.0,114.0,0.0,0.0,111.0,3378.0,4387.0,54750.0,2.0,72.0,419.0,321.0,419.0,419.0,1,raw_available,98.0,
5BK014001,BI2,KT4A,5BK014001,0,BI2KT4A,DAIHEN,2022-09-09,2022-10-02,2011.0,200,230,62.0,15.0,44.0,50.0,124.0,0.0,0.0,136.0,2462.0,3096.0,55521.0,0.0,72.0,426.0,354.0,426.0,426.0,1,raw_available,72.0,
5BK014001,BI2,KT4A,5BK014001,0,BI2KT4A,DAIHEN,2023-01-23,2023-01-23,2011.0,200,230,38.0,12.0,81.0,59.0,145.0,3.0,0.0,195.0,4254.0,9198.0,51435.0,6.0,71.0,560.0,483.0,560.0,560.0,1,raw_available,77.0,
5BK014001,BI2,KT4A,5BK014001,0,BI2KT4A,DAIHEN,2023-03-25,2023-04-03,2011.0,200,230,72.0,10.0,38.0,61.0,126.0,0.0,0.0,154.0,4152.0,4160.0,48360.0,3.0,87.0,469.0,379.0,469.0,469.0,1,raw_available,90.0,
5BK014001,BI2,KT4A,5BK014001,0,BI2KT4A,DAIHEN,2023-10-15,2023-12-14,2011.0,200,230,68.0,17.0,32.0,64.0,150.0,4.0,0.0,198.0,5979.0,11195.0,53328.0,1.0,74.0,523.0,448.0,523.0,523.0,1,raw_available,75.0,
5BK014001,BI2,KT4A,5BK014001,0,BI2KT4A,DAIHEN,2024-03-23,2024-04-20,2011.0,200,230,69.0,17.0,16.0,66.0,181.0,36.0,0.0,193.0,4916.0,14193.0,63335.0,3.0,83.0,578.0,492.0,578.0,578.0,1,raw_available,86.0,
5BK014062,BWN,KT4A,5BK014062,0,BWNKT4A,DAIHEN,2021-05-23,2021-07-20,2010.0,200,230,61.0,15.0,19.0,12.0,21.0,0.0,0.0,164.0,1905.0,7284.0,35242.0,0.0,0.0,216.0,216.0,216.0,216.0,1,raw_available,0.0,
5BK014062,BWN,KT4A,5BK014062,0,BWNKT4A,DAIHEN,2022-05-12,2022-05-20,2010.0,200,230,62.0,5.0,29.0,18.0,27.0,24.0,0.0,94.0,2057.0,5624.0,44425.0,2.0,0.0,194.0,192.0,194.0,194.0,1,raw_available,2.0,
5BK014062,BWN,KT4A,5BK014062,0,BWNKT4A,DAIHEN,2022-12-16,2023-01-06,2010.0,200,230,52.0,14.0,13.0,20.0,29.0,0.0,0.0,131.0,3121.0,7618.0,38432.0,2.0,17.0,212.0,193.0,212.0,212.0,1,raw_available,19.0,
5BK014062,BWN,KT4A,5BK014062,0,BWNKT4A,DAIHEN,2023-06-24,2023-06-29,2010.0,200,230,58.0,6.0,22.0,35.0,43.0,1.0,0.0,184.0,2516.0,5968.0,40887.0,1.0,0.0,286.0,285.0,286.0,286.0,1,raw_available,1.0,
5BK014062,BWN,KT4A,5BK014062,0,BWNKT4A,DAIHEN,2024-03-10,2024-04-09,2010.0,200,230,56.0,7.0,20.0,52.0,113.0,75.0,0.0,214.0,3180.0,8012.0,43096.0,62.0,45.0,581.0,474.0,581.0,581.0,1,raw_available,107.0,
5BK014201,NN,KT5A,5BK014201,0,NNKT5A,DAIHEN,2019-02-10,2019-05-12,2010.0,200,230/121/22,42.0,24.0,18.0,6.0,0.0,0.0,0.0,193.0,857.0,9938.0,26318.0,0.0,0.0,217.0,217.0,217.0,217.0,1,raw_available,0.0,
5BK014201,NN,KT5A,5BK014201,0,NNKT5A,DAIHEN,2020-04-11,2020-05-24,2010.0,200,230/121/22,49.0,19.0,12.0,0.0,0.0,0.0,0.0,201.0,997.0,11366.0,47034.0,0.0,0.0,213.0,213.0,213.0,213.0,1,raw_available,0.0,ย้ายมาจาก SO2-KT1A
5BK014201,NN,KT5A,5BK014201,0,NNKT5A,DAIHEN,2020-07-05,2020-08-15,2010.0,200,230/121/22,45.0,16.0,20.0,0.0,0.0,0.0,0.0,89.0,1060.0,20470.0,147810.0,0.0,0.0,109.0,109.0,109.0,109.0,1,raw_available,0.0,
5BK014201,NN,KT5A,5BK014201,0,NNKT5A,DAIHEN,2021-02-10,2021-05-24,2010.0,200,230/121/22,48.0,26.0,32.0,2.0,1.0,1.0,0.0,459.0,2287.0,13485.0,51229.0,1.0,2.0,498.0,495.0,498.0,498.0,1,raw_available,3.0,
5BK014201,NN,KT5A,5BK014201,0,NNKT5A,DAIHEN,2021-09-04,2021-11-06,2010.0,200,230/121/22,45.0,15.0,18.0,0.0,0.0,0.0,0.0,540.0,1475.0,9555.0,47333.0,0.0,0.0,558.0,558.0,558.0,558.0,1,raw_available,0.0,
5BK014201,NN,KT5A,5BK014201,0,NNKT5A,DAIHEN,2022-01-23,2022-02-07,2010.0,200,230/121/22,43.0,5.0,1.0,1.0,1.0,0.0,0.0,192.0,1097.0,12301.0,59672.0,0.0,1.0,196.0,195.0,196.0,196.0,1,raw_available,1.0,
5BK014201,NN,KT5A,5BK014201,0,NNKT5A,DAIHEN,2022-07-28,2022-08-19,2010.0,200,230/121/22,46.0,13.0,3.0,2.0,1.0,2.0,0.0,742.0,1618.0,2503.0,59641.0,0.0,0.0,750.0,750.0,750.0,750.0,1,raw_available,0.0,
5BK014201,NN,KT5A,5BK014201,0,NNKT5A,DAIHEN,2023-01-21,2023-02-02,2010.0,200,230/121/22,42.0,7.0,4.0,2.0,1.0,1.0,0.0,695.0,1830.0,9082.0,52147.0,0.0,1.0,704.0,703.0,704.0,704.0,1,raw_available,1.0,
5BK014201,NN,KT5A,5BK014201,0,NNKT5A,DAIHEN,2023-07-13,2023-08-04,2010.0,200,230/121/22,51.0,7.0,2.0,3.0,1.0,1.0,0.0,718.0,1904.0,10395.0,40662.0,0.0,3.0,728.0,725.0,728.0,728.0,1,raw_available,3.0,
5BK014201,NN,KT5A,5BK014201,0,NNKT5A,DAIHEN,2024-01-20,2024-02-11,2010.0,200,230/121/22,42.0,15.0,2.0,7.0,2.0,4.0,0.0,761.0,1903.0,39430.0,45350.0,3.0,1.0,780.0,776.0,780.0,780.0,1,raw_available,4.0,
5BK014202,SO2,KT2A,5BK014202,0,SO2KT2A,DAIHEN,2019-02-10,2019-05-12,2010.0,120/160/200,230/121/22,42.0,15.0,19.0,0.0,0.0,0.0,0.0,161.0,707.0,10938.0,26610.0,0.0,0.0,180.0,180.0,180.0,180.0,1,raw_available,0.0,
5BK014202,SO2,KT2A,5BK014202,0,SO2KT2A,DAIHEN,2019-08-31,2019-09-28,2010.0,120/160/200,230/121/22,48.0,12.0,29.0,7.0,6.0,0.0,0.0,164.0,846.0,10591.0,51024.0,0.0,2.0,208.0,206.0,208.0,208.0,1,raw_available,2.0,
5BK014202,SO2,KT2A,5BK014202,0,SO2KT2A,DAIHEN,2020-04-12,2020-05-17,2010.0,120/160/200,230/121/22,50.0,9.0,16.0,2.0,1.0,0.0,0.0,364.0,1027.0,6072.0,23267.0,0.0,0.0,383.0,383.0,383.0,383.0,1,raw_available,0.0,
5BK014202,SO2,KT2A,5BK014202,0,SO2KT2A,DAIHEN,2020-07-05,2020-08-15,2010.0,120/160/200,230/121/22,46.0,24.0,38.0,0.0,0.0,0.0,0.0,137.0,805.0,9890.0,42100.0,0.0,0.0,175.0,175.0,175.0,175.0,1,raw_available,0.0,
5BK014202,SO2,KT2A,5BK014202,0,SO2KT2A,DAIHEN,2021-02-11,2021-05-24,2010.0,120/160/200,230/121/22,43.0,25.0,20.0,2.0,1.0,0.0,0.0,486.0,1929.0,16659.0,44661.0,1.0,1.0,511.0,509.0,511.0,511.0,1,raw_available,2.0,
5BK014202,SO2,KT2A,5BK014202,0,SO2KT2A,DAIHEN,2021-09-03,2021-11-06,2010.0,120/160/200,230/121/22,46.0,25.0,20.0,0.0,13.0,0.0,0.0,280.0,985.0,14943.0,31864.0,0.0,0.0,313.0,313.0,313.0,313.0,1,raw_available,0.0,
5BK014202,SO2,KT2A,5BK014202,0,SO2KT2A,DAIHEN,2022-01-21,2022-02-06,2010.0,120/160/200,230/121/22,43.0,7.0,32.0,3.0,1.0,1.0,0.0,286.0,1253.0,12848.0,69831.0,1.0,1.0,325.0,323.0,325.0,325.0,1,raw_available,2.0,
5BK014202,SO2,KT2A,5BK014202,0,SO2KT2A,DAIHEN,2022-07-28,2022-08-20,2010.0,120/160/200,230/121/22,48.0,17.0,6.0,7.0,1.0,1.0,0.0,410.0,1047.0,2290.0,25607.0,0.0,0.0,425.0,425.0,425.0,425.0,1,raw_available,0.0,
5BK014202,SO2,KT2A,5BK014202,0,SO2KT2A,DAIHEN,2023-01-23,2023-02-04,2010.0,120/160/200,230/121/22,39.0,9.0,20.0,5.0,0.0,0.0,0.0,436.0,1052.0,6249.0,21579.0,0.0,0.0,461.0,461.0,461.0,461.0,1,raw_available,0.0,
5BK014202,SO2,KT2A,5BK014202,0,SO2KT2A,DAIHEN,2023-07-15,2023-08-05,2010.0,120/160/200,230/121/22,48.0,12.0,2.0,2.0,1.0,0.0,0.0,543.0,1330.0,13076.0,21119.0,1.0,1.0,550.0,548.0,550.0,550.0,1,raw_available,2.0,
5BK014202,SO2,KT2A,5BK014202,0,SO2KT2A,DAIHEN,2024-01-22,2024-02-05,2010.0,120/160/200,230/121/22,42.0,10.0,12.0,10.0,1.0,1.0,0.0,377.0,1043.0,12250.0,23340.0,2.0,1.0,404.0,401.0,404.0,404.0,1,raw_available,3.0,
5BK014203,SO2,KT3A,5BK014203,0,SO2KT3A,DAIHEN,2019-02-10,2019-05-12,2010.0,120/160/200,230/121/22,42.0,21.0,21.0,0.0,0.0,0.0,0.0,159.0,706.0,10943.0,25610.0,0.0,0.0,180.0,180.0,180.0,180.0,1,raw_available,0.0,
5BK014203,SO2,KT3A,5BK014203,0,SO2KT3A,DAIHEN,2019-08-31,2019-09-28,2010.0,120/160/200,230/121/22,48.0,10.0,28.0,2.0,0.0,0.0,0.0,267.0,934.0,7032.0,21587.0,0.0,0.0,297.0,297.0,297.0,297.0,1,raw_available,0.0,
5BK014203,SO2,KT3A,5BK014203,0,SO2KT3A,DAIHEN,2020-04-12,2020-05-17,2010.0,120/160/200,230/121/22,49.0,9.0,15.0,2.0,1.0,0.0,0.0,372.0,1009.0,6634.0,28895.0,0.0,0.0,390.0,390.0,390.0,390.0,1,raw_available,0.0,
5BK014203,SO2,KT3A,5BK014203,0,SO2KT3A,DAIHEN,2020-07-05,2020-08-15,2010.0,120/160/200,230/121/22,46.0,13.0,31.0,1.0,0.0,0.0,0.0,190.0,1114.0,8770.0,40600.0,0.0,0.0,222.0,222.0,222.0,222.0,1,raw_available,0.0,
5BK014203,SO2,KT3A,5BK014203,0,SO2KT3A,DAIHEN,2021-02-11,2021-05-24,2010.0,120/160/200,230/121/22,42.0,38.0,17.0,0.0,0.0,0.0,0.0,172.0,893.0,9042.0,46806.0,0.0,0.0,189.0,189.0,189.0,189.0,1,raw_available,0.0,
5BK014203,SO2,KT3A,5BK014203,0,SO2KT3A,DAIHEN,2021-09-03,2021-11-06,2010.0,120/160/200,230/121/22,46.0,33.0,16.0,0.0,5.0,0.0,0.0,283.0,991.0,13188.0,30079.0,0.0,0.0,304.0,304.0,304.0,304.0,1,raw_available,0.0,
5BK014203,SO2,KT3A,5BK014203,0,SO2KT3A,DAIHEN,2022-01-24,2022-02-05,2010.0,120/160/200,230/121/22,42.0,13.0,20.0,1.0,1.0,0.0,0.0,272.0,1287.0,7754.0,28196.0,0.0,0.0,294.0,294.0,294.0,294.0,1,raw_available,0.0,
5BK014203,SO2,KT3A,5BK014203,0,SO2KT3A,DAIHEN,2022-07-28,2022-08-19,2010.0,120/160/200,230/121/22,46.0,14.0,4.0,2.0,1.0,1.0,0.0,383.0,1058.0,2575.0,29441.0,0.0,0.0,391.0,391.0,391.0,391.0,1,raw_available,0.0,
5BK014203,SO2,KT3A,5BK014203,0,SO2KT3A,DAIHEN,2023-01-23,2023-02-04,2010.0,120/160/200,230/121/22,39.0,8.0,13.0,2.0,1.0,1.0,0.0,253.0,652.0,6039.0,26447.0,1.0,0.0,271.0,270.0,271.0,271.0,1,raw_available,1.0,
5BK014203,SO2,KT3A,5BK014203,0,SO2KT3A,DAIHEN,2023-07-15,2023-08-05,2010.0,120/160/200,230/121/22,47.0,11.0,3.0,19.0,5.0,17.0,0.0,294.0,793.0,11374.0,21395.0,17.0,3.0,358.0,338.0,358.0,358.0,1,raw_available,20.0,
5BK014203,SO2,KT3A,5BK014203,0,SO2KT3A,DAIHEN,2024-01-22,2024-02-05,2010.0,120/160/200,230/121/22,42.0,8.0,11.0,10.0,1.0,1.0,0.0,383.0,1165.0,13420.0,23390.0,2.0,1.0,409.0,406.0,409.0,409.0,1,raw_available,3.0,
5BK014301,SK-P,KT1A,5BK014301,0,SK-PKT1A,DAIHEN,2019-03-09,2019-03-21,2011.0,200,230/115/11,37.0,15.0,9.0,0.0,0.0,0.0,0.0,302.0,619.0,11003.0,39697.0,0.0,0.0,311.0,311.0,311.0,311.0,1,raw_available,0.0,
5BK014301,SK-P,KT1A,5BK014301,0,SK-PKT1A,DAIHEN,2019-07-12,2019-08-23,2011.0,200,230/115/11,45.0,17.0,10.0,1.0,1.0,1.0,0.0,354.0,522.0,8986.0,39505.0,1.0,1.0,369.0,367.0,369.0,369.0,1,raw_available,2.0,
5BK014301,SK-P,KT1A,5BK014301,0,SK-PKT1A,DAIHEN,2020-02-28,2020-03-07,2011.0,200,230/115/11,41.0,10.0,8.0,3.0,1.0,0.0,0.0,436.0,697.0,4436.0,39152.0,0.0,1.0,449.0,448.0,449.0,449.0,1,raw_available,1.0,
5BK014301,SK-P,KT1A,5BK014301,0,SK-PKT1A,DAIHEN,2021-01-16,2021-01-29,2011.0,200,230/115/11,35.0,9.0,23.0,1.0,1.0,0.0,0.0,493.0,984.0,7749.0,48431.0,0.0,1.0,519.0,518.0,519.0,519.0,1,raw_available,1.0,
5BK014301,SK-P,KT1A,5BK014301,0,SK-PKT1A,DAIHEN,2021-07-03,2021-10-04,2011.0,200,230/115/11,46.0,21.0,9.0,0.0,14.0,0.0,0.0,412.0,708.0,18810.0,38740.0,0.0,0.0,435.0,435.0,435.0,435.0,1,raw_available,0.0,
5BK014301,SK-P,KT1A,5BK014301,0,SK-PKT1A,DAIHEN,2022-01-16,2022-01-23,2011.0,200,230/115/11,35.0,6.0,11.0,1.0,1.0,0.0,0.0,401.0,944.0,7030.0,40330.0,0.0,1.0,415.0,414.0,415.0,415.0,1,raw_available,1.0,
5BK014301,SK-P,KT1A,5BK014301,0,SK-PKT1A,DAIHEN,2022-06-26,2022-07-01,2011.0,200,230/115/11,46.0,11.0,17.0,2.0,2.0,0.0,0.0,596.0,954.0,9267.0,37173.0,0.0,0.0,617.0,617.0,617.0,617.0,1,raw_available,0.0,
5BK014301,SK-P,KT1A,5BK014301,0,SK-PKT1A,DAIHEN,2022-12-26,2023-01-14,2011.0,200,230/115/11,38.0,9.0,5.0,1.0,1.0,0.0,0.0,448.0,806.0,8740.0,37240.0,0.0,1.0,456.0,455.0,456.0,456.0,1,raw_available,1.0,
5BK014301,SK-P,KT1A,5BK014301,0,SK-PKT1A,DAIHEN,2023-06-26,2023-07-01,2011.0,200,230/115/11,49.0,10.0,14.0,2.0,2.0,0.0,0.0,575.0,1003.0,4365.0,39471.0,0.0,2.0,595.0,593.0,595.0,595.0,1,raw_available,2.0,
5BK014301,SK-P,KT1A,5BK014301,0,SK-PKT1A,DAIHEN,2024-04-19,2024-04-27,2011.0,200,230/115/11,51.0,8.0,31.0,6.0,9.0,3.0,0.0,608.0,1037.0,8957.0,45256.0,1.0,5.0,663.0,657.0,663.0,663.0,1,raw_available,6.0,
5BK014302,SK-P,KT2A,5BK014302,0,SK-PKT2A,DAIHEN,2019-03-08,2019-03-21,2011.0,200,230/11,39.0,18.0,14.0,0.0,14.0,0.0,0.0,548.0,1359.0,8017.0,38496.0,0.0,0.0,576.0,576.0,576.0,576.0,1,raw_available,0.0,
5BK014302,SK-P,KT2A,5BK014302,0,SK-PKT2A,DAIHEN,2019-07-12,2019-08-23,2011.0,200,230/11,47.0,22.0,10.0,2.0,6.0,2.0,0.0,616.0,1730.0,10569.0,48060.0,2.0,4.0,642.0,636.0,642.0,642.0,1,raw_available,6.0,
5BK014302,SK-P,KT2A,5BK014302,0,SK-PKT2A,DAIHEN,2020-01-27,2020-02-14,2011.0,200,230/11,40.0,6.0,37.0,6.0,14.0,0.0,0.0,848.0,1602.0,5360.0,45950.0,4.0,6.0,915.0,905.0,915.0,915.0,1,raw_available,10.0,
5BK014302,SK-P,KT2A,5BK014302,0,SK-PKT2A,DAIHEN,2021-01-16,2021-01-29,2011.0,200,230/11,36.0,11.0,31.0,4.0,7.0,0.0,0.0,585.0,1964.0,5985.0,51700.0,0.0,5.0,632.0,627.0,632.0,632.0,1,raw_available,5.0,
5BK014302,SK-P,KT2A,5BK014302,0,SK-PKT2A,DAIHEN,2021-07-03,2021-10-04,2011.0,200,230/11,47.0,12.0,14.0,0.0,10.0,0.0,0.0,576.0,1802.0,13855.0,41875.0,0.0,0.0,600.0,600.0,600.0,600.0,1,raw_available,0.0,
5BK014302,SK-P,KT2A,5BK014302,0,SK-PKT2A,DAIHEN,2022-01-16,2022-01-23,2011.0,200,230/11,37.0,7.0,13.0,0.0,9.0,0.0,0.0,619.0,1127.0,6654.0,34440.0,0.0,0.0,641.0,641.0,641.0,641.0,1,raw_available,0.0,
5BK014302,SK-P,KT2A,5BK014302,0,SK-PKT2A,DAIHEN,2022-06-26,2022-07-01,2011.0,200,230/11,47.0,11.0,18.0,5.0,9.0,1.0,0.0,675.0,1601.0,7551.0,38860.0,0.0,0.0,708.0,708.0,708.0,708.0,1,raw_available,0.0,
5BK014302,SK-P,KT2A,5BK014302,0,SK-PKT2A,DAIHEN,2022-12-26,2023-01-14,2011.0,200,230/11,38.0,5.0,6.0,4.0,5.0,0.0,0.0,624.0,1524.0,7270.0,40490.0,2.0,4.0,645.0,639.0,645.0,645.0,1,raw_available,6.0,
5BK014302,SK-P,KT2A,5BK014302,0,SK-PKT2A,DAIHEN,2023-06-25,2023-07-01,2011.0,200,230/11,49.0,9.0,14.0,6.0,7.0,0.0,0.0,702.0,1768.0,5975.0,44902.0,2.0,5.0,736.0,729.0,736.0,736.0,1,raw_available,7.0,
5BK014302,SK-P,KT2A,5BK014302,0,SK-PKT2A,DAIHEN,2024-04-19,2024-04-27,2011.0,200,230/11,53.0,8.0,5.0,18.0,10.0,6.0,0.0,638.0,1623.0,8904.0,53963.0,2.0,10.0,689.0,677.0,689.0,689.0,1,raw_available,12.0,
5F9902T1,SM,KT1A,5F9902T1,0,SMKT1A,MEIDENSHA,2022-03-24,2022-04-01,1993.0,25,115/22,55.0,14.0,6.0,35.0,5.0,2.0,0.0,195.0,3544.0,8774.0,41005.0,2.0,3.0,248.0,243.0,248.0,248.0,1,raw_available,5.0,
5F9902T1,SM,KT1A,5F9902T1,0,SMKT1A,MEIDENSHA,2023-03-23,2023-04-03,1993.0,25,115/22,51.0,16.0,5.0,3.0,2.0,1.0,0.0,218.0,3793.0,6951.0,29185.0,0.0,2.0,231.0,229.0,231.0,231.0,1,raw_available,2.0,
5F9902T1,SM,KT1A,5F9902T1,0,SMKT1A,MEIDENSHA,2024-03-16,2024-04-19,1993.0,25,115/22,50.0,16.0,26.0,29.0,6.0,16.0,0.0,167.0,3444.0,11071.0,36806.0,6.0,3.0,253.0,244.0,253.0,253.0,1,raw_available,9.0,
5F9902T2,KB1,KT1A,5F9902T2,0,KB1KT1A,MEIDENSHA,2019-04-08,2019-06-21,1993.0,25,115/22,55.0,24.0,8.0,49.0,128.0,7.0,0.0,161.0,4410.0,8003.0,37916.0,0.0,77.0,430.0,353.0,430.0,430.0,1,raw_available,77.0,
5F9902T2,KB1,KT1A,5F9902T2,0,KB1KT1A,MEIDENSHA,2021-04-23,2021-06-11,1993.0,25,115/22,58.0,19.0,49.0,43.0,96.0,0.0,0.0,135.0,5868.0,3440.0,77400.0,32.0,78.0,433.0,323.0,433.0,433.0,1,raw_available,110.0,
5F9902T2,KB1,KT1A,5F9902T2,0,KB1KT1A,MEIDENSHA,2022-04-24,2022-05-13,1993.0,25,115/22,62.0,5.0,17.0,48.0,113.0,30.0,0.0,127.0,3627.0,2925.0,46392.0,8.0,85.0,428.0,335.0,428.0,428.0,1,raw_available,93.0,
5F9902T2,KB1,KT1A,5F9902T2,0,KB1KT1A,MEIDENSHA,2023-04-21,2023-05-06,1993.0,25,115/22,55.0,9.0,7.0,57.0,115.0,5.0,0.0,120.0,3600.0,4720.0,42540.0,27.0,94.0,425.0,304.0,425.0,425.0,1,raw_available,121.0,
5F9902T2,KB1,KT1A,5F9902T2,0,KB1KT1A,MEIDENSHA,2024-04-29,2024-05-06,1993.0,25,115/22,53.0,6.0,14.0,67.0,148.0,10.0,0.0,241.0,5634.0,2346.0,30799.0,0.0,89.0,569.0,480.0,569.0,569.0,1,raw_available,89.0,
5F9907T1,AT1,KT8A,5F9907T1,0,AT1KT8A,MEIDENSHA,2019-01-11,2019-03-10,1992.0,25,115/69/22,44.0,22.0,43.0,17.0,43.0,4.0,0.0,67.0,1049.0,9174.0,41600.0,0.0,33.0,207.0,174.0,207.0,207.0,1,raw_available,33.0,
5G8292T1,RPB,KT2A,5G8292T1,0,RPBKT2A,MEIDENSHA,2020-11-02,2020-11-28,1994.0,25,115/33,54.0,11.0,27.0,8.0,8.0,0.0,0.0,23.0,270.0,7476.0,33368.0,0.0,4.0,70.0,66.0,70.0,70.0,1,raw_available,4.0,
5G8292T1,RPB,KT2A,5G8292T1,0,RPBKT2A,MEIDENSHA,2020-12-21,2020-12-25,1994.0,25,115/33,,28.0,0.0,0.0,0.0,0.0,0.0,5.0,124.0,7862.0,38327.0,0.0,0.0,5.0,5.0,5.0,5.0,1,raw_available,0.0,ทดสอบก่อนนำเข้าใช้งาน ย้ายมาจาก สฟ.แม่เมาะ 3 KT2A
5G8292T1,RPB,KT2A,5G8292T1,0,RPBKT2A,MEIDENSHA,2021-11-07,2021-11-22,1994.0,25,115/33,51.0,10.0,8.0,9.0,10.0,0.0,0.0,51.0,1574.0,4280.0,15990.0,2.0,7.0,87.0,78.0,87.0,87.0,1,raw_available,9.0,
5G8292T1,RPB,KT2A,5G8292T1,0,RPBKT2A,MEIDENSHA,2022-04-10,2022-04-23,1994.0,25,115/33,55.0,16.0,29.0,8.0,10.0,8.0,0.0,51.0,1301.0,4962.0,28495.0,2.0,6.0,114.0,106.0,114.0,114.0,1,raw_available,8.0,
5G8292T1,RPB,KT2A,5G8292T1,0,RPBKT2A,MEIDENSHA,2022-12-19,2023-01-13,1994.0,25,115/33,55.0,11.0,8.0,11.0,13.0,0.0,0.0,69.0,1757.0,2330.0,17580.0,2.0,7.0,110.0,101.0,110.0,110.0,1,raw_available,9.0,
5G8292T1,RPB,KT2A,5G8292T1,0,RPBKT2A,MEIDENSHA,2023-11-27,2024-01-25,1994.0,25,115/33,55.0,22.0,18.0,11.0,18.0,3.0,0.0,95.0,1894.0,6762.0,24934.0,2.0,9.0,156.0,145.0,156.0,156.0,1,raw_available,11.0,
5G8588T1,TP,KT2A,5G8588T1,0,TPKT2A,MEIDENSHA,2019-03-31,2019-08-26,1994.0,25,115/33,58.0,28.0,11.0,14.0,26.0,0.0,0.0,74.0,2257.0,10738.0,45786.0,0.0,0.0,125.0,125.0,125.0,125.0,1,raw_available,0.0,
5G8588T1,TP,KT2A,5G8588T1,0,TPKT2A,MEIDENSHA,2019-11-24,2019-12-27,1994.0,25,115/33,54.0,7.0,30.0,11.0,30.0,0.0,0.0,41.0,1611.0,18350.0,50290.0,0.0,22.0,134.0,112.0,134.0,134.0,1,raw_available,22.0,
5G8588T1,TP,KT2A,5G8588T1,0,TPKT2A,MEIDENSHA,2020-11-01,2020-11-29,1994.0,25,115/33,49.0,16.0,21.0,9.0,33.0,0.0,0.0,58.0,2154.0,11953.0,66478.0,0.0,23.0,144.0,121.0,144.0,144.0,1,raw_available,23.0,
5G8588T1,TP,KT2A,5G8588T1,0,TPKT2A,MEIDENSHA,2021-11-07,2021-11-23,1994.0,25,115/33,58.0,10.0,10.0,27.0,50.0,0.0,0.0,89.0,3055.0,3900.0,26250.0,7.0,34.0,217.0,176.0,217.0,217.0,1,raw_available,41.0,
5G8588T1,TP,KT2A,5G8588T1,0,TPKT2A,MEIDENSHA,2022-11-19,2023-01-08,1994.0,25,115/33,49.0,12.0,17.0,28.0,60.0,2.0,0.0,117.0,2692.0,4458.0,25819.0,23.0,16.0,263.0,224.0,263.0,263.0,1,raw_available,39.0,
5G8588T1,TP,KT2A,5G8588T1,0,TPKT2A,MEIDENSHA,2023-11-26,2024-01-25,1994.0,25,115/33,60.0,14.0,16.0,26.0,61.0,2.0,0.0,118.0,2938.0,9079.0,39088.0,5.0,32.0,260.0,223.0,260.0,260.0,1,raw_available,37.0,
5J8645T1,BB,KT4A,5J8645T1,0,BBKT4A,MEIDENSHA,2019-12-08,2019-12-16,1991.0,100,230/115/11,44.0,7.0,20.0,14.0,22.0,0.0,0.0,107.0,1100.0,5124.0,38719.0,0.0,11.0,174.0,163.0,174.0,174.0,1,raw_available,11.0,
5J8645T1,BB,KT4A,5J8645T1,0,BBKT4A,MEIDENSHA,2020-07-26,2020-08-22,1991.0,100,230/115/11,43.0,8.0,23.0,6.0,15.0,0.0,0.0,34.0,616.0,5524.0,35107.0,2.0,9.0,89.0,78.0,89.0,89.0,1,raw_available,11.0,
5J8645T1,BB,KT4A,5J8645T1,0,BBKT4A,MEIDENSHA,2020-12-27,2021-01-12,1991.0,100,230/115/11,32.0,12.0,23.0,11.0,16.0,0.0,0.0,62.0,1459.0,6410.0,41956.0,2.0,12.0,126.0,112.0,126.0,126.0,1,raw_available,14.0,
5J8645T1,BB,KT4A,5J8645T1,0,BBKT4A,MEIDENSHA,2021-07-17,2021-10-09,1991.0,100,230/115/11,44.0,20.0,9.0,6.0,25.0,0.0,0.0,85.0,921.0,3839.0,23020.0,0.0,0.0,125.0,125.0,125.0,125.0,1,raw_available,0.0,
5J8645T1,BB,KT4A,5J8645T1,0,BBKT4A,MEIDENSHA,2021-12-11,2022-01-06,1991.0,100,230/115/11,46.0,11.0,5.0,8.0,14.0,0.0,0.0,76.0,881.0,8160.0,36870.0,4.0,13.0,120.0,103.0,120.0,120.0,1,raw_available,17.0,
5J8645T1,BB,KT4A,5J8645T1,0,BBKT4A,MEIDENSHA,2022-07-30,2022-08-04,1991.0,100,230/115/11,43.0,8.0,3.0,8.0,23.0,1.0,0.0,87.0,911.0,1773.0,20084.0,0.0,14.0,136.0,122.0,136.0,136.0,1,raw_available,14.0,
5J8645T1,BB,KT4A,5J8645T1,0,BBKT4A,MEIDENSHA,2023-01-22,2023-01-27,1991.0,100,230/115/11,34.0,10.0,29.0,12.0,26.0,2.0,0.0,106.0,1031.0,2615.0,20113.0,0.0,16.0,191.0,175.0,191.0,191.0,1,raw_available,16.0,สีเบอร์ 2 .
5J8645T1,BB,KT4A,5J8645T1,0,BBKT4A,MEIDENSHA,2023-07-20,2023-08-07,1991.0,100,230/115/11,47.0,8.0,13.0,12.0,21.0,1.0,0.0,113.0,1080.0,13587.0,34751.0,2.0,13.0,175.0,160.0,175.0,175.0,1,raw_available,15.0,
5J8645T1,BB,KT4A,5J8645T1,0,BBKT4A,MEIDENSHA,2024-01-18,2024-01-30,1991.0,100,230/115/11,47.0,9.0,8.0,17.0,31.0,4.0,0.0,101.0,1007.0,32760.0,60150.0,8.0,23.0,192.0,161.0,192.0,192.0,1,raw_available,31.0,
5J8645T2,BB,KT1A,5J8645T2,0,BBKT1A,MEIDENSHA,2019-12-08,2019-12-16,1991.0,100,230/115/11,38.0,6.0,10.0,6.0,13.0,0.0,0.0,140.0,1427.0,8942.0,37042.0,0.0,0.0,169.0,169.0,169.0,169.0,1,raw_available,0.0,
5J8645T2,BB,KT1A,5J8645T2,0,BBKT1A,MEIDENSHA,2020-07-26,2020-08-22,1991.0,100,230/115/11,39.0,18.0,28.0,8.0,17.0,0.0,0.0,53.0,882.0,6105.0,50207.0,1.0,10.0,117.0,106.0,117.0,117.0,1,raw_available,11.0,
5J8645T2,BB,KT1A,5J8645T2,0,BBKT1A,MEIDENSHA,2020-12-27,2021-01-11,1991.0,100,230/115/11,27.0,13.0,20.0,19.0,26.0,0.0,0.0,101.0,1087.0,5175.0,53845.0,4.0,17.0,187.0,166.0,187.0,187.0,1,raw_available,21.0,
5J8645T2,BB,KT1A,5J8645T2,0,BBKT1A,MEIDENSHA,2021-07-17,2021-10-09,1991.0,100,230/115/11,38.0,23.0,14.0,11.0,38.0,0.0,0.0,134.0,1211.0,5895.0,38084.0,0.0,0.0,197.0,197.0,197.0,197.0,1,raw_available,0.0,
5J8645T2,BB,KT1A,5J8645T2,0,BBKT1A,MEIDENSHA,2021-12-11,2022-01-06,1991.0,100,230/115/11,40.0,15.0,13.0,18.0,30.0,0.0,0.0,154.0,1518.0,5250.0,50770.0,5.0,19.0,239.0,215.0,239.0,239.0,1,raw_available,24.0,
5J8645T2,BB,KT1A,5J8645T2,0,BBKT1A,MEIDENSHA,2022-07-30,2022-08-04,1991.0,100,230/115/11,38.0,10.0,4.0,18.0,44.0,3.0,0.0,143.0,1431.0,2505.0,66419.0,2.0,23.0,237.0,212.0,237.0,237.0,1,raw_available,25.0,
5J8645T2,BB,KT1A,5J8645T2,0,BBKT1A,MEIDENSHA,2023-01-22,2023-01-27,1991.0,100,230/115/11,29.0,8.0,10.0,6.0,27.0,3.0,0.0,117.0,1017.0,16065.0,53247.0,9.0,10.0,182.0,163.0,182.0,182.0,1,raw_available,19.0,สีเบอร์ 2 .
5J8645T2,BB,KT1A,5J8645T2,0,BBKT1A,MEIDENSHA,2023-07-20,2023-08-06,1991.0,100,230/115/11,40.0,11.0,8.0,8.0,17.0,14.0,0.0,128.0,1215.0,29770.0,53480.0,8.0,18.0,201.0,175.0,201.0,201.0,1,raw_available,26.0,
5J8645T2,BB,KT1A,5J8645T2,0,BBKT1A,MEIDENSHA,2024-01-18,2024-01-30,1991.0,100,230/115/11,40.0,6.0,6.0,6.0,18.0,19.0,0.0,149.0,1254.0,36560.0,57820.0,13.0,23.0,234.0,198.0,234.0,234.0,1,raw_available,36.0,
5J8777TI,SNR-P,KT1A,5J8777TI,0,SNR-PKT1A,MEIDENSHA,2019-07-14,2019-08-17,1992.0,100,230/115,47.0,13.0,12.0,20.0,62.0,0.0,0.0,92.0,1317.0,4908.0,35136.0,0.0,25.0,211.0,186.0,211.0,211.0,1,raw_available,25.0,
5J8777TI,SNR-P,KT1A,5J8777TI,0,SNR-PKT1A,MEIDENSHA,2019-10-06,2019-10-17,1992.0,100,230/115,45.0,10.0,18.0,24.0,57.0,0.0,0.0,71.0,1202.0,6060.0,34630.0,0.0,36.0,206.0,170.0,206.0,206.0,1,raw_available,36.0,ROUTINE TEST
5J8777TI,SNR-P,KT1A,5J8777TI,0,SNR-PKT1A,MEIDENSHA,2021-04-17,2021-06-04,1992.0,100,230/115,50.0,10.0,36.0,18.0,43.0,1.0,0.0,56.0,942.0,4905.0,45017.0,2.0,35.0,191.0,154.0,191.0,191.0,1,raw_available,37.0,
5J8777TI,SNR-P,KT1A,5J8777TI,0,SNR-PKT1A,MEIDENSHA,2022-03-01,2022-03-07,1992.0,100,230/115,45.0,6.0,8.0,58.0,74.0,4.0,0.0,90.0,1301.0,4890.0,26418.0,0.0,38.0,272.0,234.0,272.0,272.0,1,raw_available,38.0,
5J8777TI,SNR-P,KT1A,5J8777TI,0,SNR-PKT1A,MEIDENSHA,2022-04-17,2022-04-21,1992.0,100,230/115,51.0,8.0,6.0,25.0,71.0,3.0,0.0,93.0,1335.0,3099.0,32387.0,0.0,41.0,239.0,198.0,239.0,239.0,1,raw_available,41.0,CVT ระเบิด
5J8777TI,SNR-P,KT1A,5J8777TI,0,SNR-PKT1A,MEIDENSHA,2023-02-16,2023-02-21,1992.0,100,230/115,45.0,3.0,3.0,18.0,53.0,1.0,0.0,92.0,1401.0,6720.0,34990.0,4.0,37.0,208.0,167.0,208.0,208.0,1,raw_available,41.0,
5J8777TI,SNR-P,KT1A,5J8777TI,0,SNR-PKT1A,MEIDENSHA,2023-04-23,2023-04-30,1992.0,100,230/115,45.0,8.0,6.0,14.0,63.0,5.0,0.0,93.0,1344.0,4436.0,37510.0,2.0,36.0,219.0,181.0,219.0,219.0,1,raw_available,38.0,
5J8777TI,SNR-P,KT1A,5J8777TI,0,SNR-PKT1A,MEIDENSHA,2024-02-15,2024-03-17,1992.0,100,230/115,48.0,13.0,6.0,11.0,65.0,2.0,0.0,83.0,1310.0,6767.0,30812.0,0.0,33.0,200.0,167.0,200.0,200.0,1,raw_available,33.0,
5P085-1,MM2,KT5A,5P085-1,0,MM2KT5A,SHENYANG,2019-05-25,2019-06-07,2006.0,50,115/22,50.0,27.0,117.0,6.0,4.0,13.0,0.0,688.0,2676.0,10803.0,40916.0,0.0,4.0,832.0,828.0,832.0,832.0,1,raw_available,4.0,
5P085-1,MM2,KT5A,5P085-1,0,MM2KT5A,SHENYANG,2020-05-09,2020-05-19,2006.0,50,115/22,49.0,56.0,8.0,4.0,2.0,5.0,0.0,627.0,2006.0,16872.0,76184.0,0.0,3.0,649.0,646.0,649.0,649.0,1,raw_available,3.0,
5P085-1,MM2,KT5A,5P085-1,0,MM2KT5A,SHENYANG,2020-07-28,2020-08-23,2006.0,50,115/22,44.0,12.0,12.0,0.0,0.0,16.0,0.0,183.0,2687.0,6156.0,55084.0,0.0,0.0,211.0,211.0,211.0,211.0,1,raw_available,0.0,
5P085-1,MM2,KT5A,5P085-1,0,MM2KT5A,SHENYANG,2021-03-07,2021-04-17,2006.0,50,115/22,51.0,53.0,77.0,5.0,2.0,9.0,0.0,562.0,1849.0,5314.0,57627.0,3.0,2.0,660.0,655.0,660.0,660.0,1,raw_available,5.0,
5P085-1,MM2,KT5A,5P085-1,0,MM2KT5A,SHENYANG,2022-03-11,2022-03-19,2006.0,50,115/22,46.0,28.0,1.0,4.0,2.0,7.0,0.0,696.0,3284.0,5880.0,78740.0,0.0,1.0,711.0,710.0,711.0,711.0,1,raw_available,1.0,
5P085-1,MM2,KT5A,5P085-1,0,MM2KT5A,SHENYANG,2023-03-12,2023-03-16,2006.0,50,115/22,46.0,47.0,21.0,10.0,4.0,21.0,0.0,970.0,3373.0,4825.0,58282.0,0.0,0.0,1026.0,1026.0,1026.0,1026.0,1,raw_available,0.0,
60423,CLB-P,KT2A,60423,0,CLB-PKT2A,SAVIGLIANO,2019-09-22,2019-10-20,2004.0,12,115/22,,20.0,7.0,5.0,14.0,0.0,0.0,75.0,1313.0,5596.0,24478.0,0.0,5.0,106.0,101.0,106.0,106.0,1,raw_available,5.0,
60423,CLB-P,KT2A,60423,0,CLB-PKT2A,SAVIGLIANO,2020-05-25,2020-06-16,2004.0,12,115/22,,38.0,54.0,21.0,12.0,13.0,0.0,146.0,2214.0,3726.0,37923.0,13.0,6.0,265.0,246.0,265.0,265.0,1,raw_available,19.0,
60476-001,KA,KT2A,60476-001,0,KAKT2A,VOLTA WERKE,2019-03-18,2019-06-30,1993.0,25,115/13/3.3,44.0,28.0,11.0,20.0,34.0,0.0,0.0,189.0,1978.0,9780.0,41359.0,0.0,11.0,265.0,254.0,265.0,265.0,1,raw_available,11.0,
60476-001,KA,KT2A,60476-001,0,KAKT2A,VOLTA WERKE,2019-09-15,2019-11-22,1993.0,25,115/13/3.3,46.0,22.0,18.0,33.0,44.0,0.0,0.0,0.0,0.0,7710.0,39800.0,0.0,26.0,121.0,95.0,121.0,121.0,1,raw_available,26.0,
60476-001,KA,KT2A,60476-001,0,KAKT2A,VOLTA WERKE,2020-09-11,2020-11-15,1993.0,25,115/13/3.3,40.0,16.0,25.0,10.0,17.0,0.0,0.0,52.0,713.0,9090.0,54090.0,2.0,10.0,116.0,104.0,116.0,116.0,1,raw_available,12.0,
60476-001,KA,KT2A,60476-001,0,KAKT2A,VOLTA WERKE,2021-09-20,2021-11-17,1993.0,25,115/13/3.3,62.0,24.0,14.0,18.0,37.0,0.0,0.0,215.0,2846.0,11582.0,41795.0,0.0,0.0,284.0,284.0,284.0,284.0,1,raw_available,0.0,
60476-001,KA,KT2A,60476-001,0,KAKT2A,VOLTA WERKE,2022-09-16,2022-10-08,1993.0,25,115/13/3.3,60.0,18.0,10.0,1.0,42.0,1.0,0.0,194.0,2955.0,18704.0,47566.0,0.0,20.0,268.0,248.0,268.0,268.0,1,raw_available,20.0,
60476-001,KA,KT2A,60476-001,0,KAKT2A,VOLTA WERKE,2023-10-07,2023-10-26,1993.0,25,115/13/3.3,46.0,9.0,11.0,39.0,45.0,0.0,0.0,215.0,3367.0,10084.0,46494.0,0.0,26.0,336.0,310.0,336.0,336.0,1,raw_available,26.0,
60491-001,PK2,KT3A,60491-001,0,PK2KT3A,VOLTA WERKE,2019-03-23,2019-07-05,1993.0,75,115/33/11,44.0,19.0,21.0,61.0,106.0,8.0,0.0,108.0,1364.0,9071.0,45706.0,0.0,56.0,360.0,304.0,360.0,360.0,1,raw_available,56.0,
60491-001,PK2,KT3A,60491-001,0,PK2KT3A,VOLTA WERKE,2019-09-07,2019-11-23,1993.0,75,115/33/11,40.0,34.0,8.0,20.0,0.0,3.0,0.0,0.0,0.0,10243.0,34565.0,0.0,39.0,70.0,31.0,70.0,70.0,1,raw_available,39.0,
60491-001,PK2,KT3A,60491-001,0,PK2KT3A,VOLTA WERKE,2020-03-03,2020-03-13,1993.0,75,115/33/11,,24.0,15.0,43.0,133.0,22.0,0.0,83.0,1621.0,16547.0,44635.0,0.0,53.0,349.0,296.0,349.0,349.0,1,raw_available,53.0,
60491-001,PK2,KT3A,60491-001,0,PK2KT3A,VOLTA WERKE,2020-09-13,2020-11-15,1993.0,75,115/33/11,43.0,17.0,20.0,60.0,112.0,3.0,0.0,55.0,1125.0,7650.0,61080.0,11.0,86.0,347.0,250.0,347.0,347.0,1,raw_available,97.0,
60491-001,PK2,KT3A,60491-001,0,PK2KT3A,VOLTA WERKE,2021-09-18,2021-11-17,1993.0,75,115/33/11,50.0,15.0,24.0,69.0,165.0,9.0,0.0,112.0,1668.0,6298.0,42654.0,0.0,34.0,413.0,379.0,413.0,413.0,1,raw_available,34.0,
60491-001,PK2,KT3A,60491-001,0,PK2KT3A,VOLTA WERKE,2022-09-18,2022-10-08,1993.0,75,115/33/11,41.0,9.0,17.0,98.0,162.0,10.0,0.0,106.0,1750.0,7192.0,39979.0,0.0,66.0,459.0,393.0,459.0,459.0,1,raw_available,66.0,
60491-001,PK2,KT3A,60491-001,0,PK2KT3A,VOLTA WERKE,2023-09-17,2023-10-26,1993.0,75,115/33/11,45.0,9.0,24.0,88.0,198.0,17.0,0.0,129.0,1847.0,9585.0,52101.0,0.0,94.0,550.0,456.0,550.0,550.0,1,raw_available,94.0,
60492-001,SRD,KT2A,60492-001,0,SRDKT2A,VOLTA WERKE,2019-02-09,2019-03-11,1993.0,25,115/22/11,,24.0,2.0,24.0,51.0,2.0,0.0,106.0,1151.0,9277.0,44793.0,0.0,23.0,208.0,185.0,208.0,208.0,1,raw_available,23.0,Tx.Trip over current relayด้านHV&LV
60492-001,SRD,KT2A,60492-001,0,SRDKT2A,VOLTA WERKE,2020-06-02,2020-06-19,1993.0,25,115/22/11,,10.0,25.0,29.0,67.0,9.0,0.0,202.0,1698.0,5139.0,62060.0,0.0,19.0,351.0,332.0,351.0,351.0,1,raw_available,19.0,
60492-001,SRD,KT2A,60492-001,0,SRDKT2A,VOLTA WERKE,2021-02-27,2021-05-20,1993.0,25,115/22/11,47.0,27.0,23.0,14.0,101.0,0.0,0.0,132.0,1011.0,9937.0,63831.0,0.0,23.0,293.0,270.0,293.0,293.0,1,raw_available,23.0,
60492-001,SRD,KT2A,60492-001,0,SRDKT2A,VOLTA WERKE,2022-02-16,2022-03-26,1993.0,25,115/22/11,46.0,12.0,23.0,26.0,58.0,2.0,0.0,26.0,1184.0,7052.0,62843.0,10.0,56.0,201.0,135.0,201.0,201.0,1,raw_available,66.0,
60492-001,SRD,KT2A,60492-001,0,SRDKT2A,VOLTA WERKE,2023-02-16,2023-03-05,1993.0,25,115/22/11,48.0,7.0,19.0,47.0,79.0,5.0,0.0,76.0,1434.0,5869.0,65461.0,1.0,50.0,277.0,226.0,277.0,277.0,1,raw_available,51.0,
60492-001,SRD,KT2A,60492-001,0,SRDKT2A,VOLTA WERKE,2024-02-14,2024-03-18,1993.0,25,115/22/11,48.0,7.0,22.0,63.0,152.0,10.0,0.0,270.0,1889.0,6660.0,64573.0,10.0,75.0,602.0,517.0,602.0,602.0,1,raw_available,85.0,
60492-002,PYK,KT1A,60492-002,0,PYKKT1A,VOLTA WERKE,2019-03-22,2019-04-21,1993.0,25,115/22,58.0,17.0,19.0,39.0,31.0,3.0,0.0,143.0,1840.0,8943.0,39412.0,0.0,13.0,248.0,235.0,248.0,248.0,1,raw_available,13.0,
60492-002,PYK,KT1A,60492-002,0,PYKKT1A,VOLTA WERKE,2020-03-21,2020-05-26,1993.0,25,115/22,42.0,11.0,25.0,40.0,34.0,8.0,0.0,163.0,1682.0,14937.0,55746.0,0.0,0.0,270.0,270.0,270.0,270.0,1,raw_available,0.0,COLD STANDBY
60492-002,PYK,KT1A,60492-002,0,PYKKT1A,VOLTA WERKE,2021-01-10,2021-02-01,1993.0,25,115/22,36.0,12.0,31.0,48.0,34.0,3.0,0.0,114.0,1835.0,5289.0,51732.0,0.0,20.0,250.0,230.0,250.0,250.0,1,raw_available,20.0,Cold standby
60492-002,PYK,KT1A,60492-002,0,PYKKT1A,VOLTA WERKE,2022-02-26,2022-03-27,1993.0,25,115/22,53.0,10.0,19.0,29.0,26.0,3.0,0.0,190.0,2470.0,11190.0,65050.0,6.0,18.0,291.0,267.0,291.0,291.0,1,raw_available,24.0,
60492-002,PYK,KT1A,60492-002,0,PYKKT1A,VOLTA WERKE,2023-02-24,2023-03-11,1993.0,25,115/22,56.0,13.0,15.0,40.0,33.0,4.0,0.0,225.0,3156.0,7864.0,45682.0,7.0,19.0,343.0,317.0,343.0,343.0,1,raw_available,26.0,
60492-002,PYK,KT1A,60492-002,0,PYKKT1A,VOLTA WERKE,2024-02-27,2024-04-09,1993.0,25,115/22,47.0,9.0,4.0,49.0,40.0,9.0,0.0,159.0,1485.0,21427.0,62945.0,5.0,20.0,286.0,261.0,286.0,286.0,1,raw_available,25.0,
60492-003,TH,KT1A,60492-003,0,THKT1A,VOLTA WERKE,2020-02-25,2020-03-30,1993.0,31,115/22,44.0,18.0,26.0,22.0,56.0,0.0,0.0,59.0,846.0,11043.0,26328.0,0.0,12.0,175.0,163.0,175.0,175.0,1,raw_available,12.0,
60492-003,TH,KT1A,60492-003,0,THKT1A,VOLTA WERKE,2020-03-31,2020-05-10,1993.0,31,115/22,,16.0,26.0,21.0,51.0,3.0,0.0,58.0,784.0,7394.0,47161.0,0.0,31.0,190.0,159.0,190.0,190.0,1,raw_available,31.0,
60492-003,TH,KT1A,60492-003,0,THKT1A,VOLTA WERKE,2021-02-24,2021-05-20,1993.0,31,115/22,45.0,30.0,30.0,22.0,120.0,5.0,0.0,49.0,822.0,11050.0,28236.0,0.0,15.0,241.0,226.0,241.0,241.0,1,raw_available,15.0,
60492-003,TH,KT1A,60492-003,0,THKT1A,VOLTA WERKE,2022-02-02,2022-02-19,1993.0,31,115/22,32.0,15.0,54.0,20.0,50.0,1.0,0.0,41.0,947.0,5981.0,31148.0,0.0,34.0,200.0,166.0,200.0,200.0,1,raw_available,34.0,
60492-003,TH,KT1A,60492-003,0,THKT1A,VOLTA WERKE,2023-01-31,2023-02-13,1993.0,31,115/22,42.0,6.0,49.0,29.0,65.0,3.0,0.0,53.0,979.0,3120.0,25020.0,3.0,37.0,239.0,199.0,239.0,239.0,1,raw_available,40.0,
60492-003,TH,KT1A,60492-003,0,THKT1A,VOLTA WERKE,2024-01-30,2024-03-09,1993.0,31,115/22,46.0,9.0,44.0,35.0,87.0,8.0,0.0,66.0,1036.0,4738.0,22165.0,2.0,41.0,283.0,240.0,283.0,283.0,1,raw_available,43.0,
60492-004,BKN,KT2A,60492-004,0,BKNKT2A,VOLTA WERKE,2019-02-08,2019-05-12,2000.0,32,115/22,42.0,27.0,13.0,2.0,6.0,0.0,0.0,261.0,1829.0,7759.0,54478.0,0.0,0.0,282.0,282.0,282.0,282.0,1,raw_available,0.0,
60492-004,BKN,KT2A,60492-004,0,BKNKT2A,VOLTA WERKE,2020-04-10,2020-05-17,2000.0,32,115/22,28.0,16.0,11.0,8.0,3.0,0.0,0.0,565.0,2345.0,9116.0,59483.0,0.0,4.0,591.0,587.0,591.0,591.0,1,raw_available,4.0,
60492-004,BKN,KT2A,60492-004,0,BKNKT2A,VOLTA WERKE,2021-02-09,2021-05-25,2000.0,32,115/22,32.0,24.0,17.0,7.0,0.0,3.0,0.0,635.0,4305.0,16254.0,65582.0,2.0,2.0,666.0,662.0,666.0,666.0,1,raw_available,4.0,
60492-004,BKN,KT2A,60492-004,0,BKNKT2A,VOLTA WERKE,2022-01-22,2022-02-06,2000.0,32,115/22,33.0,10.0,11.0,4.0,2.0,1.0,0.0,323.0,2938.0,10856.0,56524.0,2.0,2.0,345.0,341.0,345.0,345.0,1,raw_available,4.0,
60492-004,BKN,KT2A,60492-004,0,BKNKT2A,VOLTA WERKE,2023-01-20,2023-02-03,2000.0,32,115/22,26.0,8.0,8.0,5.0,2.0,2.0,0.0,298.0,2529.0,5824.0,53682.0,2.0,2.0,319.0,315.0,319.0,319.0,1,raw_available,4.0,
60492-004,BKN,KT2A,60492-004,0,BKNKT2A,VOLTA WERKE,2024-01-19,2024-02-10,2000.0,32,115/22,29.0,10.0,10.0,18.0,4.0,7.0,0.0,2437.0,5218.0,7160.0,44590.0,5.0,4.0,2485.0,2476.0,2485.0,2485.0,1,raw_available,9.0,
60494001,RN,KT2A,60494001,0,RNKT2A,VOLTA WERKE,2019-11-23,2019-12-22,1993.0,25,115/33/11,45.0,13.0,51.0,108.0,169.0,3.0,0.0,192.0,1771.0,6420.0,49320.0,0.0,99.0,622.0,523.0,622.0,622.0,1,raw_available,99.0,
60494001,RN,KT2A,60494001,0,RNKT2A,VOLTA WERKE,2020-11-07,2020-11-27,1993.0,25,115/33/11,38.0,17.0,38.0,78.0,115.0,5.0,0.0,164.0,1461.0,5559.0,51138.0,14.0,82.0,496.0,400.0,496.0,496.0,1,raw_available,96.0,
60494001,RN,KT2A,60494001,0,RNKT2A,VOLTA WERKE,2021-10-31,2021-11-22,1993.0,25,115/33/11,35.0,11.0,45.0,81.0,154.0,13.0,0.0,151.0,1139.0,5313.0,39771.0,0.0,44.0,488.0,444.0,488.0,488.0,1,raw_available,44.0,
60494001,RN,KT2A,60494001,0,RNKT2A,VOLTA WERKE,2022-11-17,2023-01-12,1993.0,25,115/33/11,32.0,23.0,13.0,57.0,102.0,5.0,0.0,115.0,1948.0,11270.0,66800.0,15.0,79.0,386.0,292.0,386.0,386.0,1,raw_available,94.0,
60494001,RN,KT2A,60494001,0,RNKT2A,VOLTA WERKE,2023-11-25,2024-01-26,1993.0,25,115/33/11,28.0,23.0,22.0,90.0,137.0,18.0,0.0,182.0,1653.0,11958.0,56630.0,16.0,77.0,542.0,449.0,542.0,542.0,1,raw_available,93.0,
60494002,YL1,KT3A,60494002,0,YL1KT3A,VOLTA WERKE,2019-04-06,2019-08-26,1993.0,25,115/33/11,52.0,24.0,20.0,35.0,79.0,5.0,0.0,157.0,1184.0,9211.0,46333.0,0.0,51.0,347.0,296.0,347.0,347.0,1,raw_available,51.0,
60494002,YL1,KT3A,60494002,0,YL1KT3A,VOLTA WERKE,2019-09-02,2019-10-18,1993.0,25,115/33/11,48.0,17.0,38.0,45.0,100.0,0.0,0.0,155.0,981.0,3694.0,50164.0,0.0,72.0,410.0,338.0,410.0,410.0,1,raw_available,72.0,
60494002,YL1,KT3A,60494002,0,YL1KT3A,VOLTA WERKE,2020-07-26,2020-08-24,1993.0,25,115/33/11,50.0,12.0,23.0,21.0,79.0,1.0,0.0,127.0,1253.0,5403.0,51157.0,0.0,68.0,319.0,251.0,319.0,319.0,1,raw_available,68.0,
60494002,YL1,KT3A,60494002,0,YL1KT3A,VOLTA WERKE,2021-07-12,2021-11-04,1993.0,25,115/33/11,42.0,30.0,16.0,23.0,43.0,0.0,0.0,152.0,1065.0,8028.0,54589.0,0.0,0.0,234.0,234.0,234.0,234.0,1,raw_available,0.0,
60494002,YL1,KT3A,60494002,0,YL1KT3A,VOLTA WERKE,2022-07-15,2022-07-24,1993.0,25,115/33/11,45.0,24.0,61.0,44.0,64.0,2.0,0.0,162.0,2019.0,2650.0,78060.0,17.0,54.0,404.0,333.0,404.0,404.0,1,raw_available,71.0,
60494002,YL1,KT3A,60494002,0,YL1KT3A,VOLTA WERKE,2023-07-14,2023-12-04,1993.0,25,115/33/11,40.0,22.0,46.0,29.0,40.0,6.0,0.0,200.0,2251.0,3390.0,75399.0,9.0,31.0,361.0,321.0,361.0,361.0,1,raw_available,40.0,
60538-002,KA,KT1A,60538-002,0,KAKT1A,VOLTA WERKE,2019-03-18,2019-07-06,1993.0,25,115/33,50.0,25.0,18.0,31.0,60.0,3.0,0.0,155.0,929.0,11435.0,42104.0,0.0,32.0,299.0,267.0,299.0,299.0,1,raw_available,32.0,
60538-002,KA,KT1A,60538-002,0,KAKT1A,VOLTA WERKE,2019-09-15,2019-11-23,1993.0,25,115/33,34.0,21.0,39.0,42.0,89.0,0.0,0.0,0.0,0.0,5620.0,82960.0,0.0,61.0,231.0,170.0,231.0,231.0,1,raw_available,61.0,
60538-002,KA,KT1A,60538-002,0,KAKT1A,VOLTA WERKE,2020-09-11,2020-11-16,1993.0,25,115/33,52.0,12.0,23.0,39.0,99.0,0.0,0.0,170.0,1472.0,8042.0,69739.0,28.0,0.0,359.0,331.0,359.0,359.0,1,raw_available,28.0,
60538-002,KA,KT1A,60538-002,0,KAKT1A,VOLTA WERKE,2021-09-20,2021-11-16,1993.0,25,115/33,58.0,17.0,14.0,47.0,101.0,1.0,0.0,154.0,1907.0,3650.0,69000.0,14.0,80.0,411.0,317.0,411.0,411.0,1,raw_available,94.0,
60538-002,KA,KT1A,60538-002,0,KAKT1A,VOLTA WERKE,2022-09-16,2022-10-08,1993.0,25,115/33,29.0,12.0,4.0,54.0,130.0,4.0,0.0,171.0,1936.0,2843.0,74301.0,8.0,77.0,448.0,363.0,448.0,448.0,1,raw_available,85.0,
60538-002,KA,KT1A,60538-002,0,KAKT1A,VOLTA WERKE,2023-01-20,2023-10-07,1993.0,25,115/33,30.0,20.0,4.0,41.0,135.0,9.0,0.0,149.0,2473.0,11600.0,58550.0,8.0,91.0,437.0,338.0,437.0,437.0,1,raw_available,99.0,
60538001,RN,KT1A,60538001,0,RNKT1A,VOLTA WERKE,2019-03-30,2019-08-26,1993.0,25,115/33/11,42.0,26.0,9.0,5.0,3.0,4.0,0.0,224.0,1260.0,12040.0,40454.0,2.0,3.0,250.0,245.0,250.0,250.0,1,raw_available,5.0,
60538001,RN,KT1A,60538001,0,RNKT1A,VOLTA WERKE,2019-11-23,2019-12-26,1993.0,25,115/33/11,36.0,19.0,30.0,4.0,0.0,0.0,0.0,51.0,749.0,26980.0,65090.0,0.0,0.0,85.0,85.0,85.0,85.0,1,raw_available,0.0,
60538001,RN,KT1A,60538001,0,RNKT1A,VOLTA WERKE,2020-11-07,2020-11-28,1993.0,25,115/33/11,53.0,33.0,49.0,27.0,6.0,6.0,0.0,162.0,956.0,11012.0,64293.0,6.0,3.0,259.0,250.0,259.0,259.0,1,raw_available,9.0,
60538001,RN,KT1A,60538001,0,RNKT1A,VOLTA WERKE,2021-08-02,2021-08-15,1993.0,25,115/33/11,35.0,24.0,43.0,17.0,5.0,10.0,0.0,209.0,1116.0,15092.0,63461.0,3.0,3.0,890.0,284.0,890.0,890.0,1,raw_available,606.0,Single line to ground fault 24//07/50
60538001,RN,KT1A,60538001,0,RNKT1A,VOLTA WERKE,2021-10-31,2021-11-22,1993.0,25,115/33/11,50.0,12.0,9.0,1.0,0.0,8.0,0.0,162.0,1024.0,7150.0,24840.0,1.0,0.0,181.0,180.0,181.0,181.0,1,raw_available,1.0,
60538001,RN,KT1A,60538001,0,RNKT1A,VOLTA WERKE,2022-11-17,2023-01-13,1993.0,25,115/33/11,49.0,25.0,34.0,3.0,1.0,2.0,0.0,238.0,2127.0,10620.0,60450.0,3.0,1.0,282.0,278.0,282.0,282.0,1,raw_available,4.0,
60538001,RN,KT1A,60538001,0,RNKT1A,VOLTA WERKE,2023-11-25,2024-01-06,1993.0,25,115/33/11,0.0,0.0,34.0,2.0,4.0,5.0,0.0,498.0,2505.0,12787.0,59398.0,4.0,5.0,552.0,543.0,552.0,552.0,1,raw_available,9.0,
60539-003,KTL,KT1A,60539-003,0,KTLKT1A,VOLTA WERKE,2019-03-13,2019-04-08,1993.0,25,115/22,50.0,12.0,28.0,7.0,14.0,7.0,1.0,131.0,811.0,8118.0,46086.0,4.0,7.0,199.0,188.0,199.0,199.0,1,raw_available,11.0,
60539-003,KTL,KT1A,60539-003,0,KTLKT1A,VOLTA WERKE,2020-03-14,2020-03-29,1993.0,25,115/22,48.0,9.0,36.0,36.0,33.0,9.0,0.0,244.0,1136.0,4523.0,37377.0,0.0,0.0,358.0,358.0,358.0,358.0,1,raw_available,0.0,
60539-003,KTL,KT1A,60539-003,0,KTLKT1A,VOLTA WERKE,2021-01-29,2021-04-23,1993.0,25,115/22,38.0,32.0,36.0,28.0,40.0,8.0,0.0,150.0,812.0,16881.0,42114.0,12.0,34.0,308.0,262.0,308.0,308.0,1,raw_available,46.0,
60539-003,KTL,KT1A,60539-003,0,KTLKT1A,VOLTA WERKE,2022-02-17,2022-03-26,1993.0,25,115/22,48.0,23.0,48.0,46.0,61.0,4.0,0.0,170.0,1444.0,14095.0,57341.0,10.0,43.0,382.0,329.0,382.0,382.0,1,raw_available,53.0,
60539-003,KTL,KT1A,60539-003,0,KTLKT1A,VOLTA WERKE,2022-04-28,2022-05-20,1993.0,25,115/22,34.0,10.0,148.0,92.0,72.0,50.0,27.0,291.0,1588.0,7949.0,40744.0,5.0,14.0,699.0,680.0,699.0,699.0,1,raw_available,19.0,หลัง Bushing Phase A ระเบิด
60539-003,KTL,KT1A,60539-003,0,KTLKT1A,VOLTA WERKE,2022-07-30,2022-08-19,1993.0,25,115/22,51.0,9.0,13.0,9.0,6.0,2.0,0.0,34.0,281.0,5784.0,24443.0,5.0,9.0,78.0,64.0,78.0,78.0,1,raw_available,14.0,หลังเปลี่ยน BUSHING 1 เดือน
60539-003,KTL,KT1A,60539-003,0,KTLKT1A,VOLTA WERKE,2023-02-16,2023-03-05,1993.0,25,115/22,53.0,8.0,24.0,18.0,12.0,5.0,0.0,108.0,857.0,4880.0,18279.0,3.0,11.0,181.0,167.0,181.0,181.0,1,raw_available,14.0,
60539-003,KTL,KT1A,60539-003,0,KTLKT1A,VOLTA WERKE,2023-12-11,2023-12-14,1993.0,25,115/22,34.0,10.0,133.0,76.0,23.0,47.0,98.0,186.0,1038.0,9731.0,34141.0,22.0,12.0,597.0,563.0,597.0,597.0,1,raw_available,34.0,หลัง TRIP เมื่อวันที่ 10/12/52 (15.30)
60539-003,KTL,KT1A,60539-003,0,KTLKT1A,VOLTA WERKE,2023-12-15,2023-12-17,1993.0,25,115/22,34.0,8.0,173.0,132.0,38.0,78.0,153.0,205.0,1222.0,6796.0,23818.0,24.0,19.0,822.0,779.0,822.0,822.0,1,raw_available,43.0,หลัง TRIP เมื่อวันที่ 10/12/52 (15.30 น.)
60539-003,KTL,KT1A,60539-003,0,KTLKT1A,VOLTA WERKE,2023-12-19,2023-12-25,1993.0,25,115/22,34.0,8.0,21.0,11.0,9.0,14.0,24.0,26.0,429.0,8843.0,27425.0,9.0,8.0,122.0,105.0,122.0,122.0,1,raw_available,17.0,ทดสอบหลังทำการ Hot Oil Purify
60539-003,KTL,KT1A,60539-003,0,KTLKT1A,VOLTA WERKE,2023-12-23,2023-12-29,1993.0,25,115/22,50.0,12.0,16.0,16.0,10.0,15.0,21.0,37.0,669.0,20054.0,49554.0,11.0,7.0,133.0,115.0,133.0,133.0,1,raw_available,18.0,ทดสอบหลังนำเข้าใช้งาน 24 ชั่วโมง(เปลี่ยน BUSHING ใหม่)
60539-003,KTL,KT1A,60539-003,0,KTLKT1A,VOLTA WERKE,2024-01-04,2024-01-06,1993.0,25,115/22,30.0,6.0,12.0,0.0,1.0,0.0,0.0,8.0,96.0,2768.0,10776.0,0.0,0.0,21.0,21.0,21.0,21.0,1,raw_available,0.0,ก่อนนำเข้าใช้งาน หลังเปลี่ยน Bushing phase B และ C (ทำน้ำมันใหม่)
60539-003,KTL,KT1A,60539-003,0,KTLKT1A,VOLTA WERKE,2024-01-19,2024-01-27,1993.0,25,115/22,46.0,8.0,35.0,1.0,3.0,1.0,2.0,15.0,157.0,5214.0,15216.0,0.0,5.0,62.0,57.0,62.0,62.0,1,raw_available,5.0,หลังสับจ่าย Load เมิ่อวันที่ 15/01/53
60539-003,KTL,KT1A,60539-003,0,KTLKT1A,VOLTA WERKE,2024-01-28,2024-02-09,1993.0,25,115/22,25.0,9.0,16.0,1.0,0.0,1.0,2.0,23.0,315.0,18235.0,50854.0,1.0,1.0,45.0,43.0,45.0,45.0,1,raw_available,2.0,ทดสอบหลังจากการแก้ไข BUSHING H2 ร้อนผิดปกติ
60539-003,KTL,KT1A,60539-003,0,KTLKT1A,VOLTA WERKE,2024-02-16,2024-03-18,1993.0,25,115/22,51.0,19.0,5.0,2.0,4.0,1.0,0.0,53.0,521.0,7476.0,23967.0,1.0,6.0,72.0,65.0,72.0,72.0,1,raw_available,7.0,
60540-001,PO,KT1A,60540-001,0,POKT1A,VOLTA WERKE,2019-04-02,2019-04-19,1993.0,32,115/22,52.0,11.0,33.0,98.0,268.0,12.0,0.0,108.0,1307.0,8366.0,60042.0,0.0,138.0,657.0,519.0,657.0,657.0,1,raw_available,138.0,
60540-001,PO,KT1A,60540-001,0,POKT1A,VOLTA WERKE,2020-03-13,2020-05-15,1993.0,32,115/22,,17.0,2.0,51.0,170.0,5.0,0.0,57.0,774.0,12035.0,53447.0,0.0,129.0,414.0,285.0,414.0,414.0,1,raw_available,129.0,
60540-001,PO,KT1A,60540-001,0,POKT1A,VOLTA WERKE,2020-03-31,2020-05-25,1993.0,32,115/22,50.0,28.0,49.0,102.0,282.0,4.0,0.0,84.0,756.0,5910.0,64510.0,30.0,240.0,791.0,521.0,791.0,791.0,1,raw_available,270.0,
60540-001,PO,KT1A,60540-001,0,POKT1A,VOLTA WERKE,2021-01-20,2021-01-29,1993.0,32,115/22,47.0,8.0,47.0,92.0,249.0,3.0,0.0,76.0,1639.0,6662.0,53842.0,1.0,196.0,664.0,467.0,664.0,664.0,1,raw_available,197.0,
60540-001,PO,KT1A,60540-001,0,POKT1A,VOLTA WERKE,2022-03-07,2022-03-27,1993.0,32,115/22,48.0,13.0,77.0,0.0,262.0,12.0,0.0,119.0,1429.0,4990.0,65061.0,0.0,103.0,573.0,470.0,573.0,573.0,1,raw_available,103.0,
60540-001,PO,KT1A,60540-001,0,POKT1A,VOLTA WERKE,2023-03-04,2023-03-17,1993.0,32,115/22,43.0,8.0,34.0,105.0,303.0,6.0,0.0,118.0,1458.0,6972.0,59867.0,0.0,147.0,713.0,566.0,713.0,713.0,1,raw_available,147.0,
60540-001,PO,KT1A,60540-001,0,POKT1A,VOLTA WERKE,2024-03-05,2024-04-08,1993.0,32,115/22,48.0,9.0,29.0,92.0,235.0,9.0,0.0,120.0,1270.0,8841.0,51300.0,0.0,171.0,656.0,485.0,656.0,656.0,1,raw_available,171.0,
60541-001,MD2,KT1A,60541-001,0,MD2KT1A,VOLTA WERKE,2020-02-26,2020-03-29,1993.0,25,115/22,43.0,8.0,14.0,18.0,23.0,0.0,0.0,38.0,451.0,8540.0,20347.0,0.0,14.0,107.0,93.0,107.0,107.0,1,raw_available,14.0,
60541-001,MD2,KT1A,60541-001,0,MD2KT1A,VOLTA WERKE,2021-02-26,2021-05-20,1993.0,25,115/22,41.0,18.0,29.0,0.0,72.0,0.0,0.0,48.0,747.0,21266.0,53777.0,0.0,15.0,164.0,149.0,164.0,164.0,1,raw_available,15.0,
60541-001,MD2,KT1A,60541-001,0,MD2KT1A,VOLTA WERKE,2022-02-04,2022-02-18,1993.0,25,115/22,34.0,16.0,37.0,12.0,22.0,0.0,0.0,54.0,778.0,7361.0,27693.0,0.0,14.0,139.0,125.0,139.0,139.0,1,raw_available,14.0,
60541-001,MD2,KT1A,60541-001,0,MD2KT1A,VOLTA WERKE,2023-02-01,2023-02-13,1993.0,25,115/22,44.0,6.0,45.0,21.0,34.0,1.0,0.0,52.0,849.0,3460.0,19430.0,14.0,18.0,185.0,153.0,185.0,185.0,1,raw_available,32.0,
60541-001,MD2,KT1A,60541-001,0,MD2KT1A,VOLTA WERKE,2024-03-30,2024-04-22,1993.0,25,115/22,48.0,15.0,45.0,27.0,39.0,9.0,0.0,110.0,834.0,9901.0,42377.0,2.0,27.0,259.0,230.0,259.0,259.0,1,raw_available,29.0,
60542-001,SRD,KT1A,60542-001,0,SRDKT1A,VOLTA WERKE,2019-02-09,2019-03-11,1993.0,25,115/22,,26.0,5.0,7.0,11.0,0.0,0.0,99.0,921.0,10244.0,44658.0,0.0,3.0,125.0,122.0,125.0,125.0,1,raw_available,3.0,Tx.Trip over current relay ด้านHV&LV
60542-001,SRD,KT1A,60542-001,0,SRDKT1A,VOLTA WERKE,2019-03-12,2019-04-26,1993.0,25,115/22,51.0,17.0,21.0,19.0,11.0,0.0,0.0,118.0,975.0,7658.0,29731.0,0.0,0.0,169.0,169.0,169.0,169.0,1,raw_available,0.0,
60542-001,SRD,KT1A,60542-001,0,SRDKT1A,VOLTA WERKE,2020-03-11,2020-03-28,1993.0,25,115/22,40.0,11.0,13.0,60.0,87.0,1.0,0.0,176.0,882.0,3627.0,62547.0,0.0,61.0,398.0,337.0,398.0,398.0,1,raw_available,61.0,
60542-001,SRD,KT1A,60542-001,0,SRDKT1A,VOLTA WERKE,2020-06-02,2020-06-16,1993.0,25,115/22,,11.0,17.0,17.0,37.0,51.0,0.0,91.0,1091.0,15229.0,37629.0,0.0,0.0,213.0,213.0,213.0,213.0,1,raw_available,0.0,
60542-001,SRD,KT1A,60542-001,0,SRDKT1A,VOLTA WERKE,2021-02-27,2021-05-21,1993.0,25,115/22,47.0,23.0,20.0,25.0,18.0,3.0,0.0,82.0,372.0,9167.0,39809.0,2.0,9.0,159.0,148.0,159.0,159.0,1,raw_available,11.0,
60542-001,SRD,KT1A,60542-001,0,SRDKT1A,VOLTA WERKE,2022-02-16,2022-03-26,1993.0,25,115/22,45.0,9.0,13.0,0.0,22.0,6.0,0.0,176.0,1085.0,17165.0,54181.0,0.0,0.0,217.0,217.0,217.0,217.0,1,raw_available,0.0,
60542-001,SRD,KT1A,60542-001,0,SRDKT1A,VOLTA WERKE,2023-02-16,2023-03-05,1993.0,25,115/22,48.0,8.0,15.0,8.0,11.0,16.0,0.0,355.0,1571.0,29831.0,64716.0,6.0,7.0,418.0,405.0,418.0,418.0,1,raw_available,13.0,
60542-001,SRD,KT1A,60542-001,0,SRDKT1A,VOLTA WERKE,2024-02-14,2024-03-18,1993.0,25,115/22,48.0,10.0,24.0,7.0,8.0,27.0,0.0,444.0,2037.0,13852.0,65558.0,10.0,8.0,528.0,510.0,528.0,528.0,1,raw_available,18.0,
60542-002,LE,KT2A,60542-002,0,LEKT2A,VOLTA WERKE,2019-02-01,2019-05-12,1993.0,25,115/22/11,49.0,16.0,12.0,75.0,199.0,11.0,0.0,105.0,1225.0,10720.0,43042.0,0.0,103.0,505.0,402.0,505.0,505.0,1,raw_available,103.0,
60542-002,LE,KT2A,60542-002,0,LEKT2A,VOLTA WERKE,2020-04-03,2020-05-09,1993.0,25,115/22/11,54.0,13.0,33.0,71.0,165.0,15.0,0.0,127.0,1928.0,8785.0,37054.0,0.0,43.0,454.0,411.0,454.0,454.0,1,raw_available,43.0,
60542-002,LE,KT2A,60542-002,0,LEKT2A,VOLTA WERKE,2021-02-07,2021-05-24,1993.0,25,115/22/11,47.0,30.0,21.0,5.0,16.0,0.0,0.0,102.0,1523.0,5712.0,46800.0,0.0,15.0,159.0,144.0,159.0,159.0,1,raw_available,15.0,
60542-002,LE,KT2A,60542-002,0,LEKT2A,VOLTA WERKE,2022-01-16,2022-02-07,1993.0,25,115/22/11,48.0,8.0,12.0,19.0,111.0,2.0,0.0,82.0,1276.0,7583.0,39784.0,8.0,119.0,353.0,226.0,353.0,353.0,1,raw_available,127.0,
60542-002,LE,KT2A,60542-002,0,LEKT2A,VOLTA WERKE,2023-01-14,2023-02-04,1993.0,25,115/22/11,35.0,11.0,21.0,31.0,147.0,8.0,0.0,82.0,1149.0,8220.0,28918.0,7.0,89.0,385.0,289.0,385.0,385.0,1,raw_available,96.0,
60542-002,LE,KT2A,60542-002,0,LEKT2A,VOLTA WERKE,2024-01-13,2024-02-10,1993.0,25,115/22/11,47.0,25.0,29.0,51.0,210.0,15.0,0.0,88.0,1126.0,7350.0,27070.0,46.0,200.0,639.0,393.0,639.0,639.0,1,raw_available,246.0,
60545-001,UT,KT1A,60545-001,0,UTKT1A,VOLTA WERKE,2021-10-24,2021-11-12,1993.0,25,115/22,76.0,11.0,24.0,100.0,377.0,15.0,0.0,323.0,3459.0,2791.0,54266.0,0.0,95.0,934.0,839.0,934.0,934.0,1,raw_available,95.0,
60545-001,UT,KT1A,60545-001,0,UTKT1A,VOLTA WERKE,2022-10-29,2022-11-06,1993.0,25,115/22,,12.0,15.0,75.0,313.0,3.0,0.0,198.0,2725.0,12245.0,67431.0,13.0,319.0,936.0,604.0,936.0,936.0,1,raw_available,332.0,
60545-001,UT,KT1A,60545-001,0,UTKT1A,VOLTA WERKE,2023-04-28,2023-05-07,1993.0,25,115/22,76.0,7.0,8.0,69.0,318.0,9.0,0.0,208.0,2997.0,9768.0,67756.0,12.0,211.0,835.0,612.0,835.0,835.0,1,raw_available,223.0,
60545-001,UT,KT1A,60545-001,0,UTKT1A,VOLTA WERKE,2024-04-20,2024-04-27,1993.0,25,115/22,76.0,9.0,10.0,155.0,389.0,17.0,0.0,215.0,3121.0,11053.0,71295.0,12.0,259.0,1057.0,786.0,1057.0,1057.0,1,raw_available,271.0,
60545-003,BP1,KT2A,60545-003,0,BP1KT2A,VOLTA WERKE,2019-03-11,2019-06-21,1993.0,25,115/22,59.0,31.0,13.0,123.0,266.0,7.0,0.0,253.0,3913.0,4761.0,44859.0,0.0,209.0,871.0,662.0,871.0,871.0,1,raw_available,209.0,
60545-003,BP1,KT2A,60545-003,0,BP1KT2A,VOLTA WERKE,2019-03-21,2019-04-01,1993.0,25,115/22,52.0,16.0,7.0,91.0,222.0,7.0,0.0,275.0,4187.0,7220.0,48174.0,0.0,132.0,734.0,602.0,734.0,734.0,1,raw_available,132.0,
60545-003,BP1,KT2A,60545-003,0,BP1KT2A,VOLTA WERKE,2020-02-10,2020-02-23,1993.0,25,115/22,,11.0,34.0,190.0,395.0,0.0,0.0,289.0,3246.0,8284.0,44791.0,0.0,304.0,1212.0,908.0,1212.0,1212.0,1,raw_available,304.0,
60545-003,BP1,KT2A,60545-003,0,BP1KT2A,VOLTA WERKE,2021-02-20,2021-04-26,1993.0,25,115/22,52.0,24.0,29.0,89.0,229.0,2.0,0.0,78.0,2038.0,19330.0,45000.0,25.0,242.0,694.0,427.0,694.0,694.0,1,raw_available,267.0,
60545-003,BP1,KT2A,60545-003,0,BP1KT2A,VOLTA WERKE,2022-02-07,2022-03-07,1993.0,25,115/22,52.0,15.0,9.0,97.0,282.0,7.0,0.0,197.0,3817.0,9082.0,55867.0,0.0,133.0,725.0,592.0,725.0,725.0,1,raw_available,133.0,
60545-003,BP1,KT2A,60545-003,0,BP1KT2A,VOLTA WERKE,2023-02-12,2023-03-12,1993.0,25,115/22,54.0,16.0,9.0,140.0,333.0,0.0,0.0,280.0,4599.0,6336.0,57268.0,0.0,177.0,939.0,762.0,939.0,939.0,1,raw_available,177.0,
60545-003,BP1,KT2A,60545-003,0,BP1KT2A,VOLTA WERKE,2024-02-25,2024-03-21,1993.0,25,115/22,54.0,8.0,7.0,161.0,343.0,0.0,0.0,292.0,4765.0,7166.0,72646.0,0.0,231.0,1034.0,803.0,1034.0,1034.0,1,raw_available,231.0,
60546-001,CTG,KT2A,60546-001,0,CTGKT2A,VOLTA WERKE,2020-03-23,2020-05-16,1994.0,25,115/22,70.0,7.0,12.0,99.0,177.0,14.0,0.0,145.0,3391.0,2498.0,54193.0,26.0,109.0,582.0,447.0,582.0,582.0,1,raw_available,135.0,
60546-001,CTG,KT2A,60546-001,0,CTGKT2A,VOLTA WERKE,2021-04-10,2021-10-21,1994.0,25,115/22,,19.0,53.0,234.0,177.0,23.0,0.0,228.0,1747.0,6218.0,54196.0,0.0,91.0,806.0,715.0,806.0,806.0,1,raw_available,91.0,
60546-001,CTG,KT2A,60546-001,0,CTGKT2A,VOLTA WERKE,2022-06-11,2022-06-19,1994.0,25,115/22,68.0,11.0,34.0,54.0,99.0,29.0,0.0,194.0,1653.0,4018.0,71374.0,21.0,76.0,507.0,410.0,507.0,507.0,1,raw_available,97.0,
60546-001,CTG,KT2A,60546-001,0,CTGKT2A,VOLTA WERKE,2023-04-03,2023-06-04,1994.0,25,115/22,56.0,15.0,40.0,24.0,118.0,20.0,0.0,264.0,2015.0,7487.0,70359.0,19.0,90.0,575.0,466.0,575.0,575.0,1,raw_available,109.0,
60546-001,CTG,KT2A,60546-001,0,CTGKT2A,VOLTA WERKE,2024-03-23,2024-05-26,1994.0,25,115/22,56.0,30.0,66.0,62.0,110.0,30.0,0.0,418.0,3288.0,4560.0,73857.0,33.0,94.0,813.0,686.0,813.0,813.0,1,raw_available,127.0,
60547-001,TH,KT2A,60547-001,0,THKT2A,VOLTA WERKE,2020-02-25,2020-03-29,1993.0,25,115/22,52.0,8.0,56.0,47.0,80.0,0.0,0.0,50.0,618.0,7052.0,29816.0,0.0,50.0,283.0,233.0,283.0,283.0,1,raw_available,50.0,
60547-001,TH,KT2A,60547-001,0,THKT2A,VOLTA WERKE,2021-02-24,2021-05-20,1993.0,25,115/22,53.0,12.0,20.0,44.0,157.0,0.0,0.0,71.0,1096.0,9283.0,28875.0,0.0,48.0,340.0,292.0,340.0,340.0,1,raw_available,48.0,
60547-001,TH,KT2A,60547-001,0,THKT2A,VOLTA WERKE,2022-02-02,2022-02-20,1993.0,25,115/22,40.0,18.0,24.0,48.0,99.0,5.0,0.0,82.0,1238.0,4305.0,24085.0,0.0,34.0,292.0,258.0,292.0,292.0,1,raw_available,34.0,
60547-001,TH,KT2A,60547-001,0,THKT2A,VOLTA WERKE,2023-01-31,2023-02-13,1993.0,25,115/22,51.0,6.0,51.0,69.0,121.0,7.0,0.0,115.0,1560.0,3776.0,30267.0,6.0,56.0,425.0,363.0,425.0,425.0,1,raw_available,62.0,
60547-001,TH,KT2A,60547-001,0,THKT2A,VOLTA WERKE,2024-01-30,2024-03-09,1993.0,25,115/22,56.0,9.0,17.0,51.0,35.0,3.0,0.0,95.0,1277.0,12253.0,31780.0,2.0,43.0,246.0,201.0,246.0,246.0,1,raw_available,45.0,
60548-001,PK2,KT4A,60548-001,0,PK2KT4A,VOLTA WERKE,2019-04-01,2019-06-30,1994.0,25,115/33/11,45.0,22.0,17.0,41.0,26.0,7.0,0.0,210.0,2221.0,6531.0,42432.0,0.0,5.0,306.0,301.0,306.0,306.0,1,raw_available,5.0,
60548-001,PK2,KT4A,60548-001,0,PK2KT4A,VOLTA WERKE,2019-09-07,2019-11-23,1994.0,25,115/33/11,40.0,36.0,18.0,43.0,28.0,8.0,0.0,0.0,0.0,12090.0,51470.0,0.0,17.0,114.0,97.0,114.0,114.0,1,raw_available,17.0,
60548-001,PK2,KT4A,60548-001,0,PK2KT4A,VOLTA WERKE,2020-09-13,2020-11-15,1994.0,25,115/33/11,41.0,20.0,31.0,6.0,9.0,2.0,0.0,62.0,673.0,15520.0,172150.0,5.0,7.0,122.0,110.0,122.0,122.0,1,raw_available,12.0,
60548-001,PK2,KT4A,60548-001,0,PK2KT4A,VOLTA WERKE,2021-09-18,2021-11-16,1994.0,25,115/33/11,50.0,13.0,11.0,4.0,10.0,9.0,0.0,388.0,3503.0,14150.0,64970.0,16.0,14.0,452.0,422.0,452.0,452.0,1,raw_available,30.0,
60548-001,PK2,KT4A,60548-001,0,PK2KT4A,VOLTA WERKE,2022-09-18,2022-10-08,1994.0,25,115/33/11,44.0,11.0,15.0,2.0,8.0,26.0,0.0,378.0,3430.0,25136.0,64548.0,6.0,5.0,440.0,429.0,440.0,440.0,1,raw_available,11.0,
60548-001,PK2,KT4A,60548-001,0,PK2KT4A,VOLTA WERKE,2023-09-17,2023-10-26,1994.0,25,115/33/11,45.0,16.0,21.0,7.0,26.0,60.0,0.0,457.0,3947.0,25741.0,76181.0,11.0,13.0,595.0,571.0,595.0,595.0,1,raw_available,24.0,
60548002,LR,KT1A,60548002,0,LRKT1A,VOLTA WERKE,2019-04-04,2019-08-26,1994.0,32,115/33/11,54.0,26.0,16.0,80.0,167.0,0.0,0.0,104.0,1557.0,9587.0,41391.0,0.0,82.0,449.0,367.0,449.0,449.0,1,raw_available,82.0,
60548002,LR,KT1A,60548002,0,LRKT1A,VOLTA WERKE,2019-09-28,2019-11-22,1994.0,32,115/33/11,52.0,24.0,23.0,89.0,223.0,0.0,0.0,0.0,0.0,9330.0,48060.0,0.0,147.0,482.0,335.0,482.0,482.0,1,raw_available,147.0,
60548002,LR,KT1A,60548002,0,LRKT1A,VOLTA WERKE,2020-09-18,2020-11-15,1994.0,32,115/33/11,49.0,10.0,22.0,99.0,226.0,6.0,0.0,90.0,1639.0,8865.0,41590.0,143.0,0.0,586.0,443.0,586.0,586.0,1,raw_available,143.0,
60548002,LR,KT1A,60548002,0,LRKT1A,VOLTA WERKE,2021-09-13,2021-11-16,1994.0,32,115/33/11,50.0,17.0,12.0,84.0,202.0,1.0,0.0,81.0,2351.0,6830.0,42720.0,17.0,154.0,551.0,380.0,551.0,551.0,1,raw_available,171.0,
60548002,LR,KT1A,60548002,0,LRKT1A,VOLTA WERKE,2022-09-15,2022-10-08,1994.0,32,115/33/11,54.0,13.0,4.0,105.0,274.0,5.0,0.0,148.0,2586.0,4052.0,60101.0,8.0,140.0,684.0,536.0,684.0,684.0,1,raw_available,148.0,
60548002,LR,KT1A,60548002,0,LRKT1A,VOLTA WERKE,2023-10-02,2023-11-18,1994.0,32,115/33/11,60.0,14.0,5.0,65.0,179.0,4.0,0.0,144.0,2712.0,13190.0,32370.0,9.0,149.0,555.0,397.0,555.0,555.0,1,raw_available,158.0,
607025,TN500KV,KT1AA,607025,0,TN500KVKT1AA,ABB,2022-01-02,2022-01-07,2022.0,1,500,27.0,4.0,0.0,1.0,0.0,0.0,0.0,6.0,134.0,7420.0,15555.0,0.0,0.0,7.0,7.0,7.0,7.0,1,raw_available,0.0,ก่อนทดสอบ HV TEST
607025,TN500KV,KT1AA,607025,0,TN500KVKT1AA,ABB,2022-01-15,2022-01-16,2022.0,1,500,,5.0,0.0,0.0,2.0,0.0,0.0,11.0,69.0,3169.0,9224.0,0.0,5.0,18.0,13.0,18.0,18.0,1,raw_available,5.0,ทดสอบหลัง HV TEST
607025,TN500KV,KT1AA,607025,0,TN500KVKT1AA,ABB,2022-01-15,2022-01-16,2022.0,1,500,30.0,5.0,8.0,0.0,2.0,0.0,0.0,2.0,67.0,3003.0,4998.0,0.0,5.0,17.0,12.0,17.0,17.0,1,raw_available,5.0,
607025,TN500KV,KT1AA,607025,0,TN500KVKT1AA,ABB,2022-01-17,2022-01-18,2022.0,1,500,30.0,5.0,0.0,1.0,5.0,0.0,0.0,12.0,84.0,3863.0,17594.0,0.0,15.0,38.0,18.0,38.0,38.0,1,raw_available,20.0,ทดสอบหลัง Temperature rise test
607025,TN500KV,KT1AA,607025,0,TN500KVKT1AA,ABB,2022-03-21,2022-03-25,2022.0,1,500,,6.0,1.0,1.0,0.0,0.0,0.0,8.0,97.0,6502.0,13046.0,0.0,0.0,10.0,10.0,10.0,10.0,1,raw_available,0.0,COMMISIONING TEST.
607025,TN500KV,KT1AA,607025,0,TN500KVKT1AA,ABB,2023-05-08,2023-05-15,2022.0,1,500,40.0,14.0,0.0,4.0,3.0,0.0,0.0,5.0,38.0,3684.0,17135.0,0.0,1.0,13.0,12.0,13.0,13.0,1,raw_available,1.0,ทดสอบก่อนทำน้ำมัน
607025,TN500KV,KT1AA,607025,0,TN500KVKT1AA,ABB,2023-05-10,2023-05-19,2022.0,1,500,46.0,6.0,0.0,0.0,0.0,0.0,0.0,2.0,25.0,18376.0,46519.0,0.0,0.0,2.0,2.0,2.0,2.0,1,raw_available,0.0,ทดสอบหลังทำน้ำมัน
608021,TN500KV,KT1AB,608021,0,TN500KVKT1AB,ABB,2022-09-02,2022-09-04,2022.0,1,500,31.0,9.0,1.0,0.0,0.0,0.0,0.0,9.0,182.0,1962.0,9887.0,0.0,0.0,10.0,10.0,10.0,10.0,1,raw_available,0.0,ก่อนทดสอบ HV.
608021,TN500KV,KT1AB,608021,0,TN500KVKT1AB,ABB,2022-09-03,2022-09-04,2022.0,1,500,30.0,11.0,0.0,0.0,0.0,0.0,0.0,8.0,121.0,3952.0,9312.0,0.0,0.0,8.0,8.0,8.0,8.0,1,raw_available,0.0,หลังทดสอบ IMPULSE .
608021,TN500KV,KT1AB,608021,0,TN500KVKT1AB,ABB,2023-03-24,2023-03-31,2022.0,1,500,31.0,5.0,5.0,1.0,5.0,0.0,0.0,17.0,230.0,11063.0,17375.0,0.0,5.0,33.0,28.0,33.0,33.0,1,raw_available,5.0,Before High Voltage Test
608021,TN500KV,KT1AB,608021,0,TN500KVKT1AB,ABB,2023-03-31,2023-04-06,2022.0,1,500,32.0,5.0,1.0,1.0,1.0,0.0,0.0,17.0,358.0,6283.0,15325.0,0.0,1.0,21.0,20.0,21.0,21.0,1,raw_available,1.0,หลัง High VoltageTest .
608021,TN500KV,KT1AB,608021,0,TN500KVKT1AB,ABB,2023-05-06,2023-05-09,2022.0,1,500,41.0,9.0,0.0,1.0,0.0,0.0,0.0,4.0,37.0,2796.0,15617.0,0.0,0.0,5.0,5.0,5.0,5.0,1,raw_available,0.0,หลังทดสอบทางไฟฟ้า ก่อนนำเข้าใช้งาน
608022,TN500KV,KT1AC,608022,0,TN500KVKT1AC,ABB,2022-11-05,2022-11-07,2022.0,1,500,30.0,8.0,0.0,0.0,2.0,0.0,0.0,23.0,187.0,13408.0,38062.0,0.0,1.0,26.0,25.0,26.0,26.0,1,raw_available,1.0,ก่อนทดสอบ High Voltage Test
608022,TN500KV,KT1AC,608022,0,TN500KVKT1AC,ABB,2022-11-07,2022-11-10,2022.0,1,500,32.0,6.0,0.0,0.0,0.0,1.0,0.0,25.0,172.0,11948.0,31949.0,1.0,0.0,27.0,26.0,27.0,27.0,1,raw_available,1.0,หลังการทดสอบ high voltage test
608022,TN500KV,KT1AC,608022,0,TN500KVKT1AC,ABB,2022-12-23,2022-12-24,2022.0,1,500,,10.0,9.0,2.0,1.0,0.0,0.0,7.0,90.0,2902.0,8745.0,0.0,0.0,19.0,19.0,19.0,19.0,1,raw_available,0.0,ทดสอบหลังการติดตั้ง
608022,TN500KV,KT1AC,608022,0,TN500KVKT1AC,ABB,2023-05-10,2023-05-19,2022.0,1,500,46.0,7.0,0.0,1.0,0.0,0.0,0.0,2.0,21.0,4753.0,15917.0,0.0,0.0,3.0,3.0,3.0,3.0,1,raw_available,0.0,หลังทดสอบทางไฟฟ้า ก่อนนำเข้าใช้งาน
60841-001,TM,KT2A,60841-001,0,TMKT2A,VOLTA WERKE,2019-04-08,2019-06-21,1999.0,40,115/22,61.0,21.0,14.0,47.0,62.0,7.0,0.0,146.0,2094.0,11652.0,37230.0,0.0,41.0,317.0,276.0,317.0,317.0,1,raw_available,41.0,
60841-001,TM,KT2A,60841-001,0,TMKT2A,VOLTA WERKE,2020-02-10,2020-02-22,1999.0,40,115/22,,11.0,23.0,51.0,65.0,0.0,0.0,106.0,1432.0,10461.0,40513.0,0.0,45.0,290.0,245.0,290.0,290.0,1,raw_available,45.0,Research
60841-001,TM,KT2A,60841-001,0,TMKT2A,VOLTA WERKE,2021-04-23,2021-06-07,1999.0,40,115/22,61.0,15.0,50.0,54.0,14.0,0.0,0.0,362.0,6251.0,4500.0,50000.0,7.0,9.0,496.0,480.0,496.0,496.0,1,raw_available,16.0,
60841-001,TM,KT2A,60841-001,0,TMKT2A,VOLTA WERKE,2022-04-29,2022-05-06,1999.0,40,115/22,56.0,7.0,29.0,5.0,22.0,8.0,0.0,368.0,6051.0,6803.0,62958.0,0.0,2.0,434.0,432.0,434.0,434.0,1,raw_available,2.0,
60841-001,TM,KT2A,60841-001,0,TMKT2A,VOLTA WERKE,2023-04-21,2023-05-06,1999.0,40,115/22,54.0,9.0,16.0,16.0,12.0,16.0,0.0,304.0,6053.0,9030.0,65110.0,7.0,15.0,386.0,364.0,386.0,386.0,1,raw_available,22.0,
60841-001,TM,KT2A,60841-001,0,TMKT2A,VOLTA WERKE,2024-04-27,2024-05-06,1999.0,40,115/22,52.0,7.0,38.0,9.0,14.0,13.0,0.0,416.0,6579.0,12492.0,63941.0,0.0,24.0,514.0,490.0,514.0,514.0,1,raw_available,24.0,
60908-001,NS,KT5A,60908-001,0,NSKT5A,VOLTA WERKE,2019-08-21,2019-09-27,2004.0,25,115/22,32.0,29.0,0.0,15.0,0.0,0.0,0.0,545.0,1303.0,11800.0,54630.0,0.0,0.0,560.0,560.0,560.0,560.0,1,raw_available,0.0,
60908-001,NS,KT5A,60908-001,0,NSKT5A,VOLTA WERKE,2021-12-13,2022-01-06,2004.0,25,115/22,,14.0,3.0,6.0,4.0,2.0,0.0,469.0,1865.0,6920.0,49920.0,18.0,7.0,509.0,484.0,509.0,509.0,1,raw_available,25.0,
60908-001,NS,KT5A,60908-001,0,NSKT5A,VOLTA WERKE,2022-06-11,2022-06-26,2004.0,25,115/22,,8.0,3.0,6.0,4.0,2.0,0.0,400.0,1932.0,8535.0,60562.0,20.0,6.0,341.0,415.0,341.0,341.0,1,raw_available,-74.0,
60908-001,NS,KT5A,60908-001,0,NSKT5A,VOLTA WERKE,2023-07-24,2023-08-07,2004.0,25,115/22,0.0,10.0,1.0,1.0,1.0,4.0,0.0,372.0,1960.0,11112.0,58867.0,3.0,2.0,384.0,379.0,384.0,384.0,1,raw_available,5.0,
60908-001,NS,KT5A,60908-001,0,NSKT5A,VOLTA WERKE,2024-05-26,2024-06-08,2004.0,25,115/22,30.0,18.0,2.0,16.0,5.0,13.0,0.0,563.0,1628.0,11443.0,69117.0,5.0,10.0,614.0,599.0,614.0,614.0,1,raw_available,15.0,
69001T21-2,YL1,KT1A,69001T21-2,0,YL1KT1A,FUJI,2019-09-02,2019-10-18,1998.0,25,115/33/11,44.0,24.0,17.0,37.0,126.0,11.0,0.0,54.0,567.0,8884.0,54613.0,14.0,81.0,340.0,245.0,340.0,340.0,1,raw_available,95.0,
69001T21-2,YL1,KT1A,69001T21-2,0,YL1KT1A,FUJI,2020-07-26,2020-08-24,1998.0,25,115/33/11,57.0,12.0,36.0,39.0,109.0,1.0,0.0,52.0,772.0,6652.0,50412.0,2.0,69.0,308.0,237.0,308.0,308.0,1,raw_available,71.0,
69001T21-2,YL1,KT1A,69001T21-2,0,YL1KT1A,FUJI,2021-07-12,2021-11-04,1998.0,25,115/33/11,53.0,28.0,12.0,36.0,136.0,7.0,0.0,86.0,973.0,13606.0,41795.0,0.0,18.0,295.0,277.0,295.0,295.0,1,raw_available,18.0,
69001T21-2,YL1,KT1A,69001T21-2,0,YL1KT1A,FUJI,2022-07-15,2022-07-24,1998.0,25,115/33/11,54.0,15.0,14.0,31.0,173.0,6.0,0.0,93.0,1312.0,6066.0,41651.0,0.0,43.0,360.0,317.0,360.0,360.0,1,raw_available,43.0,
69001T21-2,YL1,KT1A,69001T21-2,0,YL1KT1A,FUJI,2023-07-14,2023-12-04,1998.0,25,115/33/11,52.0,12.0,30.0,62.0,197.0,7.0,0.0,134.0,1488.0,6005.0,50641.0,8.0,80.0,518.0,430.0,518.0,518.0,1,raw_available,88.0,
7128901601,PHT,KT1A,7128901601,0,PHTKT1A,DAIHEN,2024-03-08,2024-04-09,2024.0,300,230,27.0,11.0,4.0,1.0,1.0,0.0,0.0,24.0,210.0,106000.0,73525.0,0.0,0.0,30.0,30.0,30.0,30.0,1,raw_available,0.0,
7128901702,CHW,KT3A,7128901702,0,CHWKT3A,ABB,2023-06-26,2023-06-29,2023.0,300,230,30.0,6.0,11.0,0.0,0.0,0.0,0.0,18.0,112.0,7449.0,11612.0,0.0,0.0,29.0,29.0,29.0,29.0,1,raw_available,0.0,
7128901702,CHW,KT3A,7128901702,0,CHWKT3A,ABB,2024-01-15,2024-02-02,2023.0,300,230,50.0,6.0,14.0,0.0,0.0,0.0,0.0,42.0,306.0,25989.0,43294.0,0.0,0.0,56.0,56.0,56.0,56.0,1,raw_available,0.0,
7128901702,CHW,KT3A,7128901702,0,CHWKT3A,ABB,2024-06-04,2024-06-07,2023.0,300,230,60.0,3.0,19.0,2.0,0.0,5.0,0.0,120.0,787.0,6299.0,30777.0,0.0,0.0,146.0,146.0,146.0,146.0,1,raw_available,0.0,
7200157,BN,KT6A,7200157,0,BNKT6A,ASEA,2019-05-12,2019-05-25,1994.0,200,230/115/11,60.0,16.0,21.0,40.0,13.0,61.0,0.0,356.0,2339.0,9004.0,47115.0,42.0,0.0,533.0,491.0,533.0,533.0,1,raw_available,42.0,
7200157,BN,KT6A,7200157,0,BNKT6A,ASEA,2019-11-04,2019-12-13,1994.0,200,230/115/11,60.0,14.0,37.0,54.0,15.0,92.0,0.0,420.0,2413.0,8567.0,41772.0,55.0,0.0,673.0,618.0,673.0,673.0,1,raw_available,55.0,
7200157,BN,KT6A,7200157,0,BNKT6A,ASEA,2020-06-03,2020-07-03,1994.0,200,230/115/11,60.0,13.0,25.0,44.0,18.0,63.0,0.0,383.0,2387.0,10653.0,40264.0,0.0,0.0,533.0,533.0,533.0,533.0,1,raw_available,0.0,
7200157,BN,KT6A,7200157,0,BNKT6A,ASEA,2020-11-21,2020-11-30,1994.0,200,230/115/11,60.0,8.0,29.0,42.0,42.0,65.0,0.0,422.0,2650.0,7610.0,38699.0,25.0,0.0,625.0,600.0,625.0,625.0,1,raw_available,25.0,
7200157,BN,KT6A,7200157,0,BNKT6A,ASEA,2021-05-18,2021-06-21,1994.0,200,230/115/11,61.0,14.0,46.0,47.0,10.0,69.0,0.0,391.0,2379.0,7231.0,41735.0,35.0,4.0,602.0,563.0,602.0,602.0,1,raw_available,39.0,
7200157,BN,KT6A,7200157,0,BNKT6A,ASEA,2021-11-15,2021-11-21,1994.0,200,230/115/11,60.0,7.0,20.0,51.0,13.0,111.0,0.0,361.0,3410.0,8752.0,43172.0,56.0,5.0,617.0,556.0,617.0,617.0,1,raw_available,61.0,
7200157,BN,KT6A,7200157,0,BNKT6A,ASEA,2022-05-30,2022-06-04,1994.0,200,230/115/11,60.0,18.0,33.0,31.0,18.0,65.0,0.0,579.0,2968.0,7662.0,45848.0,43.0,8.0,777.0,726.0,777.0,777.0,1,raw_available,51.0,
7200157,BN,KT6A,7200157,0,BNKT6A,ASEA,2022-11-26,2022-11-28,1994.0,200,230/115/11,62.0,9.0,36.0,45.0,17.0,69.0,0.0,623.0,3039.0,6723.0,43541.0,27.0,0.0,817.0,790.0,817.0,817.0,1,raw_available,27.0,
7200157,BN,KT6A,7200157,0,BNKT6A,ASEA,2023-05-19,2023-05-25,1994.0,200,230/115/11,53.0,28.0,31.0,48.0,13.0,56.0,0.0,638.0,2925.0,9578.0,62250.0,51.0,5.0,842.0,786.0,842.0,842.0,1,raw_available,56.0,
7200157,BN,KT6A,7200157,0,BNKT6A,ASEA,2023-11-24,2023-12-25,1994.0,200,230/115/11,50.0,15.0,46.0,49.0,21.0,86.0,0.0,624.0,3759.0,13016.0,59197.0,51.0,6.0,883.0,826.0,883.0,883.0,1,raw_available,57.0,
7212507001,VRK-P,KT1A,7212507001,0,VRK-PKT1A,MITSUBISHI,2019-08-26,2019-09-21,1986.0,66,220/115/22,34.0,24.0,11.0,6.0,0.0,0.0,0.0,113.0,2010.0,7694.0,29165.0,0.0,0.0,130.0,130.0,130.0,130.0,1,raw_available,0.0,
7212507001,VRK-P,KT1A,7212507001,0,VRK-PKT1A,MITSUBISHI,2020-06-05,2020-07-04,1986.0,66,220/115/22,34.0,14.0,10.0,4.0,0.0,2.0,0.0,125.0,2534.0,2682.0,27658.0,3.0,2.0,146.0,141.0,146.0,146.0,1,raw_available,5.0,
7212507001,VRK-P,KT1A,7212507001,0,VRK-PKT1A,MITSUBISHI,2020-10-20,2020-10-31,1986.0,66,220/115/22,35.0,14.0,7.0,0.0,1.0,0.0,0.0,132.0,1568.0,4303.0,27630.0,3.0,1.0,144.0,140.0,144.0,144.0,1,raw_available,4.0,
7212507001,VRK-P,KT1A,7212507001,0,VRK-PKT1A,MITSUBISHI,2021-04-20,2021-06-05,1986.0,66,220/115/22,39.0,18.0,51.0,3.0,1.0,0.0,0.0,64.0,1054.0,3309.0,33941.0,0.0,0.0,119.0,119.0,119.0,119.0,1,raw_available,0.0,
7212507001,VRK-P,KT1A,7212507001,0,VRK-PKT1A,MITSUBISHI,2022-02-24,2022-03-07,1986.0,66,220/115/22,37.0,12.0,42.0,3.0,2.0,2.0,0.0,101.0,1708.0,9669.0,33242.0,4.0,2.0,156.0,150.0,156.0,156.0,1,raw_available,6.0,
7212507001,VRK-P,KT1A,7212507001,0,VRK-PKT1A,MITSUBISHI,2022-11-17,2022-12-04,1986.0,66,220/115/22,38.0,16.0,9.0,5.0,4.0,2.0,0.0,117.0,1897.0,5669.0,30602.0,4.0,5.0,146.0,137.0,146.0,146.0,1,raw_available,9.0,
7212507001,VRK-P,KT1A,7212507001,0,VRK-PKT1A,MITSUBISHI,2023-05-20,2023-06-10,1986.0,66,220/115/22,40.0,16.0,9.0,15.0,2.0,2.0,0.0,136.0,2076.0,6792.0,32863.0,2.0,1.0,167.0,164.0,167.0,167.0,1,raw_available,3.0,
7212507001,VRK-P,KT1A,7212507001,0,VRK-PKT1A,MITSUBISHI,2023-11-24,2023-12-29,1986.0,66,220/115/22,30.0,8.0,18.0,5.0,9.0,2.0,0.0,129.0,2059.0,7032.0,30985.0,3.0,14.0,180.0,163.0,180.0,180.0,1,raw_available,17.0,
7212507001,VRK-P,KT1A,7212507001,0,VRK-PKT1A,MITSUBISHI,2024-04-08,2024-04-20,1986.0,66,220/115/22,0.0,15.0,22.0,19.0,4.0,2.0,0.0,130.0,2243.0,12136.0,42818.0,4.0,1.0,182.0,177.0,182.0,182.0,1,raw_available,5.0,
7312504701,BPL,KT1A,7312504701,0,BPLKT1A,MITSUBISHI,2019-05-31,2019-06-30,1987.0,200,220/69/11,45.0,20.0,128.0,18.0,28.0,0.0,0.0,166.0,3691.0,6194.0,35212.0,0.0,18.0,358.0,340.0,358.0,358.0,1,raw_available,18.0,
7312504701,BPL,KT1A,7312504701,0,BPLKT1A,MITSUBISHI,2019-11-14,2019-11-25,1987.0,200,220/69/11,45.0,20.0,38.0,13.0,18.0,0.0,0.0,200.0,3781.0,8330.0,56160.0,0.0,15.0,284.0,269.0,284.0,284.0,1,raw_available,15.0,
7312504701,BPL,KT1A,7312504701,0,BPLKT1A,MITSUBISHI,2020-05-15,2020-05-29,1987.0,200,220/69/11,50.0,16.0,69.0,27.0,33.0,0.0,0.0,162.0,3245.0,2954.0,43992.0,10.0,28.0,229.0,291.0,229.0,229.0,1,raw_available,-62.0,
7312504701,BPL,KT1A,7312504701,0,BPLKT1A,MITSUBISHI,2020-11-22,2020-12-04,1987.0,200,220/69/11,64.0,11.0,28.0,4.0,23.0,0.0,0.0,72.0,2361.0,3178.0,37750.0,2.0,13.0,142.0,127.0,142.0,142.0,1,raw_available,15.0,
7312504701,BPL,KT1A,7312504701,0,BPLKT1A,MITSUBISHI,2021-05-24,2021-07-12,1987.0,200,220/69/11,59.0,14.0,37.0,5.0,49.0,0.0,0.0,202.0,4259.0,4888.0,38807.0,0.0,0.0,293.0,293.0,293.0,293.0,1,raw_available,0.0,
7312504701,BPL,KT1A,7312504701,0,BPLKT1A,MITSUBISHI,2021-11-14,2021-12-11,1987.0,200,220/69/11,52.0,23.0,4.0,15.0,23.0,0.0,0.0,175.0,3375.0,14910.0,54750.0,8.0,21.0,246.0,217.0,246.0,246.0,1,raw_available,29.0,
7312504701,BPL,KT1A,7312504701,0,BPLKT1A,MITSUBISHI,2022-05-28,2022-06-02,1987.0,200,220/69/11,,11.0,60.0,29.0,26.0,3.0,0.0,163.0,3386.0,4604.0,42356.0,11.0,19.0,311.0,281.0,311.0,311.0,1,raw_available,30.0,
7312504701,BPL,KT1A,7312504701,0,BPLKT1A,MITSUBISHI,2023-05-22,2023-05-26,1987.0,200,220/69/11,51.0,17.0,59.0,18.0,13.0,0.0,0.0,178.0,3423.0,9047.0,56767.0,0.0,19.0,287.0,268.0,287.0,287.0,1,raw_available,19.0,
7312504701,BPL,KT1A,7312504701,0,BPLKT1A,MITSUBISHI,2023-11-26,2023-12-21,1987.0,200,220/69/11,48.0,16.0,89.0,22.0,4.0,29.0,0.0,85.0,2440.0,7697.0,47808.0,20.0,0.0,249.0,229.0,249.0,249.0,1,raw_available,20.0,
7412507701,LPR,KT1A,7412507701,0,LPRKT1A,MITSUBISHI,2019-05-06,2019-05-25,1988.0,200,230/69/11,53.0,17.0,61.0,12.0,8.0,3.0,0.0,185.0,3334.0,6718.0,27652.0,3.0,3.0,275.0,269.0,275.0,275.0,1,raw_available,6.0,
7412507701,LPR,KT1A,7412507701,0,LPRKT1A,MITSUBISHI,2019-11-13,2019-12-13,1988.0,200,230/69/11,50.0,13.0,23.0,8.0,0.0,0.0,0.0,55.0,1347.0,6729.0,23006.0,0.0,0.0,86.0,86.0,86.0,86.0,1,raw_available,0.0,
7412507701,LPR,KT1A,7412507701,0,LPRKT1A,MITSUBISHI,2020-11-09,2020-11-22,1988.0,200,230/69/11,47.0,21.0,23.0,0.0,2.0,1.0,0.0,89.0,1466.0,6079.0,25846.0,4.0,2.0,121.0,115.0,121.0,121.0,1,raw_available,6.0,
7412507701,LPR,KT1A,7412507701,0,LPRKT1A,MITSUBISHI,2021-06-12,2021-08-16,1988.0,200,230/69/11,57.0,15.0,27.0,0.0,20.0,40.0,0.0,59.0,1162.0,11541.0,28904.0,0.0,0.0,146.0,146.0,146.0,146.0,1,raw_available,0.0,
7412507701,LPR,KT1A,7412507701,0,LPRKT1A,MITSUBISHI,2021-11-07,2021-11-18,1988.0,200,230/69/11,50.0,,31.0,7.0,2.0,0.0,0.0,86.0,2011.0,5410.0,20540.0,5.0,2.0,133.0,126.0,133.0,133.0,1,raw_available,7.0,
7412507701,LPR,KT1A,7412507701,0,LPRKT1A,MITSUBISHI,2022-05-27,2022-06-03,1988.0,200,230/69/11,61.0,17.0,46.0,7.0,2.0,0.0,0.0,49.0,1858.0,5001.0,29166.0,4.0,3.0,111.0,104.0,111.0,111.0,1,raw_available,7.0,
7412507701,LPR,KT1A,7412507701,0,LPRKT1A,MITSUBISHI,2022-11-17,2022-12-02,1988.0,200,230/69/11,50.0,16.0,41.0,8.0,4.0,4.0,0.0,94.0,1886.0,6745.0,24012.0,4.0,4.0,159.0,151.0,159.0,159.0,1,raw_available,8.0,
7412507701,LPR,KT1A,7412507701,0,LPRKT1A,MITSUBISHI,2023-01-04,2023-01-05,1988.0,200,230/69/11,,7.0,45.0,7.0,3.0,4.0,0.0,84.0,1782.0,2040.0,18198.0,0.0,0.0,143.0,143.0,143.0,143.0,1,raw_available,0.0,Tx. Trip differential relay.
7412507701,LPR,KT1A,7412507701,0,LPRKT1A,MITSUBISHI,2023-05-18,2023-05-22,1988.0,200,230/69/11,49.0,24.0,53.0,8.0,3.0,2.0,0.0,96.0,1921.0,2860.0,24360.0,15.0,3.0,180.0,162.0,180.0,180.0,1,raw_available,18.0,
7412507701,LPR,KT1A,7412507701,0,LPRKT1A,MITSUBISHI,2023-08-11,2023-08-11,1988.0,200,230/69/11,54.0,14.0,85.0,5.0,3.0,5.0,0.0,146.0,2216.0,5569.0,29345.0,6.0,3.0,253.0,244.0,253.0,253.0,1,raw_available,9.0,มี Fault ที่ MEA ระยะทางไม่เกิน 1 กม.
7412507701,LPR,KT1A,7412507701,0,LPRKT1A,MITSUBISHI,2023-11-19,2023-12-23,1988.0,200,230/69/11,46.0,17.0,48.0,12.0,6.0,8.0,0.0,161.0,2932.0,6797.0,28094.0,0.0,0.0,235.0,235.0,235.0,235.0,1,raw_available,0.0,
7853301,BK,KT1A,7853301,0,BKKT1A,ABB,2019-05-18,2019-05-24,2006.0,200,230/72.5/11,57.0,13.0,17.0,10.0,4.0,0.0,0.0,781.0,3290.0,9583.0,43329.0,0.0,0.0,812.0,812.0,812.0,812.0,1,raw_available,0.0,
7853301,BK,KT1A,7853301,0,BKKT1A,ABB,2019-11-01,2019-11-08,2006.0,200,230/72.5/11,56.0,13.0,23.0,12.0,4.0,0.0,0.0,805.0,3425.0,16432.0,63495.0,0.0,0.0,844.0,844.0,844.0,844.0,1,raw_available,0.0,
7853301,BK,KT1A,7853301,0,BKKT1A,ABB,2020-05-25,2020-06-01,2006.0,200,230/72.5/11,53.0,8.0,22.0,12.0,5.0,0.0,0.0,794.0,3955.0,21333.0,56728.0,0.0,0.0,833.0,833.0,833.0,833.0,1,raw_available,0.0,
7853301,BK,KT1A,7853301,0,BKKT1A,ABB,2020-11-27,2020-12-25,2006.0,200,230/72.5/11,60.0,14.0,38.0,15.0,2.0,1.0,0.0,811.0,4201.0,15664.0,64211.0,0.0,1.0,868.0,867.0,868.0,868.0,1,raw_available,1.0,
7853301,BK,KT1A,7853301,0,BKKT1A,ABB,2021-11-07,2021-11-12,2006.0,200,230/72.5/11,56.0,10.0,26.0,0.0,7.0,0.0,0.0,941.0,4316.0,13433.0,46275.0,0.0,0.0,974.0,974.0,974.0,974.0,1,raw_available,0.0,
7853301,BK,KT1A,7853301,0,BKKT1A,ABB,2022-05-26,2022-06-02,2006.0,200,230/72.5/11,50.0,11.0,23.0,4.0,5.0,2.0,0.0,1113.0,4581.0,15135.0,52528.0,0.0,0.0,1147.0,1147.0,1147.0,1147.0,1,raw_available,0.0,
7853301,BK,KT1A,7853301,0,BKKT1A,ABB,2022-12-15,2023-01-06,2006.0,200,230/72.5/11,55.0,8.0,20.0,8.0,3.0,0.0,0.0,1207.0,6797.0,12960.0,56260.0,0.0,2.0,1240.0,1238.0,1240.0,1240.0,1,raw_available,2.0,
7853301,BK,KT1A,7853301,0,BKKT1A,ABB,2023-05-29,2023-06-02,2006.0,200,230/72.5/11,60.0,7.0,29.0,9.0,6.0,3.0,0.0,1229.0,6909.0,12204.0,70351.0,8.0,1.0,1285.0,1276.0,1285.0,1285.0,1,raw_available,9.0,
7853301,BK,KT1A,7853301,0,BKKT1A,ABB,2023-11-06,2023-12-15,2006.0,200,230/72.5/11,62.0,6.0,24.0,15.0,5.0,3.0,0.0,913.0,5771.0,23300.0,69012.0,8.0,2.0,970.0,960.0,970.0,970.0,1,raw_available,10.0,
7853302,BK,KT2A,7853302,0,BKKT2A,ABB,2019-05-18,2019-05-24,2006.0,200,230/72.5/11,57.0,19.0,17.0,11.0,5.0,0.0,0.0,785.0,4250.0,12824.0,46215.0,0.0,0.0,818.0,818.0,818.0,818.0,1,raw_available,0.0,
7853302,BK,KT2A,7853302,0,BKKT2A,ABB,2019-11-01,2019-11-08,2006.0,200,230/72.5/11,56.0,10.0,23.0,22.0,4.0,0.0,0.0,818.0,4473.0,20021.0,64457.0,0.0,0.0,867.0,867.0,867.0,867.0,1,raw_available,0.0,
7853302,BK,KT2A,7853302,0,BKKT2A,ABB,2020-05-25,2020-06-01,2006.0,200,230/72.5/11,55.0,8.0,19.0,15.0,5.0,0.0,0.0,918.0,4005.0,18255.0,56441.0,0.0,3.0,960.0,957.0,960.0,960.0,1,raw_available,3.0,
7853302,BK,KT2A,7853302,0,BKKT2A,ABB,2020-11-27,2020-12-25,2006.0,200,230/72.5/11,60.0,15.0,44.0,19.0,2.0,2.0,0.0,962.0,4183.0,17205.0,62518.0,0.0,1.0,1030.0,1029.0,1030.0,1030.0,1,raw_available,1.0,
7853302,BK,KT2A,7853302,0,BKKT2A,ABB,2021-11-07,2021-11-19,2006.0,200,230/72.5/11,56.0,9.0,35.0,0.0,10.0,0.0,0.0,914.0,3910.0,13435.0,44609.0,0.0,0.0,959.0,959.0,959.0,959.0,1,raw_available,0.0,
7853302,BK,KT2A,7853302,0,BKKT2A,ABB,2022-05-26,2022-06-02,2006.0,200,230/72.5/11,60.0,11.0,31.0,7.0,6.0,2.0,0.0,1093.0,4508.0,16613.0,49164.0,0.0,0.0,1139.0,1139.0,1139.0,1139.0,1,raw_available,0.0,
7853302,BK,KT2A,7853302,0,BKKT2A,ABB,2022-12-15,2023-01-06,2006.0,200,230/72.5/11,56.0,10.0,28.0,9.0,3.0,0.0,0.0,1275.0,6516.0,11130.0,51560.0,0.0,1.0,1316.0,1315.0,1316.0,1316.0,1,raw_available,1.0,
7853302,BK,KT2A,7853302,0,BKKT2A,ABB,2023-05-29,2023-06-02,2006.0,200,230/72.5/11,51.0,9.0,33.0,9.0,5.0,4.0,0.0,1197.0,6074.0,9911.0,59717.0,6.0,1.0,1255.0,1248.0,1255.0,1255.0,1,raw_available,7.0,
7853302,BK,KT2A,7853302,0,BKKT2A,ABB,2023-11-06,2023-12-15,2006.0,200,230/72.5/11,62.0,9.0,25.0,15.0,4.0,0.0,0.0,852.0,4456.0,27392.0,74625.0,6.0,2.0,904.0,896.0,904.0,904.0,1,raw_available,8.0,
7853996,BK,KT3A,7853996,0,BKKT3A,ABB,2019-02-07,2019-02-09,2012.0,300,230/72.5/22,64.0,6.0,14.0,44.0,10.0,33.0,0.0,1455.0,4773.0,7494.0,54605.0,43.0,0.0,1599.0,1556.0,1599.0,1599.0,1,raw_available,43.0,มีเสียงดังผิดปกติ
7853996,BK,KT3A,7853996,0,BKKT3A,ABB,2019-05-18,2019-05-24,2012.0,300,230/72.5/22,65.0,13.0,18.0,47.0,18.0,42.0,0.0,1431.0,6081.0,8265.0,48709.0,67.0,0.0,1623.0,1556.0,1623.0,1623.0,1,raw_available,67.0,
7853996,BK,KT3A,7853996,0,BKKT3A,ABB,2019-11-01,2019-11-08,2012.0,300,230/72.5/22,66.0,5.0,27.0,80.0,16.0,67.0,0.0,1506.0,6389.0,7354.0,61859.0,89.0,0.0,1785.0,1696.0,1785.0,1785.0,1,raw_available,89.0,
7853996,BK,KT3A,7853996,0,BKKT3A,ABB,2020-05-25,2020-06-01,2012.0,300,230/72.5/22,62.0,6.0,18.0,45.0,15.0,34.0,0.0,1271.0,4953.0,13726.0,53663.0,0.0,0.0,1383.0,1383.0,1383.0,1383.0,1,raw_available,0.0,
7853996,BK,KT3A,7853996,0,BKKT3A,ABB,2020-11-27,2020-12-25,2012.0,300,230/72.5/22,67.0,11.0,38.0,57.0,21.0,41.0,0.0,1433.0,5411.0,9661.0,51218.0,65.0,5.0,1660.0,1590.0,1660.0,1660.0,1,raw_available,70.0,
7853996,BK,KT3A,7853996,0,BKKT3A,ABB,2021-08-03,2021-08-04,2012.0,300,230/72.5/22,,8.0,273.0,54.0,19.0,114.0,80.0,1514.0,3855.0,11898.0,68012.0,84.0,2.0,2140.0,2054.0,2140.0,2140.0,1,raw_available,86.0,Buchholz and Sudden pressure RelayTrip
7853996,BK,KT3A,7853996,0,BKKT3A,ABB,2021-08-04,2021-08-04,2012.0,300,230/72.5/22,,8.0,148.0,158.0,20.0,165.0,82.0,1019.0,5268.0,3026.0,21868.0,112.0,8.0,1712.0,1592.0,1712.0,1712.0,1,raw_available,120.0,Bouchholz relay Trip(พบสาย Lead Bushing Neutral ขาดลง tank)
7853996,BK,KT3A,7853996,0,BKKT3A,ABB,2021-08-09,2021-08-10,2012.0,300,230/72.5/22,,6.0,17.0,11.0,6.0,22.0,14.0,79.0,1177.0,15682.0,44744.0,43.0,0.0,192.0,149.0,192.0,192.0,1,raw_available,43.0,หลังซ่อมและทำน้ำมัน
7853996,BK,KT3A,7853996,0,BKKT3A,ABB,2021-09-10,2021-09-11,2012.0,300,230/72.5/22,,8.0,16.0,8.0,8.0,25.0,16.0,134.0,1023.0,21758.0,55534.0,55.0,1.0,263.0,207.0,263.0,263.0,1,raw_available,56.0,ตามผลหลังซ่อม Bushing เสียหายแล้วนำกลับเข้าใช้งาน
7853996,BK,KT3A,7853996,0,BKKT3A,ABB,2021-11-07,2021-11-19,2012.0,300,230/72.5/22,49.0,5.0,7.0,0.0,9.0,19.0,8.0,123.0,1828.0,32554.0,58384.0,0.0,0.0,166.0,166.0,166.0,166.0,1,raw_available,0.0,
7853996,BK,KT3A,7853996,0,BKKT3A,ABB,2022-01-06,2022-12-15,2012.0,300,230/72.5/22,50.0,9.0,3.0,2.0,3.0,3.0,0.0,167.0,3376.0,29090.0,69390.0,15.0,3.0,196.0,178.0,196.0,196.0,1,raw_available,18.0,
7853996,BK,KT3A,7853996,0,BKKT3A,ABB,2022-05-26,2022-06-02,2012.0,300,230/72.5/22,60.0,9.0,13.0,30.0,7.0,13.0,0.0,152.0,2122.0,33392.0,62286.0,12.0,0.0,227.0,215.0,227.0,227.0,1,raw_available,12.0,
7853996,BK,KT3A,7853996,0,BKKT3A,ABB,2023-05-29,2023-06-02,2012.0,300,230/72.5/22,60.0,8.0,6.0,1.0,3.0,10.0,0.0,218.0,4377.0,25106.0,63204.0,37.0,3.0,278.0,238.0,278.0,278.0,1,raw_available,40.0,
7853996,BK,KT3A,7853996,0,BKKT3A,ABB,2023-11-06,2023-12-15,2012.0,300,230/72.5/22,48.0,8.0,7.0,12.0,5.0,0.0,0.0,681.0,3997.0,34825.0,75100.0,45.0,5.0,755.0,705.0,755.0,755.0,1,raw_available,50.0,
7853997,BK,KT4A,7853997,0,BKKT4A,ABB,2019-02-07,2019-02-09,2012.0,300,230/72.5/22,58.0,5.0,11.0,12.0,4.0,3.0,0.0,1529.0,5078.0,9054.0,41825.0,28.0,0.0,1587.0,1559.0,1587.0,1587.0,1,raw_available,28.0,
7853997,BK,KT4A,7853997,0,BKKT4A,ABB,2019-05-18,2019-05-24,2012.0,300,230/72.5/22,60.0,19.0,15.0,18.0,7.0,5.0,0.0,1452.0,6060.0,6442.0,49081.0,31.0,0.0,1528.0,1497.0,1528.0,1528.0,1,raw_available,31.0,
7853997,BK,KT4A,7853997,0,BKKT4A,ABB,2019-11-01,2019-11-08,2012.0,300,230/72.5/22,60.0,7.0,18.0,17.0,4.0,3.0,0.0,1528.0,6398.0,8480.0,62304.0,35.0,0.0,1605.0,1570.0,1605.0,1605.0,1,raw_available,35.0,
7853997,BK,KT4A,7853997,0,BKKT4A,ABB,2020-05-25,2020-06-01,2012.0,300,230/72.5/22,59.0,8.0,22.0,19.0,7.0,1.0,0.0,1257.0,4449.0,9124.0,54214.0,28.0,6.0,1340.0,1306.0,1340.0,1340.0,1,raw_available,34.0,
7853997,BK,KT4A,7853997,0,BKKT4A,ABB,2020-11-27,2020-12-25,2012.0,300,230/72.5/22,63.0,11.0,31.0,21.0,4.0,3.0,0.0,1483.0,5164.0,10863.0,61922.0,21.0,4.0,1567.0,1542.0,1567.0,1567.0,1,raw_available,25.0,
7853997,BK,KT4A,7853997,0,BKKT4A,ABB,2021-11-07,2021-11-19,2012.0,300,230/72.5/22,46.0,9.0,14.0,16.0,11.0,0.0,0.0,1400.0,5414.0,12025.0,56924.0,0.0,0.0,1441.0,1441.0,1441.0,1441.0,1,raw_available,0.0,
7853997,BK,KT4A,7853997,0,BKKT4A,ABB,2022-05-26,2022-06-02,2012.0,300,230/72.5/22,62.0,10.0,11.0,7.0,7.0,5.0,0.0,1422.0,5606.0,15425.0,54783.0,26.0,0.0,1478.0,1452.0,1478.0,1478.0,1,raw_available,26.0,
7853997,BK,KT4A,7853997,0,BKKT4A,ABB,2022-12-15,2023-01-06,2012.0,300,230/72.5/22,44.0,7.0,14.0,12.0,5.0,0.0,0.0,1873.0,8065.0,11920.0,69210.0,22.0,5.0,1931.0,1904.0,1931.0,1931.0,1,raw_available,27.0,
7853997,BK,KT4A,7853997,0,BKKT4A,ABB,2023-05-29,2023-06-02,2012.0,300,230/72.5/22,54.0,5.0,19.0,13.0,5.0,4.0,0.0,1773.0,7614.0,9932.0,63123.0,66.0,6.0,1886.0,1814.0,1886.0,1886.0,1,raw_available,72.0,
7853997,BK,KT4A,7853997,0,BKKT4A,ABB,2023-11-06,2023-12-15,2012.0,300,230/72.5/22,53.0,9.0,8.0,2.0,2.0,7.0,0.0,1726.0,7634.0,43753.0,77216.0,42.0,5.0,1792.0,1745.0,1792.0,1792.0,1,raw_available,47.0,
8044721,TA2,KT1A,8044721,0,TA2KT1A,TAKAOKA,2019-05-09,2019-09-13,2004.0,100,230/115/22,50.0,22.0,2.0,41.0,34.0,26.0,0.0,202.0,1278.0,4735.0,40218.0,0.0,0.0,305.0,305.0,305.0,305.0,1,raw_available,0.0,
8044721,TA2,KT1A,8044721,0,TA2KT1A,TAKAOKA,2019-11-11,2019-12-20,2004.0,100,230/115/22,40.0,13.0,4.0,40.0,41.0,24.0,0.0,171.0,1152.0,9138.0,52539.0,15.0,14.0,309.0,280.0,309.0,309.0,1,raw_available,29.0,
8044721,TA2,KT1A,8044721,0,TA2KT1A,TAKAOKA,2020-06-22,2020-08-02,2004.0,100,230/115/22,49.0,16.0,10.0,37.0,35.0,21.0,0.0,191.0,1158.0,8738.0,44483.0,0.0,13.0,307.0,294.0,307.0,307.0,1,raw_available,13.0,
8044721,TA2,KT1A,8044721,0,TA2KT1A,TAKAOKA,2020-11-09,2020-12-07,2004.0,100,230/115/22,50.0,9.0,20.0,43.0,20.0,22.0,0.0,47.0,59.0,4390.0,104930.0,11.0,11.0,174.0,152.0,174.0,174.0,1,raw_available,22.0,
8044721,TA2,KT1A,8044721,0,TA2KT1A,TAKAOKA,2021-03-07,2021-04-20,2004.0,100,230/115/22,48.0,23.0,46.0,39.0,103.0,3.0,0.0,111.0,991.0,7282.0,59583.0,13.0,118.0,433.0,302.0,433.0,433.0,1,raw_available,131.0,
8044721,TA2,KT1A,8044721,0,TA2KT1A,TAKAOKA,2021-09-13,2021-11-05,2004.0,100,230/115/22,,13.0,26.0,41.0,38.0,22.0,0.0,182.0,1493.0,5622.0,60659.0,12.0,19.0,340.0,309.0,340.0,340.0,1,raw_available,31.0,
8044721,TA2,KT1A,8044721,0,TA2KT1A,TAKAOKA,2022-03-12,2022-03-19,2004.0,100,230/115/22,,16.0,95.0,47.0,27.0,18.0,0.0,137.0,1351.0,3170.0,55120.0,14.0,17.0,355.0,324.0,355.0,355.0,1,raw_available,31.0,
8044721,TA2,KT1A,8044721,0,TA2KT1A,TAKAOKA,2022-09-11,2022-09-22,2004.0,100,230/115/22,46.0,9.0,13.0,40.0,31.0,17.0,0.0,157.0,1558.0,2312.0,49238.0,12.0,14.0,284.0,258.0,284.0,284.0,1,raw_available,26.0,
8044721,TA2,KT1A,8044721,0,TA2KT1A,TAKAOKA,2023-03-13,2023-03-16,2004.0,100,230/115/22,45.0,5.0,5.0,45.0,33.0,17.0,0.0,114.0,2073.0,8449.0,40241.0,0.0,0.0,214.0,214.0,214.0,214.0,1,raw_available,0.0,
8044721,TA2,KT1A,8044721,0,TA2KT1A,TAKAOKA,2023-09-16,2023-10-09,2004.0,100,230/115/22,55.0,12.0,1.0,0.0,0.0,1.0,0.0,27.0,66.0,63620.0,50880.0,0.0,0.0,29.0,29.0,29.0,29.0,1,raw_available,0.0,หลังนำเข้าใช้งานแทน TA2KT1A เดิม S/N 7412505301
8044721,TA2,KT1A,8044721,0,TA2KT1A,TAKAOKA,2024-01-19,2024-01-30,2004.0,100,230/115/22,49.0,9.0,4.0,6.0,2.0,2.0,0.0,71.0,529.0,2950.0,10070.0,1.0,1.0,87.0,85.0,87.0,87.0,1,raw_available,2.0,
8134150101,KK1,KT3A,8134150101,0,KK1KT3A,MITSUBISHI,2019-02-12,2019-05-12,1995.0,200,230/115/22,58.0,14.0,10.0,168.0,453.0,5.0,0.0,56.0,1473.0,8929.0,58151.0,0.0,448.0,1140.0,692.0,1140.0,1140.0,1,raw_available,448.0,
8134150101,KK1,KT3A,8134150101,0,KK1KT3A,MITSUBISHI,2019-06-02,2019-06-22,1995.0,200,230/115/22,40.0,19.0,10.0,233.0,505.0,5.0,0.0,80.0,1978.0,4763.0,42859.0,0.0,456.0,1289.0,833.0,1289.0,1289.0,1,raw_available,456.0,Tx.trip sudden pressure relay.
8134150101,KK1,KT3A,8134150101,0,KK1KT3A,MITSUBISHI,2019-09-02,2019-09-28,1995.0,200,230/115/22,55.0,21.0,34.0,251.0,648.0,4.0,0.0,82.0,1837.0,9021.0,48377.0,0.0,717.0,1736.0,1019.0,1736.0,1736.0,1,raw_available,717.0,
8134150101,KK1,KT3A,8134150101,0,KK1KT3A,MITSUBISHI,2020-02-07,2020-02-28,1995.0,200,230/115/22,51.0,14.0,44.0,174.0,548.0,0.0,0.0,43.0,1099.0,12352.0,66293.0,0.0,804.0,1613.0,809.0,1613.0,1613.0,1,raw_available,804.0,
8134150101,KK1,KT3A,8134150101,0,KK1KT3A,MITSUBISHI,2020-08-22,2020-09-12,1995.0,200,230/115/22,50.0,18.0,11.0,198.0,519.0,4.0,0.0,59.0,1503.0,7266.0,69405.0,0.0,526.0,1317.0,791.0,1317.0,1317.0,1,raw_available,526.0,
8134150101,KK1,KT3A,8134150101,0,KK1KT3A,MITSUBISHI,2021-02-05,2021-03-08,1995.0,200,230/115/22,52.0,26.0,10.0,247.0,629.0,4.0,0.3,81.0,2044.0,6518.0,65187.0,0.0,619.0,1590.3,971.3,1590.3,1590.3,1,raw_available,619.0,
8134150101,KK1,KT3A,8134150101,0,KK1KT3A,MITSUBISHI,2021-03-28,2021-04-09,1995.0,200,230/115/22,61.0,13.0,24.0,314.0,639.0,7.0,0.2,86.0,1563.0,4940.0,71174.0,0.0,639.0,1709.2,1070.2,1709.2,1709.2,1,raw_available,639.0,ตามผล
8134150101,KK1,KT3A,8134150101,0,KK1KT3A,MITSUBISHI,2021-04-18,2021-04-23,1995.0,200,230/115/22,63.0,7.0,22.0,355.0,692.0,6.0,0.6,795.0,2422.0,18179.0,77783.0,0.0,694.0,3064.6,1870.6,3064.6,3064.6,1,raw_available,1194.0,ตามผล C2H2
8134150101,KK1,KT3A,8134150101,0,KK1KT3A,MITSUBISHI,2021-09-12,2021-11-08,1995.0,200,230/115/22,55.0,17.0,7.0,57.0,298.0,0.0,0.0,19.0,1063.0,34050.0,64650.0,0.0,92.0,473.0,381.0,473.0,473.0,1,raw_available,92.0,
8134150101,KK1,KT3A,8134150101,0,KK1KT3A,MITSUBISHI,2022-02-11,2022-03-31,1995.0,200,230/115/22,55.0,8.0,8.0,172.0,534.0,9.0,0.0,65.0,2133.0,10713.0,63724.0,0.0,103.0,891.0,788.0,891.0,891.0,1,raw_available,103.0,
8134150101,KK1,KT3A,8134150101,0,KK1KT3A,MITSUBISHI,2022-08-03,2022-08-14,1995.0,200,230/115/22,55.0,17.0,8.0,176.0,484.0,2.0,0.0,81.0,2628.0,9240.0,85960.0,40.0,614.0,1405.0,751.0,1405.0,1405.0,1,raw_available,654.0,
8134150101,KK1,KT3A,8134150101,0,KK1KT3A,MITSUBISHI,2023-02-10,2023-03-09,1995.0,200,230/115/22,0.0,10.0,2.0,236.0,658.0,5.0,0.0,68.0,1897.0,13534.0,80557.0,0.0,698.0,1667.0,969.0,1667.0,1667.0,1,raw_available,698.0,
8134150101,KK1,KT3A,8134150101,0,KK1KT3A,MITSUBISHI,2023-08-03,2023-09-08,1995.0,200,230/115/22,56.0,13.0,5.0,178.0,483.0,2.0,0.0,91.0,2738.0,8750.0,56850.0,22.0,621.0,1402.0,759.0,1402.0,1402.0,1,raw_available,643.0,
8134150101,KK1,KT3A,8134150101,0,KK1KT3A,MITSUBISHI,2024-02-08,2024-03-18,1995.0,200,230/115/22,0.0,15.0,22.0,229.0,634.0,6.0,0.0,80.0,2136.0,7977.0,58589.0,25.0,606.0,1602.0,971.0,1602.0,1602.0,1,raw_available,631.0,
8134150102,KK1,KT4A,8134150102,0,KK1KT4A,MITSUBISHI,2019-02-12,2019-05-10,1995.0,200,230/115/22,56.0,23.0,12.0,154.0,382.0,4.0,0.0,48.0,1397.0,6406.0,62718.0,0.0,373.0,973.0,600.0,973.0,973.0,1,raw_available,373.0,
8134150102,KK1,KT4A,8134150102,0,KK1KT4A,MITSUBISHI,2019-09-02,2019-09-28,1995.0,200,230/115/22,54.0,29.0,5.0,158.0,459.0,4.0,0.0,45.0,1608.0,14324.0,61373.0,0.0,507.0,1178.0,671.0,1178.0,1178.0,1,raw_available,507.0,
8134150102,KK1,KT4A,8134150102,0,KK1KT4A,MITSUBISHI,2020-02-07,2020-02-28,1995.0,200,230/115/22,56.0,10.0,40.0,212.0,548.0,0.0,0.0,55.0,1352.0,9234.0,71606.0,0.0,667.0,1522.0,855.0,1522.0,1522.0,1,raw_available,667.0,
8134150102,KK1,KT4A,8134150102,0,KK1KT4A,MITSUBISHI,2020-03-13,2020-05-10,1995.0,200,230/115/22,,14.0,10.0,176.0,466.0,4.0,0.0,58.0,1468.0,7715.0,57665.0,0.0,477.0,1191.0,714.0,1191.0,1191.0,1,raw_available,477.0,research
8134150102,KK1,KT4A,8134150102,0,KK1KT4A,MITSUBISHI,2020-08-22,2020-09-12,1995.0,200,230/115/22,51.0,15.0,8.0,99.0,301.0,3.0,0.0,43.0,1186.0,6964.0,50003.0,0.0,371.0,825.0,454.0,825.0,825.0,1,raw_available,371.0,
8134150102,KK1,KT4A,8134150102,0,KK1KT4A,MITSUBISHI,2021-02-05,2021-03-09,1995.0,200,230/115/22,53.0,24.0,7.0,0.0,212.0,0.0,0.0,0.0,763.0,12047.0,61321.0,0.0,209.0,428.0,219.0,428.0,428.0,1,raw_available,209.0,
8134150102,KK1,KT4A,8134150102,0,KK1KT4A,MITSUBISHI,2021-09-12,2021-11-08,1995.0,200,230/115/22,55.0,15.0,5.0,44.0,202.0,0.0,0.0,18.0,1000.0,28145.0,55758.0,0.0,75.0,344.0,269.0,344.0,344.0,1,raw_available,75.0,
8134150102,KK1,KT4A,8134150102,0,KK1KT4A,MITSUBISHI,2022-02-11,2022-03-31,1995.0,200,230/115/22,56.0,14.0,8.0,88.0,320.0,7.0,0.0,40.0,1776.0,7274.0,43085.0,0.0,69.0,532.0,463.0,532.0,532.0,1,raw_available,69.0,
8134150102,KK1,KT4A,8134150102,0,KK1KT4A,MITSUBISHI,2022-08-03,2022-08-14,1995.0,200,230/115/22,58.0,13.0,6.0,77.0,354.0,1.0,0.0,57.0,1868.0,7700.0,55960.0,26.0,395.0,916.0,495.0,916.0,916.0,1,raw_available,421.0,
8134150102,KK1,KT4A,8134150102,0,KK1KT4A,MITSUBISHI,2023-02-10,2023-03-10,1995.0,200,230/115/22,57.0,14.0,8.0,125.0,330.0,0.0,0.0,52.0,1603.0,4368.0,43862.0,0.0,351.0,866.0,515.0,866.0,866.0,1,raw_available,351.0,
8134150102,KK1,KT4A,8134150102,0,KK1KT4A,MITSUBISHI,2023-08-03,2023-09-09,1995.0,200,230/115/22,58.0,16.0,11.0,142.0,395.0,13.0,0.0,58.0,1685.0,4242.0,48361.0,33.0,369.0,1021.0,619.0,1021.0,1021.0,1,raw_available,402.0,
8134150102,KK1,KT4A,8134150102,0,KK1KT4A,MITSUBISHI,2024-02-08,2024-03-19,1995.0,200,230/115/22,58.0,10.0,7.0,124.0,348.0,2.0,0.0,54.0,1686.0,5509.0,42374.0,22.0,420.0,977.0,535.0,977.0,977.0,1,raw_available,442.0,
8144902,LB2,KT2A,8144902,0,LB2KT2A,TAKAOKA,2019-01-25,2019-02-07,1995.0,25,115/22,,12.0,0.0,0.0,3.0,0.0,0.0,15.0,171.0,9426.0,37568.0,0.0,10.0,28.0,18.0,28.0,28.0,1,raw_available,10.0,เปลี่ยน OLTC ใหม่เป็น SHANGHAI HUAMING POWER
8144902,LB2,KT2A,8144902,0,LB2KT2A,TAKAOKA,2019-02-25,2019-03-08,1995.0,25,115/22,44.0,14.0,44.0,0.0,0.0,0.0,0.0,30.0,260.0,13150.0,41025.0,0.0,0.0,74.0,74.0,74.0,74.0,1,raw_available,0.0,
8144902,LB2,KT2A,8144902,0,LB2KT2A,TAKAOKA,2019-05-24,2019-06-22,1995.0,25,115/22,48.0,19.0,14.0,0.0,6.0,0.0,0.0,14.0,537.0,4997.0,24874.0,0.0,0.0,34.0,34.0,34.0,34.0,1,raw_available,0.0,
8144902,LB2,KT2A,8144902,0,LB2KT2A,TAKAOKA,2019-10-13,2019-11-14,1995.0,25,115/22,45.0,13.0,9.0,0.0,11.0,0.0,0.0,19.0,586.0,12274.0,41658.0,0.0,0.0,39.0,39.0,39.0,39.0,1,raw_available,0.0,
8144902,LB2,KT2A,8144902,0,LB2KT2A,TAKAOKA,2022-04-09,2022-05-06,1995.0,25,115/22,56.0,15.0,16.0,9.0,7.0,0.0,0.0,58.0,670.0,6375.0,35320.0,2.0,4.0,96.0,90.0,96.0,96.0,1,raw_available,6.0,
8144902,LB2,KT2A,8144902,0,LB2KT2A,TAKAOKA,2022-10-13,2022-11-03,1995.0,25,115/22,56.0,14.0,126.0,29.0,14.0,3.0,0.0,74.0,864.0,6263.0,23370.0,0.0,6.0,252.0,246.0,252.0,252.0,1,raw_available,6.0,
8144902,LB2,KT2A,8144902,0,LB2KT2A,TAKAOKA,2023-05-07,2023-05-21,1995.0,25,115/22,62.0,17.0,101.0,15.0,12.0,1.0,0.0,62.0,776.0,4910.0,32830.0,2.0,7.0,200.0,191.0,200.0,200.0,1,raw_available,9.0,
8144902,LB2,KT2A,8144902,0,LB2KT2A,TAKAOKA,2024-05-10,2024-05-18,1995.0,25,115/22,57.0,10.0,105.0,17.0,18.0,13.0,0.0,175.0,1027.0,3275.0,21666.0,5.0,6.0,339.0,328.0,339.0,339.0,1,raw_available,11.0,
8144950,LS,KT1A,8144950,0,LSKT1A,TAKAOKA,2019-09-14,2019-09-21,1996.0,100,230/115/22,,,20.0,0.0,0.0,0.0,0.0,201.0,2340.0,10394.0,40095.0,0.0,0.0,0.0,221.0,0.0,0.0,1,raw_available,-221.0,
8144950,LS,KT1A,8144950,0,LSKT1A,TAKAOKA,2020-01-17,2020-01-27,1996.0,100,230/115/22,46.0,13.0,2.0,24.0,9.0,0.0,0.0,159.0,2193.0,12384.0,39431.0,0.0,4.0,198.0,194.0,198.0,198.0,1,raw_available,4.0,
8144950,LS,KT1A,8144950,0,LSKT1A,TAKAOKA,2020-08-08,2020-08-30,1996.0,100,230/115/22,55.0,19.0,29.0,23.0,7.0,0.0,0.0,114.0,2324.0,7875.0,37362.0,6.0,4.0,183.0,173.0,183.0,183.0,1,raw_available,10.0,
8144950,LS,KT1A,8144950,0,LSKT1A,TAKAOKA,2021-05-28,2021-08-06,1996.0,100,230/115/22,52.0,31.0,20.0,16.0,11.0,15.0,0.0,165.0,2083.0,17747.0,44613.0,0.0,0.0,227.0,227.0,227.0,227.0,1,raw_available,0.0,
8144950,LS,KT1A,8144950,0,LSKT1A,TAKAOKA,2021-10-16,2021-11-17,1996.0,100,230/115/22,54.0,18.0,53.0,28.0,10.0,12.0,0.0,270.0,2812.0,7181.0,34782.0,9.0,4.0,386.0,373.0,386.0,386.0,1,raw_available,13.0,
8144950,LS,KT1A,8144950,0,LSKT1A,TAKAOKA,2022-03-06,2022-03-19,1996.0,100,230/115/22,44.0,17.0,22.0,16.0,15.0,15.0,0.0,256.0,3402.0,8331.0,26658.0,9.0,9.0,342.0,324.0,342.0,342.0,1,raw_available,18.0,
8144950,LS,KT1A,8144950,0,LSKT1A,TAKAOKA,2022-11-19,2022-12-11,1996.0,100,230/115/22,50.0,10.0,31.0,29.0,10.0,15.0,0.0,216.0,3186.0,8451.0,38367.0,10.0,5.0,316.0,301.0,316.0,316.0,1,raw_available,15.0,สี1.5
8144950,LS,KT1A,8144950,0,LSKT1A,TAKAOKA,2023-08-18,2023-08-28,1996.0,100,230/115/22,51.0,15.0,20.0,32.0,18.0,26.0,0.0,214.0,2081.0,9035.0,38122.0,10.0,8.0,328.0,310.0,328.0,328.0,1,raw_available,18.0,
8144950,LS,KT1A,8144950,0,LSKT1A,TAKAOKA,2023-12-15,2024-01-28,1996.0,100,230/115/22,47.0,16.0,39.0,15.0,12.0,11.0,0.0,179.0,2476.0,6869.0,29986.0,7.0,6.0,269.0,256.0,269.0,269.0,1,raw_available,13.0,
8251593,AT2,KT1A,8251593,0,AT2KT1A,TRAFO UNION,2019-02-15,2019-03-02,1996.0,200,220/115/22,65.0,18.0,18.0,85.0,237.0,2.0,0.0,160.0,3455.0,10672.0,41813.0,0.0,175.0,677.0,502.0,677.0,677.0,1,raw_available,175.0,
8251593,AT2,KT1A,8251593,0,AT2KT1A,TRAFO UNION,2020-02-08,2020-03-14,1996.0,200,220/115/22,60.0,14.0,10.0,69.0,221.0,0.0,0.0,103.0,3159.0,9322.0,67902.0,0.0,109.0,512.0,403.0,512.0,512.0,1,raw_available,109.0,
8251593,AT2,KT1A,8251593,0,AT2KT1A,TRAFO UNION,2021-02-13,2021-04-26,1996.0,200,220/115/22,66.0,20.0,56.0,99.0,215.0,2.0,0.0,90.0,2584.0,4980.0,70000.0,16.0,197.0,675.0,462.0,675.0,675.0,1,raw_available,213.0,
8251593,AT2,KT1A,8251593,0,AT2KT1A,TRAFO UNION,2022-02-19,2022-03-10,1996.0,200,220/115/22,67.0,12.0,26.0,53.0,275.0,5.0,0.0,153.0,4596.0,6196.0,60991.0,0.0,165.0,677.0,512.0,677.0,677.0,1,raw_available,165.0,
8251593,AT2,KT1A,8251593,0,AT2KT1A,TRAFO UNION,2022-08-27,2022-09-03,1996.0,200,220/115/22,72.0,13.0,8.0,88.0,230.0,4.0,0.0,155.0,4390.0,2271.0,64379.0,0.0,147.0,632.0,485.0,632.0,632.0,1,raw_available,147.0,
8251593,AT2,KT1A,8251593,0,AT2KT1A,TRAFO UNION,2023-01-29,2023-02-05,1996.0,200,220/115/22,70.0,11.0,53.0,109.0,262.0,8.0,0.0,216.0,5000.0,8751.0,72266.0,0.0,169.0,817.0,648.0,817.0,817.0,1,raw_available,169.0,สี 2.5
8251593,AT2,KT1A,8251593,0,AT2KT1A,TRAFO UNION,2023-08-17,2023-09-02,1996.0,200,220/115/22,74.0,21.0,26.0,107.0,217.0,7.0,0.0,152.0,2800.0,11847.0,70514.0,17.0,135.0,661.0,509.0,661.0,661.0,1,raw_available,152.0,
8251593,AT2,KT1A,8251593,0,AT2KT1A,TRAFO UNION,2023-11-18,2023-11-18,1996.0,200,220/115/22,48.0,20.0,57.0,126.0,306.0,61.0,0.0,220.0,4616.0,3025.0,71036.0,0.0,155.0,925.0,770.0,925.0,925.0,1,raw_available,155.0,Sampling point at bottom valve (Test after Tx. Diff)
8251593,AT2,KT1A,8251593,0,AT2KT1A,TRAFO UNION,2023-11-18,2023-11-18,1996.0,200,220/115/22,48.0,9.0,59.0,126.0,304.0,12.0,0.0,224.0,4734.0,2597.0,70132.0,0.0,146.0,871.0,725.0,871.0,871.0,1,raw_available,146.0,Sampling point at middle valve (Test after Tx. Diff)
8251593,AT2,KT1A,8251593,0,AT2KT1A,TRAFO UNION,2024-02-08,2024-02-24,1996.0,200,220/115/22,70.0,10.0,24.0,90.0,318.0,19.0,0.0,279.0,6475.0,14631.0,73139.0,18.0,220.0,968.0,730.0,968.0,968.0,1,raw_available,238.0,
8329835,NCS,KT7A,8329835,0,NCSKT7A,ABB,2021-09-19,2021-11-03,2018.0,300,230/115,37.0,20.0,5.0,0.0,19.0,0.0,0.0,11.0,193.0,17910.0,36960.0,0.0,0.0,35.0,35.0,35.0,35.0,1,raw_available,0.0,
8329835,NCS,KT7A,8329835,0,NCSKT7A,ABB,2021-10-04,2021-10-31,2018.0,300,230/115,60.0,6.0,27.0,0.0,3.0,0.0,0.0,4.0,141.0,7448.0,25432.0,1.0,6.0,41.0,34.0,41.0,41.0,1,raw_available,7.0,
8329835,NCS,KT7A,8329835,0,NCSKT7A,ABB,2021-11-07,2021-11-09,2018.0,300,230/115,70.0,11.0,25.0,0.0,0.0,0.0,0.0,36.0,581.0,9619.0,26598.0,0.0,0.0,61.0,61.0,61.0,61.0,1,raw_available,0.0,ตามผล 1 เดือนหลังตกกระแทก
8329835,NCS,KT7A,8329835,0,NCSKT7A,ABB,2021-12-20,2021-12-25,2018.0,300,230/115,70.0,13.0,23.0,1.0,1.0,0.0,0.0,16.0,642.0,3398.0,10288.0,0.0,0.0,41.0,41.0,41.0,41.0,1,raw_available,0.0,ตามผล 3 เดือนหลังตกกระแทก
8329835,NCS,KT7A,8329835,0,NCSKT7A,ABB,2022-05-13,2022-05-20,2018.0,300,230/115,68.0,11.0,18.0,2.0,0.0,0.0,0.0,142.0,1357.0,4573.0,11172.0,0.0,0.0,162.0,162.0,162.0,162.0,1,raw_available,0.0,
8329835,NCS,KT7A,8329835,0,NCSKT7A,ABB,2022-10-02,2022-10-03,2018.0,300,230/115,65.0,9.0,15.0,67.0,0.0,0.0,0.0,201.0,1665.0,4373.0,11450.0,0.0,0.0,283.0,283.0,283.0,283.0,1,raw_available,0.0,ติดตามผลหม้อแปลงตกกระแทกระหว่างติดตั้ง
8329835,NCS,KT7A,8329835,0,NCSKT7A,ABB,2022-11-10,2022-11-18,2018.0,300,230/115,53.0,5.0,13.0,3.0,3.0,0.0,0.0,202.0,1696.0,4012.0,14889.0,3.0,2.0,226.0,221.0,226.0,226.0,1,raw_available,5.0,
8329835,NCS,KT7A,8329835,0,NCSKT7A,ABB,2023-06-18,2023-06-23,2018.0,300,230/115,72.0,7.0,11.0,3.0,0.0,0.0,0.0,274.0,2006.0,7164.0,41240.0,0.0,1.0,289.0,288.0,289.0,289.0,1,raw_available,1.0,
8329835,NCS,KT7A,8329835,0,NCSKT7A,ABB,2023-11-19,2023-12-29,2018.0,300,230/115,58.0,10.0,21.0,4.0,2.0,0.0,0.0,301.0,2624.0,13693.0,28021.0,0.0,4.0,332.0,328.0,332.0,332.0,1,raw_available,4.0,
8329835,NCS,KT7A,8329835,0,NCSKT7A,ABB,2024-05-10,2024-05-17,2018.0,300,230/115,70.0,4.0,5.0,6.0,1.0,0.0,0.0,302.0,2209.0,26507.0,61397.0,2.0,12.0,328.0,314.0,328.0,328.0,1,raw_available,14.0,
8329836,NCS,KT6A,8329836,0,NCSKT6A,ABB,2021-08-10,2021-09-03,2018.0,300,230/115,,23.0,10.0,3.0,0.0,0.0,0.0,92.0,672.0,11905.0,34059.0,1.0,1.0,107.0,105.0,107.0,107.0,1,raw_available,2.0,FIRST ENERGIZED
8329836,NCS,KT6A,8329836,0,NCSKT6A,ABB,2021-09-19,2021-11-03,2018.0,300,230/115,72.0,23.0,11.0,0.0,18.0,0.0,0.0,151.0,1008.0,17744.0,30901.0,0.0,0.0,180.0,180.0,180.0,180.0,1,raw_available,0.0,
8329836,NCS,KT6A,8329836,0,NCSKT6A,ABB,2022-05-13,2022-05-20,2018.0,300,230/115,64.0,9.0,15.0,2.0,6.0,0.0,0.0,419.0,2129.0,4720.0,18774.0,0.0,0.0,442.0,442.0,442.0,442.0,1,raw_available,0.0,
8329836,NCS,KT6A,8329836,0,NCSKT6A,ABB,2022-11-10,2022-11-18,2018.0,300,230/115,49.0,5.0,7.0,5.0,1.0,0.0,0.0,485.0,2420.0,10699.0,30968.0,1.0,1.0,500.0,498.0,500.0,500.0,1,raw_available,2.0,
8329836,NCS,KT6A,8329836,0,NCSKT6A,ABB,2023-06-18,2023-06-23,2018.0,300,230/115,65.0,9.0,14.0,3.0,1.0,0.0,0.0,411.0,2686.0,5530.0,24149.0,4.0,1.0,434.0,429.0,434.0,434.0,1,raw_available,5.0,
8329836,NCS,KT6A,8329836,0,NCSKT6A,ABB,2023-11-19,2023-12-29,2018.0,300,230/115,50.0,8.0,24.0,6.0,4.0,1.0,0.0,536.0,3775.0,6830.0,26803.0,3.0,6.0,580.0,571.0,580.0,580.0,1,raw_available,9.0,
8329836,NCS,KT6A,8329836,0,NCSKT6A,ABB,2024-05-10,2024-05-17,2018.0,300,230/115,64.0,8.0,3.0,7.0,3.0,1.0,0.0,524.0,3203.0,34852.0,72816.0,2.0,10.0,550.0,538.0,550.0,550.0,1,raw_available,12.0,
8329837,NCS,KT5A,8329837,0,NCSKT5A,ABB,2021-08-10,2021-09-03,2018.0,300,230/115,,22.0,10.0,1.0,0.0,0.0,0.0,69.0,731.0,21849.0,64719.0,0.0,0.0,80.0,80.0,80.0,80.0,1,raw_available,0.0,FIRST ENERGIZED
8329837,NCS,KT5A,8329837,0,NCSKT5A,ABB,2021-09-19,2021-11-03,2018.0,300,230/115,78.0,14.0,18.0,0.0,0.0,0.0,0.0,171.0,1298.0,14153.0,27543.0,0.0,0.0,189.0,189.0,189.0,189.0,1,raw_available,0.0,
8329837,NCS,KT5A,8329837,0,NCSKT5A,ABB,2022-05-13,2022-05-20,2018.0,300,230/115,66.0,9.0,17.0,3.0,12.0,1.0,0.0,343.0,2244.0,6409.0,22121.0,0.0,3.0,379.0,376.0,379.0,379.0,1,raw_available,3.0,
8329837,NCS,KT5A,8329837,0,NCSKT5A,ABB,2022-11-10,2022-11-18,2018.0,300,230/115,53.0,9.0,5.0,6.0,2.0,0.0,0.0,454.0,2640.0,10492.0,31729.0,2.0,3.0,472.0,467.0,472.0,472.0,1,raw_available,5.0,
8329837,NCS,KT5A,8329837,0,NCSKT5A,ABB,2023-06-18,2023-06-23,2018.0,300,230/115,72.0,7.0,11.0,15.0,1.0,0.0,0.0,503.0,3196.0,4519.0,22691.0,4.0,2.0,536.0,530.0,536.0,536.0,1,raw_available,6.0,
8329837,NCS,KT5A,8329837,0,NCSKT5A,ABB,2023-11-19,2023-12-29,2018.0,300,230/115,57.0,13.0,19.0,6.0,8.0,1.0,0.0,543.0,3756.0,9630.0,28968.0,0.0,12.0,589.0,577.0,589.0,589.0,1,raw_available,12.0,
8329837,NCS,KT5A,8329837,0,NCSKT5A,ABB,2024-05-10,2024-05-17,2018.0,300,230/115,65.0,6.0,21.0,14.0,0.0,2.0,0.0,697.0,3764.0,9467.0,32735.0,11.0,18.0,763.0,734.0,763.0,763.0,1,raw_available,29.0,
8345590,LS,KT4A,8345590,0,LSKT4A,TAKAOKA,2020-01-17,2020-01-27,1998.0,100,230/115/22,47.0,5.0,37.0,22.0,43.0,0.0,0.0,90.0,948.0,10513.0,49931.0,0.0,31.0,223.0,192.0,223.0,223.0,1,raw_available,31.0,
8345590,LS,KT4A,8345590,0,LSKT4A,TAKAOKA,2020-08-08,2020-08-30,1998.0,100,230/115/22,54.0,19.0,34.0,21.0,39.0,0.0,0.0,71.0,907.0,7276.0,50721.0,4.0,24.0,193.0,165.0,193.0,193.0,1,raw_available,28.0,
8345590,LS,KT4A,8345590,0,LSKT4A,TAKAOKA,2021-05-28,2021-08-07,1998.0,100,230/115/22,52.0,9.0,10.0,12.0,3.0,0.0,0.0,80.0,1202.0,18339.0,49092.0,5.0,1.0,211.0,105.0,211.0,211.0,1,raw_available,106.0,
8345590,LS,KT4A,8345590,0,LSKT4A,TAKAOKA,2021-10-16,2021-11-17,1998.0,100,230/115/22,55.0,9.0,3.0,18.0,38.0,0.0,0.0,83.0,1325.0,6271.0,30218.0,4.0,27.0,173.0,142.0,173.0,173.0,1,raw_available,31.0,
8345590,LS,KT4A,8345590,0,LSKT4A,TAKAOKA,2022-03-06,2022-03-19,1998.0,100,230/115/22,47.0,11.0,5.0,15.0,52.0,2.0,0.0,132.0,1266.0,7078.0,32834.0,0.0,25.0,231.0,206.0,231.0,231.0,1,raw_available,25.0,
8345590,LS,KT4A,8345590,0,LSKT4A,TAKAOKA,2022-11-19,2022-12-11,1998.0,100,230/115/22,50.0,14.0,4.0,21.0,48.0,1.0,0.0,101.0,1256.0,9593.0,49538.0,0.0,26.0,201.0,175.0,201.0,201.0,1,raw_available,26.0,สี1.5
8345590,LS,KT4A,8345590,0,LSKT4A,TAKAOKA,2023-02-14,2024-01-28,1998.0,100,230/115/22,49.0,13.0,26.0,19.0,57.0,1.0,0.0,128.0,1256.0,11335.0,45487.0,4.0,33.0,268.0,231.0,268.0,268.0,1,raw_available,37.0,
8345590,LS,KT4A,8345590,0,LSKT4A,TAKAOKA,2023-08-18,2023-08-28,1998.0,100,230/115/22,52.0,11.0,8.0,27.0,55.0,4.0,0.0,115.0,1684.0,6965.0,42492.0,5.0,34.0,248.0,209.0,248.0,248.0,1,raw_available,39.0,
840900018,TM,KT1A,840900018,0,TMKT1A,TOSHIBA,2019-04-08,2019-06-21,1998.0,40,115/22,70.0,26.0,15.0,36.0,23.0,0.0,0.0,481.0,9238.0,10280.0,43643.0,0.0,16.0,571.0,555.0,571.0,571.0,1,raw_available,16.0,
840900018,TM,KT1A,840900018,0,TMKT1A,TOSHIBA,2021-04-23,2021-06-11,1998.0,40,115/22,65.0,16.0,58.0,10.0,19.0,1.0,0.0,164.0,1698.0,7400.0,45000.0,0.0,16.0,268.0,252.0,268.0,268.0,1,raw_available,16.0,
840900018,TM,KT1A,840900018,0,TMKT1A,TOSHIBA,2022-04-29,2022-05-06,1998.0,40,115/22,64.0,9.0,19.0,41.0,41.0,5.0,0.0,371.0,3742.0,7088.0,49201.0,0.0,1.0,478.0,477.0,478.0,478.0,1,raw_available,1.0,
840900018,TM,KT1A,840900018,0,TMKT1A,TOSHIBA,2023-04-21,2023-05-06,1998.0,40,115/22,65.0,19.0,16.0,71.0,23.0,1.0,0.0,381.0,3839.0,5850.0,55490.0,8.0,15.0,515.0,492.0,515.0,515.0,1,raw_available,23.0,
840900018,TM,KT1A,840900018,0,TMKT1A,TOSHIBA,2024-04-27,2024-05-06,1998.0,40,115/22,63.0,14.0,23.0,65.0,24.0,6.0,0.0,739.0,10599.0,5074.0,44438.0,0.0,18.0,875.0,857.0,875.0,875.0,1,raw_available,18.0,
8444652,PDG,KT2AA,8444652,0,PDGKT2AA,ALSTOM,2024-04-21,2024-04-24,2014.0,333.3,500/230/22,50.0,4.0,10.0,6.0,3.0,0.0,0.0,426.0,1475.0,4677.0,15185.0,0.0,0.0,445.0,445.0,445.0,445.0,1,raw_available,0.0,
8444653,PDG,KT2AB,8444653,0,PDGKT2AB,ALSTOM,2024-04-21,2024-04-24,2014.0,333.3,500/230/22,54.0,5.0,11.0,5.0,3.0,0.0,0.0,335.0,1428.0,4380.0,14303.0,0.0,0.0,354.0,354.0,354.0,354.0,1,raw_available,0.0,
8444654,PDG,KT2AC,8444654,0,PDGKT2AC,ALSTOM,2024-04-21,2024-04-24,2014.0,333.3,500/230/22,54.0,4.0,12.0,5.0,0.0,0.0,0.0,336.0,1248.0,4660.0,16333.0,0.0,0.0,353.0,353.0,353.0,353.0,1,raw_available,0.0,
8545956,SRT,KT3A,8545956,0,SRTKT3A,TAKAOKA,2019-05-27,2019-07-25,2000.0,100,230/121/33,67.0,21.0,13.0,20.0,7.0,0.0,0.0,222.0,4370.0,9845.0,44328.0,0.0,0.0,262.0,262.0,262.0,262.0,1,raw_available,0.0,
8545956,SRT,KT3A,8545956,0,SRTKT3A,TAKAOKA,2019-11-02,2019-12-23,2000.0,100,230/121/33,62.0,13.0,12.0,21.0,0.0,0.0,0.0,223.0,4918.0,6781.0,46158.0,3.0,4.0,263.0,256.0,263.0,263.0,1,raw_available,7.0,
8545956,SRT,KT3A,8545956,0,SRTKT3A,TAKAOKA,2020-05-10,2020-05-31,2000.0,100,230/121/33,64.0,11.0,10.0,43.0,9.0,0.0,0.0,193.0,2293.0,7012.0,47521.0,4.0,5.0,264.0,255.0,264.0,264.0,1,raw_available,9.0,
8545956,SRT,KT3A,8545956,0,SRTKT3A,TAKAOKA,2020-10-30,2020-11-29,2000.0,100,230/121/33,67.0,16.0,17.0,51.0,24.0,0.0,0.0,197.0,2720.0,14148.0,54916.0,0.0,10.0,299.0,289.0,299.0,299.0,1,raw_available,10.0,
8545956,SRT,KT3A,8545956,0,SRTKT3A,TAKAOKA,2021-05-14,2021-07-24,2000.0,100,230/121/33,65.0,17.0,17.0,19.0,9.0,0.0,0.0,223.0,4584.0,9586.0,40529.0,0.0,0.0,268.0,268.0,268.0,268.0,1,raw_available,0.0,
8545956,SRT,KT3A,8545956,0,SRTKT3A,TAKAOKA,2021-11-10,2021-11-23,2000.0,100,230/121/33,,12.0,16.0,39.0,9.0,0.0,0.0,234.0,4959.0,3310.0,39150.0,0.0,6.0,304.0,298.0,304.0,304.0,1,raw_available,6.0,
8545956,SRT,KT3A,8545956,0,SRTKT3A,TAKAOKA,2022-05-06,2022-05-15,2000.0,100,230/121/33,58.0,11.0,15.0,22.0,12.0,2.0,0.0,246.0,6495.0,6413.0,39777.0,0.0,0.0,297.0,297.0,297.0,297.0,1,raw_available,0.0,
8545956,SRT,KT3A,8545956,0,SRTKT3A,TAKAOKA,2022-12-08,2023-01-13,2000.0,100,230/121/33,56.0,11.0,7.0,31.0,9.0,0.0,0.0,157.0,5060.0,6070.0,47050.0,0.0,5.0,209.0,204.0,209.0,209.0,1,raw_available,5.0,
8545956,SRT,KT3A,8545956,0,SRTKT3A,TAKAOKA,2023-05-06,2023-05-18,2000.0,100,230/121/33,64.0,10.0,5.0,19.0,7.0,0.0,0.0,23.0,1733.0,21360.0,62020.0,284.0,6.0,344.0,54.0,344.0,344.0,1,raw_available,290.0,
8545956,SRT,KT3A,8545956,0,SRTKT3A,TAKAOKA,2023-12-08,2024-01-23,2000.0,100,230/121/33,68.0,12.0,20.0,32.0,11.0,3.0,0.0,143.0,6900.0,6587.0,49327.0,2.0,5.0,216.0,209.0,216.0,216.0,1,raw_available,7.0,
88900013,KN,KT4A,88900013,0,KNKT4A,TOSHIBA,2019-04-01,2019-07-05,2002.0,100,230/121/33,51.0,25.0,9.0,3.0,1.0,4.0,0.0,320.0,1718.0,10804.0,46400.0,1.0,2.0,340.0,337.0,340.0,340.0,1,raw_available,3.0,
88900013,KN,KT4A,88900013,0,KNKT4A,TOSHIBA,2019-05-26,2019-07-25,2002.0,100,230/121/33,51.0,21.0,6.0,0.0,0.0,0.0,0.0,315.0,2253.0,11946.0,35185.0,0.0,0.0,321.0,321.0,321.0,321.0,1,raw_available,0.0,
88900013,KN,KT4A,88900013,0,KNKT4A,TOSHIBA,2019-11-10,2019-12-22,2002.0,100,230/121/33,46.0,24.0,20.0,3.0,0.0,0.0,0.0,475.0,2987.0,9580.0,38350.0,0.0,0.0,498.0,498.0,498.0,498.0,1,raw_available,0.0,
88900013,KN,KT4A,88900013,0,KNKT4A,TOSHIBA,2020-05-09,2020-05-31,2002.0,100,230/121/33,62.0,17.0,14.0,4.0,2.0,0.0,0.0,395.0,1611.0,9021.0,37549.0,2.0,3.0,420.0,415.0,420.0,420.0,1,raw_available,5.0,
88900013,KN,KT4A,88900013,0,KNKT4A,TOSHIBA,2020-11-03,2020-11-28,2002.0,100,230/121/33,38.0,17.0,23.0,24.0,3.0,0.0,0.0,407.0,1798.0,8024.0,50367.0,0.0,4.0,461.0,457.0,461.0,461.0,1,raw_available,4.0,
88900013,KN,KT4A,88900013,0,KNKT4A,TOSHIBA,2021-05-18,2021-07-24,2002.0,100,230/121/33,47.0,17.0,43.0,21.0,3.0,4.0,0.0,526.0,2679.0,12011.0,61200.0,8.0,4.0,609.0,597.0,609.0,609.0,1,raw_available,12.0,
88900013,KN,KT4A,88900013,0,KNKT4A,TOSHIBA,2021-11-18,2022-01-10,2002.0,100,230/121/33,57.0,13.0,6.0,3.0,1.0,0.0,0.0,551.0,3593.0,6664.0,41087.0,0.0,3.0,564.0,561.0,564.0,564.0,1,raw_available,3.0,
88900013,KN,KT4A,88900013,0,KNKT4A,TOSHIBA,2022-05-06,2022-05-15,2002.0,100,230/121/33,49.0,10.0,12.0,2.0,3.0,5.0,0.0,591.0,3594.0,7304.0,33747.0,0.0,0.0,613.0,613.0,613.0,613.0,1,raw_available,0.0,
88900013,KN,KT4A,88900013,0,KNKT4A,TOSHIBA,2022-12-03,2023-01-08,2002.0,100,230/121/33,52.0,12.0,10.0,3.0,1.0,4.0,0.0,592.0,3575.0,10296.0,32601.0,0.0,0.0,610.0,610.0,610.0,610.0,1,raw_available,0.0,
88900013,KN,KT4A,88900013,0,KNKT4A,TOSHIBA,2023-04-30,2023-05-15,2002.0,100,230/121/33,54.0,19.0,1.0,1.0,1.0,1.0,0.0,44.0,1745.0,9140.0,27770.0,1.0,2.0,51.0,48.0,51.0,51.0,1,raw_available,3.0,
88900013,KN,KT4A,88900013,0,KNKT4A,TOSHIBA,2023-12-09,2024-01-23,2002.0,100,230/121/33,50.0,14.0,4.0,2.0,2.0,5.0,0.0,210.0,2558.0,10066.0,30438.0,1.0,3.0,227.0,223.0,227.0,227.0,1,raw_available,4.0,
88900014,NCO,KT3AA,88900014,0,NCOKT3AA,TOSHIBA,2019-02-24,2019-03-22,2003.0,200,525/242/22,48.0,13.0,9.0,29.0,32.0,4.0,0.0,250.0,2485.0,9852.0,49503.0,0.0,0.0,324.0,324.0,324.0,324.0,1,raw_available,0.0,
88900014,NCO,KT3AA,88900014,0,NCOKT3AA,TOSHIBA,2019-04-21,2019-05-16,2003.0,200,525/242/22,51.0,18.0,9.0,32.0,72.0,5.0,0.0,257.0,2691.0,8829.0,49517.0,0.0,0.0,375.0,375.0,375.0,375.0,1,raw_available,0.0,
88900014,NCO,KT3AA,88900014,0,NCOKT3AA,TOSHIBA,2019-10-10,2019-10-20,2003.0,200,525/242/22,30.0,17.0,13.0,23.0,64.0,3.0,0.0,177.0,1808.0,5174.0,45621.0,0.0,5.0,285.0,280.0,285.0,285.0,1,raw_available,5.0,
88900014,NCO,KT3AA,88900014,0,NCOKT3AA,TOSHIBA,2020-02-27,2020-03-21,2003.0,200,525/242/22,32.0,13.0,14.0,20.0,35.0,0.0,0.0,190.0,1973.0,29125.0,61643.0,0.0,22.0,281.0,259.0,281.0,281.0,1,raw_available,22.0,ทดสอบก่อนรื้อและ OVERHAUL
88900014,NCO,KT3AA,88900014,0,NCOKT3AA,TOSHIBA,2021-09-19,2021-10-23,2003.0,200,525/242/22,,20.0,10.0,0.0,1.0,1.0,0.0,2.0,115.0,6745.0,28276.0,1.0,1.0,16.0,14.0,16.0,16.0,1,raw_available,2.0,ย้ายมาจากMM3-KT3AA ก่อนนำเข้าใช้งาน
88900014,NCO,KT3AA,88900014,0,NCOKT3AA,TOSHIBA,2021-11-28,2021-12-06,2003.0,200,525/242/22,,14.0,2.0,1.0,1.0,0.0,0.0,30.0,1271.0,7600.0,21560.0,1.0,0.0,35.0,34.0,35.0,35.0,1,raw_available,1.0,
88900014,NCO,KT3AA,88900014,0,NCOKT3AA,TOSHIBA,2022-05-29,2022-06-04,2003.0,200,525/242/22,62.0,14.0,2.0,4.0,3.0,3.0,0.0,60.0,1956.0,7960.0,29724.0,1.0,1.0,74.0,72.0,74.0,74.0,1,raw_available,2.0,
88900014,NCO,KT3AA,88900014,0,NCOKT3AA,TOSHIBA,2022-11-17,2022-11-20,2003.0,200,525/242/22,60.0,11.0,9.0,15.0,6.0,2.0,0.0,121.0,2439.0,11504.0,24362.0,0.0,0.0,153.0,153.0,153.0,153.0,1,raw_available,0.0,
88900014,NCO,KT3AA,88900014,0,NCOKT3AA,TOSHIBA,2023-11-24,2023-12-25,2003.0,200,525/242/22,50.0,13.0,5.0,12.0,7.0,2.0,0.0,104.0,2046.0,15039.0,28009.0,10.0,3.0,143.0,130.0,143.0,143.0,1,raw_available,13.0,
88900015,NCO,KT3AB,88900015,0,NCOKT3AB,TOSHIBA,2019-02-24,2019-03-22,2003.0,200,525/242/22,48.0,16.0,10.0,26.0,26.0,0.0,0.0,227.0,2603.0,9327.0,43172.0,0.0,0.0,289.0,289.0,289.0,289.0,1,raw_available,0.0,
88900015,NCO,KT3AB,88900015,0,NCOKT3AB,TOSHIBA,2019-04-21,2019-05-16,2003.0,200,525/242/22,50.0,14.0,13.0,28.0,44.0,0.0,0.0,253.0,2831.0,4521.0,39851.0,0.0,0.0,338.0,338.0,338.0,338.0,1,raw_available,0.0,
88900015,NCO,KT3AB,88900015,0,NCOKT3AB,TOSHIBA,2019-10-10,2019-10-20,2003.0,200,525/242/22,30.0,9.0,14.0,23.0,33.0,0.0,0.0,36.0,1414.0,5842.0,31161.0,0.0,0.0,106.0,106.0,106.0,106.0,1,raw_available,0.0,
88900015,NCO,KT3AB,88900015,0,NCOKT3AB,TOSHIBA,2020-02-27,2020-03-21,2003.0,200,525/242/22,32.0,10.0,13.0,20.0,28.0,0.0,0.0,42.0,1635.0,7605.0,42763.0,0.0,17.0,120.0,103.0,120.0,120.0,1,raw_available,17.0,ทดสอบก่อนรื้อและ OVERHAUL
88900015,NCO,KT3AB,88900015,0,NCOKT3AB,TOSHIBA,2021-02-02,2021-02-13,2003.0,200,525/242/22,,11.0,22.0,14.0,13.0,0.0,0.0,72.0,1283.0,15724.0,59949.0,0.0,11.0,132.0,121.0,132.0,132.0,1,raw_available,11.0,research
88900015,NCO,KT3AB,88900015,0,NCOKT3AB,TOSHIBA,2021-09-19,2021-10-23,2003.0,200,525/242/22,,13.0,14.0,0.0,0.0,0.0,0.0,1.0,93.0,4110.0,13239.0,1.0,0.0,16.0,15.0,16.0,16.0,1,raw_available,1.0,ย้ายมาจาก MM3-KT3AB ก่อนนำเข้าใช้งาน
88900015,NCO,KT3AB,88900015,0,NCOKT3AB,TOSHIBA,2021-11-28,2021-12-06,2003.0,200,525/242/22,,11.0,2.0,1.0,1.0,0.0,0.0,27.0,1307.0,7440.0,21310.0,0.0,0.0,31.0,31.0,31.0,31.0,1,raw_available,0.0,
88900015,NCO,KT3AB,88900015,0,NCOKT3AB,TOSHIBA,2022-05-29,2022-06-04,2003.0,200,525/242/22,63.0,18.0,4.0,4.0,3.0,3.0,0.0,50.0,1902.0,11292.0,48199.0,1.0,1.0,66.0,64.0,66.0,66.0,1,raw_available,2.0,
88900015,NCO,KT3AB,88900015,0,NCOKT3AB,TOSHIBA,2022-11-17,2022-11-20,2003.0,200,525/242/22,62.0,20.0,8.0,6.0,7.0,3.0,0.0,91.0,2479.0,14465.0,29244.0,0.0,0.0,115.0,115.0,115.0,115.0,1,raw_available,0.0,
88900015,NCO,KT3AB,88900015,0,NCOKT3AB,TOSHIBA,2023-11-24,2023-12-25,2003.0,200,525/242/22,50.0,25.0,5.0,10.0,9.0,3.0,0.0,72.0,2064.0,16609.0,29471.0,7.0,5.0,111.0,99.0,111.0,111.0,1,raw_available,12.0,
88900016,NCO,KT3AC,88900016,0,NCOKT3AC,TOSHIBA,2019-02-24,2019-03-22,2003.0,200,525/242/22,48.0,15.0,7.0,31.0,28.0,8.0,0.0,356.0,3145.0,10200.0,44839.0,0.0,0.0,430.0,430.0,430.0,430.0,1,raw_available,0.0,
88900016,NCO,KT3AC,88900016,0,NCOKT3AC,TOSHIBA,2019-04-21,2019-05-16,2003.0,200,525/242/22,51.0,16.0,8.0,36.0,29.0,9.0,0.0,399.0,3554.0,7798.0,46825.0,0.0,0.0,481.0,481.0,481.0,481.0,1,raw_available,0.0,
88900016,NCO,KT3AC,88900016,0,NCOKT3AC,TOSHIBA,2019-10-10,2019-10-20,2003.0,200,525/242/22,30.0,15.0,10.0,29.0,22.0,2.0,0.0,46.0,1668.0,5784.0,46912.0,0.0,0.0,109.0,109.0,109.0,109.0,1,raw_available,0.0,
88900016,NCO,KT3AC,88900016,0,NCOKT3AC,TOSHIBA,2020-02-27,2020-03-21,2003.0,200,525/242/22,32.0,12.0,9.0,26.0,29.0,0.0,0.0,68.0,2457.0,27563.0,65336.0,0.0,18.0,150.0,132.0,150.0,150.0,1,raw_available,18.0,ทดสอบก่อนรื้อและ OVERHAUL
88900016,NCO,KT3AC,88900016,0,NCOKT3AC,TOSHIBA,2021-02-02,2021-02-13,2003.0,200,525/242/22,,12.0,21.0,19.0,15.0,0.0,0.0,119.0,1646.0,15541.0,55757.0,0.0,9.0,183.0,174.0,183.0,183.0,1,raw_available,9.0,research
88900016,NCO,KT3AC,88900016,0,NCOKT3AC,TOSHIBA,2021-09-19,2021-10-23,2003.0,200,525/242/22,,16.0,0.0,0.0,0.0,0.0,0.0,1.0,116.0,10382.0,20244.0,0.0,0.0,1.0,1.0,1.0,1.0,1,raw_available,0.0,ย้ายมาจาก MM3-KT3AC ย้ายมาจาก MM3-KT3AC ก่อนนำเข้าใช้งาน
88900016,NCO,KT3AC,88900016,0,NCOKT3AC,TOSHIBA,2021-11-28,2021-12-06,2003.0,200,525/242/22,,17.0,0.0,2.0,0.0,0.0,0.0,17.0,1396.0,12000.0,30440.0,0.0,0.0,19.0,19.0,19.0,19.0,1,raw_available,0.0,
88900016,NCO,KT3AC,88900016,0,NCOKT3AC,TOSHIBA,2022-05-29,2022-06-04,2003.0,200,525/242/22,62.0,17.0,6.0,6.0,4.0,4.0,0.0,61.0,2245.0,6471.0,24070.0,1.0,2.0,84.0,81.0,84.0,84.0,1,raw_available,3.0,
88900016,NCO,KT3AC,88900016,0,NCOKT3AC,TOSHIBA,2022-11-17,2022-11-25,2003.0,200,525/242/22,62.0,22.0,6.0,8.0,6.0,7.0,0.0,68.0,2634.0,9800.0,30744.0,7.0,4.0,106.0,95.0,106.0,106.0,1,raw_available,11.0,
88900016,NCO,KT3AC,88900016,0,NCOKT3AC,TOSHIBA,2023-11-24,2023-12-25,2003.0,200,525/242/22,50.0,11.0,6.0,13.0,10.0,3.0,0.0,70.0,2343.0,12268.0,38594.0,5.0,5.0,112.0,102.0,112.0,112.0,1,raw_available,10.0,
890900042,TTK,KT6A,890900042,0,TTKKT6A,TOSHIBA,2019-09-20,2019-10-04,2003.0,25,115/22,55.0,17.0,92.0,74.0,187.0,0.0,0.0,68.0,2535.0,8282.0,29501.0,0.0,125.0,546.0,421.0,546.0,546.0,1,raw_available,125.0,
890900042,TTK,KT6A,890900042,0,TTKKT6A,TOSHIBA,2020-12-18,2021-01-11,2003.0,25,115/22,49.0,18.0,43.0,47.0,144.0,0.0,0.0,44.0,2991.0,10779.0,47821.0,0.0,121.0,399.0,278.0,399.0,399.0,1,raw_available,121.0,
890900042,TTK,KT6A,890900042,0,TTKKT6A,TOSHIBA,2021-12-18,2022-01-22,2003.0,25,115/22,56.0,22.0,67.0,52.0,258.0,6.0,0.0,165.0,3082.0,4612.0,41107.0,0.0,150.0,698.0,548.0,698.0,698.0,1,raw_available,150.0,
890900043,DBN,KT1A,890900043,0,DBNKT1A,TOSHIBA,2019-02-14,2019-03-02,2003.0,25,115/22,53.0,24.0,64.0,196.0,596.0,8.0,0.0,118.0,5732.0,7397.0,41798.0,0.0,302.0,1284.0,982.0,1284.0,1284.0,1,raw_available,302.0,
890900043,DBN,KT1A,890900043,0,DBNKT1A,TOSHIBA,2021-02-14,2021-04-26,2003.0,25,115/22,53.0,28.0,44.0,124.0,489.0,4.0,0.0,35.0,2415.0,28470.0,42300.0,53.0,493.0,1242.0,696.0,1242.0,1242.0,1,raw_available,546.0,
890900043,DBN,KT1A,890900043,0,DBNKT1A,TOSHIBA,2022-02-07,2022-03-07,2003.0,25,115/22,57.0,22.0,77.0,107.0,788.0,13.0,0.0,170.0,6287.0,6066.0,60048.0,0.0,494.0,1649.0,1155.0,1649.0,1649.0,1,raw_available,494.0,
890900043,DBN,KT1A,890900043,0,DBNKT1A,TOSHIBA,2023-03-23,2023-04-06,2003.0,25,115/22,54.0,19.0,33.0,67.0,243.0,1.0,0.0,144.0,5292.0,7396.0,45012.0,13.0,318.0,819.0,488.0,819.0,819.0,1,raw_available,331.0,
890900044,SLB,KT2A,890900044,0,SLBKT2A,TOSHIBA,2019-08-10,2019-08-18,2003.0,35,115/22,51.0,20.0,16.0,85.0,61.0,4.0,0.0,137.0,2955.0,6093.0,37005.0,1.0,30.0,334.0,303.0,334.0,334.0,1,raw_available,31.0,
890900044,SLB,KT2A,890900044,0,SLBKT2A,TOSHIBA,2020-10-18,2020-11-13,2003.0,35,115/22,32.0,26.0,35.0,76.0,54.0,1.0,0.0,151.0,2465.0,6224.0,45522.0,0.0,42.0,359.0,317.0,359.0,359.0,1,raw_available,42.0,
890900044,SLB,KT2A,890900044,0,SLBKT2A,TOSHIBA,2021-08-01,2021-10-03,2003.0,35,115/22,40.0,25.0,16.0,74.0,64.0,7.0,0.0,147.0,2111.0,14375.0,45398.0,0.0,0.0,308.0,308.0,308.0,308.0,1,raw_available,0.0,
890900044,SLB,KT2A,890900044,0,SLBKT2A,TOSHIBA,2022-09-03,2022-09-15,2003.0,35,115/22,38.0,16.0,16.0,37.0,69.0,6.0,0.0,158.0,2060.0,7027.0,40058.0,0.0,26.0,312.0,286.0,312.0,312.0,1,raw_available,26.0,
890900044,SLB,KT2A,890900044,0,SLBKT2A,TOSHIBA,2023-06-16,2023-07-03,2003.0,35,115/22,52.0,21.0,17.0,132.0,77.0,6.0,0.0,271.0,3401.0,4143.0,47367.0,6.0,24.0,533.0,503.0,533.0,533.0,1,raw_available,30.0,
890900045,TTK,KT7A,890900045,0,TTKKT7A,TOSHIBA,2020-12-18,2021-01-11,2003.0,25,115/22,48.0,83.0,71.0,57.0,165.0,0.0,0.0,53.0,4364.0,7685.0,36001.0,25.0,132.0,503.0,346.0,503.0,503.0,1,raw_available,157.0,
890900045,TTK,KT7A,890900045,0,TTKKT7A,TOSHIBA,2021-02-15,2021-03-29,2003.0,25,115/22,54.0,31.0,53.0,47.0,178.0,0.0,0.0,55.0,3641.0,5218.0,63637.0,0.0,146.0,479.0,333.0,479.0,479.0,1,raw_available,146.0,
890900045,TTK,KT7A,890900045,0,TTKKT7A,TOSHIBA,2021-12-18,2022-01-22,2003.0,25,115/22,55.0,28.0,60.0,51.0,170.0,7.0,0.0,161.0,3553.0,5933.0,42719.0,0.0,162.0,611.0,449.0,611.0,611.0,1,raw_available,162.0,
890900046,SA2,KT1A,890900046,0,SA2KT1A,TOSHIBA,2021-05-15,2021-07-11,2003.0,50,115/22,70.0,36.0,39.0,186.0,705.0,37.0,0.0,101.0,5863.0,8263.0,47560.0,36.0,614.0,1718.0,1068.0,1718.0,1718.0,1,raw_available,650.0,
890900046,SA2,KT1A,890900046,0,SA2KT1A,TOSHIBA,2022-05-27,2022-06-05,2003.0,50,115/22,56.0,21.0,20.0,128.0,523.0,54.0,0.0,55.0,5297.0,6340.0,73500.0,73.0,438.0,1291.0,780.0,1291.0,1291.0,1,raw_available,511.0,
890900046,SA2,KT1A,890900046,0,SA2KT1A,TOSHIBA,2023-05-14,2023-06-08,2003.0,50,115/22,66.0,24.0,12.0,157.0,628.0,10.0,0.0,62.0,5890.0,4682.0,42416.0,138.0,418.0,1425.0,869.0,1425.0,1425.0,1,raw_available,556.0,
890900047,SA2,KT2A,890900047,0,SA2KT2A,TOSHIBA,2021-05-15,2021-07-11,2003.0,50,115/22,57.0,30.0,34.0,250.0,995.0,7.0,0.0,109.0,8326.0,6407.0,42762.0,36.0,848.0,2279.0,1395.0,2279.0,2279.0,1,raw_available,884.0,
890900047,SA2,KT2A,890900047,0,SA2KT2A,TOSHIBA,2022-05-27,2022-06-05,2003.0,50,115/22,57.0,20.0,34.0,114.0,522.0,3.0,0.0,48.0,2575.0,5200.0,68520.0,52.0,527.0,1300.0,721.0,1300.0,1300.0,1,raw_available,579.0,
890900047,SA2,KT2A,890900047,0,SA2KT2A,TOSHIBA,2023-05-14,2023-06-08,2003.0,50,115/22,59.0,26.0,34.0,192.0,700.0,13.0,0.0,82.0,3224.0,5905.0,54867.0,171.0,290.0,1482.0,1021.0,1482.0,1482.0,1,raw_available,461.0,
890900048,SN1,KT1A,890900048,0,SN1KT1A,TOSHIBA,2021-06-12,2021-09-05,2003.0,50,115/22,68.0,20.0,43.0,56.0,679.0,9.0,0.0,308.0,7419.0,4352.0,36542.0,0.0,42.0,1137.0,1095.0,1137.0,1137.0,1,raw_available,42.0,
890900048,SN1,KT1A,890900048,0,SN1KT1A,TOSHIBA,2022-06-24,2022-07-03,2003.0,50,115/22,58.0,14.0,44.0,59.0,546.0,11.0,0.0,312.0,6625.0,32205.0,73747.0,18.0,213.0,1203.0,972.0,1203.0,1203.0,1,raw_available,231.0,
890900048,SN1,KT1A,890900048,0,SN1KT1A,TOSHIBA,2023-06-11,2023-07-02,2003.0,50,115/22,60.0,19.0,20.0,101.0,535.0,9.0,0.0,291.0,7015.0,3939.0,78512.0,27.0,227.0,1210.0,956.0,1210.0,1210.0,1,raw_available,254.0,
890900048,SN1,KT1A,890900048,0,SN1KT1A,TOSHIBA,2024-06-02,2024-06-07,2003.0,50,115/22,48.0,11.0,36.0,356.0,724.0,15.0,0.0,121.0,5181.0,7746.0,55504.0,59.0,686.0,1997.0,1252.0,1997.0,1997.0,1,raw_available,745.0,
890900049,SA1,KT7A,890900049,0,SA1KT7A,TOSHIBA,2019-10-20,2019-10-25,2003.0,50,115/22,62.0,22.0,12.0,39.0,15.0,5.0,0.0,396.0,11416.0,10256.0,50200.0,0.0,16.0,483.0,467.0,483.0,483.0,1,raw_available,16.0,
890900049,SA1,KT7A,890900049,0,SA1KT7A,TOSHIBA,2021-02-16,2021-02-16,2003.0,50,115/22,64.0,12.0,33.0,40.0,13.0,6.0,0.0,529.0,14086.0,4076.0,50109.0,26.0,17.0,658.0,621.0,658.0,658.0,1,raw_available,37.0,Trip ด้วย Tx.Diff
890900049,SA1,KT7A,890900049,0,SA1KT7A,TOSHIBA,2021-05-21,2021-07-25,2003.0,50,115/22,60.0,23.0,21.0,34.0,14.0,6.0,0.0,548.0,13387.0,16040.0,75572.0,0.0,0.0,623.0,623.0,623.0,623.0,1,raw_available,0.0,
890900049,SA1,KT7A,890900049,0,SA1KT7A,TOSHIBA,2022-05-28,2022-06-10,2003.0,50,115/22,60.0,20.0,46.0,29.0,34.0,8.0,0.0,507.0,11241.0,7032.0,80553.0,3.0,14.0,641.0,624.0,641.0,641.0,1,raw_available,17.0,
890900049,SA1,KT7A,890900049,0,SA1KT7A,TOSHIBA,2023-05-25,2023-06-10,2003.0,50,115/22,64.0,13.0,24.0,72.0,33.0,6.0,0.0,572.0,12605.0,10659.0,79345.0,2.0,13.0,722.0,707.0,722.0,722.0,1,raw_available,15.0,
890900050,RY3,KT2A,890900050,0,RY3KT2A,TOSHIBA,2020-02-15,2020-03-09,2003.0,50,115/22,58.0,33.0,80.0,19.0,6.0,0.0,0.0,457.0,3030.0,8520.0,65590.0,10.0,14.0,586.0,562.0,586.0,586.0,1,raw_available,24.0,
890900050,RY3,KT2A,890900050,0,RY3KT2A,TOSHIBA,2021-01-30,2021-03-26,2003.0,50,115/22,58.0,82.0,57.0,20.0,3.0,0.0,0.0,500.0,3400.0,11610.0,66600.0,13.0,10.0,603.0,580.0,603.0,603.0,1,raw_available,23.0,มีหยดน้ำ
890900050,RY3,KT2A,890900050,0,RY3KT2A,TOSHIBA,2022-02-19,2022-03-03,2003.0,50,115/22,58.0,61.0,14.0,12.0,30.0,9.0,0.0,370.0,6512.0,20132.0,63141.0,0.0,0.0,435.0,435.0,435.0,435.0,1,raw_available,0.0,
890900050,RY3,KT2A,890900050,0,RY3KT2A,TOSHIBA,2022-08-13,2022-09-02,2003.0,50,115/22,64.0,61.0,5.0,19.0,6.0,4.0,0.0,375.0,4913.0,2857.0,63230.0,16.0,12.0,437.0,409.0,437.0,437.0,1,raw_available,28.0,
890900050,RY3,KT2A,890900050,0,RY3KT2A,TOSHIBA,2023-04-28,2023-05-06,2003.0,50,115/22,54.0,17.0,16.0,22.0,12.0,10.0,0.0,630.0,6800.0,5678.0,57182.0,15.0,11.0,716.0,690.0,716.0,716.0,1,raw_available,26.0,
890900051,SN1,KT2A,890900051,0,SN1KT2A,TOSHIBA,2021-06-12,2021-09-05,2003.0,50,115/22,73.0,21.0,20.0,49.0,30.0,4.0,0.0,154.0,5776.0,14486.0,53390.0,0.0,5.0,262.0,257.0,262.0,262.0,1,raw_available,5.0,
890900051,SN1,KT2A,890900051,0,SN1KT2A,TOSHIBA,2022-06-24,2022-07-02,2003.0,50,115/22,60.0,25.0,32.0,47.0,26.0,3.0,0.0,101.0,7557.0,8040.0,56900.0,0.0,29.0,238.0,209.0,238.0,238.0,1,raw_available,29.0,
890900051,SN1,KT2A,890900051,0,SN1KT2A,TOSHIBA,2023-05-21,2023-05-27,2003.0,50,115/22,0.0,55.0,22.0,25.0,21.0,3.0,0.0,96.0,5077.0,13078.0,69511.0,0.0,22.0,189.0,167.0,189.0,189.0,1,raw_available,22.0,เนื่องจากมี OLTC เสียหาย
890900052,RE1,KT1A,890900052,0,RE1KT1A,TOSHIBA,2019-03-09,2019-04-08,2003.0,50,115/22,56.0,20.0,35.0,67.0,322.0,8.0,0.0,79.0,1732.0,10363.0,48948.0,0.0,213.0,724.0,511.0,724.0,724.0,1,raw_available,213.0,
890900052,RE1,KT1A,890900052,0,RE1KT1A,TOSHIBA,2020-03-09,2020-03-27,2003.0,50,115/22,54.0,14.0,27.0,92.0,435.0,3.0,0.0,81.0,1780.0,6994.0,58527.0,0.0,376.0,1014.0,638.0,1014.0,1014.0,1,raw_available,376.0,
890900052,RE1,KT1A,890900052,0,RE1KT1A,TOSHIBA,2021-01-23,2021-04-23,2003.0,50,115/22,53.0,28.0,55.0,68.0,308.0,11.0,0.0,89.0,1833.0,6379.0,49032.0,21.0,288.0,840.0,531.0,840.0,840.0,1,raw_available,309.0,
890900052,RE1,KT1A,890900052,0,RE1KT1A,TOSHIBA,2022-02-13,2022-03-26,2003.0,50,115/22,48.0,15.0,60.0,65.0,465.0,15.0,0.0,95.0,2055.0,5842.0,57059.0,28.0,300.0,1028.0,700.0,1028.0,1028.0,1,raw_available,328.0,
890900052,RE1,KT1A,890900052,0,RE1KT1A,TOSHIBA,2023-02-12,2023-03-09,2003.0,50,115/22,58.0,15.0,34.0,96.0,380.0,5.0,0.0,62.0,1920.0,8482.0,50932.0,0.0,259.0,836.0,577.0,836.0,836.0,1,raw_available,259.0,
890900052,RE1,KT1A,890900052,0,RE1KT1A,TOSHIBA,2024-02-11,2024-03-19,2003.0,50,115/22,62.0,25.0,34.0,87.0,423.0,8.0,0.0,51.0,2079.0,9462.0,49381.0,0.0,321.0,924.0,603.0,924.0,924.0,1,raw_available,321.0,
890900053,UB1,KT1A,890900053,0,UB1KT1A,TOSHIBA,2019-04-27,2019-05-13,2003.0,50,115/22,36.0,19.0,41.0,13.0,3.0,4.0,0.0,506.0,5790.0,5598.0,49890.0,6.0,5.0,578.0,567.0,578.0,578.0,1,raw_available,11.0,Tx.Trip
890900053,UB1,KT1A,890900053,0,UB1KT1A,TOSHIBA,2020-03-01,2020-04-03,2003.0,50,115/22,51.0,23.0,92.0,43.0,5.0,0.0,0.0,318.0,1952.0,11990.0,62143.0,0.0,8.0,466.0,458.0,466.0,466.0,1,raw_available,8.0,
890900053,UB1,KT1A,890900053,0,UB1KT1A,TOSHIBA,2021-03-01,2021-05-20,2003.0,50,115/22,60.0,33.0,21.0,0.0,47.0,4.0,0.0,350.0,4269.0,19257.0,51172.0,0.0,0.0,422.0,422.0,422.0,422.0,1,raw_available,0.0,
890900053,UB1,KT1A,890900053,0,UB1KT1A,TOSHIBA,2022-02-06,2022-02-20,2003.0,50,115/22,57.0,15.0,61.0,9.0,3.0,0.0,0.0,338.0,4978.0,9332.0,60681.0,0.0,6.0,417.0,411.0,417.0,417.0,1,raw_available,6.0,
890900053,UB1,KT1A,890900053,0,UB1KT1A,TOSHIBA,2023-02-04,2023-02-18,2003.0,50,115/22,60.0,10.0,48.0,18.0,4.0,2.0,0.0,623.0,6122.0,15651.0,64207.0,9.0,8.0,712.0,695.0,712.0,712.0,1,raw_available,17.0,
890900053,UB1,KT1A,890900053,0,UB1KT1A,TOSHIBA,2024-02-03,2024-03-08,2003.0,50,115/22,62.0,20.0,19.0,17.0,4.0,3.0,0.0,684.0,6037.0,20451.0,39378.0,7.0,11.0,745.0,727.0,745.0,745.0,1,raw_available,18.0,
8946783,RS,KT1A,8946783,0,RSKT1A,TAKAOKA,2019-05-22,2019-06-29,2009.0,200,230/72/11,42.0,17.0,29.0,66.0,250.0,8.0,0.0,93.0,6754.0,5705.0,44748.0,0.0,130.0,576.0,446.0,576.0,576.0,1,raw_available,130.0,
8946783,RS,KT1A,8946783,0,RSKT1A,TAKAOKA,2019-11-10,2019-12-15,2009.0,200,230/72/11,38.0,15.0,33.0,48.0,246.0,0.0,0.0,56.0,4774.0,8180.0,69715.0,0.0,186.0,569.0,383.0,569.0,569.0,1,raw_available,186.0,
8946783,RS,KT1A,8946783,0,RSKT1A,TAKAOKA,2020-06-02,2020-07-04,2009.0,200,230/72/11,34.0,22.0,34.0,61.0,247.0,5.0,0.0,79.0,5753.0,5482.0,50223.0,0.0,147.0,573.0,426.0,573.0,573.0,1,raw_available,147.0,
8946783,RS,KT1A,8946783,0,RSKT1A,TAKAOKA,2020-11-08,2020-11-22,2009.0,200,230/72/11,,37.0,20.0,45.0,248.0,0.0,0.0,81.0,5720.0,8668.0,63476.0,0.0,141.0,535.0,394.0,535.0,535.0,1,raw_available,141.0,
8946783,RS,KT1A,8946783,0,RSKT1A,TAKAOKA,2021-05-25,2021-07-13,2009.0,200,230/72/11,34.0,24.0,40.0,55.0,254.0,6.0,0.0,70.0,5872.0,5930.0,55840.0,0.0,110.0,535.0,425.0,535.0,535.0,1,raw_available,110.0,
8946783,RS,KT1A,8946783,0,RSKT1A,TAKAOKA,2021-11-09,2021-11-19,2009.0,200,230/72/11,,9.0,19.0,45.0,215.0,0.0,0.0,54.0,6263.0,5740.0,46950.0,20.0,176.0,529.0,333.0,529.0,529.0,1,raw_available,196.0,
8946783,RS,KT1A,8946783,0,RSKT1A,TAKAOKA,2022-06-05,2022-06-13,2009.0,200,230/72/11,46.0,16.0,36.0,43.0,285.0,7.0,0.0,87.0,6597.0,4332.0,58825.0,0.0,91.0,549.0,458.0,549.0,549.0,1,raw_available,91.0,
8946783,RS,KT1A,8946783,0,RSKT1A,TAKAOKA,2022-11-27,2022-12-02,2009.0,200,230/72/11,40.0,11.0,40.0,63.0,277.0,7.0,0.0,89.0,5661.0,4339.0,52962.0,116.0,133.0,725.0,476.0,725.0,725.0,1,raw_available,249.0,
8946783,RS,KT1A,8946783,0,RSKT1A,TAKAOKA,2023-05-21,2023-05-25,2009.0,200,230/72/11,43.0,14.0,41.0,70.0,244.0,6.0,0.0,95.0,5577.0,4228.0,64329.0,11.0,145.0,612.0,456.0,612.0,612.0,1,raw_available,156.0,
8946783,RS,KT1A,8946783,0,RSKT1A,TAKAOKA,2023-09-09,2023-09-09,2009.0,200,230/72/11,43.0,13.0,27.0,58.0,268.0,20.0,0.0,86.0,5225.0,8416.0,68023.0,19.0,115.0,593.0,459.0,593.0,593.0,1,raw_available,134.0,มี Fault ที่ PEA ระยะทาง 1.5 ก.ม
8946783,RS,KT1A,8946783,0,RSKT1A,TAKAOKA,2023-09-19,2023-09-19,2009.0,200,230/72/11,,13.0,57.0,74.0,330.0,37.0,0.0,92.0,5590.0,3288.0,63635.0,20.0,139.0,749.0,590.0,749.0,749.0,1,raw_available,159.0,หม้อแปลง TRIP เนื่องจาก OVERCURRENT RELAY ด้าน LV.
8946783,RS,KT1A,8946783,0,RSKT1A,TAKAOKA,2023-12-09,2024-01-23,2009.0,200,230/72/11,45.0,18.0,42.0,59.0,308.0,4.0,0.0,91.0,5193.0,11303.0,69412.0,12.0,151.0,667.0,504.0,667.0,667.0,1,raw_available,163.0,
8946783,RS,KT1A,8946783,0,RSKT1A,TAKAOKA,2024-06-11,2024-06-12,2009.0,200,230/72/11,52.0,13.0,48.0,83.0,358.0,9.0,0.0,104.0,5862.0,12567.0,66300.0,8.0,158.0,768.0,602.0,768.0,768.0,1,raw_available,166.0,
8946784,RS,KT7A,8946784,0,RSKT7A,TAKAOKA,2019-05-22,2019-06-29,2003.0,200,230/72/11,54.0,14.0,40.0,14.0,10.0,0.0,0.0,520.0,4853.0,7891.0,38596.0,0.0,0.0,584.0,584.0,584.0,584.0,1,raw_available,0.0,
8946784,RS,KT7A,8946784,0,RSKT7A,TAKAOKA,2019-11-10,2019-12-14,2003.0,200,230/72/11,53.0,29.0,34.0,12.0,4.0,0.0,0.0,440.0,4633.0,9092.0,54894.0,2.0,7.0,499.0,490.0,499.0,499.0,1,raw_available,9.0,
8946784,RS,KT7A,8946784,0,RSKT7A,TAKAOKA,2020-06-02,2020-07-04,2003.0,200,230/72/11,52.0,21.0,32.0,11.0,6.0,0.0,0.0,509.0,4435.0,7108.0,43734.0,0.0,0.0,558.0,558.0,558.0,558.0,1,raw_available,0.0,
8946784,RS,KT7A,8946784,0,RSKT7A,TAKAOKA,2020-11-08,2020-11-21,2003.0,200,230/72/11,50.0,9.0,42.0,8.0,3.0,0.0,0.0,197.0,2019.0,7592.0,52146.0,0.0,6.0,256.0,250.0,256.0,256.0,1,raw_available,6.0,
8946784,RS,KT7A,8946784,0,RSKT7A,TAKAOKA,2021-05-25,2021-07-18,2003.0,200,230/72/11,36.0,8.0,16.0,0.0,0.0,0.0,0.0,329.0,3475.0,12219.0,60731.0,0.0,0.0,345.0,345.0,345.0,345.0,1,raw_available,0.0,De-energize .
8946784,RS,KT7A,8946784,0,RSKT7A,TAKAOKA,2021-11-09,2021-11-19,2003.0,200,230/72/11,32.0,5.0,22.0,8.0,3.0,0.0,0.0,429.0,5152.0,8090.0,46800.0,34.0,7.0,503.0,462.0,503.0,503.0,1,raw_available,41.0,NO-ENERGIZE
8946784,RS,KT7A,8946784,0,RSKT7A,TAKAOKA,2022-06-05,2022-06-13,2003.0,200,230/72/11,35.0,7.0,46.0,8.0,4.0,17.0,0.0,364.0,4191.0,8650.0,76040.0,7.0,4.0,450.0,439.0,450.0,450.0,1,raw_available,11.0,NO ENERGIZE NO ENERGIZE
8946784,RS,KT7A,8946784,0,RSKT7A,TAKAOKA,2022-11-27,2022-12-02,2003.0,200,230/72/11,29.0,9.0,41.0,16.0,10.0,2.0,0.0,530.0,4232.0,8449.0,53614.0,5.0,4.0,608.0,599.0,608.0,608.0,1,raw_available,9.0,
8946784,RS,KT7A,8946784,0,RSKT7A,TAKAOKA,2023-05-21,2023-05-25,2003.0,200,230/72/11,34.0,7.0,32.0,13.0,6.0,3.0,0.0,691.0,4583.0,10658.0,78537.0,2.0,9.0,756.0,745.0,756.0,756.0,1,raw_available,11.0,
8946784,RS,KT7A,8946784,0,RSKT7A,TAKAOKA,2023-12-09,2024-01-13,2003.0,200,230/72/11,32.0,11.0,43.0,17.0,4.0,4.0,0.0,592.0,4982.0,13714.0,74955.0,2.0,8.0,670.0,660.0,670.0,670.0,1,raw_available,10.0,TX. NO-ENERGIZE
8946784,RS,KT7A,8946784,0,RSKT7A,TAKAOKA,2024-06-11,2024-06-12,2003.0,200,230/72/11,32.0,6.0,28.0,22.0,7.0,2.0,0.0,743.0,4004.0,7924.0,79949.0,2.0,12.0,816.0,802.0,816.0,816.0,1,raw_available,14.0,
8946785,RS,KT2A,8946785,0,RSKT2A,TAKAOKA,2019-05-22,2019-06-29,2009.0,200,220/69/11,53.0,15.0,13.0,36.0,110.0,3.0,0.0,136.0,5043.0,10622.0,37467.0,0.0,61.0,359.0,298.0,359.0,359.0,1,raw_available,61.0,
8946785,RS,KT2A,8946785,0,RSKT2A,TAKAOKA,2019-11-10,2019-12-14,2009.0,200,220/69/11,52.0,33.0,25.0,38.0,145.0,2.0,0.0,106.0,4209.0,5642.0,57132.0,0.0,81.0,397.0,316.0,397.0,397.0,1,raw_available,81.0,
8946785,RS,KT2A,8946785,0,RSKT2A,TAKAOKA,2020-11-08,2020-11-21,2009.0,200,220/69/11,50.0,11.0,42.0,33.0,107.0,0.0,0.0,43.0,1807.0,4235.0,49361.0,0.0,82.0,307.0,225.0,307.0,307.0,1,raw_available,82.0,
8946785,RS,KT2A,8946785,0,RSKT2A,TAKAOKA,2021-05-25,2021-07-12,2009.0,200,220/69/11,58.0,16.0,28.0,34.0,123.0,0.0,0.0,118.0,4995.0,8699.0,36243.0,0.0,91.0,394.0,303.0,394.0,394.0,1,raw_available,91.0,
8946785,RS,KT2A,8946785,0,RSKT2A,TAKAOKA,2021-11-09,2021-11-20,2009.0,200,220/69/11,44.0,9.0,24.0,30.0,149.0,0.0,0.0,99.0,3265.0,9507.0,72768.0,0.0,28.0,330.0,302.0,330.0,330.0,1,raw_available,28.0,
8946785,RS,KT2A,8946785,0,RSKT2A,TAKAOKA,2022-06-05,2022-06-13,2009.0,200,220/69/11,51.0,12.0,24.0,27.0,147.0,0.0,0.0,92.0,3748.0,4197.0,77761.0,0.0,49.0,339.0,290.0,339.0,339.0,1,raw_available,49.0,
8946785,RS,KT2A,8946785,0,RSKT2A,TAKAOKA,2022-11-27,2022-12-02,2009.0,200,220/69/11,40.0,12.0,20.0,39.0,135.0,4.0,0.0,103.0,3611.0,6316.0,71168.0,66.0,60.0,427.0,301.0,427.0,427.0,1,raw_available,126.0,
8946785,RS,KT2A,8946785,0,RSKT2A,TAKAOKA,2023-05-21,2023-05-25,2009.0,200,220/69/11,53.0,12.0,18.0,41.0,132.0,4.0,0.0,109.0,3953.0,7181.0,72070.0,6.0,80.0,390.0,304.0,390.0,390.0,1,raw_available,86.0,
8946785,RS,KT2A,8946785,0,RSKT2A,TAKAOKA,2023-09-09,2023-09-09,2009.0,200,220/69/11,43.0,12.0,22.0,44.0,144.0,14.0,0.0,93.0,3635.0,9369.0,89923.0,13.0,90.0,420.0,317.0,420.0,420.0,1,raw_available,103.0,มี Fault ที่ PEA ระยะทาง 1.5 ก.ม
8946785,RS,KT2A,8946785,0,RSKT2A,TAKAOKA,2023-09-19,2023-09-19,2009.0,200,220/69/11,,12.0,41.0,50.0,143.0,1.0,0.0,99.0,3802.0,5099.0,93712.0,0.0,83.0,417.0,334.0,417.0,417.0,1,raw_available,83.0,หม้อแปลง TRIP เนื่องจาก OVERCURRENT RELAY ด้าน LV.
8946785,RS,KT2A,8946785,0,RSKT2A,TAKAOKA,2023-12-09,2024-01-23,2009.0,200,220/69/11,47.0,15.0,47.0,40.0,168.0,9.0,0.0,118.0,4348.0,8128.0,91192.0,8.0,80.0,470.0,382.0,470.0,470.0,1,raw_available,88.0,
8946785,RS,KT2A,8946785,0,RSKT2A,TAKAOKA,2024-06-11,2024-06-12,2009.0,200,220/69/11,54.0,10.0,32.0,53.0,199.0,5.0,0.0,143.0,4430.0,13671.0,86264.0,9.0,87.0,528.0,432.0,528.0,528.0,1,raw_available,96.0,
8946786,BPL,KT7A,8946786,0,BPLKT7A,TAKAOKA,2019-02-11,2019-02-14,2009.0,200,220/72/11,44.0,18.0,13.0,10.0,2.0,1.0,0.0,655.0,3058.0,4780.0,38973.0,2.0,2.0,685.0,681.0,685.0,685.0,1,raw_available,4.0,Tx.tripด้วย relay 87k
8946786,BPL,KT7A,8946786,0,BPLKT7A,TAKAOKA,2019-05-31,2019-06-29,2009.0,200,220/72/11,57.0,17.0,15.0,9.0,0.0,0.0,0.0,556.0,3218.0,8170.0,42280.0,0.0,0.0,580.0,580.0,580.0,580.0,1,raw_available,0.0,
8946786,BPL,KT7A,8946786,0,BPLKT7A,TAKAOKA,2019-11-14,2019-11-25,2009.0,200,220/72/11,54.0,12.0,13.0,15.0,0.0,0.0,0.0,570.0,3250.0,16610.0,60610.0,0.0,0.0,598.0,598.0,598.0,598.0,1,raw_available,0.0,
8946786,BPL,KT7A,8946786,0,BPLKT7A,TAKAOKA,2020-05-15,2020-05-29,2009.0,200,220/72/11,34.0,11.0,32.0,5.0,2.0,0.0,0.0,504.0,3284.0,7186.0,35110.0,0.0,2.0,545.0,543.0,545.0,545.0,1,raw_available,2.0,De-Energize
8946786,BPL,KT7A,8946786,0,BPLKT7A,TAKAOKA,2020-11-22,2020-12-04,2009.0,200,220/72/11,34.0,8.0,15.0,0.0,3.0,0.0,0.0,710.0,3001.0,5166.0,36519.0,3.0,6.0,737.0,728.0,737.0,737.0,1,raw_available,9.0,
8946786,BPL,KT7A,8946786,0,BPLKT7A,TAKAOKA,2021-05-24,2021-07-11,2009.0,200,220/72/11,34.0,26.0,29.0,5.0,1.0,0.0,0.0,410.0,3980.0,24340.0,83390.0,0.0,3.0,448.0,445.0,448.0,448.0,1,raw_available,3.0,
8946786,BPL,KT7A,8946786,0,BPLKT7A,TAKAOKA,2021-11-14,2021-12-11,2009.0,200,220/72/11,30.0,18.0,2.0,3.0,2.0,0.0,0.0,249.0,2862.0,17060.0,46750.0,28.0,5.0,289.0,256.0,289.0,289.0,1,raw_available,33.0,
8946786,BPL,KT7A,8946786,0,BPLKT7A,TAKAOKA,2022-05-28,2022-06-02,2009.0,200,220/72/11,,9.0,19.0,12.0,5.0,2.0,0.0,677.0,4867.0,8127.0,40476.0,6.0,9.0,730.0,715.0,730.0,730.0,1,raw_available,15.0,
8946786,BPL,KT7A,8946786,0,BPLKT7A,TAKAOKA,2023-05-22,2023-05-26,2009.0,200,220/72/11,53.0,11.0,26.0,13.0,3.0,2.0,0.0,606.0,4256.0,8425.0,51986.0,2.0,5.0,657.0,650.0,657.0,657.0,1,raw_available,7.0,
8946786,BPL,KT7A,8946786,0,BPLKT7A,TAKAOKA,2023-11-26,2023-12-21,2009.0,200,220/72/11,48.0,10.0,37.0,16.0,6.0,6.0,0.0,822.0,4389.0,14427.0,51361.0,3.0,8.0,898.0,887.0,898.0,898.0,1,raw_available,11.0,
8946787,LPR,KT4A,8946787,0,LPRKT4A,TAKAOKA,2019-05-06,2019-05-25,2003.0,200,230/69/11,80.0,22.0,60.0,113.0,64.0,112.0,0.0,174.0,4389.0,5613.0,41524.0,59.0,22.0,604.0,523.0,604.0,604.0,1,raw_available,81.0,
8946787,LPR,KT4A,8946787,0,LPRKT4A,TAKAOKA,2019-10-10,2019-10-10,2003.0,200,230/69/11,54.0,8.0,66.0,95.0,67.0,96.0,0.0,144.0,4089.0,3446.0,20865.0,36.0,23.0,527.0,468.0,527.0,527.0,1,raw_available,59.0,หม้อแปลง Trip เนื่องจาก Tx. Diff ทำงาน Lock Out Operate
8946787,LPR,KT4A,8946787,0,LPRKT4A,TAKAOKA,2019-11-13,2019-12-14,2003.0,200,230/69/11,53.0,14.0,42.0,67.0,56.0,103.0,0.0,93.0,2633.0,12510.0,41685.0,64.0,33.0,458.0,361.0,458.0,458.0,1,raw_available,97.0,
8946787,LPR,KT4A,8946787,0,LPRKT4A,TAKAOKA,2020-11-09,2020-11-22,2003.0,200,230/69/11,53.0,13.0,32.0,44.0,36.0,84.0,0.0,40.0,1169.0,8210.0,41430.0,47.0,28.0,311.0,236.0,311.0,311.0,1,raw_available,75.0,
8946787,LPR,KT4A,8946787,0,LPRKT4A,TAKAOKA,2021-06-12,2021-08-16,2003.0,200,230/69/11,52.0,15.0,30.0,49.0,50.0,67.0,0.0,94.0,2052.0,9770.0,29711.0,0.0,0.0,290.0,290.0,290.0,290.0,1,raw_available,0.0,
8946787,LPR,KT4A,8946787,0,LPRKT4A,TAKAOKA,2021-11-07,2021-11-18,2003.0,200,230/69/11,49.0,,31.0,51.0,43.0,106.0,0.0,105.0,3264.0,4460.0,23440.0,52.0,38.0,426.0,336.0,426.0,426.0,1,raw_available,90.0,
8946787,LPR,KT4A,8946787,0,LPRKT4A,TAKAOKA,2022-05-27,2022-06-03,2003.0,200,230/69/11,59.0,13.0,47.0,50.0,43.0,87.0,0.0,86.0,3093.0,4411.0,35285.0,47.0,29.0,389.0,313.0,389.0,389.0,1,raw_available,76.0,
8946787,LPR,KT4A,8946787,0,LPRKT4A,TAKAOKA,2022-11-17,2022-11-28,2003.0,200,230/69/11,61.0,13.0,24.0,45.0,43.0,64.0,0.0,79.0,2879.0,5940.0,30980.0,51.0,25.0,331.0,255.0,331.0,331.0,1,raw_available,76.0,
8946787,LPR,KT4A,8946787,0,LPRKT4A,TAKAOKA,2023-05-18,2023-05-22,2003.0,200,230/69/11,55.0,9.0,52.0,75.0,55.0,99.0,0.0,84.0,3019.0,2550.0,35510.0,85.0,33.0,483.0,365.0,483.0,483.0,1,raw_available,118.0,
8946787,LPR,KT4A,8946787,0,LPRKT4A,TAKAOKA,2023-11-19,2023-12-23,2003.0,200,230/69/11,51.0,12.0,64.0,155.0,93.0,124.0,0.0,114.0,3976.0,6950.0,36052.0,63.0,32.0,645.0,550.0,645.0,645.0,1,raw_available,95.0,
8946849,BPL,KT6A,8946849,0,BPLKT6A,TAKAOKA,2019-05-31,2019-06-29,2009.0,200,230/72/11,36.0,21.0,13.0,7.0,6.0,11.0,0.0,231.0,1705.0,7322.0,43686.0,0.0,0.0,268.0,268.0,268.0,268.0,1,raw_available,0.0,
8946849,BPL,KT6A,8946849,0,BPLKT6A,TAKAOKA,2019-11-14,2019-11-28,2009.0,200,230/72/11,52.0,15.0,12.0,7.0,5.0,10.0,0.0,240.0,1710.0,19500.0,72870.0,0.0,0.0,274.0,274.0,274.0,274.0,1,raw_available,0.0,
8946849,BPL,KT6A,8946849,0,BPLKT6A,TAKAOKA,2020-05-15,2020-05-29,2009.0,200,230/72/11,34.0,15.0,46.0,7.0,6.0,10.0,0.0,435.0,1425.0,12701.0,70352.0,11.0,8.0,523.0,504.0,523.0,523.0,1,raw_available,19.0,
8946849,BPL,KT6A,8946849,0,BPLKT6A,TAKAOKA,2020-12-20,2020-12-22,2009.0,200,230/72/11,27.0,7.0,40.0,6.0,5.0,9.0,0.0,533.0,1934.0,12674.0,50597.0,9.0,7.0,609.0,593.0,609.0,609.0,1,raw_available,16.0,De-energize .
8946849,BPL,KT6A,8946849,0,BPLKT6A,TAKAOKA,2021-05-24,2021-07-12,2009.0,200,230/72/11,,26.0,15.0,4.0,3.0,6.0,0.0,285.0,3262.0,28756.0,55871.0,11.0,62.0,386.0,313.0,386.0,386.0,1,raw_available,73.0,
8946849,BPL,KT6A,8946849,0,BPLKT6A,TAKAOKA,2021-11-14,2021-12-11,2009.0,200,230/72/11,62.0,11.0,2.0,3.0,3.0,5.0,0.0,244.0,2021.0,15750.0,51150.0,10.0,6.0,273.0,257.0,273.0,273.0,1,raw_available,16.0,
8946849,BPL,KT6A,8946849,0,BPLKT6A,TAKAOKA,2022-05-28,2022-06-02,2009.0,200,230/72/11,,12.0,13.0,18.0,5.0,14.0,0.0,586.0,3980.0,9807.0,72184.0,5.0,6.0,647.0,636.0,647.0,647.0,1,raw_available,11.0,
8946849,BPL,KT6A,8946849,0,BPLKT6A,TAKAOKA,2023-05-22,2023-05-26,2009.0,200,230/72/11,0.0,10.0,16.0,9.0,5.0,24.0,0.0,550.0,3329.0,7225.0,75094.0,5.0,6.0,615.0,604.0,615.0,615.0,1,raw_available,11.0,
8946849,BPL,KT6A,8946849,0,BPLKT6A,TAKAOKA,2023-11-26,2023-12-24,2009.0,200,230/72/11,30.0,21.0,23.0,8.0,6.0,23.0,0.0,616.0,2896.0,23679.0,78585.0,5.0,7.0,688.0,676.0,688.0,688.0,1,raw_available,12.0,
89900048,AP,KT2A,89900048,0,APKT2A,TOSHIBA,2019-11-17,2019-12-14,2005.0,200,230/115/11,72.0,21.0,21.0,14.0,6.0,0.0,0.0,147.0,3358.0,20934.0,60881.0,0.0,0.0,188.0,188.0,188.0,188.0,1,raw_available,0.0,
89900048,AP,KT2A,89900048,0,APKT2A,TOSHIBA,2020-04-17,2021-06-12,2005.0,200,230/115/11,68.0,14.0,55.0,24.0,8.0,0.0,0.0,151.0,5353.0,42430.0,235790.0,0.0,4.0,242.0,238.0,242.0,242.0,1,raw_available,4.0,
89900048,AP,KT2A,89900048,0,APKT2A,TOSHIBA,2020-06-19,2020-07-05,2005.0,200,230/115/11,70.0,18.0,41.0,21.0,0.0,0.0,0.0,330.0,5767.0,4008.0,43356.0,4.0,4.0,400.0,392.0,400.0,400.0,1,raw_available,8.0,
89900048,AP,KT2A,89900048,0,APKT2A,TOSHIBA,2021-01-25,2021-03-21,2005.0,200,230/115/11,62.0,19.0,43.0,32.0,10.0,0.0,0.0,400.0,6000.0,7100.0,95970.0,0.0,5.0,90.0,485.0,90.0,90.0,1,raw_available,-395.0,
89900048,AP,KT2A,89900048,0,APKT2A,TOSHIBA,2022-07-08,2022-07-14,2005.0,200,230/115/11,70.0,21.0,58.0,32.0,12.0,0.0,0.0,418.0,6078.0,7330.0,68500.0,6.0,7.0,533.0,520.0,533.0,533.0,1,raw_available,13.0,
89900048,AP,KT2A,89900048,0,APKT2A,TOSHIBA,2023-03-19,2023-04-07,2005.0,200,230/115/11,61.0,20.0,38.0,35.0,12.0,0.0,0.0,431.0,6294.0,8110.0,52980.0,6.0,7.0,529.0,516.0,529.0,529.0,1,raw_available,13.0,
89900048,AP,KT2A,89900048,0,APKT2A,TOSHIBA,2023-09-07,2023-10-10,2005.0,200,230/115/11,65.0,21.0,41.0,40.0,12.0,1.0,0.0,438.0,6431.0,11910.0,43880.0,6.0,7.0,545.0,532.0,545.0,545.0,1,raw_available,13.0,
8N5446T2,TL1,KT1A,8N5446T2,0,TL1KT1A,MEIDEN,2019-10-11,2019-11-14,1998.0,50,115/22,57.0,,17.0,11.0,21.0,0.0,0.0,574.0,3418.0,7948.0,48246.0,0.0,2.0,625.0,623.0,625.0,625.0,1,raw_available,2.0,
8N5446T2,TL1,KT1A,8N5446T2,0,TL1KT1A,MEIDEN,2022-07-14,2022-07-30,1998.0,50,115/22,69.0,12.0,8.0,1.0,7.0,13.0,0.0,1238.0,3697.0,13548.0,73623.0,0.0,0.0,1267.0,1267.0,1267.0,1267.0,1,raw_available,0.0,
8N5446T2,TL1,KT1A,8N5446T2,0,TL1KT1A,MEIDEN,2023-01-28,2023-02-02,1998.0,50,115/22,68.0,7.0,2.0,4.0,2.0,5.0,0.0,1142.0,3234.0,12160.0,59470.0,3.0,3.0,1161.0,1155.0,1161.0,1161.0,1,raw_available,6.0,
8N5446T2,TL1,KT1A,8N5446T2,0,TL1KT1A,MEIDEN,2024-01-20,2024-02-15,1998.0,50,115/22,64.0,11.0,2.0,6.0,2.0,6.0,0.0,1190.0,2985.0,12870.0,44930.0,5.0,8.0,1219.0,1206.0,1219.0,1219.0,1,raw_available,13.0,
8N5446T3,RY2,KT2A,8N5446T3,0,RY2KT2A,MEIDEN,2019-03-09,2019-03-18,2012.0,50,115/22,62.0,15.0,5.0,4.0,6.0,1.0,0.0,822.0,2201.0,12011.0,47101.0,1.0,1.0,840.0,838.0,840.0,840.0,1,raw_available,2.0,
8N5446T3,RY2,KT2A,8N5446T3,0,RY2KT2A,MEIDEN,2020-02-14,2020-03-06,2012.0,50,115/22,52.0,6.0,6.0,4.0,5.0,0.0,0.0,831.0,2471.0,14423.0,74958.0,0.0,0.0,846.0,846.0,846.0,846.0,1,raw_available,0.0,
8N5446T3,RY2,KT2A,8N5446T3,0,RY2KT2A,MEIDEN,2021-01-31,2021-03-26,2012.0,50,115/22,46.0,18.0,43.0,0.0,2.0,2.0,0.0,0.0,0.0,17820.0,24052.0,0.0,2.0,47.0,47.0,47.0,47.0,1,raw_available,0.0,
8N5446T3,RY2,KT2A,8N5446T3,0,RY2KT2A,MEIDEN,2022-08-14,2022-09-02,2012.0,50,115/22,51.0,9.0,2.0,6.0,5.0,5.0,0.0,1103.0,2337.0,3956.0,80521.0,2.0,11.0,1134.0,1121.0,1134.0,1134.0,1,raw_available,13.0,
8N5446T3,RY2,KT2A,8N5446T3,0,RY2KT2A,MEIDEN,2023-03-08,2023-03-12,2012.0,50,115/22,50.0,8.0,1.0,7.0,3.0,8.0,0.0,984.0,2423.0,29355.0,82731.0,3.0,6.0,1012.0,1003.0,1012.0,1012.0,1,raw_available,9.0,
8N5446T4,LB1,KT1A,8N5446T4,0,LB1KT1A,MEIDEN,2019-10-13,2019-11-14,2013.0,50,115/69/22,58.0,,12.0,5.0,10.0,13.0,0.0,723.0,2422.0,12771.0,47736.0,0.0,0.0,763.0,763.0,763.0,763.0,1,raw_available,0.0,
8N5446T4,LB1,KT1A,8N5446T4,0,LB1KT1A,MEIDEN,2022-04-08,2022-04-22,2013.0,50,115/69/22,57.0,17.0,3.0,10.0,2.0,6.0,0.0,533.0,4266.0,4981.0,79444.0,4.0,4.0,562.0,554.0,562.0,562.0,1,raw_available,8.0,
8N5446T4,LB1,KT1A,8N5446T4,0,LB1KT1A,MEIDEN,2022-10-15,2022-11-03,2013.0,50,115/69/22,61.0,10.0,8.0,5.0,3.0,9.0,0.0,671.0,3518.0,20040.0,64879.0,0.0,0.0,696.0,696.0,696.0,696.0,1,raw_available,0.0,
8N5446T4,LB1,KT1A,8N5446T4,0,LB1KT1A,MEIDEN,2023-06-24,2023-07-09,2013.0,50,115/69/22,56.0,4.0,12.0,16.0,3.0,8.0,0.0,795.0,3521.0,21301.0,71179.0,6.0,9.0,849.0,834.0,849.0,849.0,1,raw_available,15.0,
8N5446T4,LB1,KT1A,8N5446T4,0,LB1KT1A,MEIDEN,2024-04-08,2024-04-22,2013.0,50,115/69/22,58.0,11.0,5.0,17.0,5.0,15.0,0.0,1351.0,2590.0,16307.0,83545.0,4.0,12.0,1409.0,1393.0,1409.0,1409.0,1,raw_available,16.0,
8N5449T1,LB1,KT2A,8N5449T1,0,LB1KT2A,MEIDEN,2019-10-13,2019-11-14,2013.0,50,115/69/22,30.0,24.0,15.0,7.0,0.0,0.0,0.0,574.0,4284.0,9658.0,46637.0,0.0,0.0,596.0,596.0,596.0,596.0,1,raw_available,0.0,
8N5449T1,LB1,KT2A,8N5449T1,0,LB1KT2A,MEIDEN,2022-04-08,2022-04-17,2013.0,50,115/69/22,58.0,14.0,8.0,5.0,2.0,14.0,0.0,611.0,4697.0,14132.0,61569.0,0.0,0.0,640.0,640.0,640.0,640.0,1,raw_available,0.0,
8N5449T1,LB1,KT2A,8N5449T1,0,LB1KT2A,MEIDEN,2022-10-15,2022-11-03,2013.0,50,115/69/22,57.0,11.0,8.0,5.0,5.0,11.0,0.0,592.0,3655.0,20590.0,64595.0,2.0,3.0,626.0,621.0,626.0,626.0,1,raw_available,5.0,
8N5449T1,LB1,KT2A,8N5449T1,0,LB1KT2A,MEIDEN,2023-06-24,2023-07-09,2013.0,50,115/69/22,53.0,6.0,11.0,23.0,3.0,9.0,0.0,740.0,3041.0,23134.0,71577.0,10.0,4.0,800.0,786.0,800.0,800.0,1,raw_available,14.0,
8N5449T1,LB1,KT2A,8N5449T1,0,LB1KT2A,MEIDEN,2024-04-08,2024-04-22,2013.0,50,115/69/22,56.0,11.0,5.0,14.0,3.0,21.0,0.0,1121.0,3162.0,18535.0,88589.0,4.0,12.0,1180.0,1164.0,1180.0,1180.0,1,raw_available,16.0,
8N5449T2,KP,KT2A,8N5449T2,0,KPKT2A,MEIDENSHA,2019-04-21,2019-05-16,2012.0,50,115/22,55.0,15.0,8.0,2.0,0.0,4.0,0.0,1068.0,2958.0,10848.0,51862.0,0.0,0.0,1082.0,1082.0,1082.0,1082.0,1,raw_available,0.0,
8N5449T2,KP,KT2A,8N5449T2,0,KPKT2A,MEIDENSHA,2020-03-21,2020-04-07,2012.0,50,115/22,54.0,12.0,36.0,5.0,2.0,5.0,0.0,715.0,1277.0,13054.0,71682.0,2.0,4.0,769.0,763.0,769.0,769.0,1,raw_available,6.0,
8N5449T2,KP,KT2A,8N5449T2,0,KPKT2A,MEIDENSHA,2021-03-13,2021-06-08,2012.0,50,115/22,,18.0,42.0,1.0,1.0,1.0,0.0,649.0,1275.0,10285.0,56741.0,0.0,3.0,697.0,694.0,697.0,697.0,1,raw_available,3.0,
8N5449T2,KP,KT2A,8N5449T2,0,KPKT2A,MEIDENSHA,2022-04-28,2022-05-13,2012.0,50,115/22,61.0,11.0,1.0,14.0,2.0,15.0,0.0,752.0,1871.0,19258.0,76153.0,0.0,5.0,789.0,784.0,789.0,789.0,1,raw_available,5.0,
8N5449T2,KP,KT2A,8N5449T2,0,KPKT2A,MEIDENSHA,2023-04-27,2023-05-06,2012.0,50,115/22,59.0,7.0,3.0,7.0,2.0,7.0,0.0,771.0,2230.0,10601.0,77523.0,0.0,5.0,795.0,790.0,795.0,795.0,1,raw_available,5.0,
8N5449T2,KP,KT2A,8N5449T2,0,KPKT2A,MEIDENSHA,2024-05-12,2024-05-18,2012.0,50,115/22,52.0,9.0,3.0,13.0,19.0,49.0,0.0,1575.0,3746.0,14828.0,80302.0,3.0,10.0,1672.0,1659.0,1672.0,1672.0,1,raw_available,13.0,
8N5449T3,NY,KT2A,8N5449T3,0,NYKT2A,MEIDEN,2019-12-19,2020-01-09,2012.0,50,115/22,26.0,11.0,23.0,6.0,2.0,0.0,0.0,1648.0,3053.0,13735.0,45252.0,0.0,6.0,1685.0,1679.0,1685.0,1685.0,1,raw_available,6.0,
8N5449T3,NY,KT2A,8N5449T3,0,NYKT2A,MEIDEN,2020-06-29,2020-08-15,2012.0,50,115/22,35.0,17.0,3.0,6.0,1.0,3.0,0.0,570.0,1896.0,24926.0,83441.0,1.0,2.0,586.0,583.0,586.0,586.0,1,raw_available,3.0,
8N5449T3,NY,KT2A,8N5449T3,0,NYKT2A,MEIDEN,2022-01-16,2022-01-29,2012.0,50,115/22,53.0,12.0,1.0,2.0,1.0,0.0,0.0,292.0,2334.0,26370.0,79130.0,161.0,3.0,460.0,296.0,460.0,460.0,1,raw_available,164.0,
8N5449T3,NY,KT2A,8N5449T3,0,NYKT2A,MEIDEN,2022-07-07,2022-07-30,2012.0,50,115/22,41.0,29.0,8.0,1.0,9.0,6.0,0.0,1085.0,2718.0,23363.0,70547.0,0.0,0.0,1109.0,1109.0,1109.0,1109.0,1,raw_available,0.0,
8N5449T3,NY,KT2A,8N5449T3,0,NYKT2A,MEIDEN,2023-03-17,2023-03-24,2012.0,50,115/22,60.0,7.0,7.0,7.0,5.0,12.0,0.0,1331.0,3379.0,20095.0,63287.0,0.0,0.0,1362.0,1362.0,1362.0,1362.0,1,raw_available,0.0,
8N5449T4,LP1,KT2A,8N5449T4,0,LP1KT2A,MEIDENSHA,2019-05-24,2019-06-08,2012.0,50,115/22,62.0,13.0,3.0,10.0,3.0,3.0,0.0,1269.0,4061.0,11282.0,40095.0,0.0,0.0,1288.0,1288.0,1288.0,1288.0,1,raw_available,0.0,
8N5449T4,LP1,KT2A,8N5449T4,0,LP1KT2A,MEIDENSHA,2020-05-08,2020-05-19,2012.0,50,115/22,60.0,7.0,11.0,8.0,4.0,0.0,0.0,1065.0,2606.0,14708.0,71602.0,0.0,9.0,1097.0,1088.0,1097.0,1097.0,1,raw_available,9.0,
8N5449T4,LP1,KT2A,8N5449T4,0,LP1KT2A,MEIDENSHA,2021-04-02,2021-05-29,2012.0,50,115/22,58.0,15.0,2.0,0.0,0.0,0.0,0.0,33.0,107.0,570.0,3840.0,0.0,0.0,35.0,35.0,35.0,35.0,1,raw_available,0.0,
8N5449T4,LP1,KT2A,8N5449T4,0,LP1KT2A,MEIDENSHA,2022-03-07,2022-03-18,2012.0,50,115/22,52.0,8.0,5.0,0.0,0.0,6.0,0.0,1151.0,3620.0,12076.0,60028.0,0.0,0.0,1162.0,1162.0,1162.0,1162.0,1,raw_available,0.0,
8N5449T4,LP1,KT2A,8N5449T4,0,LP1KT2A,MEIDENSHA,2023-05-21,2023-06-07,2012.0,50,115/22,54.0,9.0,3.0,8.0,3.0,4.0,0.0,1064.0,3366.0,11600.0,70630.0,0.0,0.0,1082.0,1082.0,1082.0,1082.0,1,raw_available,0.0,
8N5450T1,PB,KT2A,8N5450T1,0,PBKT2A,MEIDEN,2021-06-21,2021-09-03,2006.0,50,115/22,59.0,22.0,8.0,0.0,10.0,8.0,0.0,1229.0,4675.0,10158.0,64575.0,0.0,0.0,1255.0,1255.0,1255.0,1255.0,1,raw_available,0.0,
8N5450T1,PB,KT2A,8N5450T1,0,PBKT2A,MEIDEN,2022-06-10,2022-07-07,2006.0,50,115/22,60.0,13.0,8.0,2.0,6.0,9.0,0.0,1492.0,5225.0,8879.0,69747.0,0.0,0.0,1517.0,1517.0,1517.0,1517.0,1,raw_available,0.0,
8N5450T1,PB,KT2A,8N5450T1,0,PBKT2A,MEIDEN,2023-06-10,2023-07-01,2006.0,50,115/22,52.0,18.0,3.0,7.0,4.0,2.0,0.0,1323.0,4757.0,12249.0,66627.0,0.0,0.0,1339.0,1339.0,1339.0,1339.0,1,raw_available,0.0,
8N5450T1,PB,KT2A,8N5450T1,0,PBKT2A,MEIDEN,2024-01-19,2024-02-23,2006.0,50,115/22,50.0,10.0,3.0,11.0,5.0,15.0,0.0,1086.0,4045.0,19669.0,85142.0,3.0,3.0,1126.0,1120.0,1126.0,1126.0,1,raw_available,6.0,
8N5450T2,SH2,KT1A,8N5450T2,0,SH2KT1A,MEIDENSHA,2020-02-09,2020-03-01,2011.0,50,115/22,46.0,9.0,33.0,7.0,2.0,0.0,0.0,915.0,2310.0,10732.0,47245.0,0.0,0.0,957.0,957.0,957.0,957.0,1,raw_available,0.0,
8N5450T2,SH2,KT1A,8N5450T2,0,SH2KT1A,MEIDENSHA,2022-02-26,2022-03-07,2011.0,50,115/22,52.0,10.0,8.0,2.0,0.0,7.0,0.0,671.0,2762.0,21739.0,58275.0,0.0,0.0,688.0,688.0,688.0,688.0,1,raw_available,0.0,
8N5450T2,SH2,KT1A,8N5450T2,0,SH2KT1A,MEIDENSHA,2022-08-26,2022-09-01,2011.0,50,115/22,58.0,8.0,7.0,0.0,4.0,11.0,0.0,1322.0,4055.0,12180.0,61721.0,0.0,0.0,1344.0,1344.0,1344.0,1344.0,1,raw_available,0.0,
8N5450T2,SH2,KT1A,8N5450T2,0,SH2KT1A,MEIDENSHA,2023-03-11,2023-03-17,2011.0,50,115/22,51.0,7.0,8.0,13.0,5.0,11.0,0.0,1325.0,4056.0,11018.0,63814.0,0.0,0.0,1362.0,1362.0,1362.0,1362.0,1,raw_available,0.0,
8N5450T2,SH2,KT1A,8N5450T2,0,SH2KT1A,MEIDENSHA,2024-02-10,2024-02-25,2011.0,50,115/22,46.0,7.0,15.0,11.0,3.0,5.0,0.0,1595.0,4342.0,13829.0,77292.0,3.0,3.0,1635.0,1629.0,1635.0,1635.0,1,raw_available,6.0,
8N5450T3,SH2,KT2A,8N5450T3,0,SH2KT2A,MEIDENSHA,2020-02-09,2020-03-01,2011.0,50,115/22,58.0,17.0,41.0,4.0,1.0,0.0,0.0,916.0,1851.0,16812.0,48324.0,0.0,0.0,962.0,962.0,962.0,962.0,1,raw_available,0.0,
8N5450T3,SH2,KT2A,8N5450T3,0,SH2KT2A,MEIDENSHA,2022-02-26,2022-03-07,2011.0,50,115/22,64.0,11.0,9.0,0.0,3.0,7.0,0.0,858.0,2816.0,25947.0,68552.0,0.0,0.0,877.0,877.0,877.0,877.0,1,raw_available,0.0,
8N5450T3,SH2,KT2A,8N5450T3,0,SH2KT2A,MEIDENSHA,2022-08-26,2022-09-01,2011.0,50,115/22,48.0,6.0,5.0,0.0,2.0,9.0,0.0,1435.0,3694.0,18875.0,69176.0,0.0,0.0,1451.0,1451.0,1451.0,1451.0,1,raw_available,0.0,
8N5450T3,SH2,KT2A,8N5450T3,0,SH2KT2A,MEIDENSHA,2023-03-11,2023-03-17,2011.0,50,115/22,46.0,6.0,8.0,11.0,0.0,11.0,0.0,1455.0,3705.0,17333.0,67047.0,0.0,0.0,1485.0,1485.0,1485.0,1485.0,1,raw_available,0.0,
8N5450T3,SH2,KT2A,8N5450T3,0,SH2KT2A,MEIDENSHA,2024-02-10,2024-02-25,2011.0,50,115/22,50.0,8.0,20.0,6.0,2.0,6.0,0.0,1695.0,4375.0,21724.0,80436.0,2.0,2.0,1733.0,1729.0,1733.0,1733.0,1,raw_available,4.0,
8N5450T4,AY2,KT1A,8N5450T4,0,AY2KT1A,MEIDEN,2022-02-28,2022-03-10,2012.0,50,115/22,48.0,5.0,4.0,3.0,3.0,1.0,0.0,314.0,1358.0,6579.0,46664.0,0.0,6.0,331.0,325.0,331.0,331.0,1,raw_available,6.0,
8N5450T4,AY2,KT1A,8N5450T4,0,AY2KT1A,MEIDEN,2024-01-25,2024-02-25,2012.0,50,115/22,52.0,4.0,7.0,9.0,6.0,2.0,0.0,354.0,1577.0,10192.0,66552.0,0.0,3.0,381.0,378.0,381.0,381.0,1,raw_available,3.0,
8N5451T1,AY2,KT2A,8N5451T1,0,AY2KT2A,MEIDEN,2022-02-28,2022-03-10,2012.0,50,115/22,46.0,7.0,5.0,3.0,2.0,1.0,0.0,251.0,1085.0,7373.0,48683.0,0.0,4.0,266.0,262.0,266.0,266.0,1,raw_available,4.0,
8N5451T1,AY2,KT2A,8N5451T1,0,AY2KT2A,MEIDEN,2024-01-25,2024-02-04,2012.0,50,115/22,50.0,5.0,3.0,1.0,7.0,2.0,0.0,911.0,1687.0,20720.0,73901.0,1.0,2.0,927.0,924.0,927.0,927.0,1,raw_available,3.0,
8N5451T2,SR4,KT1A,8N5451T2,0,SR4KT1A,MEIDEN,2019-12-19,2020-01-10,2014.0,50,115/22,45.0,8.0,26.0,5.0,1.0,0.0,0.0,1379.0,3319.0,14523.0,79174.0,1.0,2.0,1414.0,1411.0,1414.0,1414.0,1,raw_available,3.0,
8N5451T2,SR4,KT1A,8N5451T2,0,SR4KT1A,MEIDEN,2020-06-26,2020-08-15,2014.0,50,115/22,54.0,13.0,4.0,7.0,0.0,5.0,0.0,966.0,2850.0,15406.0,74546.0,1.0,0.0,983.0,982.0,983.0,983.0,1,raw_available,1.0,
8N5451T2,SR4,KT1A,8N5451T2,0,SR4KT1A,MEIDEN,2022-07-30,2022-08-07,2014.0,50,115/22,48.0,8.0,2.0,10.0,2.0,9.0,0.0,817.0,3413.0,2837.0,79484.0,2.0,1.0,843.0,840.0,843.0,843.0,1,raw_available,3.0,
8N5451T2,SR4,KT1A,8N5451T2,0,SR4KT1A,MEIDEN,2023-02-03,2023-02-26,2014.0,50,115/22,53.0,15.0,7.0,10.0,7.0,13.0,0.0,842.0,3270.0,16170.0,65856.0,0.0,0.0,879.0,879.0,879.0,879.0,1,raw_available,0.0,
8N5451T2,SR4,KT1A,8N5451T2,0,SR4KT1A,MEIDEN,2024-05-11,2024-05-18,2014.0,50,115/22,54.0,8.0,10.0,10.0,8.0,17.0,0.0,1477.0,3630.0,4604.0,36109.0,0.0,0.0,1522.0,1522.0,1522.0,1522.0,1,raw_available,0.0,
8N5451T3,KP,KT1A,8N5451T3,0,KPKT1A,MEIDENSHA,2019-04-21,2019-05-16,2012.0,50,115/22,60.0,12.0,7.0,0.0,15.0,4.0,0.0,875.0,2800.0,10461.0,41192.0,0.0,0.0,901.0,901.0,901.0,901.0,1,raw_available,0.0,
8N5451T3,KP,KT1A,8N5451T3,0,KPKT1A,MEIDENSHA,2020-03-21,2020-04-05,2012.0,50,115/22,,12.0,63.0,7.0,2.0,5.0,0.0,731.0,1426.0,12241.0,76965.0,1.0,1.0,810.0,808.0,810.0,810.0,1,raw_available,2.0,
8N5451T3,KP,KT1A,8N5451T3,0,KPKT1A,MEIDENSHA,2021-03-13,2021-06-08,2012.0,50,115/22,,14.0,32.0,2.0,1.0,1.0,0.0,652.0,1265.0,11517.0,55087.0,0.0,1.0,689.0,688.0,689.0,689.0,1,raw_available,1.0,
8N5451T3,KP,KT1A,8N5451T3,0,KPKT1A,MEIDENSHA,2022-04-28,2022-05-13,2012.0,50,115/22,60.0,9.0,1.0,3.0,1.0,2.0,0.0,686.0,1514.0,18452.0,68867.0,0.0,2.0,695.0,693.0,695.0,695.0,1,raw_available,2.0,
8N5451T3,KP,KT1A,8N5451T3,0,KPKT1A,MEIDENSHA,2023-04-27,2023-05-07,2012.0,50,115/22,57.0,7.0,0.0,9.0,2.0,0.0,0.0,715.0,2084.0,18816.0,84032.0,0.0,2.0,728.0,726.0,728.0,728.0,1,raw_available,2.0,
8N5451T3,KP,KT1A,8N5451T3,0,KPKT1A,MEIDENSHA,2024-05-12,2024-05-18,2012.0,50,115/22,53.0,9.0,4.0,13.0,14.0,43.0,0.0,1334.0,3385.0,13561.0,82156.0,3.0,5.0,1416.0,1408.0,1416.0,1416.0,1,raw_available,8.0,
8N5451T4,SN1,KT3A,8N5451T4,0,SN1KT3A,MEIDEN,2022-06-24,2022-07-02,2012.0,50,115/22,53.0,8.0,6.0,2.0,1.0,15.0,0.0,698.0,2345.0,14420.0,71950.0,46.0,2.0,770.0,722.0,770.0,770.0,1,raw_available,48.0,
8N5451T4,SN1,KT3A,8N5451T4,0,SN1KT3A,MEIDEN,2023-06-11,2023-07-02,2012.0,50,115/22,52.0,10.0,9.0,7.0,6.0,4.0,0.0,713.0,2519.0,18589.0,59613.0,0.0,0.0,739.0,739.0,739.0,739.0,1,raw_available,0.0,
8N5451T4,SN1,KT3A,8N5451T4,0,SN1KT3A,MEIDEN,2024-06-02,2024-06-05,2012.0,50,115/22,55.0,5.0,24.0,19.0,4.0,8.0,0.0,1126.0,3823.0,6453.0,56777.0,6.0,2.0,1189.0,1181.0,1189.0,1189.0,1,raw_available,8.0,
8P8743T1,TS,KT3A,8P8743T1,0,TSKT3A,MEIDEN,2019-09-19,2019-11-23,2004.0,50,115/33/11,0.0,24.0,41.0,66.0,199.0,0.0,0.0,0.0,0.0,11870.0,50870.0,0.0,114.0,420.0,306.0,420.0,420.0,1,raw_available,114.0,
8P8743T1,TS,KT3A,8P8743T1,0,TSKT3A,MEIDEN,2020-09-05,2020-11-10,2004.0,50,115/33/11,46.0,17.0,26.0,54.0,172.0,2.0,0.0,102.0,2399.0,7548.0,44164.0,0.0,81.0,437.0,356.0,437.0,437.0,1,raw_available,81.0,
8P8743T1,TS,KT3A,8P8743T1,0,TSKT3A,MEIDEN,2021-09-12,2021-11-16,2004.0,50,115/33/11,58.0,12.0,24.0,63.0,206.0,0.0,0.0,102.0,3437.0,7511.0,40097.0,0.0,38.0,433.0,395.0,433.0,433.0,1,raw_available,38.0,
8P8743T1,TS,KT3A,8P8743T1,0,TSKT3A,MEIDEN,2022-09-09,2022-10-08,2004.0,50,115/33/11,56.0,8.0,25.0,77.0,235.0,1.0,0.0,92.0,3241.0,7330.0,56490.0,9.0,156.0,595.0,430.0,595.0,595.0,1,raw_available,165.0,
8P8743T1,TS,KT3A,8P8743T1,0,TSKT3A,MEIDEN,2023-10-06,2023-10-29,2004.0,50,115/33/11,56.0,11.0,12.0,81.0,276.0,2.0,0.0,106.0,2672.0,8494.0,45720.0,0.0,111.0,588.0,477.0,588.0,588.0,1,raw_available,111.0,
8P8744T1,CM1,KT1A,8P8744T1,0,CM1KT1A,MEIDEN,2019-09-23,2019-09-27,2004.0,50,115/22,58.0,12.0,8.0,122.0,421.0,0.0,0.0,116.0,2893.0,5811.0,60321.0,0.0,247.0,914.0,667.0,914.0,914.0,1,raw_available,247.0,
8P8744T1,CM1,KT1A,8P8744T1,0,CM1KT1A,MEIDEN,2020-03-22,2020-05-17,2004.0,50,115/22,57.0,10.0,2.0,137.0,445.0,4.0,0.0,119.0,2952.0,2839.0,60990.0,0.0,204.0,911.0,707.0,911.0,911.0,1,raw_available,204.0,
8P8744T1,CM1,KT1A,8P8744T1,0,CM1KT1A,MEIDEN,2021-04-10,2021-10-21,2004.0,50,115/22,,21.0,5.0,20.0,505.0,3.0,0.0,22.0,2262.0,4136.0,72361.0,0.0,228.0,783.0,555.0,783.0,783.0,1,raw_available,228.0,
8P8744T1,CM1,KT1A,8P8744T1,0,CM1KT1A,MEIDEN,2022-06-10,2022-06-19,2004.0,50,115/22,61.0,17.0,5.0,101.0,379.0,25.0,0.0,72.0,2463.0,2745.0,73156.0,8.0,226.0,816.0,582.0,816.0,816.0,1,raw_available,234.0,
8P8744T1,CM1,KT1A,8P8744T1,0,CM1KT1A,MEIDEN,2023-04-03,2023-06-04,2004.0,50,115/22,56.0,14.0,2.0,65.0,388.0,7.0,0.0,95.0,3229.0,3793.0,69197.0,5.0,185.0,747.0,557.0,747.0,747.0,1,raw_available,190.0,
8P8744T1,CM1,KT1A,8P8744T1,0,CM1KT1A,MEIDEN,2024-03-08,2024-05-26,2004.0,50,115/22,,18.0,2.0,184.0,649.0,9.0,0.0,129.0,4363.0,10574.0,63068.0,94.0,439.0,1506.0,973.0,1506.0,1506.0,1,raw_available,533.0,
8P8744T2,CM1,KT2A,8P8744T2,0,CM1KT2A,MEIDEN,2019-09-23,2019-09-27,2004.0,50,115/22,55.0,11.0,15.0,90.0,275.0,0.0,0.0,121.0,3461.0,7342.0,53401.0,0.0,157.0,658.0,501.0,658.0,658.0,1,raw_available,157.0,
8P8744T2,CM1,KT2A,8P8744T2,0,CM1KT2A,MEIDEN,2020-03-22,2020-05-17,2004.0,50,115/22,61.0,10.0,17.0,108.0,279.0,0.0,0.0,127.0,4343.0,2222.0,51659.0,0.0,134.0,665.0,531.0,665.0,665.0,1,raw_available,134.0,
8P8744T2,CM1,KT2A,8P8744T2,0,CM1KT2A,MEIDEN,2021-04-10,2021-10-09,2004.0,50,115/22,,21.0,12.0,71.0,253.0,0.0,0.0,131.0,3925.0,13477.0,53404.0,0.0,116.0,583.0,467.0,583.0,583.0,1,raw_available,116.0,
8P8744T2,CM1,KT2A,8P8744T2,0,CM1KT2A,MEIDEN,2022-06-10,2022-06-20,2004.0,50,115/22,66.0,15.0,5.0,41.0,153.0,11.0,0.0,91.0,2820.0,15093.0,61902.0,3.0,115.0,419.0,301.0,419.0,419.0,1,raw_available,118.0,
8P8744T2,CM1,KT2A,8P8744T2,0,CM1KT2A,MEIDEN,2023-04-03,2023-06-04,2004.0,50,115/22,61.0,13.0,10.0,46.0,246.0,1.0,0.0,149.0,4471.0,10303.0,64584.0,6.0,126.0,584.0,452.0,584.0,584.0,1,raw_available,132.0,
8P8744T2,CM1,KT2A,8P8744T2,0,CM1KT2A,MEIDEN,2024-03-08,2024-05-26,2004.0,50,115/22,,33.0,13.0,102.0,337.0,4.0,0.0,184.0,5782.0,14416.0,68000.0,5.0,153.0,798.0,640.0,798.0,798.0,1,raw_available,158.0,
8P8745T1,BDN,KT1A,8P8745T1,0,BDNKT1A,MEIDEN,2019-11-01,2019-12-26,2004.0,50,115/33/11,29.0,18.0,32.0,112.0,366.0,0.0,0.0,168.0,3766.0,9470.0,69300.0,0.0,232.0,910.0,678.0,910.0,910.0,1,raw_available,232.0,
8P8745T1,BDN,KT1A,8P8745T1,0,BDNKT1A,MEIDEN,2020-10-31,2020-11-29,2004.0,50,115/33/11,60.0,32.0,22.0,213.0,388.0,0.0,0.0,172.0,3954.0,12083.0,64952.0,0.0,245.0,1040.0,795.0,1040.0,1040.0,1,raw_available,245.0,
8P8745T1,BDN,KT1A,8P8745T1,0,BDNKT1A,MEIDEN,2021-10-31,2021-11-23,2004.0,50,115/33/11,56.0,9.0,3.0,30.0,119.0,0.0,0.0,85.0,3233.0,4220.0,27070.0,15.0,122.0,374.0,237.0,374.0,374.0,1,raw_available,137.0,
8P8745T1,BDN,KT1A,8P8745T1,0,BDNKT1A,MEIDEN,2022-12-08,2023-01-13,2004.0,50,115/33/11,69.0,9.0,3.0,47.0,153.0,0.0,0.0,99.0,2682.0,2810.0,35500.0,13.0,143.0,458.0,302.0,458.0,458.0,1,raw_available,156.0,
8P8745T1,BDN,KT1A,8P8745T1,0,BDNKT1A,MEIDEN,2023-11-19,2024-01-25,2004.0,50,115/33/11,48.0,15.0,18.0,60.0,232.0,3.0,0.0,127.0,2680.0,8203.0,44426.0,6.0,119.0,565.0,440.0,565.0,565.0,1,raw_available,125.0,
8P8745T2,BDN,KT2A,8P8745T2,0,BDNKT2A,MEIDEN,2019-11-01,2019-12-26,2004.0,50,115/33/11,58.0,18.0,30.0,44.0,214.0,0.0,0.0,58.0,2281.0,21000.0,61020.0,0.0,181.0,527.0,346.0,527.0,527.0,1,raw_available,181.0,
8P8745T2,BDN,KT2A,8P8745T2,0,BDNKT2A,MEIDEN,2020-10-31,2020-11-29,2004.0,50,115/33/11,65.0,11.0,23.0,64.0,248.0,0.0,0.0,74.0,3186.0,16164.0,69507.0,0.0,201.0,610.0,409.0,610.0,610.0,1,raw_available,201.0,
8P8745T2,BDN,KT2A,8P8745T2,0,BDNKT2A,MEIDEN,2021-11-12,2021-11-23,2004.0,50,115/33/11,56.0,11.0,8.0,88.0,313.0,0.0,0.0,144.0,4198.0,2390.0,36420.0,30.0,209.0,792.0,553.0,792.0,792.0,1,raw_available,239.0,
8P8745T2,BDN,KT2A,8P8745T2,0,BDNKT2A,MEIDEN,2022-12-08,2023-01-13,2004.0,50,115/33/11,52.0,12.0,8.0,98.0,384.0,1.0,0.0,184.0,5963.0,11941.0,54573.0,9.0,211.0,895.0,675.0,895.0,895.0,1,raw_available,220.0,
8P8745T2,BDN,KT2A,8P8745T2,0,BDNKT2A,MEIDEN,2023-11-19,2024-01-23,2004.0,50,115/33/11,55.0,21.0,15.0,75.0,302.0,4.0,0.0,164.0,4429.0,5793.0,46627.0,13.0,152.0,725.0,560.0,725.0,725.0,1,raw_available,165.0,
8P8746T1,SL,KT1A,8P8746T1,0,SLKT1A,MEIDEN,2019-10-10,2019-10-20,2004.0,25,115/22,55.0,10.0,38.0,123.0,346.0,14.0,0.0,77.0,808.0,5360.0,54740.0,26.0,201.0,825.0,598.0,825.0,825.0,1,raw_available,227.0,
8P8746T1,SL,KT1A,8P8746T1,0,SLKT1A,MEIDEN,2020-12-06,2021-01-11,2004.0,25,115/22,53.0,10.0,47.0,109.0,325.0,3.0,0.0,83.0,1451.0,5471.0,53875.0,16.0,185.0,768.0,567.0,768.0,768.0,1,raw_available,201.0,
8P8746T1,SL,KT1A,8P8746T1,0,SLKT1A,MEIDEN,2021-10-25,2021-11-12,2004.0,25,115/22,52.0,10.0,34.0,109.0,325.0,9.0,0.0,89.0,1436.0,4901.0,48261.0,0.0,70.0,636.0,566.0,636.0,636.0,1,raw_available,70.0,
8P8746T1,SL,KT1A,8P8746T1,0,SLKT1A,MEIDEN,2022-05-21,2022-06-05,2004.0,25,115/22,44.0,18.0,23.0,80.0,542.0,15.0,0.0,376.0,3688.0,4254.0,59744.0,0.0,140.0,1176.0,1036.0,1176.0,1176.0,1,raw_available,140.0,
8P8746T1,SL,KT1A,8P8746T1,0,SLKT1A,MEIDEN,2023-04-09,2023-04-30,2004.0,25,115/22,58.0,11.0,30.0,124.0,350.0,9.0,0.0,94.0,1377.0,6626.0,65463.0,7.0,181.0,795.0,607.0,795.0,795.0,1,raw_available,188.0,
8P8746T1,SL,KT1A,8P8746T1,0,SLKT1A,MEIDEN,2024-04-21,2024-04-27,2004.0,25,115/22,66.0,8.0,29.0,144.0,382.0,14.0,0.0,98.0,1777.0,11896.0,75988.0,12.0,215.0,894.0,667.0,894.0,894.0,1,raw_available,227.0,
8P8747T1,SLB,KT1A,8P8747T1,0,SLBKT1A,MEIDEN,2020-10-18,2020-11-13,2004.0,25,115/22,56.0,12.0,29.0,97.0,327.0,5.0,0.0,126.0,1983.0,6715.0,49023.0,7.0,214.0,805.0,584.0,805.0,805.0,1,raw_available,221.0,
8P8747T1,SLB,KT1A,8P8747T1,0,SLBKT1A,MEIDEN,2021-08-01,2021-11-01,2004.0,25,115/22,60.0,24.0,8.0,42.0,220.0,5.0,0.0,28.0,749.0,31255.0,60491.0,0.0,37.0,340.0,303.0,340.0,340.0,1,raw_available,37.0,
8P8747T1,SLB,KT1A,8P8747T1,0,SLBKT1A,MEIDEN,2022-09-03,2022-09-15,2004.0,25,115/22,65.0,11.0,27.0,128.0,428.0,12.0,0.0,64.0,2117.0,7484.0,51732.0,0.0,214.0,873.0,659.0,873.0,873.0,1,raw_available,214.0,
8P8747T1,SLB,KT1A,8P8747T1,0,SLBKT1A,MEIDEN,2023-06-16,2023-07-02,2004.0,25,115/22,56.0,10.0,1.0,133.0,480.0,7.0,0.0,69.0,2897.0,5220.0,64830.0,27.0,361.0,1078.0,690.0,1078.0,1078.0,1,raw_available,388.0,
8P8747T2,DBN,KT2A,8P8747T2,0,DBNKT2A,MEIDEN,2019-02-14,2019-03-02,2004.0,25,115/22,51.0,10.0,41.0,121.0,263.0,8.0,0.0,140.0,1944.0,8321.0,44210.0,0.0,133.0,706.0,573.0,706.0,706.0,1,raw_available,133.0,
8P8747T2,DBN,KT2A,8P8747T2,0,DBNKT2A,MEIDEN,2021-02-14,2021-04-27,2004.0,25,115/22,48.0,24.0,34.0,158.0,349.0,8.0,0.0,150.0,1706.0,15850.0,60172.0,6.0,176.0,881.0,699.0,881.0,881.0,1,raw_available,182.0,
8P8747T2,DBN,KT2A,8P8747T2,0,DBNKT2A,MEIDEN,2022-02-07,2022-03-07,2004.0,25,115/22,60.0,10.0,44.0,131.0,378.0,8.0,0.0,171.0,2046.0,5910.0,54550.0,0.0,168.0,900.0,732.0,900.0,900.0,1,raw_available,168.0,
8P8747T2,DBN,KT2A,8P8747T2,0,DBNKT2A,MEIDEN,2023-03-23,2023-04-06,2004.0,25,115/22,59.0,10.0,15.0,22.0,57.0,0.0,0.0,135.0,1606.0,6537.0,39389.0,2.0,60.0,291.0,229.0,291.0,291.0,1,raw_available,62.0,
8P8747T2,DBN,KT2A,8P8747T2,0,DBNKT2A,MEIDEN,2024-02-17,2024-03-17,2004.0,25,115/22,56.0,12.0,21.0,33.0,96.0,0.0,0.0,138.0,1730.0,7816.0,24880.0,0.0,66.0,354.0,288.0,354.0,354.0,1,raw_available,66.0,
8P9086T1,PRB,KT2A,8P9086T1,0,PRBKT2A,MEIDEN,2020-11-07,2020-11-23,2007.0,50,115/22,,14.0,0.0,0.0,1.0,0.0,0.0,76.0,133.0,4784.0,16233.0,0.0,1.0,78.0,77.0,78.0,78.0,1,raw_available,1.0,หม้อแปลงย้าย รอการเข้าใช้งาน
8P9086T1,PRB,KT2A,8P9086T1,0,PRBKT2A,MEIDEN,2021-04-17,2021-06-07,2007.0,50,115/22,70.0,18.0,56.0,7.0,3.0,0.0,0.0,36.0,516.0,4300.0,31290.0,0.0,2.0,104.0,102.0,104.0,104.0,1,raw_available,2.0,
8P9086T1,PRB,KT2A,8P9086T1,0,PRBKT2A,MEIDEN,2022-05-20,2022-05-26,2007.0,50,115/22,62.0,9.0,8.0,13.0,24.0,0.0,0.0,183.0,2524.0,5942.0,21665.0,0.0,2.0,230.0,228.0,230.0,230.0,1,raw_available,2.0,
8P9086T1,PRB,KT2A,8P9086T1,0,PRBKT2A,MEIDEN,2023-04-28,2023-05-06,2007.0,50,115/22,60.0,15.0,13.0,29.0,32.0,0.0,0.0,254.0,3437.0,4768.0,28903.0,3.0,23.0,354.0,328.0,354.0,354.0,1,raw_available,26.0,
8P9086T1,PRB,KT2A,8P9086T1,0,PRBKT2A,MEIDEN,2024-04-03,2024-04-20,2007.0,50,115/22,62.0,14.0,19.0,40.0,61.0,5.0,0.0,277.0,3799.0,1443.0,18166.0,3.0,22.0,427.0,402.0,427.0,427.0,1,raw_available,25.0,
8P9087T1,BI1,KT1A,8P9087T1,0,BI1KT1A,MEIDEN,2019-03-14,2019-03-30,2004.0,50,115/22,60.0,11.0,28.0,67.0,222.0,0.0,0.0,94.0,2152.0,6662.0,36789.0,0.0,83.0,494.0,411.0,494.0,494.0,1,raw_available,83.0,
8P9087T1,BI1,KT1A,8P9087T1,0,BI1KT1A,MEIDEN,2021-02-12,2021-04-02,2004.0,50,115/22,53.0,19.0,29.0,70.0,180.0,0.0,0.0,96.0,2250.0,9970.0,40000.0,0.0,89.0,464.0,375.0,464.0,464.0,1,raw_available,89.0,
8P9087T1,BI1,KT1A,8P9087T1,0,BI1KT1A,MEIDEN,2022-03-18,2022-04-01,2004.0,50,115/22,55.0,10.0,9.0,113.0,298.0,4.0,0.0,84.0,2459.0,6865.0,47128.0,0.0,128.0,636.0,508.0,636.0,636.0,1,raw_available,128.0,
8P9087T1,BI1,KT1A,8P9087T1,0,BI1KT1A,MEIDEN,2023-03-24,2023-04-01,2004.0,50,115/22,54.0,10.0,14.0,88.0,260.0,2.0,0.0,104.0,4660.0,6070.0,50410.0,7.0,150.0,625.0,468.0,625.0,625.0,1,raw_available,157.0,หม้อแปลงไม่ได้ใช้งาน วัดทางไฟฟ้าผิดปกติ
8P9088T1,CT,KT1A,8P9088T1,0,CTKT1A,MEIDEN,2020-03-15,2020-03-22,2004.0,50,115/22,51.0,12.0,41.0,155.0,612.0,0.0,0.0,131.0,4158.0,5936.0,65684.0,0.0,385.0,1324.0,939.0,1324.0,1324.0,1,raw_available,385.0,
8P9088T1,CT,KT1A,8P9088T1,0,CTKT1A,MEIDEN,2022-03-13,2022-03-19,2004.0,50,115/22,65.0,12.0,8.0,105.0,473.0,0.0,0.0,142.0,4967.0,4983.0,65524.0,0.0,312.0,1040.0,728.0,1040.0,1040.0,1,raw_available,312.0,
8P9088T1,CT,KT1A,8P9088T1,0,CTKT1A,MEIDEN,2022-09-09,2022-09-16,2004.0,50,115/22,47.0,8.0,9.0,112.0,508.0,4.0,0.0,119.0,4701.0,5082.0,75984.0,0.0,339.0,1091.0,752.0,1091.0,1091.0,1,raw_available,339.0,
8P9088T1,CT,KT1A,8P9088T1,0,CTKT1A,MEIDEN,2023-06-16,2023-06-22,2004.0,50,115/22,52.0,8.0,31.0,147.0,563.0,5.0,0.0,78.0,3045.0,6504.0,55232.0,796.0,96.0,1716.0,824.0,1716.0,1716.0,1,raw_available,892.0,
8P9088T1,CT,KT1A,8P9088T1,0,CTKT1A,MEIDEN,2024-03-09,2024-04-20,2004.0,50,115/22,48.0,12.0,10.0,181.0,749.0,8.0,0.0,88.0,3811.0,7432.0,77442.0,13.0,355.0,1404.0,1036.0,1404.0,1404.0,1,raw_available,368.0,
8P9088T2,CT,KT2A,8P9088T2,0,CTKT2A,MEIDEN,2020-03-15,2020-03-22,2004.0,50,115/22,61.0,17.0,50.0,172.0,558.0,0.0,0.0,134.0,4084.0,10397.0,47483.0,0.0,347.0,1261.0,914.0,1261.0,1261.0,1,raw_available,347.0,
8P9088T2,CT,KT2A,8P9088T2,0,CTKT2A,MEIDEN,2022-03-13,2022-03-19,2004.0,50,115/22,71.0,13.0,7.0,171.0,485.0,2.0,0.0,145.0,4364.0,7115.0,60994.0,0.0,196.0,1006.0,810.0,1006.0,1006.0,1,raw_available,196.0,
8P9088T2,CT,KT2A,8P9088T2,0,CTKT2A,MEIDEN,2022-09-09,2022-09-16,2004.0,50,115/22,62.0,11.0,9.0,94.0,355.0,5.0,0.0,139.0,4554.0,4308.0,64513.0,9.0,234.0,845.0,602.0,845.0,845.0,1,raw_available,243.0,
8P9088T2,CT,KT2A,8P9088T2,0,CTKT2A,MEIDEN,2023-06-16,2023-06-22,2004.0,50,115/22,67.0,4.0,9.0,119.0,389.0,9.0,0.0,98.0,3588.0,6807.0,19776.0,61.0,104.0,789.0,624.0,789.0,789.0,1,raw_available,165.0,
8P9088T2,CT,KT2A,8P9088T2,0,CTKT2A,MEIDEN,2024-03-09,2024-04-20,2004.0,50,115/22,69.0,10.0,7.0,143.0,467.0,9.0,0.0,107.0,3912.0,9597.0,56583.0,15.0,272.0,1020.0,733.0,1020.0,1020.0,1,raw_available,287.0,
8P9089T1,CB,KT1A,8P9089T1,0,CBKT1A,MEIDEN,2019-11-08,2019-11-24,2004.0,50,115/22,24.0,10.0,18.0,122.0,493.0,0.0,0.0,180.0,4800.0,7520.0,62670.0,35.0,306.0,1154.0,813.0,1154.0,1154.0,1,raw_available,341.0,
8P9089T1,CR,KT1A,8P9089T1,0,CRKT1A,MEIDEN,2020-04-04,2020-04-18,2010.0,50,115/22,,13.0,32.0,34.0,16.0,0.0,0.0,110.0,845.0,9917.0,69237.0,0.0,0.0,192.0,192.0,192.0,192.0,1,raw_available,0.0,
8P9089T1,CB,KT1A,8P9089T1,0,CBKT1A,MEIDEN,2022-05-20,2022-06-06,2004.0,50,115/22,65.0,10.0,11.0,24.0,145.0,4.0,0.0,65.0,3532.0,5479.0,46278.0,0.0,54.0,303.0,249.0,303.0,303.0,1,raw_available,54.0,
8P9089T1,CR,KT1A,8P9089T1,0,CRKT1A,MEIDEN,2022-06-18,2022-06-20,2010.0,50,115/22,,13.0,12.0,42.0,30.0,17.0,0.0,115.0,1464.0,14083.0,68204.0,6.0,17.0,239.0,216.0,239.0,239.0,1,raw_available,23.0,
8P9089T1,CB,KT1A,8P9089T1,0,CBKT1A,MEIDEN,2022-12-15,2023-01-06,2004.0,50,115/22,50.0,8.0,3.0,31.0,119.0,19.0,0.0,61.0,4152.0,5691.0,31604.0,2.0,113.0,348.0,233.0,348.0,348.0,1,raw_available,115.0,
8P9089T1,CB,KT1A,8P9089T1,0,CBKT1A,MEIDEN,2023-05-20,2023-05-26,2004.0,50,115/22,54.0,11.0,2.0,42.0,150.0,2.0,0.0,81.0,3591.0,4369.0,34642.0,5.0,158.0,440.0,277.0,440.0,440.0,1,raw_available,163.0,
8P9089T1,CR,KT1A,8P9089T1,0,CRKT1A,MEIDEN,2023-06-01,2023-06-10,2010.0,50,115/22,,12.0,8.0,66.0,52.0,3.0,0.0,271.0,3059.0,5603.0,43271.0,2.0,14.0,416.0,400.0,416.0,416.0,1,raw_available,16.0,
8P9089T1,CB,KT1A,8P9089T1,0,CBKT1A,MEIDEN,2024-04-22,2024-04-24,2004.0,50,115/22,45.0,7.0,204.0,118.0,324.0,6.0,0.0,93.0,4307.0,6130.0,26260.0,88.0,284.0,1117.0,745.0,1117.0,1117.0,1,raw_available,372.0,
8P9089T1,CR,KT1A,8P9089T1,0,CRKT1A,MEIDEN,2024-04-28,2024-05-26,2010.0,50,115/22,58.0,10.0,9.0,52.0,59.0,5.0,0.0,260.0,2965.0,3195.0,21680.0,0.0,36.0,421.0,385.0,421.0,421.0,1,raw_available,36.0,
8P9090T1,BI1,KT2A,8P9090T1,0,BI1KT2A,MEIDEN,2019-03-14,2019-04-01,2004.0,50,115/22,59.0,10.0,11.0,19.0,9.0,0.0,0.0,137.0,1541.0,6713.0,35695.0,0.0,0.0,176.0,176.0,176.0,176.0,1,raw_available,0.0,
8P9090T1,BI1,KT2A,8P9090T1,0,BI1KT2A,MEIDEN,2021-02-12,2021-04-26,2004.0,50,115/22,58.0,13.0,30.0,45.0,14.0,0.0,0.0,130.0,805.0,9790.0,47330.0,0.0,21.0,240.0,219.0,240.0,240.0,1,raw_available,21.0,
8P9090T1,BI1,KT2A,8P9090T1,0,BI1KT2A,MEIDEN,2022-03-18,2022-04-01,2004.0,50,115/22,57.0,10.0,2.0,85.0,25.0,2.0,0.0,263.0,1644.0,6782.0,32985.0,3.0,17.0,397.0,377.0,397.0,397.0,1,raw_available,20.0,
8P9090T1,BI1,KT2A,8P9090T1,0,BI1KT2A,MEIDEN,2023-03-24,2023-04-03,2004.0,50,115/22,58.0,11.0,4.0,55.0,22.0,1.0,0.0,239.0,3544.0,2060.0,39470.0,7.0,12.0,340.0,321.0,340.0,340.0,1,raw_available,19.0,
8P9090T1,BI1,KT2A,8P9090T1,0,BI1KT2A,MEIDEN,2024-03-15,2024-04-19,2004.0,50,115/22,54.0,10.0,21.0,70.0,28.0,4.0,0.0,237.0,1684.0,8483.0,51603.0,5.0,18.0,383.0,360.0,383.0,383.0,1,raw_available,23.0,
8P9091T2,SN3,KT2A,8P9091T2,0,SN3KT2A,MEIDEN,2019-03-24,2019-03-30,2004.0,50,115/22,58.0,11.0,11.0,137.0,398.0,0.0,0.0,146.0,5913.0,6532.0,38140.0,0.0,159.0,851.0,692.0,851.0,851.0,1,raw_available,159.0,
8P9091T2,SN3,KT2A,8P9091T2,0,SN3KT2A,MEIDEN,2021-03-13,2021-05-08,2004.0,50,115/22,60.0,20.0,50.0,105.0,348.0,2.0,0.0,150.0,3346.0,7843.0,40073.0,0.0,267.0,922.0,655.0,922.0,922.0,1,raw_available,267.0,
8P9091T2,SN3,KT2A,8P9091T2,0,SN3KT2A,MEIDEN,2022-03-10,2022-04-01,2004.0,50,115/22,62.0,19.0,21.0,158.0,552.0,3.0,0.0,147.0,5331.0,7197.0,72292.0,0.0,239.0,1401.0,881.0,1401.0,1401.0,1,raw_available,520.0,
8P9091T2,SN3,KT2A,8P9091T2,0,SN3KT2A,MEIDEN,2023-02-19,2023-02-20,2004.0,50,115/22,62.0,15.0,1.0,91.0,427.0,4.0,0.0,79.0,3470.0,23727.0,79294.0,0.0,239.0,841.0,602.0,841.0,841.0,1,raw_available,239.0,Diff Trip
8P9091T2,SN3,KT2A,8P9091T2,0,SN3KT2A,MEIDEN,2023-03-16,2023-04-03,2004.0,50,115/22,62.0,17.0,5.0,114.0,396.0,10.0,0.0,105.0,3824.0,6362.0,62375.0,0.0,239.0,869.0,630.0,869.0,869.0,1,raw_available,239.0,
8P9091T2,SN3,KT2A,8P9091T2,0,SN3KT2A,MEIDEN,2024-03-17,2024-04-19,2004.0,50,115/22,78.0,15.0,25.0,29.0,0.0,0.0,0.0,141.0,1766.0,14655.0,58295.0,2.0,15.0,212.0,195.0,212.0,212.0,1,raw_available,17.0,
8P9092T1,CM3,KT2A,8P9092T1,0,CM3KT2A,MEIDEN,2020-03-20,2020-05-16,2004.0,50,115/22,64.0,16.0,42.0,130.0,311.0,0.0,0.0,128.0,2756.0,7863.0,48725.0,0.0,170.0,781.0,611.0,781.0,781.0,1,raw_available,170.0,
8P9092T1,CM3,KT2A,8P9092T1,0,CM3KT2A,MEIDEN,2021-04-10,2021-10-21,2004.0,50,115/22,,22.0,20.0,15.0,253.0,2.0,0.0,15.0,2092.0,11171.0,60485.0,0.0,126.0,431.0,305.0,431.0,431.0,1,raw_available,126.0,
8P9092T1,CM3,KT2A,8P9092T1,0,CM3KT2A,MEIDEN,2022-06-11,2022-06-19,2004.0,50,115/22,64.0,13.0,26.0,78.0,218.0,14.0,0.0,86.0,2522.0,5713.0,61804.0,20.0,131.0,573.0,422.0,573.0,573.0,1,raw_available,151.0,
8P9092T1,CM3,KT2A,8P9092T1,0,CM3KT2A,MEIDEN,2023-04-03,2023-06-11,2004.0,50,115/22,60.0,8.0,1.0,84.0,201.0,5.0,0.0,109.0,2857.0,29787.0,72583.0,4.0,68.0,472.0,400.0,472.0,472.0,1,raw_available,72.0,
8P9092T1,CM3,KT2A,8P9092T1,0,CM3KT2A,MEIDEN,2024-02-26,2024-05-26,2004.0,50,115/22,53.0,15.0,5.0,11.0,25.0,2.0,0.0,52.0,1228.0,7280.0,51619.0,0.0,28.0,123.0,95.0,123.0,123.0,1,raw_available,28.0,
8P9093T1,SP,KT1A,8P9093T1,0,SPKT1A,MEIDEN,2019-02-14,2019-03-02,2004.0,50,115/22,58.0,11.0,57.0,118.0,367.0,4.0,0.0,169.0,2599.0,5760.0,49931.0,0.0,211.0,926.0,715.0,926.0,926.0,1,raw_available,211.0,
8P9093T1,SP,KT1A,8P9093T1,0,SPKT1A,MEIDEN,2021-02-16,2021-04-27,2004.0,50,115/22,56.0,14.0,28.0,83.0,272.0,0.0,0.0,54.0,1212.0,9540.0,53000.0,9.0,194.0,640.0,437.0,640.0,640.0,1,raw_available,203.0,
8P9093T1,SP,KT1A,8P9093T1,0,SPKT1A,MEIDEN,2022-01-30,2022-02-05,2004.0,50,115/22,57.0,12.0,16.0,79.0,307.0,1.0,0.0,109.0,2810.0,3500.0,69590.0,14.0,200.0,726.0,512.0,726.0,726.0,1,raw_available,214.0,
8P9093T1,SP,KT1A,8P9093T1,0,SPKT1A,MEIDEN,2023-03-24,2023-04-06,2004.0,50,115/22,57.0,9.0,5.0,66.0,240.0,1.0,0.0,165.0,3012.0,6955.0,49094.0,6.0,172.0,655.0,477.0,655.0,655.0,1,raw_available,178.0,
8P9093T1,SP,KT1A,8P9093T1,0,SPKT1A,MEIDEN,2024-02-18,2024-03-17,2004.0,50,115/22,57.0,11.0,14.0,75.0,314.0,0.0,0.0,153.0,2954.0,8156.0,45575.0,0.0,177.0,733.0,556.0,733.0,733.0,1,raw_available,177.0,
8P9093T2,SP,KT2A,8P9093T2,0,SPKT2A,MEIDEN,2019-02-14,2019-03-02,2004.0,50,115/22,58.0,9.0,45.0,98.0,279.0,15.0,0.0,153.0,2746.0,9570.0,47961.0,0.0,156.0,746.0,590.0,746.0,746.0,1,raw_available,156.0,
8P9093T2,SP,KT2A,8P9093T2,0,SPKT2A,MEIDEN,2021-02-16,2021-04-27,2004.0,50,115/22,60.0,23.0,13.0,88.0,319.0,10.0,0.0,150.0,2449.0,17221.0,74938.0,0.0,185.0,765.0,580.0,765.0,765.0,1,raw_available,185.0,
8P9093T2,SP,KT2A,8P9093T2,0,SPKT2A,MEIDEN,2022-01-30,2022-02-05,2004.0,50,115/22,60.0,15.0,16.0,82.0,267.0,3.0,0.0,167.0,3746.0,3500.0,69590.0,7.0,173.0,715.0,535.0,715.0,715.0,1,raw_available,180.0,
8P9093T2,SP,KT2A,8P9093T2,0,SPKT2A,MEIDEN,2023-03-24,2023-04-06,2004.0,50,115/22,62.0,6.0,9.0,106.0,322.0,3.0,0.0,207.0,5144.0,6264.0,69691.0,8.0,200.0,855.0,647.0,855.0,855.0,1,raw_available,208.0,
8P9093T2,SP,KT2A,8P9093T2,0,SPKT2A,MEIDEN,2024-02-18,2024-03-17,2004.0,50,115/22,58.0,13.0,13.0,97.0,330.0,7.0,0.0,193.0,5203.0,10253.0,52650.0,0.0,182.0,822.0,640.0,822.0,822.0,1,raw_available,182.0,
8P9094T1,PL1,KT1A,8P9094T1,0,PL1KT1A,MEIDEN,2020-07-13,2020-08-22,2004.0,50,115/22,58.0,13.0,23.0,80.0,227.0,0.0,0.0,98.0,2475.0,6184.0,50515.0,0.0,144.0,572.0,428.0,572.0,572.0,1,raw_available,144.0,
8P9094T1,PL1,KT1A,8P9094T1,0,PL1KT1A,MEIDEN,2021-07-05,2021-10-05,2004.0,50,115/22,56.0,12.0,5.0,10.0,24.0,0.0,0.0,8.0,1139.0,7385.0,28262.0,0.0,0.0,47.0,47.0,47.0,47.0,1,raw_available,0.0,
8P9094T1,PL1,KT1A,8P9094T1,0,PL1KT1A,MEIDEN,2022-07-15,2022-07-22,2004.0,50,115/22,64.0,12.0,4.0,22.0,43.0,7.0,0.0,89.0,2274.0,4520.0,37850.0,4.0,24.0,193.0,165.0,193.0,193.0,1,raw_available,28.0,
8P9094T1,PL1,KT1A,8P9094T1,0,PL1KT1A,MEIDEN,2023-04-24,2023-04-30,2004.0,50,115/22,65.0,8.0,2.0,38.0,67.0,1.0,0.0,91.0,1980.0,2590.0,36000.0,3.0,33.0,235.0,199.0,235.0,235.0,1,raw_available,36.0,
8P9094T1,PL1,KT1A,8P9094T1,0,PL1KT1A,MEIDEN,2024-01-22,2024-01-30,2004.0,50,115/22,58.0,9.0,4.0,63.0,125.0,4.0,0.0,113.0,1728.0,1800.0,27460.0,17.0,75.0,401.0,309.0,401.0,401.0,1,raw_available,92.0,
8P9094T2,PL1,KT2A,8P9094T2,0,PL1KT2A,MEIDEN,2020-07-13,2020-08-22,2004.0,50,115/22,51.0,14.0,30.0,73.0,190.0,0.0,0.0,119.0,2791.0,5734.0,49999.0,0.0,117.0,529.0,412.0,529.0,529.0,1,raw_available,117.0,
8P9094T2,PL1,KT2A,8P9094T2,0,PL1KT2A,MEIDEN,2021-07-05,2021-10-05,2004.0,50,115/22,50.0,10.0,4.0,0.0,25.0,0.0,0.0,65.0,1038.0,7281.0,26945.0,0.0,0.0,94.0,94.0,94.0,94.0,1,raw_available,0.0,
8P9094T2,PL1,KT2A,8P9094T2,0,PL1KT2A,MEIDEN,2022-07-15,2022-07-22,2004.0,50,115/22,57.0,9.0,3.0,14.0,32.0,0.0,0.0,84.0,1851.0,5210.0,33230.0,1.0,18.0,152.0,133.0,152.0,152.0,1,raw_available,19.0,
8P9094T2,PL1,KT2A,8P9094T2,0,PL1KT2A,MEIDEN,2023-04-24,2023-04-30,2004.0,50,115/22,59.0,4.0,2.0,20.0,44.0,1.0,0.0,89.0,1700.0,4130.0,31250.0,1.0,27.0,184.0,156.0,184.0,184.0,1,raw_available,28.0,
8P9094T2,PL1,KT2A,8P9094T2,0,PL1KT2A,MEIDEN,2024-01-22,2024-02-01,2004.0,50,115/22,51.0,8.0,2.0,27.0,81.0,3.0,0.0,76.0,1161.0,19440.0,34980.0,13.0,48.0,250.0,189.0,250.0,250.0,1,raw_available,61.0,
8P9095T1,RY3,KT1A,8P9095T1,0,RY3KT1A,MEIDEN,2019-03-09,2020-02-15,2006.0,50,115/22,56.0,8.0,45.0,83.0,266.0,1.0,0.0,82.0,776.0,4910.0,73650.0,17.0,155.0,649.0,477.0,649.0,649.0,1,raw_available,172.0,
8P9095T1,RY3,KT1A,8P9095T1,0,RY3KT1A,MEIDEN,2021-01-30,2021-03-26,2006.0,50,115/22,48.0,23.0,32.0,90.0,176.0,2.0,0.0,90.0,780.0,3430.0,56300.0,12.0,114.0,516.0,390.0,516.0,516.0,1,raw_available,126.0,
8P9095T1,RY3,KT1A,8P9095T1,0,RY3KT1A,MEIDEN,2022-02-19,2022-03-03,2006.0,50,115/22,48.0,57.0,13.0,56.0,243.0,18.0,0.0,64.0,1084.0,11426.0,57311.0,0.0,68.0,462.0,394.0,462.0,462.0,1,raw_available,68.0,
8P9095T1,RY3,KT1A,8P9095T1,0,RY3KT1A,MEIDEN,2022-08-13,2022-09-02,2006.0,50,115/22,52.0,14.0,6.0,77.0,254.0,4.0,0.0,85.0,840.0,2565.0,71912.0,0.0,124.0,550.0,426.0,550.0,550.0,1,raw_available,124.0,
8P9095T1,RY3,KT1A,8P9095T1,0,RY3KT1A,MEIDEN,2023-04-28,2023-05-06,2006.0,50,115/22,58.0,10.0,26.0,82.0,248.0,0.0,0.0,111.0,950.0,4206.0,70109.0,0.0,115.0,582.0,467.0,582.0,582.0,1,raw_available,115.0,
8P9095T2,CA,KT2A,8P9095T2,0,CAKT2A,MEIDEN,2019-01-18,2019-03-08,2006.0,50,115/22,49.0,20.0,21.0,53.0,128.0,0.0,0.0,93.0,1517.0,7512.0,41843.0,0.0,57.0,352.0,295.0,352.0,352.0,1,raw_available,57.0,
8P9095T2,CA,KT2A,8P9095T2,0,CAKT2A,MEIDEN,2021-02-13,2021-03-01,2006.0,50,115/22,52.0,17.0,5.0,72.0,202.0,4.0,0.0,162.0,1961.0,7024.0,84917.0,0.0,96.0,541.0,445.0,541.0,541.0,1,raw_available,96.0,
8P9095T2,CA,KT2A,8P9095T2,0,CAKT2A,MEIDEN,2022-01-20,2022-02-05,2006.0,50,115/22,48.0,12.0,1.0,59.0,156.0,1.0,0.0,150.0,2134.0,7800.0,86740.0,41.0,116.0,524.0,367.0,524.0,524.0,1,raw_available,157.0,
8P9095T2,CA,KT2A,8P9095T2,0,CAKT2A,MEIDEN,2023-01-20,2023-01-27,2006.0,50,115/22,47.0,6.0,18.0,118.0,256.0,7.0,0.0,188.0,2246.0,7056.0,89458.0,6.0,121.0,714.0,587.0,714.0,714.0,1,raw_available,127.0,
8P9095T2,CA,KT2A,8P9095T2,0,CAKT2A,MEIDEN,2024-01-18,2024-01-30,2006.0,50,115/22,44.0,8.0,3.0,103.0,236.0,9.0,0.0,176.0,1662.0,10007.0,94218.0,12.0,114.0,653.0,527.0,653.0,653.0,1,raw_available,126.0,
8P9096T1,RY1,KT2A,8P9096T1,0,RY1KT2A,MEIDEN,2020-03-21,2020-04-10,2004.0,50,115/22,68.0,10.0,52.0,54.0,72.0,0.0,0.0,162.0,1474.0,7610.0,32950.0,36.0,52.0,428.0,340.0,428.0,428.0,1,raw_available,88.0,
8P9096T1,RY1,KT2A,8P9096T1,0,RY1KT2A,MEIDEN,2022-03-17,2022-04-01,2004.0,50,115/22,52.0,17.0,4.0,32.0,63.0,0.0,0.0,165.0,1571.0,13922.0,64002.0,0.0,47.0,311.0,264.0,311.0,311.0,1,raw_available,47.0,
8P9096T1,RY1,KT2A,8P9096T1,0,RY1KT2A,MEIDEN,2022-09-16,2022-09-22,2004.0,50,115/22,61.0,8.0,1.0,48.0,89.0,1.0,0.0,171.0,1956.0,12996.0,55591.0,3.0,48.0,361.0,310.0,361.0,361.0,1,raw_available,51.0,
8P9096T1,RY1,KT2A,8P9096T1,0,RY1KT2A,MEIDEN,2023-05-13,2023-05-21,2004.0,50,115/22,58.0,8.0,3.0,41.0,69.0,0.0,0.0,161.0,1837.0,6604.0,44812.0,0.0,46.0,320.0,274.0,320.0,320.0,1,raw_available,46.0,
8P9096T1,RY1,KT2A,8P9096T1,0,RY1KT2A,MEIDEN,2024-04-19,2024-04-24,2004.0,50,115/22,76.0,5.0,5.0,65.0,115.0,3.0,0.0,201.0,2969.0,6840.0,27540.0,13.0,88.0,490.0,389.0,490.0,490.0,1,raw_available,101.0,
8P9097T1,KK1,KT1A,8P9097T1,0,KK1KT1A,MEIDEN,2019-02-12,2019-05-10,2004.0,50,115/22/11,73.0,28.0,34.0,67.0,193.0,0.0,0.0,107.0,2246.0,11967.0,53665.0,0.0,89.0,490.0,401.0,490.0,490.0,1,raw_available,89.0,
8P9097T1,KK1,KT1A,8P9097T1,0,KK1KT1A,MEIDEN,2020-02-06,2020-02-28,2004.0,50,115/22/11,58.0,7.0,76.0,89.0,253.0,0.0,0.0,120.0,1733.0,7215.0,56694.0,0.0,149.0,687.0,538.0,687.0,687.0,1,raw_available,149.0,
8P9097T1,KK1,KT1A,8P9097T1,0,KK1KT1A,MEIDEN,2021-02-05,2021-03-09,2004.0,50,115/22/11,55.0,7.0,13.0,64.0,170.0,2.0,0.3,112.0,1686.0,22485.0,72806.0,0.0,103.0,464.3,361.3,464.3,464.3,1,raw_available,103.0,
8P9097T1,KK1,KT1A,8P9097T1,0,KK1KT1A,MEIDEN,2021-04-18,2021-04-23,2004.0,50,115/22/11,64.0,6.0,48.0,62.0,256.0,2.0,0.6,124.0,2821.0,17982.0,74816.0,0.0,135.0,627.6,492.6,627.6,627.6,1,raw_available,135.0,ตามผล C2H2
8P9097T1,KK1,KT1A,8P9097T1,0,KK1KT1A,MEIDEN,2022-02-11,2022-03-31,2004.0,50,115/22/11,54.0,6.0,53.0,69.0,218.0,2.0,0.0,116.0,2662.0,6977.0,50609.0,17.0,62.0,319.0,458.0,319.0,319.0,1,raw_available,-139.0,
8P9097T1,KK1,KT1A,8P9097T1,0,KK1KT1A,MEIDEN,2023-02-10,2023-03-10,2004.0,50,115/22/11,57.0,10.0,57.0,80.0,231.0,5.0,3.0,138.0,2215.0,8937.0,60489.0,8.0,115.0,637.0,514.0,637.0,637.0,1,raw_available,123.0,
8P9097T1,KK1,KT1A,8P9097T1,0,KK1KT1A,MEIDEN,2023-08-03,2023-09-07,2004.0,50,115/22/11,58.0,12.0,26.0,63.0,193.0,2.0,0.0,135.0,2708.0,11880.0,43620.0,6.0,130.0,555.0,419.0,555.0,555.0,1,raw_available,136.0,
8P9097T1,KK1,KT1A,8P9097T1,0,KK1KT1A,MEIDEN,2024-02-08,2024-03-18,2004.0,50,115/22/11,59.0,10.0,37.0,76.0,230.0,5.0,0.0,133.0,2191.0,6041.0,45933.0,8.0,110.0,599.0,481.0,599.0,599.0,1,raw_available,118.0,
8P9097T2,CYP,KT1A,8P9097T2,0,CYPKT1A,MEIDEN,2019-05-08,2019-05-09,2012.0,50,115/22/11,,13.0,8.0,1.0,0.0,0.0,0.0,33.0,378.0,6891.0,23055.0,0.0,0.0,42.0,42.0,42.0,42.0,1,raw_available,0.0,หลังซ่อม กม-สส
8P9097T2,CYP,KT1A,8P9097T2,0,CYPKT1A,MEIDEN,2019-08-29,2019-09-28,2012.0,50,115/22/11,58.0,21.0,9.0,0.0,2.0,1.0,0.0,74.0,478.0,9616.0,33112.0,0.0,6.0,92.0,86.0,92.0,92.0,1,raw_available,6.0,ย้ายมาจาก KK1-KT2A
8P9097T2,CYP,KT1A,8P9097T2,0,CYPKT1A,MEIDEN,2020-03-30,2020-05-26,2012.0,50,115/22/11,54.0,19.0,26.0,0.0,0.0,0.0,0.0,107.0,1589.0,10701.0,23600.0,0.0,0.0,133.0,133.0,133.0,133.0,1,raw_available,0.0,
8P9097T2,CYP,KT1A,8P9097T2,0,CYPKT1A,MEIDEN,2021-01-18,2021-02-12,2012.0,50,115/22/11,56.0,14.0,53.0,22.0,5.0,0.0,0.0,107.0,2788.0,6215.0,33374.0,0.0,3.0,190.0,187.0,190.0,190.0,1,raw_available,3.0,
8P9097T2,CYP,KT1A,8P9097T2,0,CYPKT1A,MEIDEN,2022-03-06,2022-03-27,2012.0,50,115/22/11,49.0,11.0,37.0,0.0,14.0,0.0,0.0,159.0,3280.0,9287.0,24739.0,0.0,0.0,210.0,210.0,210.0,210.0,1,raw_available,0.0,
8P9097T2,CYP,KT1A,8P9097T2,0,CYPKT1A,MEIDEN,2023-03-03,2023-03-18,2012.0,50,115/22/11,55.0,10.0,76.0,28.0,20.0,0.0,0.0,242.0,4045.0,5561.0,27529.0,0.0,11.0,377.0,366.0,377.0,377.0,1,raw_available,11.0,
8P9097T2,CYP,KT1A,8P9097T2,0,CYPKT1A,MEIDEN,2024-03-04,2024-04-08,2012.0,50,115/22/11,64.0,22.0,52.0,28.0,0.0,0.0,0.0,243.0,4425.0,3711.0,19584.0,0.0,0.0,323.0,323.0,323.0,323.0,1,raw_available,0.0,
8P9098T1,SS,KT1A,8P9098T1,0,SSKT1A,MEIDEN,2019-03-14,2019-04-26,2004.0,50,115/22,54.0,18.0,46.0,60.0,170.0,2.0,0.0,90.0,1497.0,7731.0,50249.0,0.0,70.0,438.0,368.0,438.0,438.0,1,raw_available,70.0,
8P9098T1,SS,KT1A,8P9098T1,0,SSKT1A,MEIDEN,2020-03-15,2020-03-29,2004.0,50,115/22,51.0,13.0,94.0,64.0,176.0,0.0,0.0,98.0,1634.0,6965.0,44673.0,0.0,56.0,488.0,432.0,488.0,488.0,1,raw_available,56.0,
8P9098T1,SS,KT1A,8P9098T1,0,SSKT1A,MEIDEN,2021-01-28,2021-04-25,2004.0,50,115/22,42.0,9.0,94.0,53.0,194.0,5.0,0.0,83.0,1255.0,9255.0,49167.0,0.0,82.0,511.0,429.0,511.0,511.0,1,raw_available,82.0,
8P9098T1,SS,KT1A,8P9098T1,0,SSKT1A,MEIDEN,2022-02-18,2022-03-27,2004.0,50,115/22,52.0,11.0,49.0,62.0,163.0,5.0,0.0,86.0,1487.0,9049.0,45730.0,0.0,77.0,442.0,365.0,442.0,442.0,1,raw_available,77.0,
8P9098T1,SS,KT1A,8P9098T1,0,SSKT1A,MEIDEN,2023-02-16,2023-03-09,2004.0,50,115/22,57.0,10.0,44.0,49.0,148.0,3.0,0.0,83.0,1432.0,12753.0,43762.0,0.0,71.0,398.0,327.0,398.0,398.0,1,raw_available,71.0,
8P9098T1,SS,KT1A,8P9098T1,0,SSKT1A,MEIDEN,2024-02-15,2024-03-19,2004.0,50,115/22,64.0,9.0,64.0,56.0,180.0,4.0,0.0,106.0,1697.0,4760.0,40473.0,0.0,84.0,494.0,410.0,494.0,494.0,1,raw_available,84.0,
8P9098T2,SS,KT2A,8P9098T2,0,SSKT2A,MEIDEN,2019-03-14,2019-04-28,2004.0,50,115/22,54.0,12.0,23.0,45.0,131.0,0.0,0.0,75.0,1335.0,10362.0,45173.0,0.0,51.0,325.0,274.0,325.0,325.0,1,raw_available,51.0,
8P9098T2,SS,KT2A,8P9098T2,0,SSKT2A,MEIDEN,2020-03-15,2020-03-28,2004.0,50,115/22,50.0,8.0,32.0,82.0,233.0,0.0,0.0,85.0,1531.0,5416.0,57704.0,0.0,133.0,565.0,432.0,565.0,565.0,1,raw_available,133.0,
8P9098T2,SS,KT2A,8P9098T2,0,SSKT2A,MEIDEN,2021-01-28,2021-04-20,2004.0,50,115/22,42.0,20.0,81.0,66.0,165.0,1.0,0.0,53.0,1053.0,7399.0,48093.0,6.0,121.0,493.0,366.0,493.0,493.0,1,raw_available,127.0,
8P9098T2,SS,KT2A,8P9098T2,0,SSKT2A,MEIDEN,2022-03-18,2022-03-27,2004.0,50,115/22,52.0,12.0,54.0,65.0,197.0,5.0,0.0,86.0,1790.0,9714.0,55536.0,0.0,88.0,495.0,407.0,495.0,495.0,1,raw_available,88.0,
8P9098T2,SS,KT2A,8P9098T2,0,SSKT2A,MEIDEN,2023-02-16,2023-03-05,2004.0,50,115/22,57.0,8.0,61.0,70.0,169.0,5.0,0.0,106.0,1838.0,8673.0,47642.0,0.0,78.0,489.0,411.0,489.0,489.0,1,raw_available,78.0,
8P9098T2,SS,KT2A,8P9098T2,0,SSKT2A,MEIDEN,2024-02-15,2024-03-18,2004.0,50,115/22,64.0,16.0,52.0,61.0,192.0,0.0,0.0,102.0,1806.0,9711.0,49615.0,0.0,89.0,496.0,407.0,496.0,496.0,1,raw_available,89.0,
8P9099T1,SU1,KT1A,8P9099T1,0,SU1KT1A,MEIDEN,2019-03-15,2019-04-27,2004.0,50,115/22/11,67.0,13.0,55.0,68.0,167.0,0.0,0.0,144.0,2547.0,9124.0,44052.0,0.0,65.0,499.0,434.0,499.0,499.0,1,raw_available,65.0,
8P9099T1,SU1,KT1A,8P9099T1,0,SU1KT1A,MEIDEN,2020-03-12,2020-03-28,2004.0,50,115/22/11,64.0,9.0,31.0,104.0,260.0,0.0,0.0,148.0,2621.0,4003.0,64391.0,0.0,141.0,684.0,543.0,684.0,684.0,1,raw_available,141.0,
8P9099T1,SU1,KT1A,8P9099T1,0,SU1KT1A,MEIDEN,2021-01-30,2021-04-24,2004.0,50,115/22/11,49.0,21.0,82.0,56.0,155.0,5.0,0.0,156.0,2778.0,17096.0,61434.0,5.0,120.0,579.0,454.0,579.0,579.0,1,raw_available,125.0,
8P9099T1,SU1,KT1A,8P9099T1,0,SU1KT1A,MEIDEN,2022-02-21,2022-03-26,2004.0,50,115/22/11,55.0,10.0,49.0,35.0,109.0,1.0,0.0,88.0,1684.0,7589.0,51927.0,11.0,78.0,371.0,282.0,371.0,371.0,1,raw_available,89.0,
8P9099T1,SU1,KT1A,8P9099T1,0,SU1KT1A,MEIDEN,2023-02-05,2023-02-21,2004.0,50,115/22/11,63.0,7.0,61.0,60.0,149.0,3.0,0.0,127.0,2266.0,7499.0,40026.0,0.0,66.0,466.0,400.0,466.0,466.0,1,raw_available,66.0,
8P9099T1,SU1,KT1A,8P9099T1,0,SU1KT1A,MEIDEN,2024-02-18,2024-03-19,2004.0,50,115/22/11,63.0,9.0,40.0,29.0,108.0,2.0,0.0,57.0,1423.0,8107.0,28354.0,5.0,56.0,297.0,236.0,297.0,297.0,1,raw_available,61.0,
8P9099T2,SU1,KT2A,8P9099T2,0,SU1KT2A,MEIDEN,2020-03-12,2020-03-27,2004.0,50,115/22/11,64.0,15.0,156.0,105.0,258.0,0.0,0.0,159.0,2296.0,5064.0,62643.0,0.0,138.0,816.0,678.0,816.0,816.0,1,raw_available,138.0,
8P9099T2,SU1,KT2A,8P9099T2,0,SU1KT2A,MEIDEN,2021-01-30,2021-04-25,2004.0,50,115/22/11,49.0,24.0,15.0,19.0,151.0,4.0,0.0,191.0,2452.0,13849.0,66669.0,0.0,86.0,466.0,380.0,466.0,466.0,1,raw_available,86.0,
8P9099T2,SU1,KT2A,8P9099T2,0,SU1KT2A,MEIDEN,2022-02-21,2022-03-26,2004.0,50,115/22/11,54.0,16.0,98.0,35.0,111.0,1.0,0.0,102.0,1764.0,7449.0,52143.0,17.0,81.0,445.0,347.0,445.0,445.0,1,raw_available,98.0,
8P9099T2,SU1,KT2A,8P9099T2,0,SU1KT2A,MEIDEN,2023-02-21,2023-03-05,2004.0,50,115/22/11,59.0,13.0,548.0,60.0,132.0,2.0,0.0,120.0,2034.0,8445.0,39342.0,0.0,71.0,933.0,862.0,933.0,933.0,1,raw_available,71.0,
8P9099T2,SU1,KT2A,8P9099T2,0,SU1KT2A,MEIDEN,2023-08-14,2023-09-08,2004.0,50,115/22/11,62.0,14.0,366.0,27.0,85.0,1.0,0.0,127.0,1982.0,4500.0,22030.0,0.0,65.0,671.0,606.0,671.0,671.0,1,raw_available,65.0,
8P9099T2,SU1,KT2A,8P9099T2,0,SU1KT2A,MEIDEN,2024-02-18,2024-03-19,2004.0,50,115/22/11,57.0,10.0,183.0,31.0,103.0,3.0,0.0,111.0,1407.0,6353.0,27006.0,2.0,60.0,493.0,431.0,493.0,493.0,1,raw_available,62.0,
8P9100T1,UD1,KT1A,8P9100T1,0,UD1KT1A,MEIDEN,2019-02-06,2019-05-12,2004.0,50,115/22,55.0,10.0,59.0,63.0,152.0,3.0,0.0,142.0,1924.0,7626.0,57477.0,0.0,68.0,487.0,419.0,487.0,487.0,1,raw_available,68.0,
8P9100T1,UD1,KT1A,8P9100T1,0,UD1KT1A,MEIDEN,2019-03-10,2019-03-17,2004.0,50,115/22,59.0,9.0,93.0,69.0,170.0,0.0,0.0,129.0,2190.0,4046.0,45095.0,0.0,68.0,529.0,461.0,529.0,529.0,1,raw_available,68.0,Trip ด้วย Tx. Diff
8P9100T1,UD1,KT1A,8P9100T1,0,UD1KT1A,MEIDEN,2020-04-06,2020-05-09,2004.0,50,115/22,66.0,15.0,45.0,2.0,0.0,0.0,0.0,573.0,1874.0,16371.0,51100.0,0.0,0.0,620.0,620.0,620.0,620.0,1,raw_available,0.0,
8P9100T1,UD1,KT1A,8P9100T1,0,UD1KT1A,MEIDEN,2021-02-14,2021-05-24,2004.0,50,115/22,65.0,20.0,91.0,84.0,169.0,0.0,0.0,113.0,3741.0,10711.0,60492.0,7.0,130.0,594.0,457.0,594.0,594.0,1,raw_available,137.0,
8P9100T1,UD1,KT1A,8P9100T1,0,UD1KT1A,MEIDEN,2022-01-20,2022-02-07,2004.0,50,115/22,57.0,10.0,40.0,30.0,96.0,0.0,0.0,164.0,1910.0,6887.0,43382.0,0.0,70.0,400.0,330.0,400.0,400.0,1,raw_available,70.0,
8P9100T1,UD1,KT1A,8P9100T1,0,UD1KT1A,MEIDEN,2023-01-16,2023-02-04,2004.0,50,115/22,44.0,10.0,59.0,51.0,140.0,0.0,0.0,130.0,1776.0,4218.0,32131.0,0.0,63.0,443.0,380.0,443.0,443.0,1,raw_available,63.0,
8P9100T1,UD1,KT1A,8P9100T1,0,UD1KT1A,MEIDEN,2024-01-15,2024-02-11,2004.0,50,115/22,53.0,8.0,57.0,60.0,166.0,2.0,0.0,179.0,1984.0,7560.0,26620.0,18.0,112.0,594.0,464.0,594.0,594.0,1,raw_available,130.0,
8P9100T2,UD1,KT2A,8P9100T2,0,UD1KT2A,MEIDEN,2019-02-06,2019-05-12,2004.0,50,115/22,63.0,18.0,60.0,63.0,155.0,3.0,0.0,140.0,2308.0,8777.0,41009.0,0.0,70.0,491.0,421.0,491.0,491.0,1,raw_available,70.0,
8P9100T2,UD1,KT2A,8P9100T2,0,UD1KT2A,MEIDEN,2020-04-06,2020-05-08,2004.0,50,115/22,74.0,16.0,53.0,2.0,1.0,2.0,0.0,340.0,1574.0,18462.0,52365.0,0.0,0.0,398.0,398.0,398.0,398.0,1,raw_available,0.0,
8P9100T2,UD1,KT2A,8P9100T2,0,UD1KT2A,MEIDEN,2021-02-14,2021-05-24,2004.0,50,115/22,67.0,17.0,98.0,101.0,184.0,0.0,0.0,139.0,5638.0,6162.0,51695.0,7.0,141.0,670.0,522.0,670.0,670.0,1,raw_available,148.0,
8P9100T2,UD1,KT2A,8P9100T2,0,UD1KT2A,MEIDEN,2022-01-20,2022-02-06,2004.0,50,115/22,55.0,5.0,65.0,51.0,145.0,0.0,0.0,103.0,2997.0,6947.0,56553.0,13.0,100.0,477.0,364.0,477.0,477.0,1,raw_available,113.0,
8P9100T2,UD1,KT2A,8P9100T2,0,UD1KT2A,MEIDEN,2023-01-16,2023-02-06,2004.0,50,115/22,45.0,9.0,40.0,58.0,189.0,2.0,0.0,111.0,3236.0,24659.0,68096.0,0.0,103.0,503.0,400.0,503.0,503.0,1,raw_available,103.0,
8P9100T2,UD1,KT2A,8P9100T2,0,UD1KT2A,MEIDEN,2024-01-15,2024-02-11,2004.0,50,115/22,53.0,7.0,26.0,72.0,213.0,2.0,0.0,186.0,3635.0,8180.0,37970.0,22.0,145.0,666.0,499.0,666.0,666.0,1,raw_available,167.0,
8P9101T1,SKI,KT1A,8P9101T1,0,SKIKT1A,MEIDEN,2019-03-26,2019-04-20,2013.0,50,115/22/11,52.0,17.0,29.0,54.0,207.0,0.0,0.0,107.0,2581.0,10380.0,51424.0,0.0,92.0,489.0,397.0,489.0,489.0,1,raw_available,92.0,
8P9101T1,SKI,KT1A,8P9101T1,0,SKIKT1A,MEIDEN,2020-03-27,2020-05-25,2013.0,50,115/22/11,63.0,11.0,81.0,97.0,252.0,0.0,0.0,150.0,2589.0,7630.0,57760.0,0.0,140.0,720.0,580.0,720.0,720.0,1,raw_available,140.0,
8P9101T1,SKI,KT1A,8P9101T1,0,SKIKT1A,MEIDEN,2021-01-15,2021-02-23,2013.0,50,115/22/11,63.0,19.0,7.0,0.0,112.0,0.0,0.0,7.0,1267.0,23720.0,61061.0,0.0,14.0,140.0,126.0,140.0,140.0,1,raw_available,14.0,
8P9101T1,SKI,KT1A,8P9101T1,0,SKIKT1A,MEIDEN,2022-01-10,2022-02-08,2013.0,50,115/22/11,56.0,7.0,48.0,46.0,152.0,0.0,0.0,118.0,2238.0,2645.0,31339.0,0.0,77.0,441.0,364.0,441.0,441.0,1,raw_available,77.0,
8P9101T1,SKI,KT1A,8P9101T1,0,SKIKT1A,MEIDEN,2023-02-28,2023-03-11,2013.0,50,115/22/11,62.0,8.0,30.0,43.0,135.0,0.0,0.0,163.0,3517.0,4688.0,36992.0,3.0,89.0,463.0,371.0,463.0,463.0,1,raw_available,92.0,
8P9101T1,SKI,KT1A,8P9101T1,0,SKIKT1A,MEIDEN,2024-03-01,2024-04-07,2013.0,50,115/22/11,65.0,6.0,12.0,54.0,158.0,2.0,0.0,64.0,1693.0,15019.0,40868.0,4.0,89.0,383.0,290.0,383.0,383.0,1,raw_available,93.0,
8P9101T2,SKI,KT2A,8P9101T2,0,SKIKT2A,MEIDEN,2019-03-26,2019-04-19,2004.0,50,115/22/11,55.0,15.0,75.0,62.0,206.0,3.0,0.0,116.0,2221.0,8696.0,51061.0,0.0,70.0,532.0,462.0,532.0,532.0,1,raw_available,70.0,
8P9101T2,SKI,KT2A,8P9101T2,0,SKIKT2A,MEIDEN,2020-03-27,2020-05-25,2004.0,50,115/22/11,62.0,12.0,70.0,62.0,130.0,0.0,0.0,120.0,2286.0,8140.0,53550.0,0.0,76.0,458.0,382.0,458.0,458.0,1,raw_available,76.0,
8P9101T2,SKI,KT2A,8P9101T2,0,SKIKT2A,MEIDEN,2021-01-15,2021-02-12,2004.0,50,115/22/11,59.0,10.0,69.0,71.0,161.0,0.0,0.0,87.0,2474.0,5187.0,55001.0,0.0,101.0,489.0,388.0,489.0,489.0,1,raw_available,101.0,
8P9101T2,SKI,KT2A,8P9101T2,0,SKIKT2A,MEIDEN,2022-01-10,2022-02-08,2004.0,50,115/22/11,60.0,11.0,67.0,37.0,108.0,0.0,0.0,79.0,2329.0,3577.0,47039.0,0.0,71.0,362.0,291.0,362.0,362.0,1,raw_available,71.0,
8P9101T2,SKI,KT2A,8P9101T2,0,SKIKT2A,MEIDEN,2023-02-28,2023-03-11,2004.0,50,115/22/11,65.0,9.0,34.0,49.0,121.0,0.0,0.0,90.0,2865.0,13617.0,43302.0,0.0,57.0,351.0,294.0,351.0,351.0,1,raw_available,57.0,
8P9101T2,SKI,KT2A,8P9101T2,0,SKIKT2A,MEIDEN,2024-03-01,2024-04-07,2004.0,50,115/22/11,65.0,10.0,48.0,52.0,131.0,0.0,0.0,115.0,2149.0,5711.0,34315.0,0.0,81.0,427.0,346.0,427.0,427.0,1,raw_available,81.0,
8P9102T1,HY1,KT1A,8P9102T1,0,HY1KT1A,MEIDEN,2019-07-07,2019-09-05,2004.0,50,115/33/11,59.0,25.0,15.0,68.0,222.0,0.0,0.0,133.0,2368.0,13023.0,50018.0,0.0,110.0,548.0,438.0,548.0,548.0,1,raw_available,110.0,
8P9102T1,HY1,KT1A,8P9102T1,0,HY1KT1A,MEIDEN,2020-07-12,2020-08-24,2004.0,50,115/33/11,53.0,20.0,10.0,65.0,235.0,0.0,0.0,103.0,2252.0,13879.0,47126.0,0.0,73.0,486.0,413.0,486.0,486.0,1,raw_available,73.0,
8P9102T1,HY1,KT1A,8P9102T1,0,HY1KT1A,MEIDEN,2021-06-21,2021-06-27,2004.0,50,115/33/11,,11.0,16.0,94.0,282.0,2.0,0.0,141.0,2931.0,7334.0,65081.0,0.0,139.0,674.0,535.0,674.0,674.0,1,raw_available,139.0,หลังเกิด Bouchholz Relay Trip
8P9102T1,HY1,KT1A,8P9102T1,0,HY1KT1A,MEIDEN,2021-08-02,2021-11-15,2004.0,50,115/33/11,56.0,16.0,11.0,71.0,281.0,0.0,0.0,131.0,2317.0,12545.0,58541.0,0.0,56.0,550.0,494.0,550.0,550.0,1,raw_available,56.0,
8P9102T1,HY1,KT1A,8P9102T1,0,HY1KT1A,MEIDEN,2022-07-08,2022-07-24,2004.0,50,115/33/11,54.0,11.0,23.0,45.0,295.0,13.0,0.0,164.0,2454.0,7680.0,59770.0,10.0,142.0,692.0,540.0,692.0,692.0,1,raw_available,152.0,
8P9102T1,HY1,KT1A,8P9102T1,0,HY1KT1A,MEIDEN,2023-07-09,2023-11-18,2004.0,50,115/33/11,59.0,18.0,18.0,57.0,217.0,3.0,0.0,97.0,2239.0,6145.0,41623.0,4.0,164.0,560.0,392.0,560.0,560.0,1,raw_available,168.0,
8P9102T2,HY1,KT2A,8P9102T2,0,HY1KT2A,MEIDEN,2019-07-07,2019-09-05,2004.0,50,115/33/11,59.0,24.0,4.0,64.0,209.0,2.0,0.0,100.0,1544.0,10088.0,60369.0,0.0,114.0,493.0,379.0,493.0,493.0,1,raw_available,114.0,
8P9102T2,HY1,KT2A,8P9102T2,0,HY1KT2A,MEIDEN,2020-07-12,2020-08-24,2004.0,50,115/33/11,51.0,19.0,8.0,68.0,217.0,2.0,0.0,107.0,2157.0,10486.0,58035.0,0.0,112.0,514.0,402.0,514.0,514.0,1,raw_available,112.0,
8P9102T2,HY1,KT2A,8P9102T2,0,HY1KT2A,MEIDEN,2021-08-02,2021-11-15,2004.0,50,115/33/11,62.0,20.0,10.0,62.0,249.0,0.0,0.0,103.0,2107.0,15689.0,61137.0,0.0,51.0,475.0,424.0,475.0,475.0,1,raw_available,51.0,
8P9102T2,HY1,KT2A,8P9102T2,0,HY1KT2A,MEIDEN,2022-07-08,2022-07-25,2004.0,50,115/33/11,59.0,13.0,14.0,58.0,285.0,4.0,0.0,124.0,2852.0,6600.0,66206.0,0.0,92.0,577.0,485.0,577.0,577.0,1,raw_available,92.0,
8P9102T2,HY1,KT2A,8P9102T2,0,HY1KT2A,MEIDEN,2023-07-09,2023-11-18,2004.0,50,115/33/11,63.0,19.0,11.0,65.0,228.0,3.0,0.0,106.0,2823.0,7296.0,48886.0,4.0,165.0,582.0,413.0,582.0,582.0,1,raw_available,169.0,
8P9103T1,NT,KT1A,8P9103T1,0,NTKT1A,MEIDEN,2019-09-19,2019-11-22,2004.0,50,115/33/11,50.0,18.0,14.0,89.0,284.0,0.0,0.0,0.0,0.0,8160.0,72400.0,0.0,166.0,553.0,387.0,553.0,553.0,1,raw_available,166.0,
8P9103T1,NT,KT1A,8P9103T1,0,NTKT1A,MEIDEN,2020-09-06,2020-11-13,2004.0,50,115/33/11,55.0,64.0,4.0,59.0,212.0,2.0,0.0,109.0,1814.0,10548.0,63254.0,0.0,110.0,496.0,386.0,496.0,496.0,1,raw_available,110.0,
8P9103T1,NT,KT1A,8P9103T1,0,NTKT1A,MEIDEN,2021-09-11,2021-11-16,2004.0,50,115/33/11,60.0,14.0,12.0,67.0,244.0,0.0,0.0,107.0,1810.0,11271.0,56984.0,0.0,59.0,489.0,430.0,489.0,489.0,1,raw_available,59.0,
8P9103T1,NT,KT1A,8P9103T1,0,NTKT1A,MEIDEN,2022-09-24,2022-10-08,2004.0,50,115/33/11,58.0,9.0,7.0,73.0,252.0,1.0,0.0,252.0,1637.0,7340.0,68950.0,0.0,170.0,755.0,585.0,755.0,755.0,1,raw_available,170.0,
8P9103T1,NT,KT1A,8P9103T1,0,NTKT1A,MEIDEN,2023-09-23,2023-10-30,2004.0,50,115/33/11,57.0,12.0,12.0,9.0,20.0,6.0,0.0,245.0,1678.0,7845.0,27453.0,18.0,6.0,316.0,292.0,316.0,316.0,1,raw_available,24.0,
8P9103T2,NT,KT2A,8P9103T2,0,NTKT2A,MEIDEN,2019-09-15,2019-11-22,2004.0,50,115/33/11,,23.0,18.0,48.0,189.0,0.0,0.0,0.0,0.0,12110.0,53360.0,0.0,139.0,394.0,255.0,394.0,394.0,1,raw_available,139.0,MTZ. เสีย ทำให้ CO2 และ CO ไม่Detect
8P9103T2,NT,KT2A,8P9103T2,0,NTKT2A,MEIDEN,2020-03-20,2020-03-23,2004.0,50,115/33/11,57.0,10.0,45.0,117.0,287.0,0.0,0.0,85.0,1357.0,3125.0,40992.0,0.0,171.0,705.0,534.0,705.0,705.0,1,raw_available,171.0,หลังจากมี Fault ด้าน PEA
8P9103T2,NT,KT2A,8P9103T2,0,NTKT2A,MEIDEN,2020-09-06,2020-11-13,2004.0,50,115/33/11,59.0,25.0,3.0,0.0,3.0,0.0,0.0,446.0,2440.0,10046.0,50531.0,0.0,2.0,454.0,452.0,454.0,454.0,1,raw_available,2.0,
8P9103T2,NT,KT2A,8P9103T2,0,NTKT2A,MEIDEN,2021-09-11,2021-11-16,2004.0,50,115/33/11,66.0,12.0,12.0,66.0,241.0,0.0,0.0,100.0,2182.0,9943.0,50793.0,0.0,57.0,476.0,419.0,476.0,476.0,1,raw_available,57.0,
8P9103T2,NT,KT2A,8P9103T2,0,NTKT2A,MEIDEN,2022-09-24,2022-10-08,2004.0,50,115/33/11,60.0,9.0,6.0,95.0,303.0,1.0,0.0,86.0,2299.0,4380.0,69580.0,6.0,235.0,732.0,491.0,732.0,732.0,1,raw_available,241.0,
8P9103T2,NT,KT2A,8P9103T2,0,NTKT2A,MEIDEN,2023-09-23,2023-10-30,2004.0,50,115/33/11,63.0,11.0,14.0,100.0,273.0,1.0,0.0,126.0,1927.0,8152.0,64060.0,0.0,145.0,659.0,514.0,659.0,659.0,1,raw_available,145.0,
8P9104T1,SKL,KT1A,8P9104T1,0,SKLKT1A,MEIDEN,2019-07-18,2019-09-05,2004.0,50,115/33/11,56.0,23.0,19.0,60.0,205.0,0.0,0.0,98.0,2206.0,4786.0,52222.0,0.0,92.0,474.0,382.0,474.0,474.0,1,raw_available,92.0,
8P9104T1,SKL,KT1A,8P9104T1,0,SKLKT1A,MEIDEN,2020-07-07,2020-08-24,2004.0,50,115/33/11,59.0,12.0,11.0,88.0,224.0,2.0,0.0,116.0,3016.0,8346.0,52959.0,0.0,154.0,595.0,441.0,595.0,595.0,1,raw_available,154.0,
8P9104T1,SKL,KT1A,8P9104T1,0,SKLKT1A,MEIDEN,2021-07-27,2021-11-15,2004.0,50,115/33/11,60.0,17.0,4.0,75.0,254.0,0.0,0.0,91.0,3778.0,6580.0,56910.0,19.0,186.0,629.0,424.0,629.0,629.0,1,raw_available,205.0,
8P9104T1,SKL,KT1A,8P9104T1,0,SKLKT1A,MEIDEN,2023-07-10,2023-11-22,2004.0,50,115/33/11,63.0,18.0,9.0,37.0,117.0,2.0,0.0,98.0,2102.0,12064.0,49775.0,5.0,53.0,321.0,263.0,321.0,321.0,1,raw_available,58.0,
8P9104T2,SKL,KT2A,8P9104T2,0,SKLKT2A,MEIDEN,2019-07-18,2019-09-05,2004.0,50,115/33/11,64.0,20.0,5.0,77.0,234.0,2.0,0.0,110.0,2486.0,10144.0,51524.0,0.0,128.0,556.0,428.0,556.0,556.0,1,raw_available,128.0,
8P9104T2,SKL,KT2A,8P9104T2,0,SKLKT2A,MEIDEN,2020-07-07,2020-08-24,2004.0,50,115/33/11,56.0,23.0,10.0,85.0,258.0,1.0,0.0,134.0,3164.0,8480.0,57225.0,0.0,126.0,614.0,488.0,614.0,614.0,1,raw_available,126.0,
8P9104T2,SKL,KT2A,8P9104T2,0,SKLKT2A,MEIDEN,2021-07-27,2021-11-15,2004.0,50,115/33/11,56.0,22.0,3.0,78.0,260.0,0.0,0.0,99.0,4040.0,7770.0,58220.0,18.0,180.0,638.0,440.0,638.0,638.0,1,raw_available,198.0,
8P9104T2,SKL,KT2A,8P9104T2,0,SKLKT2A,MEIDEN,2023-07-10,2023-11-22,2004.0,50,115/33/11,54.0,16.0,13.0,42.0,127.0,2.0,0.0,139.0,1729.0,11047.0,51055.0,4.0,69.0,396.0,323.0,396.0,396.0,1,raw_available,73.0,
8P9106T1,TS,KT4A,8P9106T1,0,TSKT4A,MEIDEN,2019-09-15,2019-11-23,2004.0,50,115/33/11,,17.0,16.0,46.0,121.0,0.0,0.0,0.0,0.0,10740.0,52660.0,0.0,71.0,254.0,183.0,254.0,254.0,1,raw_available,71.0,
8P9106T1,TS,KT4A,8P9106T1,0,TSKT4A,MEIDEN,2020-09-05,2020-11-10,2004.0,50,115/33/11,60.0,17.0,11.0,45.0,146.0,0.0,0.0,85.0,1819.0,8916.0,40999.0,0.0,27.0,314.0,287.0,314.0,314.0,1,raw_available,27.0,
8P9106T1,TS,KT4A,8P9106T1,0,TSKT4A,MEIDEN,2021-09-12,2021-11-16,2004.0,50,115/33/11,59.0,12.0,11.0,47.0,148.0,0.0,0.0,93.0,1939.0,6160.0,40126.0,0.0,30.0,329.0,299.0,329.0,329.0,1,raw_available,30.0,
8P9106T1,TS,KT4A,8P9106T1,0,TSKT4A,MEIDEN,2022-09-09,2022-10-08,2004.0,50,115/33/11,55.0,9.0,8.0,64.0,172.0,1.0,0.0,78.0,2002.0,6240.0,58000.0,25.0,110.0,458.0,323.0,458.0,458.0,1,raw_available,135.0,
8P9106T1,TS,KT4A,8P9106T1,0,TSKT4A,MEIDEN,2023-10-06,2023-10-29,2004.0,50,115/33/11,50.0,13.0,9.0,63.0,160.0,1.0,0.0,94.0,1750.0,9679.0,47378.0,0.0,74.0,401.0,327.0,401.0,401.0,1,raw_available,74.0,
8R8199T1,UB2,KT1A,8R8199T1,0,UB2KT1A,MEIDEN,2020-03-02,2020-04-03,2006.0,50,115/22,26.0,17.0,52.0,23.0,3.0,0.0,0.0,119.0,796.0,11531.0,46947.0,0.0,1.0,198.0,197.0,198.0,198.0,1,raw_available,1.0,Tx. Cold stanby.
8R8199T1,UB2,KT1A,8R8199T1,0,UB2KT1A,MEIDEN,2021-03-02,2021-05-20,2006.0,50,115/22,55.0,20.0,18.0,15.0,120.0,0.0,0.0,49.0,932.0,30599.0,61033.0,0.0,44.0,246.0,202.0,246.0,246.0,1,raw_available,44.0,
8R8199T1,UB2,KT1A,8R8199T1,0,UB2KT1A,MEIDEN,2022-02-07,2022-02-18,2006.0,50,115/22,57.0,13.0,86.0,44.0,119.0,1.0,0.0,116.0,1951.0,4862.0,58126.0,0.0,4.0,370.0,366.0,370.0,370.0,1,raw_available,4.0,
8R8199T1,UB2,KT1A,8R8199T1,0,UB2KT1A,MEIDEN,2023-02-04,2023-02-18,2006.0,50,115/22,38.0,8.0,82.0,70.0,178.0,5.0,0.0,210.0,1889.0,9579.0,59175.0,4.0,89.0,638.0,545.0,638.0,638.0,1,raw_available,93.0,
8R8199T1,UB2,KT1A,8R8199T1,0,UB2KT1A,MEIDEN,2024-02-04,2024-03-08,2006.0,50,115/22,40.0,9.0,32.0,39.0,36.0,6.0,0.0,120.0,1090.0,5221.0,33443.0,0.0,2.0,235.0,233.0,235.0,235.0,1,raw_available,2.0,
8R8393T1,PY,KT2A,8R8393T1,0,PYKT2A,MEIDEN,2020-03-15,2020-03-21,2007.0,50,115/22,32.0,7.0,0.0,52.0,121.0,0.0,0.0,51.0,665.0,19380.0,79510.0,20.0,86.0,330.0,224.0,330.0,330.0,1,raw_available,106.0,
8R8393T1,PY,KT2A,8R8393T1,0,PYKT2A,MEIDEN,2021-06-21,2021-08-30,2007.0,50,115/22,,9.0,6.0,46.0,141.0,0.0,0.0,69.0,870.0,7412.0,42749.0,0.0,19.0,281.0,262.0,281.0,281.0,1,raw_available,19.0,
8R8393T1,PY,KT2A,8R8393T1,0,PYKT2A,MEIDEN,2022-07-14,2022-07-14,2007.0,50,115/22,,19.0,7.0,49.0,205.0,4.0,0.0,78.0,1135.0,6108.0,33982.0,0.0,65.0,408.0,343.0,408.0,408.0,1,raw_available,65.0,
8R8393T1,PY,KT2A,8R8393T1,0,PYKT2A,MEIDEN,2023-04-28,2023-06-10,2007.0,50,115/22,60.0,22.0,5.0,85.0,207.0,5.0,0.0,75.0,1303.0,29067.0,88108.0,4.0,81.0,462.0,377.0,462.0,462.0,1,raw_available,85.0,
8R8393T1,PY,KT2A,8R8393T1,0,PYKT2A,MEIDEN,2024-04-29,2024-05-26,2007.0,50,115/22,59.0,13.0,2.0,23.0,54.0,3.0,0.0,94.0,1393.0,9157.0,43001.0,0.0,50.0,226.0,176.0,226.0,226.0,1,raw_available,50.0,
8R8394T1,CA,KT1A,8R8394T1,0,CAKT1A,MEIDEN,2019-01-18,2019-03-08,2009.0,50,115/22,66.0,27.0,13.0,58.0,217.0,7.0,0.0,77.0,681.0,8217.0,41902.0,0.0,151.0,523.0,372.0,523.0,523.0,1,raw_available,151.0,
8R8394T1,CA,KT1A,8R8394T1,0,CAKT1A,MEIDEN,2021-01-15,2021-01-31,2009.0,50,115/22,,12.0,22.0,106.0,457.0,3.0,0.0,63.0,1483.0,5840.0,144690.0,33.0,322.0,1006.0,651.0,1006.0,1006.0,1,raw_available,355.0,
8R8394T1,CA,KT1A,8R8394T1,0,CAKT1A,MEIDEN,2022-01-21,2022-02-05,2009.0,50,115/22,50.0,22.0,15.0,89.0,398.0,4.0,0.0,73.0,1504.0,8510.0,75410.0,16.0,341.0,936.0,579.0,936.0,936.0,1,raw_available,357.0,
8R8394T1,CA,KT1A,8R8394T1,0,CAKT1A,MEIDEN,2023-01-20,2023-01-27,2009.0,50,115/22,48.0,8.0,33.0,165.0,617.0,11.0,0.0,119.0,1574.0,6737.0,74082.0,19.0,379.0,1343.0,945.0,1343.0,1343.0,1,raw_available,398.0,
8R8394T1,CA,KT1A,8R8394T1,0,CAKT1A,MEIDEN,2024-01-18,2024-01-30,2009.0,50,115/22,48.0,10.0,14.0,174.0,719.0,14.0,0.0,131.0,1465.0,8497.0,84943.0,21.0,379.0,1452.0,1052.0,1452.0,1452.0,1,raw_available,400.0,
8R8395T1,BPK,KT5A,8R8395T1,0,BPKKT5A,MEIDENSHA,2019-11-14,2019-11-24,2008.0,50,115/22,57.0,10.0,18.0,20.0,22.0,10.0,0.0,180.0,1700.0,5400.0,31570.0,68.0,16.0,334.0,250.0,334.0,334.0,1,raw_available,84.0,
8R8395T1,BPK,KT5A,8R8395T1,0,BPKKT5A,MEIDENSHA,2022-05-15,2022-06-09,2008.0,50,115/22,57.0,16.0,27.0,23.0,23.0,0.0,0.0,218.0,2349.0,5481.0,27580.0,0.0,17.0,308.0,291.0,308.0,308.0,1,raw_available,17.0,
8R8395T1,BPK,KT5A,8R8395T1,0,BPKKT5A,MEIDENSHA,2022-11-19,2022-11-27,2008.0,50,115/22,47.0,9.0,2.0,19.0,16.0,2.0,0.0,186.0,1652.0,7877.0,33784.0,4.0,12.0,241.0,225.0,241.0,241.0,1,raw_available,16.0,
8R8395T1,BPK,KT5A,8R8395T1,0,BPKKT5A,MEIDENSHA,2023-06-04,2023-06-10,2008.0,50,115/22,50.0,10.0,14.0,22.0,25.0,3.0,0.0,216.0,2458.0,3803.0,23972.0,92.0,10.0,382.0,280.0,382.0,382.0,1,raw_available,102.0,
8R8395T1,BPK,KT5A,8R8395T1,0,BPKKT5A,MEIDENSHA,2024-06-23,2024-06-30,2008.0,50,115/22,70.0,16.0,23.0,35.0,38.0,3.0,0.0,277.0,3507.0,8093.0,38283.0,5.0,25.0,406.0,376.0,406.0,406.0,1,raw_available,30.0,
8R8395T2,SA1,KT5A,8R8395T2,0,SA1KT5A,MEIDEN,2019-10-20,2019-10-25,2007.0,50,115/22,63.0,15.0,3.0,140.0,434.0,5.0,0.0,167.0,3107.0,5519.0,48210.0,0.0,223.0,972.0,749.0,972.0,972.0,1,raw_available,223.0,
8R8395T2,SA1,KT5A,8R8395T2,0,SA1KT5A,MEIDEN,2020-11-27,2020-11-27,2007.0,50,115/22,43.0,5.0,3.0,139.0,396.0,2.0,0.0,185.0,2698.0,6017.0,52826.0,0.0,265.0,990.0,725.0,990.0,990.0,1,raw_available,265.0,เนื่องจากมีแมวปีน BKR. ทำให้ BKR. ด้าน Low Side ทำงาน Trip
8R8395T2,SA1,KT5A,8R8395T2,0,SA1KT5A,MEIDEN,2021-05-21,2021-07-25,2007.0,50,115/22,72.0,16.0,8.0,144.0,407.0,5.0,0.0,174.0,2307.0,6876.0,50020.0,0.0,257.0,995.0,738.0,995.0,995.0,1,raw_available,257.0,
8R8395T2,SA1,KT5A,8R8395T2,0,SA1KT5A,MEIDEN,2022-05-28,2022-06-10,2007.0,50,115/22,66.0,12.0,9.0,111.0,479.0,7.0,0.0,156.0,2825.0,4018.0,47267.0,0.0,174.0,936.0,762.0,936.0,936.0,1,raw_available,174.0,
8R8395T2,SA1,KT5A,8R8395T2,0,SA1KT5A,MEIDEN,2023-05-25,2023-06-09,2007.0,50,115/22,62.0,8.0,12.0,147.0,418.0,5.0,0.0,161.0,2716.0,7387.0,45891.0,0.0,171.0,914.0,743.0,914.0,914.0,1,raw_available,171.0,
8R8396T2,CR,KT2A,8R8396T2,0,CRKT2A,MEIDEN,2020-04-04,2020-04-18,2007.0,50,115/22,,8.0,47.0,60.0,0.0,0.0,0.0,116.0,934.0,3204.0,44035.0,0.0,0.0,223.0,223.0,223.0,223.0,1,raw_available,0.0,
8R8396T2,CR,KT2A,8R8396T2,0,CRKT2A,MEIDEN,2021-06-21,2021-08-30,2007.0,50,115/22,,13.0,9.0,47.0,95.0,0.0,0.0,142.0,2088.0,7077.0,45997.0,0.0,11.0,304.0,293.0,304.0,304.0,1,raw_available,11.0,
8R8396T2,CR,KT2A,8R8396T2,0,CRKT2A,MEIDEN,2022-06-18,2022-06-20,2007.0,50,115/22,,8.0,18.0,63.0,106.0,22.0,0.0,107.0,1733.0,3981.0,47772.0,36.0,72.0,424.0,316.0,424.0,424.0,1,raw_available,108.0,
8R8396T2,CR,KT2A,8R8396T2,0,CRKT2A,MEIDEN,2023-06-01,2023-06-10,2007.0,50,115/22,,15.0,13.0,114.0,170.0,5.0,0.0,311.0,5366.0,5395.0,44786.0,4.0,55.0,672.0,613.0,672.0,672.0,1,raw_available,59.0,
8R8396T2,CR,KT2A,8R8396T2,0,CRKT2A,MEIDEN,2024-04-28,2024-05-26,2007.0,50,115/22,60.0,11.0,6.0,35.0,103.0,4.0,0.0,128.0,2429.0,5428.0,43244.0,0.0,74.0,350.0,276.0,350.0,350.0,1,raw_available,74.0,
8R8397T1,LN2,KT1A,8R8397T1,0,LN2KT1A,MEIDEN,2020-03-17,2020-05-17,2011.0,50,115/22,67.0,12.0,3.0,147.0,465.0,3.0,0.0,353.0,4412.0,5665.0,60459.0,0.0,280.0,1251.0,971.0,1251.0,1251.0,1,raw_available,280.0,
8R8397T1,LN2,KT1A,8R8397T1,0,LN2KT1A,MEIDEN,2021-04-10,2021-10-21,2011.0,50,115/22,,20.0,7.0,272.0,519.0,2.0,0.0,331.0,3461.0,7651.0,64569.0,0.0,313.0,1444.0,1131.0,1444.0,1444.0,1,raw_available,313.0,
8R8397T1,LN2,KT1A,8R8397T1,0,LN2KT1A,MEIDEN,2022-06-12,2022-06-20,2011.0,50,115/22,90.0,14.0,2.0,20.0,68.0,8.0,0.0,154.0,1652.0,15526.0,48207.0,0.0,66.0,318.0,252.0,318.0,318.0,1,raw_available,66.0,
8R8397T1,LN2,KT1A,8R8397T1,0,LN2KT1A,MEIDEN,2023-04-03,2023-06-04,2011.0,50,115/22,63.0,11.0,2.0,10.0,44.0,4.0,0.0,95.0,1009.0,7635.0,37408.0,3.0,39.0,197.0,155.0,197.0,197.0,1,raw_available,42.0,
8R8397T1,LN2,KT1A,8R8397T1,0,LN2KT1A,MEIDEN,2024-02-08,2024-05-26,2011.0,50,115/22,,16.0,3.0,29.0,72.0,5.0,0.0,125.0,1360.0,6344.0,37503.0,0.0,61.0,295.0,234.0,295.0,295.0,1,raw_available,61.0,
8R8397T2,LN2,KT2A,8R8397T2,0,LN2KT2A,MEIDEN,2020-03-17,2020-05-16,2006.0,50,115/22,58.0,15.0,9.0,110.0,418.0,17.0,0.0,182.0,2521.0,6015.0,74038.0,77.0,489.0,1302.0,736.0,1302.0,1302.0,1,raw_available,566.0,
8R8397T2,LN2,KT2A,8R8397T2,0,LN2KT2A,MEIDEN,2021-04-10,2021-10-09,2006.0,50,115/22,,22.0,6.0,81.0,357.0,11.0,0.0,186.0,2260.0,7181.0,62836.0,0.0,278.0,919.0,641.0,919.0,919.0,1,raw_available,278.0,
8R8397T2,LN2,KT2A,8R8397T2,0,LN2KT2A,MEIDEN,2022-06-12,2022-06-20,2006.0,50,115/22,,14.0,2.0,40.0,209.0,7.0,0.0,138.0,1714.0,12084.0,70613.0,6.0,269.0,671.0,396.0,671.0,671.0,1,raw_available,275.0,
8R8397T2,LN2,KT2A,8R8397T2,0,LN2KT2A,MEIDEN,2023-04-03,2023-06-04,2006.0,50,115/22,62.0,12.0,2.0,69.0,222.0,8.0,0.0,147.0,1819.0,8282.0,61147.0,6.0,227.0,681.0,448.0,681.0,681.0,1,raw_available,233.0,
8R8397T2,LN2,KT2A,8R8397T2,0,LN2KT2A,MEIDEN,2024-02-08,2024-05-26,2006.0,50,115/22,,17.0,6.0,83.0,332.0,6.0,0.0,168.0,2119.0,6134.0,68431.0,0.0,320.0,915.0,595.0,915.0,915.0,1,raw_available,320.0,
8R8398T1,CM2,KT1A,8R8398T1,0,CM2KT1A,MEIDEN,2019-10-21,2019-11-29,2007.0,50,115/22,65.0,9.0,18.0,92.0,299.0,2.0,0.0,268.0,2922.0,6843.0,44317.0,76.0,245.0,1000.0,679.0,1000.0,1000.0,1,raw_available,321.0,
8R8398T1,CM2,KT1A,8R8398T1,0,CM2KT1A,MEIDEN,2020-03-27,2020-05-16,2007.0,50,115/22,65.0,9.0,8.0,192.0,457.0,0.0,0.0,282.0,3060.0,2564.0,53378.0,0.0,329.0,1268.0,939.0,1268.0,1268.0,1,raw_available,329.0,
8R8398T1,CM2,KT1A,8R8398T1,0,CM2KT1A,MEIDEN,2021-04-10,2021-10-21,2007.0,50,115/22,,31.0,18.0,270.0,416.0,3.0,0.0,297.0,2309.0,4354.0,59854.0,0.0,255.0,1259.0,1004.0,1259.0,1259.0,1,raw_available,255.0,
8R8398T1,CM2,KT1A,8R8398T1,0,CM2KT1A,MEIDEN,2022-06-09,2022-06-19,2007.0,50,115/22,,12.0,4.0,109.0,305.0,22.0,0.0,235.0,2573.0,6279.0,5935.0,71.0,244.0,990.0,675.0,990.0,990.0,1,raw_available,315.0,
8R8398T1,CM2,KT1A,8R8398T1,0,CM2KT1A,MEIDEN,2023-04-03,2023-06-04,2007.0,50,115/22,53.0,9.0,7.0,123.0,344.0,12.0,0.0,219.0,2718.0,9990.0,61591.0,10.0,224.0,939.0,705.0,939.0,939.0,1,raw_available,234.0,
8R8398T1,CM2,KT1A,8R8398T1,0,CM2KT1A,MEIDEN,2024-02-08,2024-05-26,2007.0,50,115/22,,11.0,3.0,166.0,456.0,4.0,0.0,374.0,3580.0,7424.0,62656.0,12.0,266.0,1281.0,1003.0,1281.0,1281.0,1,raw_available,278.0,
8R8399T1,SM,KT3A,8R8399T1,0,SMKT3A,MEIDEN,2021-03-14,2021-05-11,2006.0,50,115/22,58.0,21.0,22.0,36.0,68.0,2.0,0.0,94.0,876.0,5421.0,43308.0,4.0,62.0,288.0,222.0,288.0,288.0,1,raw_available,66.0,
8R8399T1,SM,KT3A,8R8399T1,0,SMKT3A,MEIDEN,2022-03-24,2022-04-01,2006.0,50,115/22,53.0,9.0,6.0,57.0,111.0,4.0,0.0,119.0,1386.0,5496.0,29891.0,0.0,62.0,419.0,297.0,419.0,419.0,1,raw_available,122.0,
8R8399T1,SM,KT3A,8R8399T1,0,SMKT3A,MEIDEN,2023-03-23,2023-04-06,2006.0,50,115/22,51.0,8.0,3.0,47.0,118.0,2.0,0.0,135.0,1538.0,18768.0,83579.0,0.0,96.0,401.0,305.0,401.0,401.0,1,raw_available,96.0,
8R8399T1,SM,KT3A,8R8399T1,0,SMKT3A,MEIDEN,2024-03-16,2024-04-09,2006.0,50,115/22,50.0,12.0,6.0,80.0,240.0,183.0,0.0,127.0,1579.0,14020.0,40310.0,323.0,186.0,1145.0,636.0,1145.0,1145.0,1,raw_available,509.0,
8R8400T1,SR1,KT2A,8R8400T1,0,SR1KT2A,MEIDEN,2019-12-20,2020-01-10,2009.0,50,115/22,48.0,6.0,2.0,98.0,414.0,2.0,0.0,117.0,1594.0,1770.0,73312.0,1.0,397.0,1031.0,633.0,1031.0,1031.0,1,raw_available,398.0,
8R8400T1,SR1,KT2A,8R8400T1,0,SR1KT2A,MEIDEN,2020-05-18,2020-06-27,2009.0,50,115/22,58.0,21.0,35.0,113.0,482.0,2.0,0.0,112.0,2990.0,8120.0,123410.0,69.0,350.0,1163.0,744.0,1163.0,1163.0,1,raw_available,419.0,
8R8400T1,SR1,KT2A,8R8400T1,0,SR1KT2A,MEIDEN,2022-07-03,2022-07-14,2009.0,50,115/22,62.0,13.0,37.0,108.0,405.0,3.0,0.0,113.0,2958.0,8290.0,68080.0,23.0,347.0,1036.0,666.0,1036.0,1036.0,1,raw_available,370.0,
8R8400T1,SR1,KT2A,8R8400T1,0,SR1KT2A,MEIDEN,2023-02-10,2023-02-25,2009.0,50,115/22,58.0,5.0,10.0,168.0,521.0,9.0,0.0,125.0,3089.0,6551.0,53212.0,0.0,324.0,1157.0,833.0,1157.0,1157.0,1,raw_available,324.0,color 1.5
8R8400T1,SR1,KT2A,8R8400T1,0,SR1KT2A,MEIDEN,2024-03-22,2024-04-20,2009.0,50,115/22,66.0,10.0,8.0,189.0,607.0,12.0,0.0,168.0,3077.0,9932.0,72613.0,19.0,424.0,1427.0,984.0,1427.0,1427.0,1,raw_available,443.0,
8R8401T1,SN2,KT3A,8R8401T1,0,SN2KT3A,MEIDEN,2021-06-12,2021-09-12,2004.0,50,115/22,61.0,8.0,17.0,29.0,284.0,0.0,0.0,13.0,559.0,28615.0,76951.0,11.0,236.0,590.0,343.0,590.0,590.0,1,raw_available,247.0,
8R8401T1,SN2,KT3A,8R8401T1,0,SN2KT3A,MEIDEN,2022-06-16,2022-06-25,2004.0,50,115/22,58.0,7.0,10.0,109.0,387.0,18.0,0.0,112.0,1291.0,3270.0,66710.0,6.0,304.0,946.0,636.0,946.0,946.0,1,raw_available,310.0,
8R8401T1,SN2,KT3A,8R8401T1,0,SN2KT3A,MEIDEN,2023-05-11,2023-07-01,2004.0,50,115/22,64.0,16.0,11.0,113.0,465.0,3.0,0.0,127.0,1794.0,7849.0,57133.0,0.0,433.0,1152.0,719.0,1152.0,1152.0,1,raw_available,433.0,
8R8401T1,SN2,KT3A,8R8401T1,0,SN2KT3A,MEIDEN,2024-06-03,2024-06-07,2004.0,50,115/22,58.0,6.0,5.0,140.0,475.0,8.0,0.0,120.0,1731.0,9856.0,30296.0,63.0,474.0,1285.0,748.0,1285.0,1285.0,1,raw_available,537.0,
8R8402T1,PY,KT1A,8R8402T1,0,PYKT1A,MEIDEN,2020-03-15,2020-03-21,2007.0,50,115/22,32.0,14.0,1.0,57.0,80.0,0.0,0.0,96.0,1325.0,17970.0,80970.0,73.0,58.0,365.0,234.0,365.0,365.0,1,raw_available,131.0,
8R8402T1,PY,KT1A,8R8402T1,0,PYKT1A,MEIDEN,2021-06-21,2021-08-29,2007.0,50,115/22,,16.0,7.0,61.0,134.0,0.0,0.0,145.0,2363.0,8199.0,39188.0,0.0,15.0,362.0,347.0,362.0,362.0,1,raw_available,15.0,
8R8402T1,PY,KT1A,8R8402T1,0,PYKT1A,MEIDEN,2022-07-14,2022-07-14,2007.0,50,115/22,,21.0,10.0,56.0,164.0,5.0,0.0,169.0,3125.0,5816.0,40146.0,0.0,51.0,455.0,404.0,455.0,455.0,1,raw_available,51.0,
8R8402T1,PY,KT1A,8R8402T1,0,PYKT1A,MEIDEN,2023-04-28,2023-06-10,2007.0,50,115/22,63.0,19.0,4.0,110.0,193.0,5.0,0.0,207.0,3479.0,7752.0,40946.0,6.0,67.0,592.0,519.0,592.0,592.0,1,raw_available,73.0,
8R8402T1,PY,KT1A,8R8402T1,0,PYKT1A,MEIDEN,2024-04-29,2024-05-26,2007.0,50,115/22,60.0,14.0,3.0,96.0,171.0,4.0,0.0,192.0,2960.0,5502.0,36758.0,6.0,86.0,558.0,466.0,558.0,558.0,1,raw_available,92.0,
8R8403T1,SC,KT3A,8R8403T1,0,SCKT3A,MEIDEN,2019-11-15,2019-11-30,2007.0,50,115/22,63.0,13.0,2.0,58.0,147.0,2.0,0.0,196.0,1938.0,4664.0,37438.0,0.0,71.0,476.0,405.0,476.0,476.0,1,raw_available,71.0,
8R8403T1,SC,KT3A,8R8403T1,0,SCKT3A,MEIDEN,2022-05-12,2022-06-09,2007.0,50,115/22,56.0,14.0,2.0,61.0,208.0,0.0,0.0,310.0,1861.0,4132.0,61777.0,0.0,64.0,645.0,581.0,645.0,645.0,1,raw_available,64.0,
8R8403T1,SC,KT3A,8R8403T1,0,SCKT3A,MEIDEN,2022-11-18,2022-11-27,2007.0,50,115/22,54.0,8.0,2.0,95.0,175.0,2.0,0.0,314.0,2026.0,3290.0,53550.0,40.0,134.0,762.0,588.0,762.0,762.0,1,raw_available,174.0,
8R8403T1,SC,KT3A,8R8403T1,0,SCKT3A,MEIDEN,2023-06-25,2023-06-26,2007.0,50,115/22,60.0,7.0,3.0,157.0,263.0,9.0,0.0,250.0,2262.0,4411.0,67071.0,0.0,153.0,835.0,682.0,835.0,835.0,1,raw_available,153.0,
8R8403T1,SC,KT3A,8R8403T1,0,SCKT3A,MEIDEN,2024-06-07,2024-06-17,2007.0,50,115/22,62.0,10.0,4.0,144.0,271.0,8.0,0.0,255.0,2319.0,15388.0,71546.0,13.0,173.0,868.0,682.0,868.0,868.0,1,raw_available,186.0,
8R8403T2,SR4,KT2A,8R8403T2,0,SR4KT2A,MEIDEN,2019-12-19,2020-01-12,2007.0,50,115/22,50.0,8.0,9.0,70.0,336.0,7.0,0.0,79.0,1020.0,21324.0,80421.0,1.0,333.0,835.0,501.0,835.0,835.0,1,raw_available,334.0,
8R8403T2,SR4,KT2A,8R8403T2,0,SR4KT2A,MEIDEN,2020-06-26,2020-08-15,2007.0,50,115/22,58.0,19.0,11.0,92.0,291.0,1.0,0.0,101.0,1576.0,10960.0,126060.0,126.0,232.0,854.0,496.0,854.0,854.0,1,raw_available,358.0,
8R8403T2,SR4,KT2A,8R8403T2,0,SR4KT2A,MEIDEN,2022-07-30,2022-08-07,2007.0,50,115/22,52.0,8.0,3.0,150.0,546.0,10.0,0.0,121.0,1204.0,12150.0,61302.0,0.0,340.0,1170.0,830.0,1170.0,1170.0,1,raw_available,340.0,
8R8403T2,SR4,KT2A,8R8403T2,0,SR4KT2A,MEIDEN,2023-02-03,2023-02-26,2007.0,50,115/22,57.0,11.0,10.0,145.0,488.0,9.0,0.0,154.0,1300.0,5293.0,51622.0,0.0,280.0,1086.0,806.0,1086.0,1086.0,1,raw_available,280.0,
8R8403T2,SR4,KT2A,8R8403T2,0,SR4KT2A,MEIDEN,2024-05-11,2024-05-18,2007.0,50,115/22,56.0,5.0,13.0,144.0,548.0,11.0,0.0,197.0,1354.0,1837.0,29171.0,10.0,333.0,1256.0,913.0,1256.0,1256.0,1,raw_available,343.0,
8R8404T1,BGS,KT1A,8R8404T1,0,BGSKT1A,MEIDEN,2019-09-15,2019-09-21,2007.0,50,115/22,67.0,10.0,19.0,66.0,281.0,0.0,0.0,163.0,1581.0,15794.0,42214.0,0.0,244.0,773.0,529.0,773.0,773.0,1,raw_available,244.0,
8R8404T1,BGS,KT1A,8R8404T1,0,BGSKT1A,MEIDEN,2021-01-22,2021-02-13,2007.0,50,115/22,64.0,13.0,25.0,54.0,238.0,0.0,0.0,160.0,1372.0,17582.0,53798.0,0.0,209.0,686.0,477.0,686.0,686.0,1,raw_available,209.0,
8R8404T1,BGS,KT1A,8R8404T1,0,BGSKT1A,MEIDEN,2021-10-18,2021-11-17,2007.0,50,115/22,61.0,10.0,21.0,95.0,315.0,1.0,0.0,215.0,2781.0,6098.0,43642.0,0.0,313.0,960.0,647.0,960.0,960.0,1,raw_available,313.0,
8R8404T1,BGS,KT1A,8R8404T1,0,BGSKT1A,MEIDEN,2023-03-03,2023-03-12,2007.0,50,115/22,34.0,10.0,21.0,121.0,394.0,4.0,0.0,242.0,1889.0,2467.0,58273.0,3.0,314.0,1099.0,782.0,1099.0,1099.0,1,raw_available,317.0,
8R8404T1,BGS,KT1A,8R8404T1,0,BGSKT1A,MEIDEN,2024-02-02,2024-02-24,2007.0,50,115/22,62.0,9.0,16.0,177.0,553.0,6.0,0.0,256.0,1963.0,13020.0,42400.0,56.0,441.0,1505.0,1008.0,1505.0,1505.0,1,raw_available,497.0,
8R8405T1,KB1,KT2A,8R8405T1,0,KB1KT2A,MEIDEN,2021-04-23,2021-06-11,2008.0,50,115/22,63.0,10.0,44.0,128.0,317.0,2.0,0.0,155.0,2697.0,2710.0,26430.0,19.0,261.0,926.0,646.0,926.0,926.0,1,raw_available,280.0,
8R8405T1,KB1,KT2A,8R8405T1,0,KB1KT2A,MEIDEN,2022-04-24,2022-05-13,2008.0,50,115/22,62.0,9.0,10.0,159.0,479.0,12.0,0.0,127.0,1736.0,5941.0,48848.0,19.0,377.0,1183.0,787.0,1183.0,1183.0,1,raw_available,396.0,
8R8405T1,KB1,KT2A,8R8405T1,0,KB1KT2A,MEIDEN,2023-04-21,2023-05-07,2008.0,50,115/22,60.0,10.0,5.0,244.0,623.0,12.0,0.0,235.0,2142.0,3911.0,80200.0,33.0,394.0,1546.0,1119.0,1546.0,1546.0,1,raw_available,427.0,
8R8405T1,KB1,KT2A,8R8405T1,0,KB1KT2A,MEIDEN,2024-04-29,2024-05-06,2008.0,50,115/22,63.0,5.0,11.0,258.0,794.0,8.0,0.0,259.0,2436.0,3157.0,61696.0,0.0,503.0,1833.0,1330.0,1833.0,1833.0,1,raw_available,503.0,
8R8406T1,CM2,KT2A,8R8406T1,0,CM2KT2A,MEIDEN,2020-03-27,2020-03-27,2007.0,50,115/22,43.0,7.0,10.0,187.0,535.0,0.0,0.0,284.0,2880.0,7016.0,52519.0,0.0,423.0,1439.0,1016.0,1439.0,1439.0,1,raw_available,423.0,
8R8406T1,CM2,KT2A,8R8406T1,0,CM2KT2A,MEIDEN,2021-04-10,2021-10-09,2007.0,50,115/22,,19.0,6.0,113.0,403.0,0.0,0.0,274.0,1828.0,14211.0,53974.0,0.0,253.0,1049.0,796.0,1049.0,1049.0,1,raw_available,253.0,
8R8406T1,CM2,KT2A,8R8406T1,0,CM2KT2A,MEIDEN,2022-06-09,2022-06-20,2007.0,50,115/22,74.0,11.0,2.0,76.0,298.0,13.0,0.0,258.0,1758.0,16115.0,63617.0,70.0,286.0,1003.0,647.0,1003.0,1003.0,1,raw_available,356.0,
8R8406T1,CM2,KT2A,8R8406T1,0,CM2KT2A,MEIDEN,2023-04-03,2023-06-09,2007.0,50,115/22,57.0,12.0,4.0,180.0,529.0,7.0,0.0,269.0,2715.0,17698.0,71717.0,8.0,346.0,1343.0,989.0,1343.0,1343.0,1,raw_available,354.0,
8R8406T1,CM2,KT2A,8R8406T1,0,CM2KT2A,MEIDEN,2024-02-08,2024-05-26,2007.0,50,115/22,,10.0,5.0,177.0,605.0,8.0,0.0,211.0,2811.0,2462.0,30911.0,0.0,432.0,1438.0,1006.0,1438.0,1438.0,1,raw_available,432.0,
8R8407T1,PR,KT1A,8R8407T1,0,PRKT1A,MEIDEN,2019-05-19,2019-06-07,2007.0,50,115/22,61.0,9.0,4.0,88.0,323.0,8.0,0.0,84.0,857.0,5707.0,44963.0,0.0,171.0,678.0,507.0,678.0,678.0,1,raw_available,171.0,
8R8407T1,PR,KT1A,8R8407T1,0,PRKT1A,MEIDEN,2020-05-23,2020-06-05,2007.0,50,115/22,50.0,12.0,2.0,109.0,447.0,10.0,0.0,78.0,546.0,3492.0,54080.0,0.0,253.0,899.0,646.0,899.0,899.0,1,raw_available,253.0,
8R8407T1,PR,KT1A,8R8407T1,0,PRKT1A,MEIDEN,2021-04-04,2021-05-29,2007.0,50,115/22,59.0,9.0,30.0,59.0,195.0,3.0,0.0,42.0,689.0,6550.0,113780.0,9.0,166.0,504.0,329.0,504.0,504.0,1,raw_available,175.0,
8R8407T1,PR,KT1A,8R8407T1,0,PRKT1A,MEIDEN,2022-03-05,2022-03-18,2007.0,50,115/22,52.0,7.0,8.0,0.0,392.0,8.0,0.0,72.0,813.0,5865.0,46023.0,0.0,150.0,630.0,480.0,630.0,630.0,1,raw_available,150.0,
8R8407T1,PR,KT1A,8R8407T1,0,PRKT1A,MEIDEN,2023-04-21,2023-04-29,2007.0,50,115/22,63.0,8.0,3.0,108.0,434.0,14.0,0.0,83.0,946.0,4067.0,56314.0,82.0,320.0,1044.0,642.0,1044.0,1044.0,1,raw_available,402.0,
8R8407T2,PR,KT2A,8R8407T2,0,PRKT2A,MEIDEN,2019-05-19,2019-06-07,2007.0,50,115/22,60.0,14.0,26.0,71.0,148.0,3.0,0.0,223.0,2081.0,8474.0,50379.0,0.0,258.0,729.0,471.0,729.0,729.0,1,raw_available,258.0,
8R8407T2,PR,KT2A,8R8407T2,0,PRKT2A,MEIDEN,2020-05-23,2020-06-05,2007.0,50,115/22,,10.0,2.0,285.0,904.0,29.0,0.0,174.0,766.0,1831.0,72116.0,0.0,645.0,2039.0,1394.0,2039.0,2039.0,1,raw_available,645.0,
8R8407T2,PR,KT2A,8R8407T2,0,PRKT2A,MEIDEN,2021-04-04,2021-05-29,2007.0,50,115/22,57.0,17.0,47.0,126.0,403.0,10.0,0.0,85.0,941.0,1670.0,184790.0,33.0,395.0,1099.0,671.0,1099.0,1099.0,1,raw_available,428.0,
8R8407T2,PR,KT2A,8R8407T2,0,PRKT2A,MEIDEN,2022-03-05,2022-03-18,2007.0,50,115/22,50.0,6.0,5.0,0.0,685.0,22.0,0.0,137.0,1003.0,7389.0,61225.0,19.0,354.0,1222.0,849.0,1222.0,1222.0,1,raw_available,373.0,
8R8407T2,PR,KT2A,8R8407T2,0,PRKT2A,MEIDEN,2023-04-21,2023-04-29,2007.0,50,115/22,61.0,10.0,3.0,207.0,756.0,26.0,0.0,161.0,1161.0,4063.0,73604.0,45.0,716.0,1914.0,1153.0,1914.0,1914.0,1,raw_available,761.0,
8R8408T1,CB,KT2A,8R8408T1,0,CBKT2A,MEIDEN,2019-11-08,2019-11-24,2007.0,50,115/22,62.0,9.0,10.0,68.0,125.0,0.0,0.0,192.0,1300.0,4350.0,33520.0,36.0,88.0,519.0,395.0,519.0,519.0,1,raw_available,124.0,
8R8408T1,CB,KT2A,8R8408T1,0,CBKT2A,MEIDEN,2022-05-20,2022-06-06,2007.0,50,115/22,68.0,13.0,7.0,25.0,66.0,0.0,0.0,132.0,3456.0,6971.0,21619.0,0.0,19.0,249.0,230.0,249.0,249.0,1,raw_available,19.0,
8R8408T1,CB,KT2A,8R8408T1,0,CBKT2A,MEIDEN,2022-12-15,2023-01-06,2007.0,50,115/22,57.0,10.0,3.0,23.0,42.0,0.0,0.0,84.0,3291.0,5551.0,24895.0,0.0,34.0,186.0,152.0,186.0,186.0,1,raw_available,34.0,
8R8408T1,CB,KT2A,8R8408T1,0,CBKT2A,MEIDEN,2023-05-20,2023-05-26,2007.0,50,115/22,58.0,7.0,1.0,35.0,62.0,1.0,0.0,82.0,2852.0,4245.0,25726.0,0.0,42.0,223.0,181.0,223.0,223.0,1,raw_available,42.0,
8R8408T1,CB,KT2A,8R8408T1,0,CBKT2A,MEIDEN,2024-04-22,2024-04-24,2007.0,50,115/22,64.0,7.0,4.0,88.0,151.0,4.0,0.0,152.0,3481.0,5780.0,23900.0,17.0,121.0,537.0,399.0,537.0,537.0,1,raw_available,138.0,
8R8408T2,PRB,KT1A,8R8408T2,0,PRBKT1A,MEIDEN,2019-07-18,2019-08-08,2007.0,50,115/22,,12.0,4.0,0.0,0.0,0.0,0.0,19.0,182.0,12687.0,32965.0,0.0,0.0,23.0,23.0,23.0,23.0,1,raw_available,0.0,after hot oil circulated
8R8408T2,PRB,KT1A,8R8408T2,0,PRBKT1A,MEIDEN,2019-08-16,2019-08-30,2007.0,50,115/22,29.0,20.0,4.5,0.0,0.1,0.5,0.0,36.8,205.0,8518.0,23505.0,0.4,0.0,42.3,41.9,42.3,42.3,1,raw_available,0.3999999999999986,After High voltage test.
8R8408T2,PRB,KT1A,8R8408T2,0,PRBKT1A,MEIDEN,2019-10-17,2019-10-26,2007.0,50,115/22,,9.0,0.0,0.0,0.0,0.0,0.0,1.2,93.1,6680.0,16010.0,0.0,0.0,1.2,1.2,1.2,1.2,1,raw_available,0.0,AFTER REFILL
8R8408T2,PRB,KT1A,8R8408T2,0,PRBKT1A,MEIDEN,2020-11-07,2020-11-23,2007.0,50,115/22,,17.0,1.0,0.0,1.0,0.0,0.0,56.0,189.0,4731.0,18335.0,1.0,2.0,61.0,58.0,61.0,61.0,1,raw_available,3.0,หม้อแปลงย้าย รอการเข้าใช้งาน
8R8408T2,PRB,KT1A,8R8408T2,0,PRBKT1A,MEIDEN,2021-04-17,2021-06-08,2007.0,50,115/22,65.0,19.0,38.0,10.0,4.0,0.0,0.0,67.0,953.0,3020.0,28060.0,0.0,3.0,122.0,119.0,122.0,122.0,1,raw_available,3.0,
8R8408T2,PRB,KT1A,8R8408T2,0,PRBKT1A,MEIDEN,2022-05-20,2022-05-26,2007.0,50,115/22,58.0,12.0,7.0,10.0,16.0,0.0,0.0,100.0,1599.0,4720.0,20381.0,0.0,0.0,133.0,133.0,133.0,133.0,1,raw_available,0.0,
8R8408T2,PRB,KT1A,8R8408T2,0,PRBKT1A,MEIDEN,2023-04-28,2023-05-06,2007.0,50,115/22,56.0,13.0,4.0,19.0,0.0,0.0,0.0,149.0,2058.0,4916.0,29656.0,2.0,0.0,174.0,172.0,174.0,174.0,1,raw_available,2.0,
8R8408T2,PRB,KT1A,8R8408T2,0,PRBKT1A,MEIDEN,2023-10-20,2024-01-15,2007.0,50,115/22,70.0,27.0,4.0,8.0,3.0,10.0,0.0,201.0,1694.0,28140.0,43570.0,28.0,1.0,255.0,226.0,255.0,255.0,1,raw_available,29.0,
8R8408T2,PRB,KT1A,8R8408T2,0,PRBKT1A,MEIDEN,2024-04-03,2024-04-20,2007.0,50,115/22,0.0,11.0,11.0,25.0,33.0,5.0,0.0,164.0,2730.0,4344.0,35645.0,0.0,0.0,238.0,238.0,238.0,238.0,1,raw_available,0.0,
8R8409T1,BMN,KT2A,8R8409T1,0,BMNKT2A,MEIDEN,2020-01-18,2020-01-26,2007.0,50,115/22,49.0,5.0,42.0,190.0,758.0,15.0,0.0,165.0,1239.0,6794.0,38084.0,81.0,703.0,1954.0,1170.0,1954.0,1954.0,1,raw_available,784.0,
8R8409T1,BMN,KT2A,8R8409T1,0,BMNKT2A,MEIDEN,2021-06-06,2021-08-16,2007.0,50,115/22,51.0,26.0,12.0,144.0,577.0,34.0,0.0,153.0,977.0,10646.0,60750.0,0.0,370.0,1290.0,920.0,1290.0,1290.0,1,raw_available,370.0,
8R8409T1,BMN,KT2A,8R8409T1,0,BMNKT2A,MEIDEN,2022-01-08,2022-01-16,2007.0,50,115/22,53.0,7.0,32.0,254.0,848.0,25.0,0.0,251.0,1452.0,4449.0,73062.0,0.0,596.0,2006.0,1410.0,2006.0,2006.0,1,raw_available,596.0,
8R8409T1,BMN,KT2A,8R8409T1,0,BMNKT2A,MEIDEN,2023-03-05,2023-03-12,2007.0,50,115/22,46.0,9.0,7.0,184.0,679.0,26.0,0.0,244.0,1053.0,2664.0,75851.0,24.0,602.0,1766.0,1140.0,1766.0,1766.0,1,raw_available,626.0,
8R8409T1,BMN,KT2A,8R8409T1,0,BMNKT2A,MEIDEN,2024-02-03,2024-02-24,2007.0,50,115/22,57.0,8.0,10.0,308.0,1011.0,31.0,0.0,215.0,1323.0,5750.0,52810.0,149.0,852.0,2576.0,1575.0,2576.0,2576.0,1,raw_available,1001.0,
8R8409T2,BMN,KT1A,8R8409T2,0,BMNKT1A,MEIDEN,2020-01-18,2020-01-27,2007.0,50,115/22,48.0,9.0,30.0,43.0,203.0,1.0,0.0,53.0,846.0,6762.0,45049.0,21.0,185.0,536.0,330.0,536.0,536.0,1,raw_available,206.0,
8R8409T2,BMN,KT1A,8R8409T2,0,BMNKT1A,MEIDEN,2021-06-06,2021-08-16,2007.0,50,115/22,51.0,33.0,13.0,54.0,291.0,16.0,0.0,77.0,850.0,14583.0,46823.0,0.0,85.0,536.0,451.0,536.0,536.0,1,raw_available,85.0,
8R8409T2,BMN,KT1A,8R8409T2,0,BMNKT1A,MEIDEN,2022-01-08,2022-01-16,2007.0,50,115/22,52.0,10.0,38.0,214.0,375.0,8.0,0.0,181.0,1321.0,4213.0,49144.0,0.0,226.0,1042.0,816.0,1042.0,1042.0,1,raw_available,226.0,
8R8409T2,BMN,KT1A,8R8409T2,0,BMNKT1A,MEIDEN,2023-03-05,2023-03-12,2007.0,50,115/22,52.0,18.0,12.0,83.0,336.0,5.0,0.0,129.0,1019.0,3605.0,54027.0,0.0,262.0,827.0,565.0,827.0,827.0,1,raw_available,262.0,
8R8409T2,BMN,KT1A,8R8409T2,0,BMNKT1A,MEIDEN,2024-02-03,2024-02-24,2007.0,50,115/22,56.0,6.0,17.0,143.0,532.0,10.0,0.0,120.0,1261.0,72800.0,39540.0,49.0,394.0,1265.0,822.0,1265.0,1265.0,1,raw_available,443.0,
8R8410T1,CP,KT1A,8R8410T1,0,CPKT1A,MEIDEN,2019-11-22,2019-12-23,2008.0,50,115/22,54.0,11.0,20.0,83.0,327.0,1.0,0.0,107.0,1355.0,16670.0,72760.0,80.0,264.0,882.0,538.0,882.0,882.0,1,raw_available,344.0,
8R8410T1,CP,KT1A,8R8410T1,0,CPKT1A,MEIDEN,2020-11-09,2020-11-28,2008.0,50,115/22,53.0,12.0,42.0,81.0,223.0,3.0,0.0,126.0,1621.0,7762.0,73495.0,69.0,180.0,724.0,475.0,724.0,724.0,1,raw_available,249.0,
8R8410T1,CP,KT1A,8R8410T1,0,CPKT1A,MEIDEN,2021-11-02,2021-11-22,2008.0,50,115/22,64.0,11.0,22.0,108.0,361.0,6.0,0.0,161.0,1633.0,4465.0,40315.0,0.0,107.0,765.0,658.0,765.0,765.0,1,raw_available,107.0,
8R8410T1,CP,KT1A,8R8410T1,0,CPKT1A,MEIDEN,2022-11-28,2023-01-08,2008.0,50,115/22,59.0,13.0,21.0,115.0,354.0,5.0,0.0,168.0,1631.0,4991.0,41428.0,211.0,196.0,1070.0,663.0,1070.0,1070.0,1,raw_available,407.0,
8R8410T1,CP,KT1A,8R8410T1,0,CPKT1A,MEIDEN,2023-11-24,2024-01-27,2008.0,50,115/22,58.0,17.0,31.0,142.0,400.0,2.0,0.0,207.0,1631.0,7577.0,63962.0,13.0,251.0,1046.0,782.0,1046.0,1046.0,1,raw_available,264.0,
8R8410T2,CP,KT2A,8R8410T2,0,CPKT2A,MEIDEN,2019-02-10,2019-02-11,2008.0,50,115/22,34.0,7.0,26.0,115.0,279.0,5.0,0.0,275.0,2145.0,2826.0,48024.0,0.0,164.0,864.0,700.0,864.0,864.0,1,raw_available,164.0,เนื่องจาก Trip ด้วย Diff. Relay เมื่อ 28 ต.ค 47
8R8410T2,CP,KT2A,8R8410T2,0,CPKT2A,MEIDEN,2019-11-22,2019-12-26,2008.0,50,115/22,59.0,10.0,34.0,161.0,434.0,0.0,0.0,366.0,3019.0,5610.0,59630.0,96.0,317.0,1408.0,995.0,1408.0,1408.0,1,raw_available,413.0,
8R8410T2,CP,KT2A,8R8410T2,0,CPKT2A,MEIDEN,2020-11-09,2020-11-27,2008.0,50,115/22,58.0,13.0,40.0,105.0,313.0,2.0,0.0,387.0,3166.0,6408.0,56553.0,85.0,237.0,1169.0,847.0,1169.0,1169.0,1,raw_available,322.0,
8R8410T2,CP,KT2A,8R8410T2,0,CPKT2A,MEIDEN,2021-11-02,2021-11-22,2008.0,50,115/22,64.0,11.0,13.0,109.0,324.0,0.0,0.0,193.0,2924.0,4820.0,42400.0,104.0,273.0,1016.0,639.0,1016.0,1016.0,1,raw_available,377.0,
8R8410T2,CP,KT2A,8R8410T2,0,CPKT2A,MEIDEN,2022-11-28,2023-01-13,2008.0,50,115/22,60.0,8.0,13.0,109.0,323.0,2.0,0.0,192.0,2422.0,3330.0,50390.0,83.0,269.0,991.0,639.0,991.0,991.0,1,raw_available,352.0,
8R8410T2,CP,KT2A,8R8410T2,0,CPKT2A,MEIDEN,2023-11-24,2024-01-27,2008.0,50,115/22,62.0,15.0,28.0,103.0,340.0,5.0,0.0,194.0,1875.0,9399.0,47023.0,12.0,197.0,879.0,670.0,879.0,879.0,1,raw_available,209.0,
8R8411T1,MR,KT2A,8R8411T1,0,MRKT2A,MEIDEN,2020-10-25,2020-11-17,2008.0,50,115/22,53.0,15.0,19.0,188.0,615.0,20.0,0.0,122.0,1281.0,3573.0,58674.0,0.0,327.0,1291.0,964.0,1291.0,1291.0,1,raw_available,327.0,
8R8411T1,MR,KT2A,8R8411T1,0,MRKT2A,MEIDEN,2021-11-15,2021-12-14,2008.0,50,115/22,57.0,6.0,21.0,165.0,631.0,27.0,0.0,132.0,1589.0,12756.0,63974.0,0.0,291.0,1267.0,976.0,1267.0,1267.0,1,raw_available,291.0,
8R8411T1,MR,KT2A,8R8411T1,0,MRKT2A,MEIDEN,2023-02-05,2023-02-12,2008.0,50,115/22,48.0,8.0,5.0,185.0,632.0,26.0,0.0,136.0,1536.0,2930.0,77800.0,37.0,548.0,1569.0,984.0,1569.0,1569.0,1,raw_available,585.0,
8R8411T1,MR,KT2A,8R8411T1,0,MRKT2A,MEIDEN,2024-05-25,2024-06-08,2008.0,50,115/22,56.0,10.0,5.0,196.0,583.0,21.0,0.0,148.0,1145.0,8748.0,70055.0,23.0,449.0,1425.0,953.0,1425.0,1425.0,1,raw_available,472.0,
8R8411T2,NS,KT2A,8R8411T2,0,NSKT2A,MEIDEN,2020-04-25,2020-05-28,2001.0,50,115/22,60.0,14.0,4.0,88.0,305.0,4.0,0.0,281.0,2614.0,9404.0,63819.0,0.0,202.0,884.0,682.0,884.0,884.0,1,raw_available,202.0,
8R8411T2,NS,KT2A,8R8411T2,0,NSKT2A,MEIDEN,2021-12-13,2022-01-06,2001.0,50,115/22,57.0,15.0,12.0,96.0,320.0,1.0,0.0,259.0,2807.0,4840.0,55450.0,42.0,262.0,992.0,688.0,992.0,992.0,1,raw_available,304.0,
8R8411T2,NS,KT2A,8R8411T2,0,NSKT2A,MEIDEN,2022-06-11,2022-06-26,2001.0,50,115/22,58.0,19.0,2.0,52.0,208.0,3.0,0.0,241.0,2771.0,18488.0,78132.0,7.0,208.0,721.0,506.0,721.0,721.0,1,raw_available,215.0,
8R8411T2,NS,KT2A,8R8411T2,0,NSKT2A,MEIDEN,2023-07-24,2023-08-07,2001.0,50,115/22,64.0,7.0,3.0,92.0,306.0,5.0,0.0,236.0,2645.0,16155.0,54878.0,0.0,218.0,860.0,642.0,860.0,860.0,1,raw_available,218.0,
8R8411T2,NS,KT2A,8R8411T2,0,NSKT2A,MEIDEN,2024-05-26,2024-06-08,2001.0,50,115/22,58.0,9.0,5.0,128.0,465.0,7.0,0.0,179.0,2138.0,6788.0,49662.0,10.0,271.0,1065.0,784.0,1065.0,1065.0,1,raw_available,281.0,
8R9763T1,NCS,KT3A,8R9763T1,0,NCSKT3A,MEIDEN,2021-05-19,2021-07-11,1990.0,50,115/22,31.0,31.0,9.0,157.0,947.0,12.0,0.0,206.0,2393.0,4551.0,64418.0,0.0,574.0,1905.0,1331.0,1905.0,1905.0,1,raw_available,574.0,
8R9763T1,NCS,KT3A,8R9763T1,0,NCSKT3A,MEIDEN,2021-07-16,2021-07-16,1990.0,50,115/22,39.0,13.0,12.0,276.0,1085.0,15.0,0.0,214.0,2518.0,3806.0,72368.0,0.0,666.0,2268.0,1602.0,2268.0,2268.0,1,raw_available,666.0,หม้อแปลง Trip ด้วย Differential Relay.
8R9763T1,NCS,KT3A,8R9763T1,0,NCSKT3A,MEIDEN,2022-05-13,2022-05-20,1990.0,50,115/22,57.0,9.0,6.0,250.0,1033.0,14.0,0.0,209.0,2446.0,10022.0,63975.0,0.0,630.0,2142.0,1512.0,2142.0,2142.0,1,raw_available,630.0,
8R9763T1,NCS,KT3A,8R9763T1,0,NCSKT3A,MEIDEN,2023-06-18,2023-06-24,1990.0,50,115/22,52.0,7.0,4.0,205.0,850.0,14.0,0.0,232.0,2643.0,15736.0,75737.0,0.0,558.0,1863.0,1305.0,1863.0,1863.0,1,raw_available,558.0,
8R9763T1,NCS,KT3A,8R9763T1,0,NCSKT3A,MEIDEN,2024-05-10,2024-05-17,1990.0,50,115/22,55.0,8.0,2.0,191.0,985.0,26.0,0.0,219.0,2307.0,22654.0,88612.0,0.0,612.0,2035.0,1423.0,2035.0,2035.0,1,raw_available,612.0,
8R9911T1,MMM,KT1A,8R9911T1,0,MMMKT1A,MEIDENSHA,2019-05-25,2019-06-07,2008.0,50,115/22,62.0,6.0,2.0,61.0,202.0,4.0,0.0,175.0,1777.0,6249.0,49350.0,0.0,129.0,573.0,444.0,573.0,573.0,1,raw_available,129.0,
8R9911T1,MMM,KT1A,8R9911T1,0,MMMKT1A,MEIDENSHA,2020-05-09,2020-05-22,2008.0,50,115/22,58.0,7.0,4.0,53.0,201.0,0.0,0.0,81.0,976.0,16675.0,61079.0,0.0,187.0,526.0,339.0,526.0,526.0,1,raw_available,187.0,
8R9911T1,MMM,KT1A,8R9911T1,0,MMMKT1A,MEIDENSHA,2021-03-06,2021-04-19,2008.0,50,115/22,54.0,11.0,48.0,51.0,206.0,2.0,0.0,103.0,1071.0,6803.0,69187.0,13.0,193.0,616.0,410.0,616.0,616.0,1,raw_available,206.0,
8R9911T1,MMM,KT1A,8R9911T1,0,MMMKT1A,MEIDENSHA,2021-06-11,2021-06-12,2008.0,50,115/22,58.0,9.0,8.0,86.0,281.0,6.0,0.0,142.0,1207.0,10732.0,70411.0,0.0,175.0,698.0,523.0,698.0,698.0,1,raw_available,175.0,
8R9911T1,MMM,KT1A,8R9911T1,0,MMMKT1A,MEIDENSHA,2022-03-11,2022-03-19,2008.0,50,115/22,55.0,8.0,8.0,0.0,275.0,53.0,0.0,157.0,1908.0,5394.0,48557.0,110.0,103.0,706.0,493.0,706.0,706.0,1,raw_available,213.0,
8R9911T1,MMM,KT1A,8R9911T1,0,MMMKT1A,MEIDENSHA,2023-03-13,2023-03-16,2008.0,50,115/22,53.0,5.0,6.0,87.0,304.0,0.0,0.0,177.0,2017.0,6444.0,51013.0,0.0,154.0,728.0,574.0,728.0,728.0,1,raw_available,154.0,
8R9911T2,MMM,KT2A,8R9911T2,0,MMMKT2A,MEIDENSHA,2019-05-25,2019-06-08,2008.0,50,115/22,61.0,18.0,53.0,39.0,136.0,4.0,0.0,128.0,1105.0,6306.0,47095.0,0.0,99.0,459.0,360.0,459.0,459.0,1,raw_available,99.0,
8R9911T2,MMM,KT2A,8R9911T2,0,MMMKT2A,MEIDENSHA,2020-05-09,2020-05-19,2008.0,50,115/22,58.0,17.0,17.0,49.0,185.0,1.0,0.0,90.0,820.0,10795.0,61178.0,0.0,161.0,503.0,342.0,503.0,503.0,1,raw_available,161.0,
8R9911T2,MMM,KT2A,8R9911T2,0,MMMKT2A,MEIDENSHA,2021-03-06,2021-04-17,2008.0,50,115/22,52.0,10.0,85.0,47.0,154.0,1.0,0.0,57.0,644.0,4537.0,54379.0,11.0,15.0,370.0,344.0,370.0,370.0,1,raw_available,26.0,
8R9911T2,MMM,KT2A,8R9911T2,0,MMMKT2A,MEIDENSHA,2021-06-11,2021-06-12,2008.0,50,115/22,35.0,5.0,5.0,57.0,199.0,4.0,0.0,142.0,859.0,5397.0,59316.0,0.0,125.0,532.0,407.0,532.0,532.0,1,raw_available,125.0,เนื่องจากมีหม้อแปลงตัวใกล้เคียงระเบิดเกิดไฟลุกไหม้MMM-KT3A
8R9911T2,MMM,KT2A,8R9911T2,0,MMMKT2A,MEIDENSHA,2022-03-11,2022-03-19,2008.0,50,115/22,54.0,13.0,56.0,0.0,180.0,10.0,0.0,112.0,1115.0,7049.0,46446.0,0.0,74.0,432.0,358.0,432.0,432.0,1,raw_available,74.0,
8R9911T2,MMM,KT2A,8R9911T2,0,MMMKT2A,MEIDENSHA,2023-03-13,2023-03-16,2008.0,50,115/22,51.0,19.0,39.0,51.0,210.0,0.0,0.0,123.0,1208.0,8403.0,48737.0,0.0,109.0,532.0,423.0,532.0,532.0,1,raw_available,109.0,
8R9911T3,MMM,KT3A,8R9911T3,0,MMMKT3A,MEIDENSHA,2019-05-25,2019-06-08,2008.0,50,115/22,59.0,23.0,21.0,64.0,211.0,6.0,0.0,125.0,1079.0,6651.0,49888.0,0.0,141.0,568.0,427.0,568.0,568.0,1,raw_available,141.0,
8R9911T3,MMM,KT3A,8R9911T3,0,MMMKT3A,MEIDENSHA,2020-05-09,2020-05-18,2008.0,50,115/22,56.0,7.0,57.0,104.0,346.0,4.0,0.0,140.0,1203.0,3704.0,62819.0,0.0,251.0,902.0,651.0,902.0,902.0,1,raw_available,251.0,
8R9911T3,MMM,KT3A,8R9911T3,0,MMMKT3A,MEIDENSHA,2021-03-06,2021-04-19,2008.0,50,115/22,50.0,12.0,37.0,63.0,211.0,3.0,0.0,43.0,647.0,4837.0,59942.0,15.0,193.0,565.0,357.0,565.0,565.0,1,raw_available,208.0,
8R9911T3,MMM,KT3A,8R9911T3,0,MMMKT3A,MEIDENSHA,2022-03-11,2022-03-19,2008.0,50,115/22,65.0,15.0,8.0,0.0,19.0,5.0,0.0,62.0,890.0,8353.0,21142.0,0.0,0.0,94.0,94.0,94.0,94.0,1,raw_available,0.0,
8R9911T3,MMM,KT3A,8R9911T3,0,MMMKT3A,MEIDENSHA,2022-07-11,2022-07-15,2008.0,50,115/22,60.0,11.0,11.0,7.0,25.0,4.0,0.0,86.0,1555.0,10435.0,30491.0,0.0,0.0,133.0,133.0,133.0,133.0,1,raw_available,0.0,
8R9911T3,MMM,KT3A,8R9911T3,0,MMMKT3A,MEIDENSHA,2023-03-13,2023-03-16,2008.0,50,115/22,61.0,8.0,7.0,28.0,44.0,0.0,0.0,113.0,1818.0,7175.0,19655.0,0.0,8.0,200.0,192.0,200.0,200.0,1,raw_available,8.0,
8R9911T5,NS,KT3A,8R9911T5,0,NSKT3A,MEIDEN,2020-04-25,2020-05-28,2001.0,50,115/22,60.0,11.0,12.0,61.0,248.0,5.0,0.0,161.0,1813.0,9593.0,67375.0,0.0,168.0,655.0,487.0,655.0,655.0,1,raw_available,168.0,
8R9911T5,NS,KT3A,8R9911T5,0,NSKT3A,MEIDEN,2021-12-13,2022-01-06,2001.0,50,115/22,49.0,12.0,7.0,81.0,252.0,7.0,0.0,139.0,1233.0,5278.0,54158.0,0.0,60.0,546.0,486.0,546.0,546.0,1,raw_available,60.0,
8R9911T5,NS,KT3A,8R9911T5,0,NSKT3A,MEIDEN,2022-06-11,2022-06-26,2001.0,50,115/22,55.0,10.0,2.0,64.0,248.0,11.0,0.0,158.0,1680.0,3981.0,63234.0,58.0,229.0,770.0,483.0,770.0,770.0,1,raw_available,287.0,
8R9911T5,NS,KT3A,8R9911T5,0,NSKT3A,MEIDEN,2023-07-24,2023-08-10,2001.0,50,115/22,53.0,9.0,10.0,74.0,297.0,7.0,0.0,172.0,1711.0,26253.0,66447.0,22.0,211.0,793.0,560.0,793.0,793.0,1,raw_available,233.0,
8R9911T5,NS,KT3A,8R9911T5,0,NSKT3A,MEIDEN,2024-05-26,2024-06-08,2001.0,50,115/22,51.0,12.0,1.0,122.0,447.0,19.0,0.0,162.0,1319.0,10085.0,71657.0,11.0,258.0,1020.0,751.0,1020.0,1020.0,1,raw_available,269.0,
8R9911T6,CTN,KT1A,8R9911T6,0,CTNKT1A,MEIDEN,2020-02-14,2020-03-09,2008.0,50,115/22,50.0,11.0,47.0,58.0,222.0,2.0,0.0,76.0,528.0,4770.0,53080.0,29.0,172.0,606.0,405.0,606.0,606.0,1,raw_available,201.0,
8R9911T6,CTN,KT1A,8R9911T6,0,CTNKT1A,MEIDEN,2022-02-27,2022-03-07,2008.0,50,115/22,59.0,9.0,11.0,42.0,191.0,6.0,0.0,61.0,693.0,8768.0,40222.0,0.0,79.0,390.0,311.0,390.0,390.0,1,raw_available,79.0,
8R9911T6,CTN,KT1A,8R9911T6,0,CTNKT1A,MEIDEN,2022-08-25,2022-09-03,2008.0,50,115/22,58.0,12.0,6.0,53.0,237.0,6.0,0.0,82.0,785.0,2243.0,56270.0,0.0,156.0,540.0,384.0,540.0,540.0,1,raw_available,156.0,
8R9911T6,CTN,KT1A,8R9911T6,0,CTNKT1A,MEIDEN,2023-03-11,2023-03-16,2008.0,50,115/22,54.0,5.0,53.0,66.0,251.0,7.0,0.0,103.0,804.0,4312.0,52234.0,0.0,152.0,632.0,480.0,632.0,632.0,1,raw_available,152.0,
8R9911T6,CTN,KT1A,8R9911T6,0,CTNKT1A,MEIDEN,2023-04-24,2023-04-28,2008.0,50,115/22,55.0,15.0,21.0,52.0,201.0,8.0,0.0,82.0,735.0,4266.0,50274.0,10.0,170.0,544.0,364.0,544.0,544.0,1,raw_available,180.0,
8R9911T6,CTN,KT1A,8R9911T6,0,CTNKT1A,MEIDEN,2024-02-17,2024-02-19,2008.0,50,115/22,54.0,10.0,16.0,7.0,16.0,1.0,0.0,46.0,593.0,14486.0,31341.0,1.0,9.0,96.0,86.0,96.0,96.0,1,raw_available,10.0,
8R9911T7,CTN,KT2A,8R9911T7,0,CTNKT2A,MEIDEN,2020-02-14,2020-03-09,2008.0,50,115/22,58.0,11.0,43.0,57.0,226.0,2.0,0.0,76.0,722.0,6500.0,59990.0,0.0,174.0,578.0,404.0,578.0,578.0,1,raw_available,174.0,
8R9911T7,CTN,KT2A,8R9911T7,0,CTNKT2A,MEIDEN,2022-02-27,2022-03-07,2008.0,50,115/22,65.0,12.0,19.0,53.0,225.0,4.0,0.0,102.0,1201.0,9704.0,46177.0,0.0,0.0,403.0,403.0,403.0,403.0,1,raw_available,0.0,
8R9911T7,CTN,KT2A,8R9911T7,0,CTNKT2A,MEIDEN,2022-08-25,2022-09-03,2008.0,50,115/22,60.0,8.0,9.0,69.0,274.0,5.0,0.0,125.0,1282.0,8269.0,61389.0,0.0,171.0,653.0,482.0,653.0,653.0,1,raw_available,171.0,
8R9911T7,CTN,KT2A,8R9911T7,0,CTNKT2A,MEIDEN,2023-03-11,2023-03-16,2008.0,50,115/22,55.0,6.0,22.0,82.0,294.0,6.0,0.0,153.0,1329.0,5058.0,57952.0,0.0,187.0,744.0,557.0,744.0,744.0,1,raw_available,187.0,
8R9911T7,CTN,KT2A,8R9911T7,0,CTNKT2A,MEIDEN,2023-04-21,2023-04-26,2008.0,50,115/22,55.0,13.0,17.0,62.0,223.0,9.0,0.0,139.0,1208.0,5786.0,55441.0,1.0,187.0,638.0,450.0,638.0,638.0,1,raw_available,188.0,
8R9911T7,CTN,KT2A,8R9911T7,0,CTNKT2A,MEIDEN,2024-01-25,2024-02-16,2008.0,50,115/22,58.0,13.0,4.0,19.0,39.0,2.0,0.0,86.0,749.0,5295.0,49805.0,13.0,31.0,194.0,150.0,194.0,194.0,1,raw_available,44.0,
8R9911T8,NCS,KT4A,8R9911T8,0,NCSKT4A,MEIDEN,2021-05-15,2021-07-11,1990.0,50,115/22,54.0,22.0,32.0,46.0,291.0,5.0,0.0,174.0,1616.0,7020.0,54196.0,0.0,173.0,721.0,548.0,721.0,721.0,1,raw_available,173.0,
8R9911T8,NCS,KT4A,8R9911T8,0,NCSKT4A,MEIDEN,2023-06-18,2023-06-23,1990.0,50,115/22,55.0,7.0,36.0,70.0,295.0,4.0,0.0,143.0,1971.0,5185.0,49423.0,23.0,255.0,826.0,548.0,826.0,826.0,1,raw_available,278.0,
8R9911T8,NCS,KT4A,8R9911T8,0,NCSKT4A,MEIDEN,2024-05-10,2024-05-17,1990.0,50,115/22,60.0,6.0,5.0,67.0,337.0,9.0,0.0,149.0,1931.0,26038.0,72108.0,9.0,216.0,792.0,567.0,792.0,792.0,1,raw_available,225.0,
8S9483T1,SR1,KT1A,8S9483T1,0,SR1KT1A,OSAKA,2019-12-20,2020-01-10,2007.0,50,115/22,42.0,9.0,26.0,75.0,215.0,0.0,0.0,169.0,1646.0,6654.0,58492.0,0.0,126.0,611.0,485.0,611.0,611.0,1,raw_available,126.0,
8S9483T1,SR1,KT1A,8S9483T1,0,SR1KT1A,OSAKA,2020-06-27,2020-08-15,2007.0,50,115/22,58.0,17.0,32.0,36.0,148.0,0.0,0.0,79.0,2046.0,9630.0,10268.0,53.0,101.0,449.0,295.0,449.0,449.0,1,raw_available,154.0,
8S9483T1,SR1,KT1A,8S9483T1,0,SR1KT1A,OSAKA,2022-07-03,2022-07-14,2007.0,50,115/22,55.0,7.0,8.0,53.0,163.0,0.0,0.0,72.0,2062.0,5740.0,65850.0,56.0,115.0,467.0,296.0,467.0,467.0,1,raw_available,171.0,
8S9483T1,SR1,KT1A,8S9483T1,0,SR1KT1A,OSAKA,2023-02-10,2023-02-25,2007.0,50,115/22,50.0,6.0,9.0,73.0,194.0,0.0,0.0,87.0,2127.0,7449.0,48104.0,0.0,80.0,443.0,363.0,443.0,443.0,1,raw_available,80.0,color 1.5
8S9483T1,SR1,KT1A,8S9483T1,0,SR1KT1A,OSAKA,2024-03-22,2024-04-20,2007.0,50,115/22,59.0,13.0,5.0,69.0,212.0,6.0,0.0,107.0,2053.0,19453.0,88233.0,6.0,140.0,545.0,399.0,545.0,545.0,1,raw_available,146.0,
8S9483T2,PTB,KT2A,8S9483T2,0,PTBKT2A,MEIDEN,2019-09-11,2019-10-18,2009.0,50,115/22,38.0,14.0,10.0,48.0,140.0,20.0,0.0,83.0,776.0,11256.0,44192.0,0.0,45.0,346.0,301.0,346.0,346.0,1,raw_available,45.0,
8S9483T2,PTB,KT2A,8S9483T2,0,PTBKT2A,MEIDEN,2022-05-21,2022-06-10,2009.0,50,115/22,57.0,10.0,11.0,39.0,196.0,6.0,0.0,96.0,1121.0,8753.0,47716.0,0.0,54.0,402.0,348.0,402.0,402.0,1,raw_available,54.0,
8S9483T2,PTB,KT2A,8S9483T2,0,PTBKT2A,MEIDEN,2022-11-04,2022-11-14,2009.0,50,115/22,35.0,8.0,9.0,66.0,206.0,4.0,0.0,104.0,1248.0,7117.0,54441.0,5.0,97.0,491.0,389.0,491.0,491.0,1,raw_available,102.0,
8S9483T2,PTB,KT2A,8S9483T2,0,PTBKT2A,MEIDEN,2023-05-25,2023-06-03,2009.0,50,115/22,40.0,9.0,9.0,61.0,181.0,8.0,0.0,83.0,1414.0,4964.0,54644.0,7.0,81.0,430.0,342.0,430.0,430.0,1,raw_available,88.0,
8S9483T3,BL,KT3A,8S9483T3,0,BLKT3A,MEIDENSHA,2019-11-14,2019-11-30,2009.0,50,115/22,63.0,10.0,7.0,22.0,82.0,0.0,0.0,63.0,549.0,11280.0,49057.0,0.0,34.0,208.0,174.0,208.0,208.0,1,raw_available,34.0,
8S9483T3,BL,KT3A,8S9483T3,0,BLKT3A,MEIDENSHA,2022-05-29,2022-06-06,2009.0,50,115/22,58.0,14.0,26.0,32.0,133.0,3.0,0.0,113.0,1837.0,5330.0,40713.0,0.0,33.0,340.0,307.0,340.0,340.0,1,raw_available,33.0,
8S9483T3,BL,KT3A,8S9483T3,0,BLKT3A,MEIDENSHA,2022-11-17,2022-11-25,2009.0,50,115/22,59.0,7.0,21.0,51.0,135.0,3.0,0.0,132.0,1773.0,7134.0,49464.0,0.0,72.0,414.0,342.0,414.0,414.0,1,raw_available,72.0,
8S9483T3,BL,KT3A,8S9483T3,0,BLKT3A,MEIDENSHA,2023-06-03,2023-06-10,2009.0,50,115/22,57.0,10.0,23.0,47.0,142.0,2.0,0.0,146.0,1804.0,6916.0,39770.0,0.0,36.0,396.0,360.0,396.0,396.0,1,raw_available,36.0,
8T9664T3,SI,KT2A,8T9664T3,0,SIKT2A,MEIDENSHA,2019-03-16,2019-03-30,2011.0,50,115/22,55.0,11.0,5.0,18.0,0.0,8.0,0.0,1090.0,2635.0,9318.0,48120.0,0.0,0.0,1121.0,1121.0,1121.0,1121.0,1,raw_available,0.0,
8T9664T3,SI,KT2A,8T9664T3,0,SIKT2A,MEIDENSHA,2021-02-08,2021-04-02,2011.0,50,115/22,54.0,14.0,37.0,0.0,3.0,0.0,0.0,1203.0,2704.0,9000.0,50057.0,0.0,0.0,1243.0,1243.0,1243.0,1243.0,1,raw_available,0.0,
8T9664T3,SI,KT2A,8T9664T3,0,SIKT2A,MEIDENSHA,2022-03-17,2022-03-25,2011.0,50,115/22,59.0,8.0,4.0,22.0,4.0,5.0,0.0,1287.0,4758.0,9823.0,57897.0,3.0,2.0,1327.0,1322.0,1327.0,1327.0,1,raw_available,5.0,
8T9664T3,SI,KT2A,8T9664T3,0,SIKT2A,MEIDENSHA,2023-03-19,2023-04-06,2011.0,50,115/22,54.0,8.0,3.0,9.0,4.0,4.0,0.0,1302.0,5032.0,7075.0,79001.0,3.0,4.0,1329.0,1322.0,1329.0,1329.0,1,raw_available,7.0,
8T9664T3,SI,KT2A,8T9664T3,0,SIKT2A,MEIDENSHA,2024-03-25,2024-04-20,2011.0,50,115/22,52.0,18.0,9.0,11.0,5.0,14.0,0.0,1192.0,4335.0,10760.0,57291.0,0.0,0.0,1231.0,1231.0,1231.0,1231.0,1,raw_available,0.0,
8T9664T4,SI,KT3A,8T9664T4,0,SIKT3A,MEIDEN,2019-03-16,2019-04-01,2011.0,50,115/22,64.0,12.0,16.0,12.0,0.0,6.0,0.0,941.0,2964.0,7825.0,38940.0,0.0,0.0,975.0,975.0,975.0,975.0,1,raw_available,0.0,
8T9664T4,SI,KT3A,8T9664T4,0,SIKT3A,MEIDEN,2021-02-08,2021-04-26,2011.0,50,115/22,51.0,18.0,39.0,11.0,4.0,3.0,0.0,718.0,2710.0,5870.0,40000.0,0.0,0.0,775.0,775.0,775.0,775.0,1,raw_available,0.0,
8T9664T4,SI,KT3A,8T9664T4,0,SIKT3A,MEIDEN,2022-03-17,2022-03-25,2011.0,50,115/22,61.0,8.0,3.0,23.0,4.0,5.0,0.0,1291.0,4927.0,8157.0,64736.0,3.0,2.0,1331.0,1326.0,1331.0,1331.0,1,raw_available,5.0,
8T9664T4,SI,KT3A,8T9664T4,0,SIKT3A,MEIDEN,2023-03-19,2023-04-03,2011.0,50,115/22,56.0,9.0,2.0,7.0,3.0,2.0,0.0,977.0,4886.0,12228.0,64561.0,0.0,2.0,993.0,991.0,993.0,993.0,1,raw_available,2.0,
8T9664T4,SI,KT3A,8T9664T4,0,SIKT3A,MEIDEN,2024-03-25,2024-04-20,2011.0,50,115/22,67.0,11.0,9.0,14.0,5.0,12.0,0.0,1039.0,4091.0,10521.0,56510.0,0.0,0.0,1079.0,1079.0,1079.0,1079.0,1,raw_available,0.0,
8T9668T1,SN2,KT1A,8T9668T1,0,SN2KT1A,MEIDEN,2021-06-12,2021-09-05,1998.0,25,115/22,60.0,10.0,8.0,0.0,0.0,9.0,0.0,966.0,3105.0,17080.0,67034.0,0.0,0.0,983.0,983.0,983.0,983.0,1,raw_available,0.0,
8T9668T1,SN2,KT1A,8T9668T1,0,SN2KT1A,MEIDEN,2022-06-16,2022-06-25,1998.0,25,115/22,66.0,8.0,4.0,6.0,3.0,6.0,0.0,832.0,3068.0,7160.0,82450.0,5.0,1.0,857.0,851.0,857.0,857.0,1,raw_available,6.0,
8T9668T1,SN2,KT1A,8T9668T1,0,SN2KT1A,MEIDEN,2023-06-11,2023-07-09,1998.0,25,115/22,52.0,13.0,1.0,5.0,1.0,2.0,0.0,827.0,3262.0,41139.0,63622.0,1.0,1.0,838.0,836.0,838.0,838.0,1,raw_available,2.0,
8T9668T1,SN2,KT1A,8T9668T1,0,SN2KT1A,MEIDEN,2024-06-03,2024-06-05,1998.0,25,115/22,64.0,7.0,7.0,13.0,5.0,7.0,0.0,941.0,4797.0,5345.0,62839.0,2.0,3.0,978.0,973.0,978.0,978.0,1,raw_available,5.0,
8T9668T2,SN2,KT2A,8T9668T2,0,SN2KT2A,MEIDEN,2021-06-12,2021-09-05,1998.0,50,115/22,61.0,19.0,11.0,6.0,0.0,1.0,0.0,67.0,698.0,30243.0,80819.0,2.0,10.0,97.0,85.0,97.0,97.0,1,raw_available,12.0,
8T9668T2,SN2,KT2A,8T9668T2,0,SN2KT2A,MEIDEN,2022-06-16,2022-06-25,1998.0,50,115/22,56.0,10.0,3.0,6.0,3.0,20.0,0.0,422.0,1872.0,10380.0,76630.0,1.0,2.0,457.0,454.0,457.0,457.0,1,raw_available,3.0,
8T9668T2,SN2,KT2A,8T9668T2,0,SN2KT2A,MEIDEN,2023-06-11,2023-07-01,1998.0,50,115/22,66.0,17.0,4.0,8.0,5.0,2.0,0.0,609.0,2053.0,10715.0,68312.0,0.0,5.0,633.0,628.0,633.0,633.0,1,raw_available,5.0,
8T9668T2,SN2,KT2A,8T9668T2,0,SN2KT2A,MEIDEN,2024-06-03,2024-06-07,1998.0,50,115/22,0.0,5.0,6.0,25.0,8.0,12.0,0.0,996.0,3348.0,10285.0,52873.0,9.0,6.0,1062.0,1047.0,1062.0,1062.0,1,raw_available,15.0,
8T9668T3,PTB,KT1A,8T9668T3,0,PTBKT1A,MEIDEN,2019-10-18,2019-11-11,2011.0,50,115/22,47.0,15.0,4.0,0.0,0.0,8.0,0.0,458.0,1898.0,15172.0,57280.0,0.0,0.0,470.0,470.0,470.0,470.0,1,raw_available,0.0,
8T9668T3,PTB,KT1A,8T9668T3,0,PTBKT1A,MEIDEN,2022-05-21,2022-06-09,2011.0,50,115/22,34.0,9.0,5.0,0.0,2.0,2.0,0.0,1380.0,3031.0,14566.0,71081.0,1.0,1.0,1391.0,1389.0,1391.0,1391.0,1,raw_available,2.0,
8T9668T3,PTB,KT1A,8T9668T3,0,PTBKT1A,MEIDEN,2022-11-04,2022-11-13,2011.0,50,115/22,50.0,7.0,2.0,9.0,2.0,9.0,0.0,1403.0,3165.0,18321.0,77532.0,2.0,1.0,1428.0,1425.0,1428.0,1428.0,1,raw_available,3.0,
8T9668T3,PTB,KT1A,8T9668T3,0,PTBKT1A,MEIDEN,2023-05-25,2023-06-03,2011.0,50,115/22,56.0,9.0,4.0,6.0,2.0,11.0,0.0,1377.0,3113.0,10994.0,76749.0,2.0,1.0,1403.0,1400.0,1403.0,1403.0,1,raw_available,3.0,
8T9668T4,LN1,KT1A,8T9668T4,0,LN1KT1A,MEIDEN,2020-03-17,2020-05-16,2011.0,50,115/22,54.0,35.0,13.0,3.0,3.0,0.0,0.0,828.0,2832.0,29516.0,76368.0,0.0,2.0,849.0,847.0,849.0,849.0,1,raw_available,2.0,
8T9668T4,LN1,KT1A,8T9668T4,0,LN1KT1A,MEIDEN,2021-04-10,2021-10-09,2011.0,50,115/22,,32.0,6.0,0.0,31.0,0.0,0.0,836.0,2646.0,19489.0,57791.0,0.0,0.0,873.0,873.0,873.0,873.0,1,raw_available,0.0,
8T9668T4,LN1,KT1A,8T9668T4,0,LN1KT1A,MEIDEN,2022-06-12,2022-06-20,2011.0,50,115/22,,14.0,3.0,15.0,2.0,20.0,0.0,315.0,1779.0,22548.0,61539.0,0.0,2.0,357.0,355.0,357.0,357.0,1,raw_available,2.0,
8T9668T4,LN1,KT1A,8T9668T4,0,LN1KT1A,MEIDEN,2023-04-03,2023-06-04,2011.0,50,115/22,65.0,11.0,2.0,7.0,4.0,9.0,0.0,676.0,1959.0,7352.0,63223.0,3.0,2.0,703.0,698.0,703.0,703.0,1,raw_available,5.0,
8T9668T4,LN1,KT1A,8T9668T4,0,LN1KT1A,MEIDEN,2024-02-02,2024-05-26,2011.0,50,115/22,,19.0,4.0,11.0,9.0,11.0,0.0,854.0,2493.0,6423.0,38458.0,0.0,0.0,889.0,889.0,889.0,889.0,1,raw_available,0.0,ก่อน OVERHUAL
8T9669T1,KLA,KT1A,8T9669T1,0,KLAKT1A,MEIDEN,2020-03-16,2020-03-22,2013.0,50,115/22,52.0,19.0,17.0,12.0,4.0,0.0,0.0,920.0,4481.0,10888.0,48166.0,0.0,0.0,953.0,953.0,953.0,953.0,1,raw_available,0.0,
8T9669T1,KLA,KT1A,8T9669T1,0,KLAKT1A,MEIDEN,2022-03-12,2022-03-20,2013.0,50,115/22,58.0,15.0,3.0,19.0,4.0,13.0,0.0,1022.0,4340.0,7036.0,54713.0,6.0,2.0,1069.0,1061.0,1069.0,1069.0,1,raw_available,8.0,
8T9669T1,KLA,KT1A,8T9669T1,0,KLAKT1A,MEIDEN,2022-09-09,2022-09-16,2013.0,50,115/22,58.0,10.0,4.0,7.0,3.0,8.0,0.0,965.0,4582.0,12874.0,66972.0,3.0,0.0,990.0,987.0,990.0,990.0,1,raw_available,3.0,
8T9669T1,KLA,KT1A,8T9669T1,0,KLAKT1A,MEIDEN,2023-05-15,2023-05-20,2013.0,50,115/22,54.0,15.0,2.0,27.0,5.0,29.0,0.0,981.0,4957.0,8770.0,55150.0,6.0,4.0,1054.0,1044.0,1054.0,1054.0,1,raw_available,10.0,
8T9669T1,KLA,KT1A,8T9669T1,0,KLAKT1A,MEIDEN,2024-02-08,2024-02-25,2013.0,50,115/22,63.0,13.0,18.0,10.0,7.0,17.0,0.0,1045.0,5234.0,11161.0,50554.0,6.0,4.0,1107.0,1097.0,1107.0,1107.0,1,raw_available,10.0,
8T9669T2,KLA,KT2A,8T9669T2,0,KLAKT2A,MEIDEN,2020-03-16,2020-03-22,2013.0,50,115/22,54.0,10.0,17.0,15.0,5.0,0.0,0.0,961.0,4038.0,7384.0,48229.0,0.0,2.0,1000.0,998.0,1000.0,1000.0,1,raw_available,2.0,
8T9669T2,KLA,KT2A,8T9669T2,0,KLAKT2A,MEIDEN,2022-03-12,2022-03-19,2013.0,50,115/22,58.0,11.0,3.0,6.0,3.0,1.0,0.0,423.0,3602.0,11570.0,67470.0,0.0,2.0,438.0,436.0,438.0,438.0,1,raw_available,2.0,
8T9669T2,KLA,KT2A,8T9669T2,0,KLAKT2A,MEIDEN,2022-09-09,2022-09-16,2013.0,50,115/22,53.0,9.0,4.0,8.0,5.0,3.0,0.0,849.0,4129.0,10253.0,77914.0,0.0,3.0,872.0,869.0,872.0,872.0,1,raw_available,3.0,
8T9669T2,KLA,KT2A,8T9669T2,0,KLAKT2A,MEIDEN,2023-04-22,2023-04-28,2013.0,50,115/22,48.0,13.0,3.0,31.0,4.0,4.0,0.0,956.0,4370.0,10490.0,65160.0,3.0,4.0,1005.0,998.0,1005.0,1005.0,1,raw_available,7.0,
8T9669T2,KLA,KT2A,8T9669T2,0,KLAKT2A,MEIDEN,2024-02-08,2024-02-25,2013.0,50,115/22,62.0,11.0,7.0,16.0,6.0,12.0,0.0,1024.0,4987.0,12638.0,86874.0,4.0,5.0,1074.0,1065.0,1074.0,1074.0,1,raw_available,9.0,
8T9669T3,LP1,KT1A,8T9669T3,0,LP1KT1A,MIDENSHA,2019-05-24,2019-06-07,2011.0,50,115/22,60.0,12.0,2.0,10.0,3.0,0.0,0.0,1125.0,3375.0,11758.0,47052.0,0.0,0.0,1140.0,1140.0,1140.0,1140.0,1,raw_available,0.0,
8T9669T3,LP1,KT1A,8T9669T3,0,LP1KT1A,MIDENSHA,2020-05-08,2020-05-18,2011.0,50,115/22,58.0,7.0,14.0,7.0,3.0,0.0,0.0,835.0,2056.0,14773.0,71875.0,0.0,3.0,862.0,859.0,862.0,862.0,1,raw_available,3.0,
8T9669T3,LP1,KT1A,8T9669T3,0,LP1KT1A,MIDENSHA,2021-04-02,2021-05-29,2011.0,50,115/22,57.0,15.0,57.0,4.0,2.0,0.0,0.0,601.0,2438.0,16210.0,152660.0,0.0,0.0,664.0,664.0,664.0,664.0,1,raw_available,0.0,
8T9669T3,LP1,KT1A,8T9669T3,0,LP1KT1A,MIDENSHA,2022-03-07,2022-03-18,2011.0,50,115/22,52.0,5.0,6.0,0.0,13.0,0.0,0.0,909.0,3114.0,13615.0,61535.0,0.0,10.0,938.0,928.0,938.0,938.0,1,raw_available,10.0,
8T9669T3,LP1,KT1A,8T9669T3,0,LP1KT1A,MIDENSHA,2023-05-21,2023-06-07,2011.0,50,115/22,55.0,11.0,1.0,9.0,3.0,0.0,0.0,1081.0,3254.0,9090.0,66751.0,4.0,3.0,1101.0,1094.0,1101.0,1101.0,1,raw_available,7.0,
8T9669T4,AY1,KT2A,8T9669T4,0,AY1KT2A,MEIDENSHA,2019-03-24,2019-03-31,2011.0,50,115/22,53.0,11.0,3.0,33.0,10.0,0.0,0.0,846.0,4811.0,8363.0,39690.0,0.0,0.0,892.0,892.0,892.0,892.0,1,raw_available,0.0,
8T9669T4,AY1,KT2A,8T9669T4,0,AY1KT2A,MEIDENSHA,2021-03-12,2021-05-11,2011.0,50,115/22,52.0,22.0,31.0,14.0,11.0,0.0,0.0,610.0,3002.0,9645.0,51990.0,0.0,8.0,674.0,666.0,674.0,674.0,1,raw_available,8.0,
8T9669T4,AY1,KT2A,8T9669T4,0,AY1KT2A,MEIDENSHA,2021-06-12,2021-09-05,2011.0,50,115/22,61.0,8.0,17.0,29.0,0.0,4.0,0.0,13.0,559.0,28615.0,76951.0,0.0,0.0,63.0,63.0,63.0,63.0,1,raw_available,0.0,
8T9669T4,AY1,KT2A,8T9669T4,0,AY1KT2A,MEIDENSHA,2022-05-21,2022-05-22,2011.0,50,115/22,,10.0,6.0,4.0,0.0,0.0,0.0,5.0,152.0,8100.0,14754.0,0.0,0.0,15.0,15.0,15.0,15.0,1,raw_available,0.0,ย้ายมาจาก SN3-KT3A
8T9669T4,AY1,KT2A,8T9669T4,0,AY1KT2A,MEIDENSHA,2023-02-10,2023-03-12,2011.0,50,115/22,51.0,14.0,5.0,1.0,5.0,2.0,0.0,202.0,1702.0,13987.0,29441.0,0.0,0.0,215.0,215.0,215.0,215.0,1,raw_available,0.0,
8T9669T4,AY1,KT2A,8T9669T4,0,AY1KT2A,MEIDENSHA,2024-01-26,2024-03-04,2011.0,50,115/22,53.0,5.0,1.0,3.0,1.0,1.0,0.0,57.0,845.0,15503.0,51632.0,5.0,2.0,70.0,63.0,70.0,70.0,1,raw_available,7.0,
8T9670T1,BBG,KT3A,8T9670T1,0,BBGKT3A,MEIDEN,2019-11-15,2019-11-30,2011.0,50,115/22,62.0,11.0,7.0,14.0,9.0,0.0,0.0,1086.0,4508.0,8823.0,66047.0,0.0,0.0,1116.0,1116.0,1116.0,1116.0,1,raw_available,0.0,
8T9670T1,BBG,KT3A,8T9670T1,0,BBGKT3A,MEIDEN,2022-04-08,2022-04-21,2011.0,50,115/22,68.0,9.0,4.0,7.0,3.0,0.0,0.0,876.0,5102.0,11795.0,69152.0,0.0,2.0,892.0,890.0,892.0,892.0,1,raw_available,2.0,
8T9670T1,BBG,KT3A,8T9670T1,0,BBGKT3A,MEIDEN,2022-10-22,2022-10-29,2011.0,50,115/22,60.0,10.0,7.0,1.0,7.0,6.0,0.0,902.0,4720.0,11873.0,63094.0,3.0,2.0,928.0,923.0,928.0,928.0,1,raw_available,5.0,
8T9670T1,BBG,KT3A,8T9670T1,0,BBGKT3A,MEIDEN,2023-05-21,2023-05-26,2011.0,50,115/22,54.0,6.0,2.0,30.0,4.0,3.0,0.0,983.0,4904.0,10100.0,69730.0,4.0,0.0,1026.0,1022.0,1026.0,1026.0,1,raw_available,4.0,
8T9670T1,BBG,KT3A,8T9670T1,0,BBGKT3A,MEIDEN,2024-03-09,2024-04-09,2011.0,50,115/22,60.0,15.0,23.0,20.0,5.0,8.0,0.0,829.0,3288.0,18760.0,84036.0,4.0,3.0,892.0,885.0,892.0,892.0,1,raw_available,7.0,
8T9670T2,BBG,KT2A,8T9670T2,0,BBGKT2A,MEIDEN,2019-11-15,2019-11-30,2011.0,50,115/22,75.0,8.0,6.0,20.0,15.0,11.0,0.0,743.0,3798.0,13960.0,66913.0,0.0,0.0,795.0,795.0,795.0,795.0,1,raw_available,0.0,
8T9670T2,BBG,KT2A,8T9670T2,0,BBGKT2A,MEIDEN,2022-04-08,2022-04-22,2011.0,50,115/22,71.0,10.0,3.0,2.0,5.0,4.0,0.0,568.0,3503.0,3232.0,51994.0,8.0,3.0,593.0,582.0,593.0,593.0,1,raw_available,11.0,
8T9670T2,BBG,KT2A,8T9670T2,0,BBGKT2A,MEIDEN,2022-10-22,2022-10-29,2011.0,50,115/22,65.0,13.0,6.0,1.0,5.0,3.0,0.0,521.0,3327.0,12302.0,50038.0,3.0,5.0,544.0,536.0,544.0,544.0,1,raw_available,8.0,
8T9670T2,BBG,KT2A,8T9670T2,0,BBGKT2A,MEIDEN,2023-05-21,2023-05-26,2011.0,50,115/22,56.0,5.0,2.0,25.0,4.0,3.0,0.0,542.0,3451.0,8030.0,61050.0,0.0,3.0,579.0,576.0,579.0,579.0,1,raw_available,3.0,
8T9670T2,BBG,KT2A,8T9670T2,0,BBGKT2A,MEIDEN,2024-03-09,2024-04-09,2011.0,50,115/22,60.0,7.0,8.0,15.0,7.0,10.0,0.0,622.0,3729.0,15049.0,59140.0,4.0,5.0,671.0,662.0,671.0,671.0,1,raw_available,9.0,
8T9670T3,AY1,KT1A,8T9670T3,0,AY1KT1A,MEIDEN,2019-01-10,2019-03-09,2013.0,50,115/22,54.0,18.0,42.0,6.0,0.0,0.0,0.0,319.0,1152.0,9303.0,38169.0,0.0,0.0,367.0,367.0,367.0,367.0,1,raw_available,0.0,
8T9670T3,AY1,KT1A,8T9670T3,0,AY1KT1A,MEIDEN,2021-01-25,2021-02-01,2013.0,50,115/22,50.0,6.0,40.0,4.0,2.0,0.0,0.0,859.0,3718.0,5420.0,30250.0,0.0,1.0,906.0,905.0,906.0,906.0,1,raw_available,1.0,
8T9670T3,AY1,KT1A,8T9670T3,0,AY1KT1A,MEIDEN,2022-01-17,2022-02-08,2013.0,50,115/22,48.0,11.0,4.0,4.0,2.0,1.0,0.0,767.0,3778.0,9860.0,66720.0,0.0,2.0,780.0,778.0,780.0,780.0,1,raw_available,2.0,
8T9670T3,AY1,KT1A,8T9670T3,0,AY1KT1A,MEIDEN,2023-02-10,2023-03-12,2013.0,50,115/22,54.0,13.0,7.0,9.0,8.0,8.0,0.0,842.0,4057.0,13803.0,57168.0,0.0,0.0,874.0,874.0,874.0,874.0,1,raw_available,0.0,
8T9670T3,AY1,KT1A,8T9670T3,0,AY1KT1A,MEIDEN,2024-01-26,2024-02-25,2013.0,50,115/22,57.0,6.0,14.0,9.0,10.0,10.0,0.0,872.0,4250.0,25908.0,68980.0,3.0,2.0,920.0,915.0,920.0,920.0,1,raw_available,5.0,
8T9670T4,AT2,KT4A,8T9670T4,0,AT2KT4A,MEIDEN,2019-02-15,2019-03-02,2013.0,50,115/22,57.0,9.0,7.0,6.0,0.0,0.0,0.0,712.0,1669.0,15440.0,41727.0,0.0,0.0,725.0,725.0,725.0,725.0,1,raw_available,0.0,
8T9670T4,AT2,KT4A,8T9670T4,0,AT2KT4A,MEIDEN,2021-02-13,2021-04-27,2013.0,50,115/22,52.0,39.0,10.0,7.0,4.0,7.0,0.0,1666.0,3739.0,17097.0,82417.0,2.0,3.0,1699.0,1694.0,1699.0,1699.0,1,raw_available,5.0,
8T9670T4,AT2,KT4A,8T9670T4,0,AT2KT4A,MEIDEN,2022-02-19,2022-03-10,2013.0,50,115/22,47.0,11.0,5.0,16.0,3.0,7.0,0.0,1797.0,4606.0,5317.0,70625.0,2.0,2.0,1832.0,1828.0,1832.0,1832.0,1,raw_available,4.0,
8T9670T4,AT2,KT4A,8T9670T4,0,AT2KT4A,MEIDEN,2023-01-29,2023-02-05,2013.0,50,115/22,53.0,5.0,8.0,11.0,0.0,7.0,0.0,1690.0,3900.0,9654.0,62498.0,0.0,0.0,1716.0,1716.0,1716.0,1716.0,1,raw_available,0.0,สี 2.5
8T9670T4,AT2,KT4A,8T9670T4,0,AT2KT4A,MEIDEN,2024-02-08,2024-02-24,2013.0,50,115/22,56.0,8.0,2.0,7.0,8.0,12.0,0.0,2139.0,5054.0,17719.0,70326.0,4.0,10.0,2182.0,2168.0,2182.0,2182.0,1,raw_available,14.0,
8T9788T1,STU,KT1A,8T9788T1,0,STUKT1A,MEIDEN,2019-07-08,2019-09-05,2015.0,50,115/33/11,57.0,31.0,4.0,1.0,1.0,1.0,0.0,170.0,438.0,8647.0,34136.0,1.0,1.0,179.0,177.0,179.0,179.0,1,raw_available,2.0,
8T9788T1,STU,KT1A,8T9788T1,0,STUKT1A,MEIDEN,2020-07-27,2020-08-24,2015.0,50,115/33/11,53.0,11.0,31.0,3.0,2.0,0.0,0.0,634.0,2583.0,8842.0,43743.0,0.0,1.0,671.0,670.0,671.0,671.0,1,raw_available,1.0,
8T9788T1,STU,KT1A,8T9788T1,0,STUKT1A,MEIDEN,2021-07-19,2021-11-04,2015.0,50,115/33/11,58.0,17.0,9.0,0.0,28.0,4.0,0.0,957.0,3024.0,16411.0,61590.0,0.0,0.0,998.0,998.0,998.0,998.0,1,raw_available,0.0,
8T9788T1,STU,KT1A,8T9788T1,0,STUKT1A,MEIDEN,2022-07-30,2022-08-26,2015.0,50,115/33/11,55.0,15.0,9.0,0.0,7.0,7.0,0.0,1067.0,2962.0,15948.0,63345.0,0.0,0.0,1090.0,1090.0,1090.0,1090.0,1,raw_available,0.0,
8T9788T1,STU,KT1A,8T9788T1,0,STUKT1A,MEIDEN,2023-07-30,2023-11-06,2015.0,50,115/33/11,53.0,13.0,15.0,15.0,3.0,30.0,0.0,1022.0,2903.0,21879.0,78434.0,3.0,5.0,1093.0,1085.0,1093.0,1093.0,1,raw_available,8.0,
8T9788T2,STU,KT2A,8T9788T2,0,STUKT2A,MEIDEN,2019-07-08,2019-09-05,2015.0,50,115/33/11,63.0,29.0,17.0,0.0,7.0,0.0,0.0,769.0,2083.0,10952.0,50581.0,0.0,0.0,793.0,793.0,793.0,793.0,1,raw_available,0.0,
8T9788T2,STU,KT2A,8T9788T2,0,STUKT2A,MEIDEN,2020-07-27,2020-08-24,2015.0,50,115/33/11,54.0,12.0,23.0,0.0,3.0,0.0,0.0,856.0,3213.0,8008.0,53994.0,0.0,1.0,883.0,882.0,883.0,883.0,1,raw_available,1.0,
8T9788T2,STU,KT2A,8T9788T2,0,STUKT2A,MEIDEN,2021-07-19,2021-11-05,2015.0,50,115/33/11,64.0,18.0,12.0,13.0,7.0,0.0,0.0,1268.0,3878.0,10973.0,62337.0,0.0,0.0,1300.0,1300.0,1300.0,1300.0,1,raw_available,0.0,
8T9788T2,STU,KT2A,8T9788T2,0,STUKT2A,MEIDEN,2022-07-30,2022-08-26,2015.0,50,115/33/11,56.0,13.0,10.0,0.0,5.0,5.0,0.0,1401.0,3853.0,14343.0,62803.0,0.0,0.0,1421.0,1421.0,1421.0,1421.0,1,raw_available,0.0,
8T9788T2,STU,KT2A,8T9788T2,0,STUKT2A,MEIDEN,2023-07-30,2023-11-06,2015.0,50,115/33/11,54.0,24.0,15.0,16.0,11.0,25.0,0.0,1090.0,2774.0,21406.0,76455.0,4.0,2.0,1163.0,1157.0,1163.0,1163.0,1,raw_available,6.0,
8T9788T3,PU,KT1A,8T9788T3,0,PUKT1A,MEIDEN,2019-09-15,2019-11-24,2012.0,50,115/33,52.0,19.0,8.0,10.0,0.0,4.0,0.0,889.0,2670.0,23094.0,64968.0,0.0,0.0,911.0,911.0,911.0,911.0,1,raw_available,0.0,
8T9788T3,PU,KT1A,8T9788T3,0,PUKT1A,MEIDEN,2020-09-08,2020-11-15,2012.0,50,115/33,52.0,14.0,39.0,6.0,2.0,0.0,0.0,273.0,1470.0,23640.0,197070.0,515.0,0.0,835.0,320.0,835.0,835.0,1,raw_available,515.0,
8T9788T3,PU,KT1A,8T9788T3,0,PUKT1A,MEIDEN,2021-09-05,2021-11-16,2012.0,50,115/33,52.0,15.0,6.0,12.0,8.0,7.0,0.0,1195.0,4288.0,11477.0,64672.0,0.0,0.0,1228.0,1228.0,1228.0,1228.0,1,raw_available,0.0,
8T9788T3,PU,KT1A,8T9788T3,0,PUKT1A,MEIDEN,2022-09-12,2022-10-09,2012.0,50,115/33,56.0,9.0,6.0,20.0,8.0,7.0,0.0,908.0,3406.0,10861.0,84854.0,3.0,12.0,964.0,949.0,964.0,964.0,1,raw_available,15.0,
8T9788T3,PU,KT1A,8T9788T3,0,PUKT1A,MEIDEN,2023-09-21,2023-10-26,2012.0,50,115/33,0.0,13.0,11.0,20.0,4.0,5.0,0.0,1414.0,4093.0,13136.0,79450.0,3.0,3.0,1460.0,1454.0,1460.0,1460.0,1,raw_available,6.0,
8T9788T4,PU,KT3A,8T9788T4,0,PUKT3A,MEIDEN,2019-09-15,2019-11-22,2012.0,50,115/33/11,,29.0,17.0,21.0,0.0,0.0,0.0,0.0,0.0,16330.0,68360.0,0.0,0.0,38.0,38.0,38.0,38.0,1,raw_available,0.0,
8T9788T4,PU,KT3A,8T9788T4,0,PUKT3A,MEIDEN,2020-09-08,2020-11-15,2012.0,50,115/33/11,58.0,15.0,19.0,8.0,2.0,0.0,0.0,425.0,2089.0,12830.0,143860.0,588.0,0.0,1042.0,454.0,1042.0,1042.0,1,raw_available,588.0,
8T9788T4,PU,KT3A,8T9788T4,0,PUKT3A,MEIDEN,2021-09-05,2021-11-16,2012.0,50,115/33/11,50.0,13.0,8.0,0.0,12.0,6.0,0.0,1215.0,3440.0,14248.0,64920.0,0.0,0.0,1241.0,1241.0,1241.0,1241.0,1,raw_available,0.0,
8T9788T4,PU,KT3A,8T9788T4,0,PUKT3A,MEIDEN,2022-09-12,2022-10-08,2012.0,50,115/33/11,55.0,8.0,5.0,11.0,4.0,3.0,0.0,815.0,2812.0,12830.0,75430.0,0.0,3.0,841.0,838.0,841.0,841.0,1,raw_available,3.0,
8T9788T4,PU,KT3A,8T9788T4,0,PUKT3A,MEIDEN,2023-09-22,2023-10-26,2012.0,50,115/33/11,49.0,13.0,11.0,20.0,5.0,6.0,0.0,1515.0,4369.0,14901.0,76254.0,2.0,4.0,1563.0,1557.0,1563.0,1563.0,1,raw_available,6.0,
8T9791T1,KN,KT3A,8T9791T1,0,KNKT3A,MEIDEN,2019-04-01,2019-08-26,2012.0,50,115/22/11,57.0,23.0,10.0,0.0,0.0,0.0,0.0,110.0,1460.0,9172.0,44542.0,0.0,0.0,120.0,120.0,120.0,120.0,1,raw_available,0.0,
8T9791T1,KN,KT3A,8T9791T1,0,KNKT3A,MEIDEN,2019-11-10,2019-12-26,2012.0,50,115/22/11,30.0,24.0,24.0,6.0,0.0,0.0,0.0,736.0,1503.0,20750.0,67380.0,0.0,0.0,766.0,766.0,766.0,766.0,1,raw_available,0.0,
8T9791T1,KN,KT3A,8T9791T1,0,KNKT3A,MEIDEN,2020-11-03,2020-11-28,2012.0,50,115/22/11,48.0,14.0,29.0,7.0,2.0,1.0,0.0,764.0,1778.0,10426.0,43109.0,1.0,1.0,805.0,803.0,805.0,805.0,1,raw_available,2.0,
8T9791T1,KN,KT3A,8T9791T1,0,KNKT3A,MEIDEN,2021-12-18,2022-01-10,2012.0,50,115/22/11,44.0,13.0,7.0,7.0,2.0,0.0,0.0,997.0,3425.0,9516.0,72728.0,0.0,2.0,1015.0,1013.0,1015.0,1015.0,1,raw_available,2.0,
8T9791T1,KN,KT3A,8T9791T1,0,KNKT3A,MEIDEN,2022-12-02,2023-01-12,2012.0,50,115/22/11,60.0,10.0,5.0,8.0,2.0,0.0,0.0,1199.0,3699.0,9210.0,67450.0,4.0,1.0,1219.0,1214.0,1219.0,1219.0,1,raw_available,5.0,
8T9791T1,KN,KT3A,8T9791T1,0,KNKT3A,MEIDEN,2023-04-27,2023-05-19,2012.0,50,115/22/11,38.0,13.0,2.0,8.0,1.0,2.0,0.0,930.0,2890.0,12225.0,63426.0,5.0,1.0,949.0,943.0,949.0,949.0,1,raw_available,6.0,
8T9791T1,KN,KT3A,8T9791T1,0,KNKT3A,MEIDEN,2023-11-09,2024-01-25,2012.0,50,115/22/11,58.0,11.0,7.0,16.0,3.0,4.0,0.0,1353.0,3741.0,15163.0,77975.0,1.0,2.0,1386.0,1383.0,1386.0,1386.0,1,raw_available,3.0,
8T9792T1,BNN,KT1A,8T9792T1,0,BNNKT1A,MEIDEN,2019-03-29,2019-04-18,2012.0,50,115/22/11,54.0,16.0,7.0,13.0,0.0,0.0,0.0,1069.0,2800.0,9759.0,47592.0,0.0,0.0,1089.0,1089.0,1089.0,1089.0,1,raw_available,0.0,
8T9792T1,BNN,KT1A,8T9792T1,0,BNNKT1A,MEIDEN,2020-03-29,2020-05-25,2012.0,50,115/22/11,55.0,11.0,27.0,9.0,3.0,0.0,0.0,888.0,1625.0,12930.0,67660.0,0.0,1.0,928.0,927.0,928.0,928.0,1,raw_available,1.0,
8T9792T1,BNN,KT1A,8T9792T1,0,BNNKT1A,MEIDEN,2021-01-17,2021-02-12,2012.0,50,115/22/11,54.0,13.0,33.0,9.0,8.0,0.0,0.0,977.0,2810.0,8685.0,61327.0,0.0,8.0,1035.0,1027.0,1035.0,1035.0,1,raw_available,8.0,
8T9792T1,BNN,KT1A,8T9792T1,0,BNNKT1A,MEIDEN,2022-03-05,2022-03-27,2012.0,50,115/22/11,48.0,10.0,5.0,0.0,0.0,0.0,0.0,1027.0,2776.0,13056.0,60475.0,0.0,0.0,1032.0,1032.0,1032.0,1032.0,1,raw_available,0.0,
8T9792T1,BNN,KT1A,8T9792T1,0,BNNKT1A,MEIDEN,2023-03-03,2023-03-18,2012.0,50,115/22/11,56.0,11.0,7.0,10.0,16.0,8.0,0.0,1107.0,3080.0,17486.0,62456.0,0.0,0.0,1148.0,1148.0,1148.0,1148.0,1,raw_available,0.0,
8T9792T1,BNN,KT1A,8T9792T1,0,BNNKT1A,MEIDEN,2024-03-03,2024-04-07,2012.0,50,115/22/11,57.0,7.0,1.0,3.0,0.0,2.0,0.0,264.0,1307.0,16921.0,36032.0,1.0,0.0,271.0,270.0,271.0,271.0,1,raw_available,1.0,
8T9792T2,BNN,KT2A,8T9792T2,0,BNNKT2A,MEIDEN,2019-03-29,2019-04-21,2012.0,50,115/22/11,51.0,11.0,10.0,7.0,8.0,5.0,0.0,920.0,2018.0,12985.0,45228.0,0.0,11.0,961.0,950.0,961.0,961.0,1,raw_available,11.0,
8T9792T2,BNN,KT2A,8T9792T2,0,BNNKT2A,MEIDEN,2020-03-29,2020-05-25,2012.0,50,115/22/11,53.0,12.0,49.0,8.0,2.0,0.0,0.0,927.0,1577.0,14880.0,72550.0,0.0,2.0,988.0,986.0,988.0,988.0,1,raw_available,2.0,
8T9792T2,BNN,KT2A,8T9792T2,0,BNNKT2A,MEIDEN,2021-01-17,2021-02-12,2012.0,50,115/22/11,52.0,12.0,33.0,8.0,2.0,0.0,0.0,1000.0,3214.0,9112.0,61160.0,0.0,2.0,1045.0,1043.0,1045.0,1045.0,1,raw_available,2.0,
8T9792T2,BNN,KT2A,8T9792T2,0,BNNKT2A,MEIDEN,2022-03-05,2022-03-27,2012.0,50,115/22/11,46.0,9.0,5.0,0.0,0.0,5.0,0.0,912.0,2613.0,17556.0,61887.0,0.0,0.0,922.0,922.0,922.0,922.0,1,raw_available,0.0,
8T9792T2,BNN,KT2A,8T9792T2,0,BNNKT2A,MEIDEN,2023-03-03,2023-03-17,2012.0,50,115/22/11,53.0,15.0,5.0,16.0,7.0,8.0,0.0,1014.0,3010.0,19126.0,62830.0,0.0,0.0,1050.0,1050.0,1050.0,1050.0,1,raw_available,0.0,
8T9792T2,BNN,KT2A,8T9792T2,0,BNNKT2A,MEIDEN,2024-03-03,2024-04-07,2012.0,50,115/22/11,55.0,8.0,2.0,2.0,0.0,2.0,0.0,189.0,1133.0,19138.0,34398.0,1.0,0.0,196.0,195.0,196.0,196.0,1,raw_available,1.0,
8T9792T3,SO1,KT1A,8T9792T3,0,SO1KT1A,DAIHEN,2019-02-11,2019-05-12,2002.0,50,115/22/11,48.0,18.0,2.0,8.0,1.0,3.0,0.0,809.0,1626.0,14208.0,49834.0,2.0,1.0,826.0,823.0,826.0,826.0,1,raw_available,3.0,
8T9792T3,SO1,KT1A,8T9792T3,0,SO1KT1A,DAIHEN,2020-04-11,2020-05-17,2002.0,50,115/22/11,57.0,19.0,15.0,8.0,2.0,0.0,0.0,923.0,1815.0,13591.0,67304.0,0.0,2.0,950.0,948.0,950.0,950.0,1,raw_available,2.0,
8T9792T3,SO1,KT1A,8T9792T3,0,SO1KT1A,DAIHEN,2021-02-11,2021-06-14,2002.0,50,115/22/11,49.0,7.0,24.0,5.0,1.0,1.0,0.0,582.0,2180.0,14096.0,51876.0,0.0,2.0,615.0,613.0,615.0,615.0,1,raw_available,2.0,
8T9792T3,SO1,KT1A,8T9792T3,0,SO1KT1A,DAIHEN,2022-01-25,2022-02-06,2002.0,50,115/22/11,41.0,6.0,5.0,6.0,2.0,1.0,0.0,777.0,2918.0,10235.0,69453.0,0.0,2.0,793.0,791.0,793.0,793.0,1,raw_available,2.0,
8T9792T3,SO1,KT1A,8T9792T3,0,SO1KT1A,DAIHEN,2023-01-22,2023-02-04,2002.0,50,115/22/11,47.0,6.0,9.0,8.0,0.0,6.0,0.0,1008.0,2466.0,11280.0,55546.0,0.0,0.0,1031.0,1031.0,1031.0,1031.0,1,raw_available,0.0,
8T9792T3,SO1,KT1A,8T9792T3,0,SO1KT1A,DAIHEN,2024-01-21,2024-02-10,2002.0,50,115/22/11,47.0,10.0,5.0,8.0,7.0,28.0,0.0,826.0,2820.0,4260.0,28980.0,1.0,1.0,876.0,874.0,876.0,876.0,1,raw_available,2.0,
8T9792T4,SO1,KT3A,8T9792T4,0,SO1KT3A,DAIHEN,2019-02-11,2019-05-10,2002.0,50,115/22/11,52.0,17.0,8.0,10.0,0.0,0.0,0.0,806.0,1937.0,13807.0,60719.0,0.0,0.0,824.0,824.0,824.0,824.0,1,raw_available,0.0,
8T9792T4,SO1,KT3A,8T9792T4,0,SO1KT3A,DAIHEN,2020-04-11,2020-05-24,2002.0,50,115/22/11,60.0,17.0,11.0,0.0,0.0,0.0,0.0,834.0,2316.0,14956.0,56720.0,0.0,0.0,845.0,845.0,845.0,845.0,1,raw_available,0.0,
8T9792T4,SO1,KT3A,8T9792T4,0,SO1KT3A,DAIHEN,2021-02-11,2021-05-24,2002.0,50,115/22/11,53.0,20.0,75.0,12.0,4.0,1.0,0.0,816.0,4321.0,14901.0,54263.0,0.0,4.0,912.0,908.0,912.0,912.0,1,raw_available,4.0,
8T9792T4,SO1,KT3A,8T9792T4,0,SO1KT3A,DAIHEN,2022-01-25,2022-02-06,2002.0,50,115/22/11,44.0,9.0,31.0,7.0,4.0,5.0,0.0,605.0,3274.0,7961.0,72750.0,2.0,5.0,659.0,652.0,659.0,659.0,1,raw_available,7.0,
8T9792T4,SO1,KT3A,8T9792T4,0,SO1KT3A,DAIHEN,2023-01-22,2023-02-06,2002.0,50,115/22/11,49.0,6.0,8.0,11.0,3.0,5.0,0.0,700.0,3501.0,30233.0,80570.0,3.0,3.0,733.0,727.0,733.0,733.0,1,raw_available,6.0,
8T9792T4,SO1,KT3A,8T9792T4,0,SO1KT3A,DAIHEN,2024-01-21,2024-02-05,2002.0,50,115/22/11,50.0,9.0,3.0,3.0,1.0,2.0,0.0,704.0,3884.0,24620.0,62815.0,29.0,0.0,742.0,713.0,742.0,742.0,1,raw_available,29.0,
8T9795T2,SKL,KT3A,8T9795T2,0,SKLKT3A,MEIDEN,2019-07-18,2019-09-05,2012.0,50,115/33/11,56.0,29.0,11.0,11.0,2.0,3.0,0.0,717.0,1661.0,16136.0,53342.0,1.0,3.0,748.0,744.0,748.0,748.0,1,raw_available,4.0,
8T9795T2,SKL,KT3A,8T9795T2,0,SKLKT3A,MEIDEN,2020-07-07,2020-08-24,2012.0,50,115/33/11,53.0,15.0,9.0,0.0,28.0,7.0,0.0,1065.0,2536.0,12613.0,52766.0,0.0,37.0,1146.0,1109.0,1146.0,1146.0,1,raw_available,37.0,
8T9795T2,SKL,KT3A,8T9795T2,0,SKLKT3A,MEIDEN,2021-07-27,2021-11-15,2012.0,50,115/33/11,,24.0,9.0,0.0,11.0,6.0,0.0,847.0,2331.0,18594.0,62363.0,0.0,0.0,873.0,873.0,873.0,873.0,1,raw_available,0.0,
8T9795T2,SKL,KT3A,8T9795T2,0,SKLKT3A,MEIDEN,2023-07-10,2023-11-18,2012.0,50,115/33/11,54.0,26.0,2.0,27.0,2.0,9.0,0.0,854.0,5360.0,22310.0,51190.0,3.0,3.0,900.0,894.0,900.0,900.0,1,raw_available,6.0,
8T9796T1,KK2,KT1A,8T9796T1,0,KK2KT1A,MEIDEN,2019-03-07,2019-04-27,2012.0,50,115/22,53.0,24.0,7.0,17.0,4.0,0.0,0.0,638.0,2148.0,13673.0,54636.0,0.0,0.0,666.0,666.0,666.0,666.0,1,raw_available,0.0,
8T9796T1,KK2,KT1A,8T9796T1,0,KK2KT1A,MEIDEN,2020-03-06,2020-03-28,2012.0,50,115/22,67.0,10.0,6.0,16.0,5.0,0.0,0.0,724.0,2434.0,9936.0,51495.0,0.0,6.0,757.0,751.0,757.0,757.0,1,raw_available,6.0,
8T9796T1,KK2,KT1A,8T9796T1,0,KK2KT1A,MEIDEN,2021-02-19,2021-05-20,2012.0,50,115/22,66.0,29.0,15.0,16.0,4.0,6.0,0.0,531.0,1434.0,16589.0,65207.0,3.0,4.0,579.0,572.0,579.0,579.0,1,raw_available,7.0,
8T9796T1,KK2,KT1A,8T9796T1,0,KK2KT1A,MEIDEN,2022-01-14,2022-02-08,2012.0,50,115/22,54.0,14.0,12.0,0.0,5.0,6.0,0.0,870.0,3623.0,10118.0,63521.0,0.0,0.0,893.0,893.0,893.0,893.0,1,raw_available,0.0,
8T9796T1,KK2,KT1A,8T9796T1,0,KK2KT1A,MEIDEN,2023-01-12,2023-02-04,2012.0,50,115/22,48.0,8.0,6.0,19.0,7.0,5.0,0.0,945.0,3676.0,9507.0,63123.0,0.0,0.0,982.0,982.0,982.0,982.0,1,raw_available,0.0,
8T9796T1,KK2,KT1A,8T9796T1,0,KK2KT1A,MEIDEN,2024-01-11,2024-02-11,2012.0,50,115/22,59.0,8.0,12.0,10.0,2.0,2.0,0.0,969.0,3587.0,17516.0,45201.0,3.0,2.0,1000.0,995.0,1000.0,1000.0,1,raw_available,5.0,
8T9796T2,KK2,KT2A,8T9796T2,0,KK2KT2A,MEIDEN,2019-03-07,2019-04-27,2012.0,50,115/22,50.0,20.0,10.0,12.0,0.0,4.0,0.0,889.0,2640.0,11531.0,60237.0,0.0,0.0,915.0,915.0,915.0,915.0,1,raw_available,0.0,
8T9796T2,KK2,KT2A,8T9796T2,0,KK2KT2A,MEIDEN,2020-03-06,2020-03-26,2012.0,50,115/22,63.0,9.0,6.0,13.0,4.0,0.0,0.0,896.0,2666.0,11003.0,67164.0,0.0,3.0,922.0,919.0,922.0,922.0,1,raw_available,3.0,
8T9796T2,KK2,KT2A,8T9796T2,0,KK2KT2A,MEIDEN,2021-02-19,2021-05-21,2012.0,50,115/22,61.0,18.0,7.0,13.0,3.0,5.0,0.0,1029.0,2912.0,21669.0,78804.0,2.0,3.0,462.0,1057.0,462.0,462.0,1,raw_available,-595.0,
8T9796T2,KK2,KT2A,8T9796T2,0,KK2KT2A,MEIDEN,2021-06-06,2021-06-28,2012.0,50,115/22,55.0,11.0,11.0,17.0,0.0,5.0,0.0,1217.0,3795.0,11818.0,72224.0,3.0,4.0,1257.0,1250.0,1257.0,1257.0,1,raw_available,7.0,
8T9796T2,KK2,KT2A,8T9796T2,0,KK2KT2A,MEIDEN,2022-01-14,2022-02-11,2012.0,50,115/22,54.0,10.0,2.0,26.0,3.0,6.0,0.0,1234.0,4023.0,8577.0,80548.0,2.0,2.0,1275.0,1271.0,1275.0,1275.0,1,raw_available,4.0,
8T9796T2,KK2,KT2A,8T9796T2,0,KK2KT2A,MEIDEN,2023-01-12,2023-02-04,2012.0,50,115/22,44.0,8.0,9.0,13.0,5.0,7.0,0.0,1004.0,3820.0,12993.0,62572.0,0.0,0.0,1038.0,1038.0,1038.0,1038.0,1,raw_available,0.0,
8T9796T2,KK2,KT2A,8T9796T2,0,KK2KT2A,MEIDEN,2024-01-11,2024-02-11,2012.0,50,115/22,58.0,9.0,3.0,7.0,1.0,4.0,0.0,1070.0,3933.0,16470.0,27170.0,3.0,2.0,1090.0,1085.0,1090.0,1090.0,1,raw_available,5.0,
9047125,STB,KT1A,9047125,0,STBKT1A,TAKAOKA,2019-05-12,2019-05-24,2005.0,200,230,67.0,15.0,33.0,36.0,142.0,0.0,0.0,57.0,6095.0,7378.0,38800.0,0.0,75.0,343.0,268.0,343.0,343.0,1,raw_available,75.0,
9047125,STB,KT1A,9047125,0,STBKT1A,TAKAOKA,2019-11-15,2019-12-01,2005.0,200,230,59.0,11.0,39.0,80.0,148.0,0.0,0.0,254.0,6659.0,6907.0,47896.0,0.0,87.0,608.0,521.0,608.0,608.0,1,raw_available,87.0,
9047125,STB,KT1A,9047125,0,STBKT1A,TAKAOKA,2020-05-28,2020-07-03,2005.0,200,230,58.0,28.0,28.0,36.0,139.0,0.0,0.0,52.0,5959.0,10030.0,29659.0,0.0,63.0,318.0,255.0,318.0,318.0,1,raw_available,63.0,
9047125,STB,KT1A,9047125,0,STBKT1A,TAKAOKA,2020-11-16,2020-11-22,2005.0,200,230,60.0,9.0,40.0,39.0,194.0,0.0,0.0,55.0,6769.0,6081.0,39469.0,0.0,77.0,405.0,328.0,405.0,405.0,1,raw_available,77.0,
9047125,STB,KT1A,9047125,0,STBKT1A,TAKAOKA,2021-07-10,2021-09-14,2005.0,200,230,62.0,15.0,42.0,36.0,158.0,4.0,0.0,55.0,5792.0,7173.0,40831.0,0.0,19.0,314.0,295.0,314.0,314.0,1,raw_available,19.0,
9047125,STB,KT1A,9047125,0,STBKT1A,TAKAOKA,2021-11-13,2021-11-20,2005.0,200,230,55.0,10.0,41.0,38.0,173.0,0.0,0.0,60.0,6203.0,6705.0,40717.0,0.0,39.0,351.0,312.0,351.0,351.0,1,raw_available,39.0,
9047125,STB,KT1A,9047125,0,STBKT1A,TAKAOKA,2022-05-23,2022-05-30,2005.0,200,230,59.0,8.0,57.0,37.0,143.0,4.0,0.0,50.0,8955.0,4958.0,58991.0,4.0,99.0,414.0,291.0,414.0,414.0,1,raw_available,123.0,
9047125,STB,KT1A,9047125,0,STBKT1A,TAKAOKA,2022-11-24,2022-11-28,2005.0,200,230,59.0,9.0,33.0,37.0,148.0,26.0,0.0,54.0,6659.0,5090.0,47140.0,0.0,108.0,406.0,298.0,406.0,406.0,1,raw_available,108.0,
9047125,STB,KT1A,9047125,0,STBKT1A,TAKAOKA,2023-05-19,2023-05-22,2005.0,200,230,61.0,8.0,30.0,35.0,135.0,0.0,0.0,53.0,6244.0,7270.0,46450.0,0.0,111.0,364.0,253.0,364.0,364.0,1,raw_available,111.0,
9047125,STB,KT1A,9047125,0,STBKT1A,TAKAOKA,2023-06-02,2023-06-03,2005.0,200,230,0.0,10.0,64.0,55.0,192.0,6.0,0.0,66.0,6570.0,1723.0,48464.0,11.0,89.0,483.0,383.0,483.0,483.0,1,raw_available,100.0,น้ำมัน Maintank รั่วซึมเข้าห้อง OLTC .
9047125,STB,KT1A,9047125,0,STBKT1A,TAKAOKA,2023-11-23,2023-12-19,2005.0,200,230,48.0,9.0,42.0,38.0,152.0,1.0,0.0,52.0,6341.0,12415.0,46484.0,0.0,81.0,366.0,285.0,366.0,366.0,1,raw_available,81.0,
9047126,STB,KT2A,9047126,0,STBKT2A,TAKAOKA,2019-05-12,2019-05-24,2005.0,200,230,32.0,12.0,25.0,31.0,123.0,0.0,0.0,85.0,3684.0,11002.0,53260.0,0.0,51.0,315.0,264.0,315.0,315.0,1,raw_available,51.0,de-energize. De-energize.
9047126,STB,KT2A,9047126,0,STBKT2A,TAKAOKA,2019-11-15,2019-12-01,2005.0,200,230,57.0,10.0,18.0,35.0,130.0,0.0,0.0,73.0,4500.0,8901.0,52611.0,0.0,82.0,338.0,256.0,338.0,338.0,1,raw_available,82.0,
9047126,STB,KT2A,9047126,0,STBKT2A,TAKAOKA,2020-05-28,2020-07-03,2005.0,200,230,57.0,16.0,26.0,38.0,116.0,0.0,0.0,86.0,5446.0,7108.0,57179.0,0.0,80.0,346.0,266.0,346.0,346.0,1,raw_available,80.0,
9047126,STB,KT2A,9047126,0,STBKT2A,TAKAOKA,2020-11-16,2020-11-22,2005.0,200,230,60.0,9.0,29.0,34.0,167.0,0.0,0.0,72.0,4599.0,8611.0,42615.0,0.0,45.0,347.0,302.0,347.0,347.0,1,raw_available,45.0,
9047126,STB,KT2A,9047126,0,STBKT2A,TAKAOKA,2021-07-10,2021-09-14,2005.0,200,230,60.0,15.0,35.0,32.0,147.0,0.0,0.0,78.0,4325.0,7840.0,46058.0,0.0,20.0,312.0,292.0,312.0,312.0,1,raw_available,20.0,
9047126,STB,KT2A,9047126,0,STBKT2A,TAKAOKA,2021-11-13,2021-11-20,2005.0,200,230,51.0,9.0,36.0,33.0,150.0,0.0,0.0,87.0,4673.0,7263.0,43957.0,0.0,40.0,346.0,306.0,346.0,346.0,1,raw_available,40.0,
9047126,STB,KT2A,9047126,0,STBKT2A,TAKAOKA,2022-05-23,2022-05-30,2005.0,200,230,58.0,9.0,35.0,31.0,157.0,2.0,0.0,79.0,5637.0,3438.0,42811.0,0.0,50.0,354.0,304.0,354.0,354.0,1,raw_available,50.0,
9047126,STB,KT2A,9047126,0,STBKT2A,TAKAOKA,2022-11-24,2022-11-28,2005.0,200,230,58.0,7.0,34.0,38.0,141.0,28.0,0.0,69.0,5074.0,3640.0,50580.0,0.0,98.0,408.0,310.0,408.0,408.0,1,raw_available,98.0,
9047126,STB,KT2A,9047126,0,STBKT2A,TAKAOKA,2023-05-19,2023-05-22,2005.0,200,230,60.0,13.0,43.0,43.0,149.0,1.0,0.0,72.0,5222.0,3750.0,53710.0,9.0,114.0,431.0,308.0,431.0,431.0,1,raw_available,123.0,
9047126,STB,KT2A,9047126,0,STBKT2A,TAKAOKA,2023-11-23,2023-12-19,2005.0,200,230,48.0,7.0,60.0,53.0,172.0,0.0,0.0,96.0,5533.0,9891.0,60293.0,0.0,97.0,478.0,381.0,478.0,478.0,1,raw_available,97.0,
9047372,STB,KT3A,9047372,0,STBKT3A,TAKAOKA,2019-05-12,2019-05-25,2004.0,200,230/72/11,65.0,17.0,44.0,154.0,70.0,31.0,0.0,406.0,5536.0,6070.0,44365.0,30.0,23.0,758.0,705.0,758.0,758.0,1,raw_available,53.0,
9047372,STB,KT3A,9047372,0,STBKT3A,TAKAOKA,2019-11-15,2019-12-01,2004.0,200,230/72/11,59.0,11.0,46.0,145.0,72.0,27.0,0.0,328.0,6076.0,5810.0,72097.0,38.0,28.0,684.0,618.0,684.0,684.0,1,raw_available,66.0,
9047372,STB,KT3A,9047372,0,STBKT3A,TAKAOKA,2020-05-28,2020-07-03,2004.0,200,230/72/11,55.0,17.0,45.0,140.0,80.0,28.0,0.0,342.0,5809.0,6991.0,61229.0,0.0,22.0,657.0,635.0,657.0,657.0,1,raw_available,22.0,
9047372,STB,KT3A,9047372,0,STBKT3A,TAKAOKA,2020-11-16,2020-11-22,2004.0,200,230/72/11,62.0,9.0,44.0,139.0,121.0,27.0,0.0,328.0,5601.0,6078.0,58958.0,19.0,28.0,706.0,659.0,706.0,706.0,1,raw_available,47.0,
9047372,STB,KT3A,9047372,0,STBKT3A,TAKAOKA,2021-07-10,2021-09-14,2004.0,200,230/72/11,64.0,16.0,49.0,139.0,94.0,27.0,0.0,342.0,4860.0,6341.0,59687.0,0.0,7.0,658.0,651.0,658.0,658.0,1,raw_available,7.0,
9047372,STB,KT3A,9047372,0,STBKT3A,TAKAOKA,2021-11-13,2021-11-19,2004.0,200,230/72/11,63.0,7.0,28.0,119.0,77.0,7.0,0.0,235.0,6989.0,5570.0,50510.0,45.0,45.0,556.0,466.0,556.0,556.0,1,raw_available,90.0,
9047372,STB,KT3A,9047372,0,STBKT3A,TAKAOKA,2022-05-23,2022-05-30,2004.0,200,230/72/11,59.0,12.0,81.0,140.0,84.0,10.0,0.0,308.0,8177.0,3374.0,65501.0,43.0,42.0,708.0,623.0,708.0,708.0,1,raw_available,85.0,
9047372,STB,KT3A,9047372,0,STBKT3A,TAKAOKA,2022-11-24,2022-11-28,2004.0,200,230/72/11,55.0,11.0,52.0,161.0,94.0,16.0,0.0,242.0,6779.0,3440.0,73160.0,34.0,40.0,639.0,565.0,639.0,639.0,1,raw_available,74.0,
9047372,STB,KT3A,9047372,0,STBKT3A,TAKAOKA,2023-05-19,2023-05-22,2004.0,200,230/72/11,57.0,5.0,25.0,105.0,73.0,40.0,0.0,254.0,6700.0,4570.0,44410.0,61.0,44.0,602.0,497.0,602.0,602.0,1,raw_available,105.0,
9047372,STB,KT3A,9047372,0,STBKT3A,TAKAOKA,2023-11-23,2023-12-19,2004.0,200,230/72/11,49.0,9.0,42.0,132.0,88.0,22.0,0.0,242.0,6183.0,9120.0,49741.0,31.0,33.0,590.0,526.0,590.0,590.0,1,raw_available,64.0,
9147503,SA1,KT1A,9147503,0,SA1KT1A,TAKAOKA,2019-10-20,2019-10-25,2005.0,200,230/115/22,60.0,24.0,13.0,26.0,61.0,2.0,0.0,73.0,3714.0,9725.0,37650.0,0.0,24.0,199.0,175.0,199.0,199.0,1,raw_available,24.0,
9147503,SA1,KT1A,9147503,0,SA1KT1A,TAKAOKA,2019-11-08,2019-11-30,2005.0,200,230/115/22,60.0,21.0,16.0,13.0,45.0,0.0,0.0,72.0,3233.0,14304.0,53067.0,0.0,29.0,175.0,146.0,175.0,175.0,1,raw_available,29.0,
9147503,SA1,KT1A,9147503,0,SA1KT1A,TAKAOKA,2020-03-20,2020-04-10,2005.0,200,230/115/22,,21.0,4.0,125.0,36.0,1.0,0.0,47.0,2191.0,10224.0,47733.0,0.0,19.0,232.0,213.0,232.0,232.0,1,raw_available,19.0,
9147503,SA1,KT1A,9147503,0,SA1KT1A,TAKAOKA,2022-11-18,2022-12-11,2005.0,200,230/115/22,54.0,19.0,25.0,27.0,57.0,2.0,0.0,65.0,2052.0,10438.0,47654.0,0.0,40.0,216.0,176.0,216.0,216.0,1,raw_available,40.0,
9147503,SA1,KT1A,9147503,0,SA1KT1A,TAKAOKA,2023-05-25,2023-06-09,2005.0,200,230/115/22,58.0,13.0,13.0,23.0,38.0,0.0,0.0,120.0,2390.0,10682.0,35281.0,0.0,5.0,199.0,194.0,199.0,199.0,1,raw_available,5.0,
9147504,SA1,KT3A,9147504,0,SA1KT3A,TAKAOKA,2019-10-20,2019-10-25,2006.0,200,230/121/22,56.0,21.0,37.0,45.0,140.0,5.0,0.0,69.0,9836.0,6709.0,55600.0,0.0,77.0,373.0,296.0,373.0,373.0,1,raw_available,77.0,
9147504,SA1,KT3A,9147504,0,SA1KT3A,TAKAOKA,2019-11-08,2019-11-30,2006.0,200,230/121/22,56.0,18.0,44.0,45.0,131.0,0.0,0.0,84.0,9570.0,7010.0,47936.0,0.0,64.0,368.0,304.0,368.0,368.0,1,raw_available,64.0,
9147504,SA1,KT3A,9147504,0,SA1KT3A,TAKAOKA,2020-03-20,2020-04-10,2006.0,200,230/121/22,59.0,15.0,26.0,44.0,158.0,40.0,0.0,66.0,8935.0,12582.0,40833.0,0.0,39.0,373.0,334.0,373.0,373.0,1,raw_available,39.0,
9147504,SA1,KT3A,9147504,0,SA1KT3A,TAKAOKA,2022-04-11,2022-04-17,2006.0,200,230/121/22,60.0,16.0,33.0,45.0,153.0,5.0,0.0,61.0,9996.0,8075.0,62781.0,0.0,103.0,400.0,297.0,400.0,400.0,1,raw_available,103.0,
9147504,SA1,KT3A,9147504,0,SA1KT3A,TAKAOKA,2022-11-18,2022-12-11,2006.0,200,230/121/22,52.0,20.0,20.0,41.0,113.0,1.0,0.0,53.0,9743.0,8529.0,52402.0,0.0,76.0,304.0,228.0,304.0,304.0,1,raw_available,76.0,
9147504,SA1,KT3A,9147504,0,SA1KT3A,TAKAOKA,2023-04-28,2023-04-28,2006.0,200,230/121/22,42.0,8.0,44.0,48.0,132.0,4.0,0.0,73.0,9494.0,1982.0,37744.0,3.0,70.0,374.0,301.0,374.0,374.0,1,raw_available,73.0,Trip ด้วย Buchholz Relay(micro switch error)
9147504,SA1,KT3A,9147504,0,SA1KT3A,TAKAOKA,2023-05-25,2023-06-09,2006.0,200,230/121/22,56.0,17.0,45.0,34.0,53.0,6.0,0.0,80.0,9427.0,3999.0,38582.0,6.0,11.0,235.0,218.0,235.0,235.0,1,raw_available,17.0,
91900005,BPL,KT4A,91900005,0,BPLKT4A,TOSHIBA,2019-07-27,2019-08-30,2004.0,200,220/69/11,69.0,23.0,49.0,173.0,299.0,91.0,0.0,184.0,6106.0,6953.0,47355.0,92.0,203.0,1091.0,796.0,1091.0,1091.0,1,raw_available,295.0,
91900005,BPL,KT4A,91900005,0,BPLKT4A,TOSHIBA,2019-11-14,2019-11-28,2004.0,200,220/69/11,62.0,83.0,110.0,200.0,311.0,95.0,0.0,187.0,6980.0,6180.0,42511.0,55.0,186.0,1144.0,903.0,1144.0,1144.0,1,raw_available,241.0,
91900005,BPL,KT4A,91900005,0,BPLKT4A,TOSHIBA,2020-05-15,2020-05-29,2004.0,200,220/69/11,60.0,38.0,305.0,331.0,513.0,263.0,0.0,179.0,6036.0,5064.0,49852.0,207.0,393.0,2191.0,1591.0,2191.0,2191.0,1,raw_available,600.0,
91900005,BPL,KT4A,91900005,0,BPLKT4A,TOSHIBA,2020-11-22,2020-12-04,2004.0,200,220/69/11,60.0,42.0,469.0,238.0,374.0,101.0,0.0,206.0,7148.0,4764.0,48620.0,99.0,214.0,1701.0,1388.0,1701.0,1701.0,1,raw_available,313.0,
91900005,BPL,KT4A,91900005,0,BPLKT4A,TOSHIBA,2021-05-24,2021-07-12,2004.0,200,220/69/11,60.0,16.0,49.0,161.0,374.0,104.0,0.0,204.0,7401.0,8817.0,48609.0,137.0,216.0,1245.0,892.0,1245.0,1245.0,1,raw_available,353.0,
91900005,BPL,KT4A,91900005,0,BPLKT4A,TOSHIBA,2021-11-14,2021-12-11,2004.0,200,220/69/11,62.0,21.0,63.0,100.0,273.0,37.0,0.0,181.0,7275.0,12800.0,55570.0,134.0,269.0,1057.0,654.0,1057.0,1057.0,1,raw_available,403.0,
91900005,BPL,KT4A,91900005,0,BPLKT4A,TOSHIBA,2022-05-28,2022-06-02,2004.0,200,220/69/11,,26.0,55.0,255.0,386.0,113.0,0.0,224.0,7314.0,3280.0,45509.0,174.0,269.0,1476.0,1033.0,1476.0,1476.0,1,raw_available,443.0,
91900005,BPL,KT4A,91900005,0,BPLKT4A,TOSHIBA,2023-06-07,2023-06-09,2004.0,200,220/69/11,55.0,25.0,34.0,182.0,366.0,89.0,0.0,210.0,6647.0,5540.0,40447.0,49.0,134.0,1064.0,881.0,1064.0,1064.0,1,raw_available,183.0,
91900005,BPL,KT4A,91900005,0,BPLKT4A,TOSHIBA,2023-11-26,2023-12-21,2004.0,200,220/69/11,58.0,40.0,50.0,209.0,353.0,98.0,0.0,232.0,8350.0,10926.0,52115.0,61.0,238.0,1241.0,942.0,1241.0,1241.0,1,raw_available,299.0,
91900006,LSN,KT4A,91900006,0,LSNKT4A,TOSHIBA,2020-05-02,2020-05-31,2005.0,200,230/115/22,59.0,29.0,21.0,11.0,4.0,0.0,0.0,60.0,784.0,5125.0,32879.0,2.0,2.0,100.0,96.0,100.0,100.0,1,raw_available,4.0,
91900006,LSN,KT4A,91900006,0,LSNKT4A,TOSHIBA,2020-11-08,2020-11-27,2005.0,200,230/115/22,56.0,19.0,20.0,10.0,6.0,1.0,0.0,64.0,826.0,5197.0,29068.0,4.0,4.0,109.0,101.0,109.0,109.0,1,raw_available,8.0,
91900006,LSN,KT4A,91900006,0,LSNKT4A,TOSHIBA,2021-05-04,2021-07-24,2005.0,200,230/115/22,52.0,27.0,13.0,0.0,11.0,0.0,0.0,70.0,1041.0,10387.0,23975.0,0.0,0.0,94.0,94.0,94.0,94.0,1,raw_available,0.0,
91900006,LSN,KT4A,91900006,0,LSNKT4A,TOSHIBA,2021-11-02,2021-11-22,2005.0,200,230/115/22,54.0,17.0,4.0,12.0,9.0,0.0,0.0,56.0,1601.0,5430.0,18710.0,5.0,7.0,93.0,81.0,93.0,93.0,1,raw_available,12.0,
91900006,LSN,KT4A,91900006,0,LSNKT4A,TOSHIBA,2022-04-29,2022-05-15,2005.0,200,230/115/22,55.0,19.0,12.0,10.0,13.0,1.0,0.0,81.0,1440.0,7246.0,20536.0,0.0,0.0,117.0,117.0,117.0,117.0,1,raw_available,0.0,
91900006,LSN,KT4A,91900006,0,LSNKT4A,TOSHIBA,2022-11-27,2023-01-08,2005.0,200,230/115/22,50.0,12.0,10.0,14.0,14.0,1.0,0.0,97.0,1326.0,8608.0,23063.0,6.0,4.0,146.0,136.0,146.0,146.0,1,raw_available,10.0,
91900006,LSN,KT4A,91900006,0,LSNKT4A,TOSHIBA,2023-04-29,2023-05-18,2005.0,200,230/115/22,56.0,14.0,2.0,10.0,9.0,0.0,0.0,84.0,1275.0,19510.0,47640.0,5.0,8.0,118.0,105.0,118.0,118.0,1,raw_available,13.0,
91900006,LSN,KT4A,91900006,0,LSNKT4A,TOSHIBA,2023-11-23,2024-01-26,2005.0,200,230/115/22,52.0,21.0,15.0,16.0,17.0,1.0,0.0,103.0,1444.0,13391.0,35088.0,3.0,11.0,166.0,152.0,166.0,166.0,1,raw_available,14.0,
91900007,LPR,KT3A,91900007,0,LPRKT3A,TOSHIBA,2019-05-06,2019-05-25,2005.0,200,220/69/22,75.0,20.0,49.0,46.0,77.0,11.0,0.0,67.0,2729.0,7638.0,33720.0,0.0,54.0,304.0,250.0,304.0,304.0,1,raw_available,54.0,
91900007,LPR,KT3A,91900007,0,LPRKT3A,TOSHIBA,2019-11-13,2019-12-13,2005.0,200,220/69/22,40.0,7.0,59.0,50.0,97.0,3.0,0.0,67.0,2948.0,6249.0,24078.0,0.0,78.0,354.0,276.0,354.0,354.0,1,raw_available,78.0,
91900007,LPR,KT3A,91900007,0,LPRKT3A,TOSHIBA,2020-07-20,2020-07-20,2005.0,200,220/69/22,44.0,10.0,65.0,52.0,101.0,13.0,0.0,69.0,2717.0,3244.0,17896.0,0.0,80.0,380.0,300.0,380.0,380.0,1,raw_available,80.0,Tx.Diff Operation
91900007,LPR,KT3A,91900007,0,LPRKT3A,TOSHIBA,2020-11-09,2020-11-22,2005.0,200,220/69/22,56.0,10.0,51.0,48.0,94.0,5.0,0.0,34.0,1480.0,5480.0,35280.0,17.0,83.0,332.0,232.0,332.0,332.0,1,raw_available,100.0,
91900007,LPR,KT3A,91900007,0,LPRKT3A,TOSHIBA,2021-06-12,2021-08-16,2005.0,200,220/69/22,54.0,14.0,53.0,48.0,121.0,58.0,0.0,68.0,2084.0,6433.0,23275.0,0.0,15.0,363.0,348.0,363.0,363.0,1,raw_available,15.0,
91900007,LPR,KT3A,91900007,0,LPRKT3A,TOSHIBA,2021-11-07,2021-11-18,2005.0,200,220/69/22,50.0,,49.0,55.0,112.0,4.0,0.0,85.0,3578.0,3520.0,21680.0,19.0,98.0,422.0,305.0,422.0,422.0,1,raw_available,117.0,
91900007,LPR,KT3A,91900007,0,LPRKT3A,TOSHIBA,2022-05-27,2022-06-03,2005.0,200,220/69/22,59.0,10.0,73.0,52.0,106.0,4.0,0.0,63.0,3085.0,3465.0,29888.0,17.0,88.0,403.0,298.0,403.0,403.0,1,raw_available,105.0,
91900007,LPR,KT3A,91900007,0,LPRKT3A,TOSHIBA,2022-11-17,2022-12-02,2005.0,200,220/69/22,65.0,11.0,40.0,61.0,116.0,11.0,0.0,75.0,2980.0,9114.0,26319.0,51.0,69.0,423.0,303.0,423.0,423.0,1,raw_available,120.0,
91900007,LPR,KT3A,91900007,0,LPRKT3A,TOSHIBA,2023-05-18,2023-05-22,2005.0,200,220/69/22,57.0,13.0,65.0,67.0,118.0,41.0,0.0,86.0,3281.0,2070.0,26520.0,18.0,94.0,489.0,377.0,489.0,489.0,1,raw_available,112.0,
91900007,LPR,KT3A,91900007,0,LPRKT3A,TOSHIBA,2023-11-19,2023-12-23,2005.0,200,220/69/22,55.0,13.0,63.0,72.0,158.0,16.0,0.0,99.0,3619.0,7282.0,32004.0,18.0,93.0,519.0,408.0,519.0,519.0,1,raw_available,111.0,
91900007,LPR,KT3A,91900007,0,LPRKT3A,TOSHIBA,2024-03-06,2024-03-08,2005.0,200,220/69/22,50.0,10.0,21.0,73.0,174.0,10.0,0.0,137.0,3763.0,31030.0,35720.0,36.0,149.0,600.0,415.0,600.0,600.0,1,raw_available,185.0,"Differential ทำงาน phase B,C Ground"
91900008,AT1,KT10A,91900008,0,AT1KT10A,TOSHIBA,2019-01-12,2019-03-08,2005.0,200,220/115/22,56.0,23.0,78.0,88.0,196.0,4.0,0.0,133.0,3842.0,11950.0,41445.0,0.0,139.0,638.0,499.0,638.0,638.0,1,raw_available,139.0,
91900008,AT1,KT10A,91900008,0,AT1KT10A,TOSHIBA,2020-01-23,2020-02-09,2005.0,200,220/115/22,59.0,16.0,27.0,44.0,150.0,0.0,0.0,146.0,4474.0,12500.0,45000.0,0.0,153.0,520.0,367.0,520.0,520.0,1,raw_available,153.0,
91900008,AT1,KT10A,91900008,0,AT1KT10A,TOSHIBA,2021-01-23,2021-01-31,2005.0,200,220/115/22,56.0,16.0,62.0,80.0,173.0,0.0,0.0,90.0,5212.0,5840.0,80270.0,85.0,136.0,626.0,405.0,626.0,626.0,1,raw_available,221.0,
91900008,AT1,KT10A,91900008,0,AT1KT10A,TOSHIBA,2022-02-18,2022-03-10,2005.0,200,220/115/22,54.0,12.0,66.0,74.0,240.0,5.0,0.0,137.0,5411.0,4517.0,39146.0,0.0,136.0,658.0,522.0,658.0,658.0,1,raw_available,136.0,
91900008,AT1,KT10A,91900008,0,AT1KT10A,TOSHIBA,2022-07-29,2022-08-07,2005.0,200,220/115/22,56.0,18.0,56.0,51.0,212.0,6.0,0.0,125.0,4502.0,5344.0,38345.0,0.0,115.0,565.0,450.0,565.0,565.0,1,raw_available,115.0,
91900008,AT1,KT10A,91900008,0,AT1KT10A,TOSHIBA,2023-02-25,2023-03-10,2005.0,200,220/115/22,55.0,14.0,42.0,69.0,162.0,2.0,0.0,122.0,4727.0,3164.0,42379.0,2.0,121.0,520.0,397.0,520.0,520.0,1,raw_available,123.0,
91900008,AT1,KT10A,91900008,0,AT1KT10A,TOSHIBA,2023-07-13,2023-08-05,2005.0,200,220/115/22,55.0,16.0,43.0,70.0,163.0,1.0,0.0,122.0,4291.0,3140.0,62690.0,2.0,126.0,527.0,399.0,527.0,527.0,1,raw_available,128.0,
91900008,AT1,KT10A,91900008,0,AT1KT10A,TOSHIBA,2024-01-26,2024-02-23,2005.0,200,220/115/22,50.0,12.0,29.0,72.0,356.0,7.0,0.0,106.0,3435.0,11399.0,48276.0,14.0,177.0,761.0,570.0,761.0,761.0,1,raw_available,191.0,
91900018,TTK,KT4A,91900018,0,TTKKT4A,TOSHIBA,2019-09-21,2019-10-04,2005.0,200,230/115/22,53.0,10.0,21.0,21.0,4.0,0.0,0.0,345.0,2344.0,6265.0,32910.0,3.0,5.0,399.0,391.0,399.0,399.0,1,raw_available,8.0,
91900018,TTK,KT4A,91900018,0,TTKKT4A,TOSHIBA,2020-06-23,2020-08-11,2005.0,200,230/115/22,55.0,25.0,24.0,4.0,1.0,0.0,0.0,414.0,3106.0,9125.0,57638.0,26.0,0.0,469.0,443.0,469.0,469.0,1,raw_available,26.0,
91900018,TTK,KT4A,91900018,0,TTKKT4A,TOSHIBA,2020-12-18,2021-01-10,2005.0,200,230/115/22,48.0,8.0,30.0,10.0,5.0,0.0,0.0,266.0,3325.0,8325.0,51732.0,0.0,4.0,315.0,311.0,315.0,315.0,1,raw_available,4.0,
91900018,TTK,KT4A,91900018,0,TTKKT4A,TOSHIBA,2021-06-28,2021-10-08,2005.0,200,230/115/22,53.0,13.0,17.0,0.0,0.0,0.0,0.0,227.0,2793.0,7760.0,34758.0,0.0,0.0,244.0,244.0,244.0,244.0,1,raw_available,0.0,
91900018,TTK,KT4A,91900018,0,TTKKT4A,TOSHIBA,2021-12-18,2022-01-22,2005.0,200,230/115/22,61.0,16.0,17.0,8.0,11.0,0.0,0.0,191.0,2390.0,16020.0,40366.0,0.0,0.0,227.0,227.0,227.0,227.0,1,raw_available,0.0,
91900018,TTK,KT4A,91900018,0,TTKKT4A,TOSHIBA,2022-06-10,2022-06-26,2005.0,200,230/115/22,60.0,11.0,25.0,19.0,4.0,19.0,0.0,209.0,2537.0,6855.0,44271.0,3.0,3.0,282.0,276.0,282.0,282.0,1,raw_available,6.0,
91900018,TTK,KT4A,91900018,0,TTKKT4A,TOSHIBA,2023-06-17,2023-07-03,2005.0,200,230/115/22,53.0,13.0,13.0,29.0,6.0,2.0,0.0,308.0,3303.0,4548.0,37543.0,4.0,6.0,368.0,358.0,368.0,368.0,1,raw_available,10.0,
91900018,TTK,KT4A,91900018,0,TTKKT4A,TOSHIBA,2023-12-16,2024-01-28,2005.0,200,230/115/22,59.0,19.0,27.0,11.0,10.0,3.0,0.0,223.0,3851.0,14299.0,53601.0,3.0,11.0,288.0,274.0,288.0,288.0,1,raw_available,14.0,
91900019,CP,KT5A,91900019,0,CPKT5A,TOSHIBA,2019-03-26,2019-04-19,2005.0,200,230/121/22,60.0,19.0,23.0,13.0,26.0,0.0,0.0,157.0,4035.0,5260.0,32834.0,0.0,0.0,219.0,219.0,219.0,219.0,1,raw_available,0.0,
91900019,CP,KT5A,91900019,0,CPKT5A,TOSHIBA,2019-08-30,2019-09-28,2005.0,200,230/121/22,52.0,26.0,11.0,11.0,9.0,1.0,0.0,163.0,3769.0,10917.0,43891.0,2.0,5.0,202.0,195.0,202.0,202.0,1,raw_available,7.0,
91900019,CP,KT5A,91900019,0,CPKT5A,TOSHIBA,2020-03-19,2020-03-24,2005.0,200,230/121/22,33.0,21.0,14.0,7.0,6.0,0.0,0.0,19.0,897.0,21513.0,61264.0,0.0,3.0,49.0,46.0,49.0,49.0,1,raw_available,3.0,ทดสอบก่อนรื้อและย้ายไปที่ สฟ.กาญจนบุรี
91900019,CP,KT5A,91900019,0,CPKT5A,TOSHIBA,2021-05-03,2021-07-24,2005.0,200,230/121/22,49.0,18.0,8.0,0.0,0.0,0.0,0.0,36.0,629.0,9174.0,17176.0,0.0,0.0,44.0,44.0,44.0,44.0,1,raw_available,0.0,
91900019,CP,KT5A,91900019,0,CPKT5A,TOSHIBA,2021-11-01,2021-11-22,2005.0,200,230/121/22,49.0,16.0,1.0,0.0,0.0,0.0,0.0,47.0,1204.0,6080.0,15960.0,0.0,0.0,48.0,48.0,48.0,48.0,1,raw_available,0.0,
91900019,CP,KT5A,91900019,0,CPKT5A,TOSHIBA,2022-05-08,2022-05-15,2005.0,200,230/121/22,51.0,14.0,8.0,1.0,0.0,0.0,0.0,75.0,1274.0,6176.0,15181.0,0.0,0.0,84.0,84.0,84.0,84.0,1,raw_available,0.0,
91900019,CP,KT5A,91900019,0,CPKT5A,TOSHIBA,2023-04-29,2023-05-18,2005.0,200,230/121/22,53.0,17.0,1.0,1.0,1.0,5.0,0.0,94.0,1162.0,17003.0,64416.0,1.0,4.0,107.0,102.0,107.0,107.0,1,raw_available,5.0,
91900019,CP,KT5A,91900019,0,CPKT5A,TOSHIBA,2023-11-24,2024-01-26,2005.0,200,230/121/22,46.0,15.0,15.0,1.0,1.0,2.0,0.0,98.0,1273.0,13042.0,30277.0,0.0,1.0,118.0,117.0,118.0,118.0,1,raw_available,1.0,
91900020,RE1,KT3A,91900020,0,RE1KT3A,TOSHIBA,2019-03-09,2019-04-08,2006.0,200,230/121/22,62.0,18.0,14.0,5.0,3.0,2.0,0.0,258.0,2581.0,10145.0,39427.0,2.0,1.0,285.0,282.0,285.0,285.0,1,raw_available,3.0,
91900020,RE1,KT3A,91900020,0,RE1KT3A,TOSHIBA,2019-06-22,2019-07-07,2006.0,200,230/121/22,39.0,75.0,13.0,10.0,2.0,1.0,0.0,312.0,2738.0,4421.0,36927.0,1.0,1.0,340.0,338.0,340.0,340.0,1,raw_available,2.0,
91900020,RE1,KT3A,91900020,0,RE1KT3A,TOSHIBA,2019-09-01,2019-09-28,2006.0,200,230/121/22,52.0,22.0,15.0,17.0,5.0,0.0,0.0,327.0,3054.0,9523.0,33846.0,0.0,0.0,364.0,364.0,364.0,364.0,1,raw_available,0.0,
91900020,RE1,KT3A,91900020,0,RE1KT3A,TOSHIBA,2020-03-09,2020-03-27,2006.0,200,230/121/22,54.0,11.0,9.0,11.0,4.0,0.0,0.0,351.0,3275.0,7648.0,40871.0,0.0,3.0,378.0,375.0,378.0,378.0,1,raw_available,3.0,
91900020,RE1,KT3A,91900020,0,RE1KT3A,TOSHIBA,2020-07-14,2020-08-22,2006.0,200,230/121/22,53.0,13.0,16.0,8.0,2.0,1.0,0.0,202.0,2545.0,12870.0,46936.0,2.0,2.0,233.0,229.0,233.0,233.0,1,raw_available,4.0,
91900020,RE1,KT3A,91900020,0,RE1KT3A,TOSHIBA,2021-01-23,2021-04-25,2006.0,200,230/121/22,50.0,31.0,16.0,0.0,0.0,0.0,0.0,259.0,2546.0,11315.0,36392.0,4.0,0.0,279.0,275.0,279.0,279.0,1,raw_available,4.0,
91900020,RE1,KT3A,91900020,0,RE1KT3A,TOSHIBA,2021-09-06,2021-11-08,2006.0,200,230/121/22,53.0,14.0,6.0,0.0,10.0,0.0,0.0,132.0,1846.0,27262.0,51305.0,0.0,0.0,148.0,148.0,148.0,148.0,1,raw_available,0.0,
91900020,RE1,KT3A,91900020,0,RE1KT3A,TOSHIBA,2022-02-13,2022-03-28,2006.0,200,230/121/22,45.0,16.0,10.0,22.0,4.0,2.0,0.0,328.0,3212.0,9090.0,34934.0,2.0,2.0,370.0,366.0,370.0,370.0,1,raw_available,4.0,
91900020,RE1,KT3A,91900020,0,RE1KT3A,TOSHIBA,2022-07-29,2022-08-20,2006.0,200,230/121/22,57.0,20.0,3.0,17.0,4.0,2.0,0.0,312.0,2538.0,1979.0,36665.0,3.0,2.0,343.0,338.0,343.0,343.0,1,raw_available,5.0,
91900020,RE1,KT3A,91900020,0,RE1KT3A,TOSHIBA,2023-02-12,2023-03-07,2006.0,200,230/121/22,56.0,11.0,5.0,13.0,5.0,2.0,0.0,371.0,3273.0,9022.0,42965.0,3.0,4.0,403.0,396.0,403.0,403.0,1,raw_available,7.0,
91900020,RE1,KT3A,91900020,0,RE1KT3A,TOSHIBA,2023-08-07,2023-09-07,2006.0,200,230/121/22,62.0,22.0,4.0,17.0,3.0,0.0,0.0,352.0,3519.0,17090.0,33820.0,3.0,2.0,381.0,376.0,381.0,381.0,1,raw_available,5.0,
91900020,RE1,KT3A,91900020,0,RE1KT3A,TOSHIBA,2024-02-11,2024-03-18,2006.0,200,230/121/22,59.0,10.0,11.0,12.0,0.0,0.0,0.0,274.0,2873.0,8086.0,34700.0,0.0,0.0,297.0,297.0,297.0,297.0,1,raw_available,0.0,
91900021,RE1,KT4A,91900021,0,RE1KT4A,TOSHIBA,2019-03-09,2019-04-27,2006.0,200,230/121/22,62.0,22.0,21.0,0.0,6.0,0.0,0.0,230.0,2775.0,10794.0,36627.0,0.0,0.0,257.0,257.0,257.0,257.0,1,raw_available,0.0,
91900021,RE1,KT4A,91900021,0,RE1KT4A,TOSHIBA,2019-09-01,2019-09-28,2006.0,200,230/121/22,49.0,15.0,35.0,7.0,10.0,0.0,0.0,249.0,3141.0,21161.0,53604.0,0.0,5.0,306.0,301.0,306.0,306.0,1,raw_available,5.0,
91900021,RE1,KT4A,91900021,0,RE1KT4A,TOSHIBA,2020-03-09,2020-03-27,2006.0,200,230/121/22,52.0,31.0,10.0,22.0,5.0,0.0,0.0,260.0,3286.0,9607.0,52025.0,0.0,3.0,300.0,297.0,300.0,300.0,1,raw_available,3.0,
91900021,RE1,KT4A,91900021,0,RE1KT4A,TOSHIBA,2020-07-14,2020-08-22,2006.0,200,230/121/22,51.0,30.0,14.0,7.0,0.0,1.0,0.0,161.0,2165.0,13687.0,46281.0,2.0,2.0,187.0,183.0,187.0,187.0,1,raw_available,4.0,
91900021,RE1,KT4A,91900021,0,RE1KT4A,TOSHIBA,2021-01-23,2021-04-23,2006.0,200,230/121/22,48.0,20.0,42.0,7.0,3.0,1.0,0.0,250.0,3198.0,28580.0,59923.0,3.0,3.0,309.0,303.0,309.0,309.0,1,raw_available,6.0,
91900021,RE1,KT4A,91900021,0,RE1KT4A,TOSHIBA,2021-09-04,2021-11-06,2006.0,200,230/121/22,55.0,15.0,7.0,0.0,9.0,0.0,0.0,279.0,2440.0,9345.0,40725.0,0.0,0.0,295.0,295.0,295.0,295.0,1,raw_available,0.0,
91900021,RE1,KT4A,91900021,0,RE1KT4A,TOSHIBA,2021-09-09,2021-11-06,2006.0,200,230/121/22,51.0,12.0,17.0,0.0,11.0,0.0,0.0,237.0,2860.0,6383.0,31738.0,0.0,0.0,265.0,265.0,265.0,265.0,1,raw_available,0.0,
91900021,RE1,KT4A,91900021,0,RE1KT4A,TOSHIBA,2022-02-13,2022-03-28,2006.0,200,230/121/22,42.0,20.0,16.0,0.0,9.0,0.0,0.0,193.0,2262.0,11403.0,39877.0,0.0,0.0,218.0,218.0,218.0,218.0,1,raw_available,0.0,
91900021,RE1,KT4A,91900021,0,RE1KT4A,TOSHIBA,2022-07-29,2022-08-19,2006.0,200,230/121/22,54.0,23.0,5.0,10.0,4.0,0.0,0.0,251.0,2425.0,2183.0,44742.0,3.0,3.0,276.0,270.0,276.0,276.0,1,raw_available,6.0,
91900021,RE1,KT4A,91900021,0,RE1KT4A,TOSHIBA,2023-02-12,2023-03-07,2006.0,200,230/121/22,55.0,13.0,18.0,11.0,7.0,1.0,0.0,289.0,2977.0,7654.0,31524.0,0.0,3.0,329.0,326.0,329.0,329.0,1,raw_available,3.0,
91900021,RE1,KT4A,91900021,0,RE1KT4A,TOSHIBA,2023-08-07,2023-09-07,2006.0,200,230/121/22,60.0,16.0,9.0,16.0,3.0,0.0,0.0,298.0,3750.0,12580.0,29400.0,1.0,2.0,329.0,326.0,329.0,329.0,1,raw_available,3.0,
91900021,RE1,KT4A,91900021,0,RE1KT4A,TOSHIBA,2024-02-11,2024-03-19,2006.0,200,230/121/22,57.0,10.0,11.0,9.0,11.0,0.0,0.0,227.0,2679.0,11226.0,36146.0,0.0,15.0,273.0,258.0,273.0,273.0,1,raw_available,15.0,
92198,KB2,KT1A,92198,0,KB2KT1A,JEUMONT,2019-03-11,2019-03-18,1995.0,200,230/115/22,68.0,13.0,484.0,1541.0,387.0,2079.0,57.0,118.0,1873.0,9304.0,31757.0,1050.0,97.0,5813.0,4666.0,5813.0,5813.0,1,raw_available,1147.0,
92198,KB2,KT1A,92198,0,KB2KT1A,JEUMONT,2019-09-22,2019-09-27,1995.0,200,230/115/22,74.0,14.0,571.0,2469.0,557.0,3394.0,60.0,141.0,2187.0,8658.0,38241.0,1800.0,143.0,9135.0,7192.0,9135.0,9135.0,1,raw_available,1943.0,
92198,KB2,KT1A,92198,0,KB2KT1A,JEUMONT,2019-10-05,2019-10-06,1995.0,200,230/115/22,70.0,11.0,250.0,1820.0,459.0,2734.0,47.0,138.0,2047.0,10321.0,45227.0,1441.0,131.0,7020.0,5448.0,7020.0,7020.0,1,raw_available,1572.0,oil temperature alarm
92198,KB2,KT1A,92198,0,KB2KT1A,JEUMONT,2020-09-06,2020-09-11,1995.0,200,230/115/22,,14.0,2.0,0.0,0.0,0.0,0.0,0.0,278.0,14513.0,31161.0,0.0,0.0,2.0,2.0,2.0,2.0,1,raw_available,0.0,ก่อนทดสอบ High Voltage
92198,KB2,KT1A,92198,0,KB2KT1A,JEUMONT,2020-10-11,2020-10-11,1995.0,200,230/115/22,,4.0,2.0,0.0,0.3,2.3,0.3,38.0,211.0,12315.0,29489.0,2.1,0.0,45.0,42.9,45.0,45.0,1,raw_available,2.1000000000000014,หลังทดสอบ High Voltage Test
92198,KB2,KT1A,92198,0,KB2KT1A,JEUMONT,2020-10-16,2020-10-16,1995.0,200,230/115/22,,14.0,1.0,0.0,0.3,2.0,0.2,17.0,236.0,16162.0,39791.0,3.0,0.0,23.5,20.5,23.5,23.5,1,raw_available,3.0,หลังซ่อม ทำ No Load 24 ช.ม เนื่องจากกระแสมีค่าสูงผิดปกติ
92198,KB2,KT1A,92198,0,KB2KT1A,JEUMONT,2021-07-27,2021-10-08,1995.0,200,230/115/22,,12.0,6.0,0.0,0.0,0.0,0.0,4.0,163.0,11476.0,19943.0,0.0,0.0,6.0,10.0,6.0,6.0,1,raw_available,-4.0,ก่อนนำเข้าใช้งาน
92198,KB2,KT1A,92198,0,KB2KT1A,JEUMONT,2022-04-08,2022-05-08,1995.0,200,230/115/22,70.0,14.0,12.0,1.0,0.0,1.0,0.0,52.0,622.0,20805.0,61458.0,2.0,0.0,68.0,66.0,68.0,68.0,1,raw_available,2.0,
92198,KB2,KT1A,92198,0,KB2KT1A,JEUMONT,2022-10-01,2022-11-07,1995.0,200,230/115/22,70.0,20.0,8.0,3.0,2.0,6.0,0.0,178.0,1221.0,26262.0,67190.0,4.0,2.0,203.0,197.0,203.0,203.0,1,raw_available,6.0,
92198,KB2,KT1A,92198,0,KB2KT1A,JEUMONT,2023-01-15,2023-09-08,1995.0,200,230/115/22,70.0,27.0,5.0,8.0,3.0,10.0,0.0,200.0,1694.0,28140.0,43570.0,28.0,1.0,255.0,226.0,255.0,255.0,1,raw_available,29.0,
92198,KB2,KT1A,92198,0,KB2KT1A,JEUMONT,2023-04-22,2023-05-07,1995.0,200,230/115/22,65.0,18.0,16.0,5.0,3.0,10.0,0.0,321.0,1892.0,15819.0,70996.0,7.0,2.0,364.0,355.0,364.0,364.0,1,raw_available,9.0,
92198,KB2,KT1A,92198,0,KB2KT1A,JEUMONT,2024-04-28,2024-05-06,1995.0,200,230/115/22,63.0,8.0,19.0,9.0,0.0,13.0,0.0,584.0,3121.0,19660.0,55294.0,0.0,0.0,625.0,625.0,625.0,625.0,1,raw_available,0.0,
92199,PHG,KT1A,92199,0,PHGKT1A,JEUMONT,2019-03-11,2019-03-18,1995.0,200,230/115/22,55.0,12.0,55.0,91.0,44.0,107.0,0.0,121.0,2125.0,7218.0,33950.0,50.0,9.0,477.0,418.0,477.0,477.0,1,raw_available,59.0,
92199,PHG,KT1A,92199,0,PHGKT1A,JEUMONT,2019-09-14,2019-09-14,1995.0,200,230/115/22,28.0,7.0,750.0,388.0,85.0,386.0,954.0,147.0,2546.0,2914.0,22736.0,95.0,19.0,2824.0,2710.0,2824.0,2824.0,1,raw_available,114.0,Bushing LowSide Phase.C ระเบิด
92199,PHG,KT1A,92199,0,PHGKT1A,JEUMONT,2019-09-22,2019-09-27,1995.0,200,230/115/22,,10.0,449.0,378.0,78.0,434.0,340.0,146.0,2269.0,8569.0,40105.0,193.0,15.0,2033.0,1825.0,2033.0,2033.0,1,raw_available,208.0,
92199,PHG,KT1A,92199,0,PHGKT1A,JEUMONT,2021-02-02,2021-02-05,1995.0,200,230/115/22,,5.0,0.0,0.0,0.0,0.0,0.0,0.0,263.0,21316.0,48941.0,0.0,0.0,0.0,0.0,0.0,0.0,1,raw_available,0.0,น้ำมันหลังจาก LV TEST โรงซ่อมบางพลี
92199,PHG,KT1A,92199,0,PHGKT1A,JEUMONT,2021-02-12,2021-02-13,1995.0,200,230/115/22,,11.0,9.0,0.0,0.0,0.0,0.0,3.0,127.0,14041.0,50795.0,0.0,0.0,12.0,12.0,12.0,12.0,1,raw_available,0.0,หลังซ่อม ก่อนทดสอบ HV Test
92199,PHG,KT1A,92199,0,PHGKT1A,JEUMONT,2021-02-15,2021-02-15,1995.0,200,230/115/22,30.0,8.0,2.0,0.0,1.0,0.0,0.0,0.0,168.0,17123.0,43159.0,0.0,0.0,3.0,3.0,3.0,3.0,1,raw_available,0.0,หลังทดสอบ HV TEST แล้วมีปัญหา
92199,PHG,KT1A,92199,0,PHGKT1A,JEUMONT,2021-03-06,2021-03-07,1995.0,200,230/115/22,,6.0,6.0,0.0,0.0,0.0,0.0,4.0,195.0,15891.0,36895.0,0.0,0.0,10.0,10.0,10.0,10.0,1,raw_available,0.0,หลัง HV Test เก็บตัวอย่างที่โรงซ่อม Vacc. 2 คืน
92199,PHG,KT1A,92199,0,PHGKT1A,JEUMONT,2022-01-07,2022-01-10,1995.0,200,230/115/22,,13.0,0.9,0.9,0.3,0.0,0.0,6.7,113.0,8961.0,35507.0,0.2,0.3,9.3,8.8,9.3,9.3,1,raw_available,0.5,ก่อนนำเข้าใช้งานในระบบ ย้ายมาจากSR2#KT3A
92199,PHG,KT1A,92199,0,PHGKT1A,JEUMONT,2023-11-16,2023-12-14,1995.0,200,230/115/22,60.0,24.0,14.0,19.0,7.0,40.0,0.8,416.0,4016.0,35285.0,76077.0,14.0,0.0,510.8,496.8,510.8,510.8,1,raw_available,14.0,
92199,PHG,KT1A,92199,0,PHGKT1A,JEUMONT,2024-02-11,2024-02-16,1995.0,200,230/115/22,50.0,20.0,13.0,19.0,8.0,44.0,0.7,510.0,4479.0,38526.0,79972.0,29.0,5.0,628.7,594.7,628.7,628.7,1,raw_available,34.0,
92199,PHG,KT1A,92199,0,PHGKT1A,JEUMONT,2024-04-28,2024-05-04,1995.0,200,230/115/22,50.0,16.0,17.0,37.0,10.0,65.0,0.0,604.0,4498.0,36760.0,54810.0,52.0,5.0,790.0,733.0,790.0,790.0,1,raw_available,57.0,
9274720101,NT,KT3A,9274720101,0,NTKT3A,MITSUBISHI,2019-03-29,2019-07-05,2010.0,200,230/121/33,47.0,20.0,12.0,18.0,49.0,1.0,0.0,66.0,815.0,13479.0,40738.0,0.0,28.0,174.0,146.0,174.0,174.0,1,raw_available,28.0,
9274720101,NT,KT3A,9274720101,0,NTKT3A,MITSUBISHI,2019-09-15,2019-11-22,2010.0,200,230/121/33,,26.0,30.0,28.0,82.0,0.0,0.0,0.0,0.0,9620.0,55230.0,0.0,64.0,204.0,140.0,204.0,204.0,1,raw_available,64.0,
9274720101,NT,KT3A,9274720101,0,NTKT3A,MITSUBISHI,2020-04-05,2020-05-26,2010.0,200,230/121/33,,22.0,45.0,42.0,99.0,0.0,0.0,71.0,946.0,10385.0,66691.0,0.0,78.0,335.0,257.0,335.0,335.0,1,raw_available,78.0,
9274720101,NT,KT3A,9274720101,0,NTKT3A,MITSUBISHI,2020-09-06,2020-11-13,2010.0,200,230/121/33,50.0,21.0,17.0,16.0,69.0,1.0,0.0,87.0,1489.0,10011.0,52670.0,0.0,44.0,234.0,190.0,234.0,234.0,1,raw_available,44.0,
9274720101,NT,KT3A,9274720101,0,NTKT3A,MITSUBISHI,2021-03-09,2021-05-23,2010.0,200,230/121/33,46.0,17.0,29.0,32.0,81.0,1.0,0.0,147.0,2956.0,10222.0,63482.0,0.0,50.0,340.0,290.0,340.0,340.0,1,raw_available,50.0,
9274720101,NT,KT3A,9274720101,0,NTKT3A,MITSUBISHI,2021-09-11,2021-11-16,2010.0,200,230/121/33,46.0,17.0,22.0,31.0,82.0,0.0,0.0,78.0,2376.0,3610.0,40960.0,0.0,65.0,278.0,213.0,278.0,278.0,1,raw_available,65.0,
9274720101,NT,KT3A,9274720101,0,NTKT3A,MITSUBISHI,2022-03-11,2022-04-25,2010.0,200,230/121/33,46.0,12.0,25.0,62.0,92.0,1.0,0.0,90.0,1969.0,4736.0,44708.0,0.0,52.0,322.0,270.0,322.0,322.0,1,raw_available,52.0,
9274720101,NT,KT3A,9274720101,0,NTKT3A,MITSUBISHI,2022-09-24,2022-10-09,2010.0,200,230/121/33,48.0,8.0,24.0,39.0,89.0,0.0,0.0,77.0,1662.0,2301.0,54774.0,0.0,53.0,282.0,229.0,282.0,282.0,1,raw_available,53.0,
9274720101,NT,KT3A,9274720101,0,NTKT3A,MITSUBISHI,2023-03-20,2023-04-09,2010.0,200,230/121/33,46.0,8.0,22.0,35.0,79.0,0.0,0.0,85.0,1683.0,6906.0,42676.0,0.0,39.0,260.0,221.0,260.0,260.0,1,raw_available,39.0,
9274720101,NT,KT3A,9274720101,0,NTKT3A,MITSUBISHI,2023-09-23,2023-10-31,2010.0,200,230/121/33,50.0,10.0,42.0,114.0,15.0,112.0,0.0,126.0,1708.0,43781.0,80397.0,14.0,9.0,432.0,409.0,432.0,432.0,1,raw_available,23.0,
9274720101,NT,KT3A,9274720101,0,NTKT3A,MITSUBISHI,2024-03-09,2024-04-09,2010.0,200,230/121/33,47.0,13.0,16.0,48.0,143.0,106.0,0.0,93.0,2392.0,17630.0,40170.0,71.0,108.0,585.0,406.0,585.0,585.0,1,raw_available,179.0,
9274730101,NS,KT1A,9274730101,0,NSKT1A,MITSUBISHI,2019-11-09,2019-12-09,2007.0,200,230/121/11,49.0,12.0,36.0,27.0,69.0,0.0,0.0,83.0,1749.0,7615.0,58594.0,0.0,51.0,266.0,215.0,266.0,266.0,1,raw_available,51.0,
9274730101,NS,KT1A,9274730101,0,NSKT1A,MITSUBISHI,2020-04-24,2020-05-28,2007.0,200,230/121/11,55.0,19.0,5.0,11.0,36.0,0.0,0.0,88.0,1897.0,11413.0,63034.0,0.0,27.0,167.0,140.0,167.0,167.0,1,raw_available,27.0,
9274730101,NS,KT1A,9274730101,0,NSKT1A,MITSUBISHI,2020-10-26,2020-11-17,2007.0,200,230/121/11,53.0,13.0,40.0,23.0,100.0,0.0,0.0,81.0,1761.0,3827.0,42572.0,0.0,17.0,261.0,244.0,261.0,261.0,1,raw_available,17.0,
9274730101,NS,KT1A,9274730101,0,NSKT1A,MITSUBISHI,2021-06-27,2021-10-08,2007.0,200,230/121/11,53.0,12.0,29.0,20.0,187.0,51.0,0.0,100.0,1743.0,8300.0,47522.0,0.0,33.0,420.0,387.0,420.0,420.0,1,raw_available,33.0,
9274730101,NS,KT1A,9274730101,0,NSKT1A,MITSUBISHI,2021-12-13,2022-01-06,2007.0,200,230/121/11,52.0,12.0,28.0,21.0,56.0,0.0,0.0,156.0,2074.0,7650.0,53260.0,4.0,46.0,311.0,261.0,311.0,311.0,1,raw_available,50.0,
9274730101,NS,KT1A,9274730101,0,NSKT1A,MITSUBISHI,2022-07-14,2022-07-22,2007.0,200,230/121/11,54.0,9.0,38.0,16.0,84.0,0.0,0.0,130.0,2383.0,4254.0,51861.0,0.0,7.0,275.0,268.0,275.0,275.0,1,raw_available,7.0,
9274730101,NS,KT1A,9274730101,0,NSKT1A,MITSUBISHI,2023-02-04,2023-02-12,2007.0,200,230/121/11,53.0,5.0,51.0,37.0,85.0,1.0,0.0,367.0,2586.0,5198.0,56559.0,0.0,50.0,591.0,541.0,591.0,591.0,1,raw_available,50.0,
9274730101,NS,KT1A,9274730101,0,NSKT1A,MITSUBISHI,2023-07-24,2023-08-06,2007.0,200,230/121/11,52.0,10.0,20.0,29.0,77.0,10.0,0.0,37.0,1096.0,7630.0,40550.0,4.0,63.0,240.0,173.0,240.0,240.0,1,raw_available,67.0,
9274730101,NS,KT1A,9274730101,0,NSKT1A,MITSUBISHI,2024-05-27,2024-06-08,2007.0,200,230/121/11,54.0,7.0,101.0,51.0,85.0,21.0,0.0,156.0,3010.0,7092.0,61511.0,3.0,58.0,475.0,414.0,475.0,475.0,1,raw_available,61.0,
9274730102,NS,KT4A,9274730102,0,NSKT4A,MITSUBISHI,2019-11-09,2019-12-09,2007.0,200,230/121/11,47.0,8.0,38.0,28.0,65.0,0.0,0.0,94.0,2107.0,5058.0,43841.0,0.0,48.0,273.0,225.0,273.0,273.0,1,raw_available,48.0,
9274730102,NS,KT4A,9274730102,0,NSKT4A,MITSUBISHI,2020-04-24,2020-05-28,2007.0,200,230/121/11,54.0,18.0,7.0,14.0,44.0,0.0,0.0,97.0,2232.0,11572.0,65919.0,0.0,34.0,196.0,162.0,196.0,196.0,1,raw_available,34.0,
9274730102,NS,KT4A,9274730102,0,NSKT4A,MITSUBISHI,2020-10-26,2020-11-17,2007.0,200,230/121/11,51.0,14.0,40.0,22.0,100.0,0.0,0.0,78.0,1872.0,4449.0,35989.0,0.0,62.0,302.0,240.0,302.0,302.0,1,raw_available,62.0,
9274730102,NS,KT4A,9274730102,0,NSKT4A,MITSUBISHI,2021-06-27,2021-10-08,2007.0,200,230/121/11,53.0,9.0,30.0,19.0,180.0,0.0,0.0,60.0,2001.0,7211.0,40451.0,0.0,33.0,322.0,289.0,322.0,322.0,1,raw_available,33.0,
9274730102,NS,KT4A,9274730102,0,NSKT4A,MITSUBISHI,2021-12-13,2022-01-06,2007.0,200,230/121/11,51.0,13.0,39.0,21.0,65.0,0.0,0.0,89.0,1945.0,5515.0,42238.0,0.0,5.0,219.0,214.0,219.0,219.0,1,raw_available,5.0,
9274730102,NS,KT4A,9274730102,0,NSKT4A,MITSUBISHI,2022-07-14,2022-07-22,2007.0,200,230/121/11,53.0,9.0,42.0,16.0,98.0,0.0,0.0,100.0,2631.0,3721.0,41454.0,0.0,23.0,279.0,256.0,279.0,279.0,1,raw_available,23.0,
9274730102,NS,KT4A,9274730102,0,NSKT4A,MITSUBISHI,2023-02-04,2023-02-12,2007.0,200,230/121/11,52.0,7.0,28.0,26.0,72.0,4.0,0.0,82.0,2248.0,3410.0,44550.0,3.0,51.0,266.0,212.0,266.0,266.0,1,raw_available,54.0,
9274730102,NS,KT4A,9274730102,0,NSKT4A,MITSUBISHI,2023-07-24,2023-08-07,2007.0,200,230/121/11,50.0,8.0,22.0,23.0,77.0,2.0,0.0,81.0,2182.0,17537.0,57041.0,5.0,51.0,261.0,205.0,261.0,261.0,1,raw_available,56.0,
9274730102,NS,KT4A,9274730102,0,NSKT4A,MITSUBISHI,2024-05-26,2024-06-08,2007.0,200,230/121/11,54.0,9.0,22.0,39.0,82.0,1.0,0.0,99.0,3168.0,8519.0,53386.0,3.0,54.0,300.0,243.0,300.0,300.0,1,raw_available,57.0,
9374740101,RPB,KT1A,9374740101,0,RPBKT1A,MITSUBISHI,2019-05-27,2019-05-30,2007.0,200,230/121/33,50.0,20.0,38.0,27.0,83.0,0.0,0.0,90.0,2387.0,5709.0,46031.0,0.0,46.0,284.0,238.0,284.0,284.0,1,raw_available,46.0,
9374740101,RPB,KT1A,9374740101,0,RPBKT1A,MITSUBISHI,2019-11-18,2019-12-22,2007.0,200,230/121/33,55.0,17.0,42.0,41.0,107.0,0.0,0.0,117.0,3127.0,6740.0,55290.0,0.0,80.0,387.0,307.0,387.0,387.0,1,raw_available,80.0,
9374740101,RPB,KT1A,9374740101,0,RPBKT1A,MITSUBISHI,2020-05-10,2020-05-31,2007.0,200,230/121/33,50.0,8.0,40.0,40.0,100.0,0.0,0.0,64.0,1175.0,6851.0,54187.0,63.0,80.0,387.0,244.0,387.0,387.0,1,raw_available,143.0,
9374740101,RPB,KT1A,9374740101,0,RPBKT1A,MITSUBISHI,2020-11-02,2020-11-27,2007.0,200,230/121/33,53.0,14.0,40.0,30.0,110.0,12.0,0.0,68.0,1232.0,5851.0,64595.0,29.0,68.0,357.0,260.0,357.0,357.0,1,raw_available,97.0,
9374740101,RPB,KT1A,9374740101,0,RPBKT1A,MITSUBISHI,2021-05-04,2021-07-23,2007.0,200,230/121/33,59.0,18.0,7.0,0.0,50.0,0.0,0.0,68.0,1283.0,34246.0,61920.0,0.0,6.0,131.0,125.0,131.0,131.0,1,raw_available,6.0,
9374740101,RPB,KT1A,9374740101,0,RPBKT1A,MITSUBISHI,2021-11-07,2021-11-23,2007.0,200,230/121/33,54.0,11.0,19.0,27.0,79.0,0.0,0.0,66.0,2375.0,5670.0,40250.0,7.0,73.0,271.0,191.0,271.0,271.0,1,raw_available,80.0,
9374740101,RPB,KT1A,9374740101,0,RPBKT1A,MITSUBISHI,2022-02-19,2023-01-13,2007.0,200,230/121/33,55.0,6.0,25.0,33.0,84.0,0.0,0.0,83.0,2956.0,3220.0,51540.0,5.0,62.0,292.0,225.0,292.0,292.0,1,raw_available,67.0,
9374740101,RPB,KT1A,9374740101,0,RPBKT1A,MITSUBISHI,2022-04-10,2022-04-23,2007.0,200,230/121/33,55.0,16.0,42.0,27.0,81.0,11.0,0.0,61.0,2499.0,5492.0,61294.0,5.0,65.0,292.0,222.0,292.0,292.0,1,raw_available,70.0,
9374740101,RPB,KT1A,9374740101,0,RPBKT1A,MITSUBISHI,2022-04-28,2022-05-15,2007.0,200,230/121/33,53.0,15.0,26.0,22.0,92.0,2.0,0.0,86.0,3064.0,5392.0,45226.0,0.0,30.0,258.0,228.0,258.0,258.0,1,raw_available,30.0,
9374740101,RPB,KT1A,9374740101,0,RPBKT1A,MITSUBISHI,2023-05-05,2023-05-18,2007.0,200,230/121/33,46.0,6.0,23.0,18.0,59.0,0.0,0.0,82.0,2751.0,20450.0,61160.0,0.0,61.0,243.0,182.0,243.0,243.0,1,raw_available,61.0,
9374740101,RPB,KT1A,9374740101,0,RPBKT1A,MITSUBISHI,2023-11-27,2024-01-25,2007.0,200,230/121/33,64.0,15.0,34.0,35.0,110.0,1.0,0.0,114.0,3730.0,8708.0,59660.0,0.0,57.0,351.0,294.0,351.0,351.0,1,raw_available,57.0,
9374750101,RY2,KT6A,9374750101,0,RY2KT6A,MITSUBISHI,2019-03-09,2019-03-18,2007.0,200,230/115/22,55.0,15.0,13.0,18.0,73.0,0.0,0.0,106.0,3635.0,5431.0,35057.0,0.0,38.0,248.0,210.0,248.0,248.0,1,raw_available,38.0,
9374750101,RY2,KT6A,9374750101,0,RY2KT6A,MITSUBISHI,2020-02-14,2020-03-06,2007.0,200,230/115/22,49.0,9.0,21.0,14.0,56.0,0.0,0.0,72.0,2418.0,7663.0,45421.0,0.0,41.0,204.0,163.0,204.0,204.0,1,raw_available,41.0,
9374750101,RY2,KT6A,9374750101,0,RY2KT6A,MITSUBISHI,2021-01-31,2021-03-26,2007.0,200,230/115/22,44.0,18.0,30.0,15.0,74.0,0.0,0.0,70.0,2500.0,5130.0,51340.0,0.0,56.0,245.0,189.0,245.0,245.0,1,raw_available,56.0,
9374750101,RY2,KT6A,9374750101,0,RY2KT6A,MITSUBISHI,2022-08-14,2022-09-02,2007.0,200,230/115/22,54.0,13.0,6.0,40.0,91.0,0.0,0.0,107.0,3441.0,2309.0,43361.0,0.0,51.0,295.0,244.0,295.0,295.0,1,raw_available,51.0,
9374750101,RY2,KT6A,9374750101,0,RY2KT6A,MITSUBISHI,2023-02-17,2023-02-27,2007.0,200,230/115/22,53.0,9.0,3.0,9.0,30.0,0.0,0.0,72.0,1341.0,34297.0,57907.0,0.0,17.0,169.0,114.0,169.0,169.0,1,raw_available,55.0,
9374750101,RY2,KT6A,9374750101,0,RY2KT6A,MITSUBISHI,2024-04-20,2024-04-26,2007.0,200,230/115/22,56.0,7.0,24.0,37.0,116.0,0.0,0.0,127.0,4513.0,5366.0,31030.0,0.0,54.0,358.0,304.0,358.0,358.0,1,raw_available,54.0,
9374750103,PDG,KT3A,9374750103,0,PDGKT3A,MITSUBISHI,2019-11-22,2019-12-21,2007.0,200,230/115/22,63.0,12.0,23.0,46.0,118.0,0.0,0.0,179.0,5932.0,8356.0,54642.0,0.0,86.0,452.0,366.0,452.0,452.0,1,raw_available,86.0,
9374750103,PDG,KT3A,9374750103,0,PDGKT3A,MITSUBISHI,2020-07-20,2020-08-02,2007.0,200,230/115/22,68.0,18.0,14.0,41.0,119.0,0.0,0.0,171.0,6295.0,8233.0,63141.0,0.0,60.0,405.0,345.0,405.0,405.0,1,raw_available,60.0,
9374750103,PDG,KT3A,9374750103,0,PDGKT3A,MITSUBISHI,2021-06-11,2021-08-14,2007.0,200,230/115/22,,17.0,7.0,15.0,255.0,0.0,0.0,66.0,2564.0,11438.0,63432.0,0.0,74.0,417.0,343.0,417.0,417.0,1,raw_available,74.0,
9374750103,PDG,KT3A,9374750103,0,PDGKT3A,MITSUBISHI,2021-08-21,2021-08-23,2007.0,200,230/115/22,30.0,9.0,0.0,0.0,0.0,0.0,0.0,8.0,232.0,6158.0,19928.0,0.0,0.0,8.0,8.0,8.0,8.0,1,raw_available,0.0,ก่อนการทดสอบทางไฟฟ้า
9374750103,PDG,KT3A,9374750103,0,PDGKT3A,MITSUBISHI,2021-08-30,2021-08-31,2007.0,200,230/115/22,30.0,7.0,5.0,3.0,1.0,1.0,0.4,15.0,394.0,3440.0,13414.0,0.0,1.0,26.4,25.4,26.4,26.4,1,raw_available,1.0,หลังทดสอบทางไฟฟ้า
9374750103,PDG,KT3A,9374750103,0,PDGKT3A,MITSUBISHI,2021-09-04,2021-09-04,2007.0,200,230/115/22,,9.0,11.0,1.0,3.0,2.0,0.1,23.0,556.0,3900.0,15160.0,5.0,2.0,47.1,40.1,47.1,47.1,1,raw_available,7.0,ตามผลซ้ำหลังทดสอบทางไฟฟ้า
9374750103,PDG,KT3A,9374750103,0,PDGKT3A,MITSUBISHI,2021-11-20,2021-11-20,2007.0,200,230/115/22,,10.0,21.0,1.0,3.0,0.0,0.0,4.0,201.0,2750.0,17241.0,1.0,1.0,31.0,29.0,31.0,31.0,1,raw_available,2.0,
9374750103,PDG,KT3A,9374750103,0,PDGKT3A,MITSUBISHI,2022-09-18,2022-09-23,2007.0,200,230/115/22,55.0,12.0,12.0,9.0,7.0,0.0,0.0,47.0,845.0,6290.0,25100.0,1.0,3.0,79.0,75.0,79.0,79.0,1,raw_available,4.0,
9374750103,PDG,KT3A,9374750103,0,PDGKT3A,MITSUBISHI,2022-12-03,2022-12-04,2007.0,200,230/115/22,56.5,16.0,4.0,26.0,11.0,1.0,0.0,81.0,1082.0,7846.0,27395.0,0.0,5.0,128.0,123.0,128.0,128.0,1,raw_available,5.0,หม้อแปลง TRIP โดยไม่ทราบสาเหตุ
9374750103,PDG,KT3A,9374750103,0,PDGKT3A,MITSUBISHI,2023-03-05,2023-03-06,2007.0,200,230/115/22,0.0,10.0,5.0,10.0,15.0,0.0,0.0,151.0,3085.0,10382.0,28609.0,0.0,9.0,190.0,181.0,190.0,190.0,1,raw_available,9.0,After oil Flow Trip
9374750103,PDG,KT3A,9374750103,0,PDGKT3A,MITSUBISHI,2023-06-26,2023-07-16,2007.0,200,230/115/22,56.0,11.0,7.0,24.0,24.0,2.0,0.0,114.0,2563.0,9830.0,33939.0,1.0,14.0,186.0,171.0,186.0,186.0,1,raw_available,15.0,
9374750103,PDG,KT3A,9374750103,0,PDGKT3A,MITSUBISHI,2023-11-23,2024-01-25,2007.0,200,230/115/22,60.0,13.0,25.0,11.0,24.0,1.0,0.0,148.0,3389.0,7946.0,27591.0,0.0,12.0,221.0,209.0,221.0,221.0,1,raw_available,12.0,
9374750103,PDG,KT3A,9374750103,0,PDGKT3A,MITSUBISHI,2024-04-21,2024-04-24,2007.0,200,230/115/22,60.0,8.0,16.0,17.0,34.0,0.0,0.0,161.0,4123.0,2157.0,14573.0,0.0,15.0,243.0,228.0,243.0,243.0,1,raw_available,15.0,
9374760101,NT,KT4A,9374760101,0,NTKT4A,MITSUBISHI,2019-03-29,2019-06-30,2010.0,200,230/121/33,49.0,30.0,17.0,16.0,46.0,0.0,0.0,82.0,1254.0,11335.0,49901.0,0.0,25.0,186.0,161.0,186.0,186.0,1,raw_available,25.0,
9374760101,NT,KT4A,9374760101,0,NTKT4A,MITSUBISHI,2019-09-15,2019-11-22,2010.0,200,230/121/33,,23.0,27.0,21.0,52.0,0.0,0.0,0.0,0.0,9440.0,55740.0,0.0,39.0,139.0,100.0,139.0,139.0,1,raw_available,39.0,
9374760101,NT,KT4A,9374760101,0,NTKT4A,MITSUBISHI,2020-04-05,2020-05-26,2010.0,200,230/121/33,,19.0,37.0,36.0,70.0,0.0,0.0,71.0,1013.0,16693.0,670900.0,0.0,56.0,270.0,214.0,270.0,270.0,1,raw_available,56.0,
9374760101,NT,KT4A,9374760101,0,NTKT4A,MITSUBISHI,2020-09-06,2020-11-10,2010.0,200,230/121/33,50.0,13.0,25.0,23.0,85.0,0.0,0.0,89.0,1464.0,4159.0,43262.0,0.0,10.0,232.0,222.0,232.0,232.0,1,raw_available,10.0,
9374760101,NT,KT4A,9374760101,0,NTKT4A,MITSUBISHI,2021-03-09,2021-05-23,2010.0,200,230/121/33,50.0,19.0,27.0,27.0,52.0,1.0,0.0,156.0,2078.0,9066.0,65007.0,0.0,33.0,296.0,263.0,296.0,296.0,1,raw_available,33.0,
9374760101,NT,KT4A,9374760101,0,NTKT4A,MITSUBISHI,2021-09-11,2021-11-16,2010.0,200,230/121/33,48.0,22.0,15.0,26.0,56.0,0.0,0.0,79.0,2289.0,5480.0,46960.0,0.0,43.0,219.0,176.0,219.0,219.0,1,raw_available,43.0,
9374760101,NT,KT4A,9374760101,0,NTKT4A,MITSUBISHI,2022-03-11,2022-04-25,2010.0,200,230/121/33,48.0,11.0,37.0,21.0,49.0,11.0,0.0,58.0,1294.0,5037.0,60589.0,5.0,36.0,217.0,176.0,217.0,217.0,1,raw_available,41.0,
9374760101,NT,KT4A,9374760101,0,NTKT4A,MITSUBISHI,2022-09-24,2022-10-08,2010.0,200,230/121/33,45.0,12.0,28.0,36.0,76.0,5.0,0.0,76.0,1616.0,5450.0,60990.0,7.0,55.0,283.0,221.0,283.0,283.0,1,raw_available,62.0,
9374760101,NT,KT4A,9374760101,0,NTKT4A,MITSUBISHI,2023-03-20,2023-04-09,2010.0,200,230/121/33,50.0,8.0,21.0,26.0,62.0,0.0,0.0,90.0,1674.0,7599.0,46194.0,0.0,26.0,225.0,199.0,225.0,225.0,1,raw_available,26.0,
9374760101,NT,KT4A,9374760101,0,NTKT4A,MITSUBISHI,2023-09-23,2023-10-31,2010.0,200,230/121/33,50.0,18.0,26.0,31.0,65.0,0.0,0.0,100.0,1678.0,7787.0,60683.0,0.0,37.0,259.0,222.0,259.0,259.0,1,raw_available,37.0,
9374760101,NT,KT4A,9374760101,0,NTKT4A,MITSUBISHI,2024-03-09,2024-04-09,2010.0,200,230/121/33,50.0,11.0,16.0,21.0,39.0,0.0,0.0,76.0,1499.0,10674.0,44612.0,0.0,21.0,173.0,152.0,173.0,173.0,1,raw_available,21.0,
94169,HY2,KT3A,94169,0,HY2KT3A,JEUMONT SCHNEI,2019-01-26,2019-04-07,2002.0,200,230/121/33,51.0,35.0,23.0,8.0,10.0,2.0,0.0,314.0,2223.0,10988.0,43129.0,5.0,13.0,375.0,357.0,375.0,375.0,1,raw_available,18.0,
94169,HY2,KT3A,94169,0,HY2KT3A,JEUMONT SCHNEI,2019-03-25,2019-08-25,2002.0,200,230/121/33,56.0,24.0,12.0,14.0,30.0,0.0,0.0,366.0,2797.0,6473.0,41898.0,0.0,20.0,442.0,422.0,442.0,442.0,1,raw_available,20.0,
94169,HY2,KT3A,94169,0,HY2KT3A,JEUMONT SCHNEI,2019-07-13,2019-09-05,2002.0,200,230/121/33,50.0,29.0,38.0,26.0,17.0,0.0,0.0,433.0,4190.0,6943.0,35884.0,0.0,0.0,514.0,514.0,514.0,514.0,1,raw_available,0.0,
94169,HY2,KT3A,94169,0,HY2KT3A,JEUMONT SCHNEI,2019-11-11,2019-11-12,2002.0,200,230/121/33,60.0,20.0,36.0,31.0,35.0,0.0,0.0,433.0,5308.0,4433.0,36487.0,0.0,22.0,557.0,535.0,557.0,557.0,1,raw_available,22.0,
94169,HY2,KT3A,94169,0,HY2KT3A,JEUMONT SCHNEI,2020-04-05,2020-05-15,2002.0,200,230/121/33,55.0,22.0,23.0,24.0,15.0,0.0,0.0,405.0,4250.0,12481.0,46834.0,0.0,0.0,467.0,467.0,467.0,467.0,1,raw_available,0.0,
94169,HY2,KT3A,94169,0,HY2KT3A,JEUMONT SCHNEI,2020-07-12,2020-08-24,2002.0,200,230/121/33,,26.0,18.0,20.0,20.0,0.0,0.0,360.0,3663.0,13247.0,48305.0,0.0,0.0,418.0,418.0,418.0,418.0,1,raw_available,0.0,
94169,HY2,KT3A,94169,0,HY2KT3A,JEUMONT SCHNEI,2021-08-07,2021-11-15,2002.0,200,230/121/33,55.0,21.0,16.0,25.0,36.0,0.0,0.0,444.0,4777.0,10521.0,41145.0,0.0,3.0,524.0,521.0,524.0,524.0,1,raw_available,3.0,
94169,HY2,KT3A,94169,0,HY2KT3A,JEUMONT SCHNEI,2022-01-30,2022-02-14,2002.0,200,230/121/33,56.0,11.0,10.0,0.0,4.0,0.0,0.0,190.0,2017.0,5439.0,33239.0,0.0,0.0,204.0,204.0,204.0,204.0,1,raw_available,0.0,
94169,HY2,KT3A,94169,0,HY2KT3A,JEUMONT SCHNEI,2022-07-10,2022-07-24,2002.0,200,230/121/33,56.0,13.0,4.0,4.0,3.0,0.0,0.0,197.0,2851.0,11370.0,55790.0,1.0,2.0,211.0,208.0,211.0,211.0,1,raw_available,3.0,
94169,HY2,KT3A,94169,0,HY2KT3A,JEUMONT SCHNEI,2023-01-20,2023-03-11,2002.0,200,230/121/33,50.0,20.0,10.0,12.0,9.0,0.0,0.0,268.0,2856.0,5581.0,31228.0,0.0,0.0,299.0,299.0,299.0,299.0,1,raw_available,0.0,
94169,HY2,KT3A,94169,0,HY2KT3A,JEUMONT SCHNEI,2023-08-14,2023-11-02,2002.0,200,230/121/33,58.0,13.0,13.0,17.0,13.0,1.0,0.0,291.0,3018.0,7772.0,39504.0,0.0,8.0,343.0,335.0,343.0,343.0,1,raw_available,8.0,
94169,HY2,KT3A,94169,0,HY2KT3A,JEUMONT SCHNEI,2024-02-19,2024-04-09,2002.0,200,230/121/33,57.0,20.0,10.0,10.0,5.0,0.0,0.0,295.0,3207.0,11328.0,36697.0,0.0,6.0,326.0,320.0,326.0,326.0,1,raw_available,6.0,
94170,HY2,KT4A,94170,0,HY2KT4A,JEUMONT SCHENI,2019-01-26,2019-04-07,2002.0,200,230/121/33,56.0,39.0,32.0,58.0,32.0,23.0,0.0,434.0,4109.0,2707.0,44555.0,0.0,0.0,579.0,579.0,579.0,579.0,1,raw_available,0.0,
94170,HY2,KT4A,94170,0,HY2KT4A,JEUMONT SCHENI,2019-03-25,2019-08-26,2002.0,200,230/121/33,57.0,27.0,15.0,53.0,46.0,19.0,0.0,388.0,3503.0,12825.0,48850.0,25.0,26.0,572.0,521.0,572.0,572.0,1,raw_available,51.0,
94170,HY2,KT4A,94170,0,HY2KT4A,JEUMONT SCHENI,2019-07-13,2019-09-05,2002.0,200,230/121/33,58.0,32.0,25.0,51.0,22.0,22.0,0.0,343.0,3245.0,8748.0,43627.0,27.0,14.0,504.0,463.0,504.0,504.0,1,raw_available,41.0,
94170,HY2,KT4A,94170,0,HY2KT4A,JEUMONT SCHENI,2019-11-11,2019-11-12,2002.0,200,230/121/33,58.0,25.0,141.0,147.0,44.0,81.0,42.0,520.0,5845.0,4973.0,43787.0,54.0,17.0,1046.0,975.0,1046.0,1046.0,1,raw_available,71.0,Fault Trip มี Bushing เสียหาย
94170,HY2,KT4A,94170,0,HY2KT4A,JEUMONT SCHENI,2019-12-03,2019-12-07,2002.0,200,230/121/33,30.0,15.0,10.0,6.0,2.0,2.0,1.0,40.0,411.0,5614.0,48876.0,0.0,0.0,55.0,61.0,55.0,55.0,1,raw_available,-6.0,หลังเปิดหม้อแปลงและทำน้ำมัน
94170,HY2,KT4A,94170,0,HY2KT4A,JEUMONT SCHENI,2020-01-05,2020-02-09,2002.0,200,230/121/33,57.0,24.0,7.0,0.0,0.0,0.0,0.0,73.0,985.0,14541.0,45548.0,0.0,0.0,80.0,80.0,80.0,80.0,1,raw_available,0.0,ตามผลหลังจากซ่อมแล้วใช้งาน
94170,HY2,KT4A,94170,0,HY2KT4A,JEUMONT SCHENI,2020-04-05,2020-05-15,2002.0,200,230/121/33,60.0,19.0,12.0,12.0,0.0,7.0,0.0,293.0,2485.0,14183.0,45085.0,0.0,0.0,324.0,324.0,324.0,324.0,1,raw_available,0.0,
94170,HY2,KT4A,94170,0,HY2KT4A,JEUMONT SCHENI,2020-07-12,2020-08-24,2002.0,200,230/121/33,,24.0,6.0,10.0,0.0,3.0,0.0,219.0,2418.0,18472.0,50939.0,3.0,2.0,243.0,238.0,243.0,243.0,1,raw_available,5.0,
94170,HY2,KT4A,94170,0,HY2KT4A,JEUMONT SCHENI,2020-08-03,2020-09-13,2002.0,200,230/121/33,53.0,22.0,2.0,8.0,0.0,4.0,0.0,111.0,1899.0,26523.0,59658.0,3.0,1.0,129.0,125.0,129.0,129.0,1,raw_available,4.0,Research
94170,HY2,KT4A,94170,0,HY2KT4A,JEUMONT SCHENI,2021-08-07,2021-11-15,2002.0,200,230/121/33,62.0,7.0,7.0,15.0,8.0,0.0,0.0,372.0,5893.0,6450.0,40210.0,6.0,5.0,413.0,402.0,413.0,413.0,1,raw_available,11.0,
94170,HY2,KT4A,94170,0,HY2KT4A,JEUMONT SCHENI,2022-01-30,2022-02-14,2002.0,200,230/121/33,61.0,12.0,15.0,19.0,23.0,5.0,0.0,443.0,4794.0,5020.0,42539.0,0.0,0.0,505.0,505.0,505.0,505.0,1,raw_available,0.0,
94170,HY2,KT4A,94170,0,HY2KT4A,JEUMONT SCHENI,2022-07-10,2022-07-24,2002.0,200,230/121/33,60.0,14.0,16.0,8.0,14.0,4.0,0.0,465.0,5064.0,11092.0,45390.0,0.0,0.0,507.0,507.0,507.0,507.0,1,raw_available,0.0,
94170,HY2,KT4A,94170,0,HY2KT4A,JEUMONT SCHENI,2023-01-20,2023-03-11,2002.0,200,230/121/33,54.0,12.0,9.0,7.0,4.0,0.0,0.0,483.0,4812.0,10042.0,34725.0,0.0,0.0,503.0,503.0,503.0,503.0,1,raw_available,0.0,
94170,HY2,KT4A,94170,0,HY2KT4A,JEUMONT SCHENI,2023-08-14,2023-11-02,2002.0,200,230/121/33,63.0,13.0,14.0,9.0,4.0,7.0,0.0,424.0,3548.0,10959.0,46231.0,3.0,5.0,466.0,458.0,466.0,466.0,1,raw_available,8.0,
94170,HY2,KT4A,94170,0,HY2KT4A,JEUMONT SCHENI,2024-02-19,2024-04-09,2002.0,200,230/121/33,60.0,15.0,14.0,13.0,0.0,0.0,0.0,326.0,3449.0,4638.0,33317.0,0.0,0.0,353.0,353.0,353.0,353.0,1,raw_available,0.0,
94427,NCO,KT1AA,94427,0,NCOKT1AA,JEUMONT,2019-03-09,2019-03-09,2003.0,200,525/230/22,64.0,10.0,4.0,20.0,3.0,1.0,0.0,397.0,4300.0,10641.0,47819.0,4.0,4.0,433.0,425.0,433.0,433.0,1,raw_available,8.0,
94427,NCO,KT1AA,94427,0,NCOKT1AA,JEUMONT,2019-03-18,2019-03-22,2003.0,200,525/230/22,,8.0,10.0,27.0,10.0,7.0,0.0,448.0,4877.0,3462.0,24229.0,0.0,0.0,502.0,502.0,502.0,502.0,1,raw_available,0.0,
94427,NCO,KT1AA,94427,0,NCOKT1AA,JEUMONT,2019-04-21,2019-04-22,2003.0,200,525/230/22,,7.0,7.0,23.0,8.0,5.0,0.0,441.0,4612.0,5045.0,26033.0,4.0,8.0,496.0,484.0,496.0,496.0,1,raw_available,12.0,
94427,NCO,KT1AA,94427,0,NCOKT1AA,JEUMONT,2019-06-03,2019-06-29,2003.0,200,525/230/22,60.0,18.0,8.0,16.0,10.0,2.0,0.0,427.0,4385.0,6705.0,32000.0,2.0,5.0,470.0,463.0,470.0,470.0,1,raw_available,7.0,
94427,NCO,KT1AA,94427,0,NCOKT1AA,JEUMONT,2019-06-24,2019-06-24,2003.0,200,525/230/22,,5.0,7.0,23.0,6.0,6.0,0.0,464.0,4294.0,6679.0,34045.0,5.0,4.0,515.0,506.0,515.0,515.0,1,raw_available,9.0,
94427,NCO,KT1AA,94427,0,NCOKT1AA,JEUMONT,2019-07-07,2019-07-18,2003.0,200,525/230/22,52.0,5.0,3.0,16.0,7.0,3.0,0.0,275.0,2538.0,8866.0,32779.0,3.0,4.0,311.0,304.0,311.0,311.0,1,raw_available,7.0,after Oil Purify
94427,NCO,KT1AA,94427,0,NCOKT1AA,JEUMONT,2019-09-01,2019-09-02,2003.0,200,525/230/22,,6.0,2.0,7.0,2.0,0.0,0.0,209.0,2240.0,4489.0,23828.0,1.0,1.0,220.0,220.0,220.0,220.0,1,raw_available,0.0,ตามผลเนื่องจาก Bkr. ระเบิด
94427,NCO,KT1AA,94427,0,NCOKT1AA,JEUMONT,2019-11-18,2019-11-29,2003.0,200,525/230/22,53.0,8.0,21.0,21.0,5.0,0.0,0.0,238.0,2581.0,3537.0,25896.0,0.0,0.0,285.0,285.0,285.0,285.0,1,raw_available,0.0,
94427,NCO,KT1AA,94427,0,NCOKT1AA,JEUMONT,2020-05-16,2020-05-30,2003.0,200,525/230/22,60.0,15.0,37.0,38.0,9.0,0.0,0.0,234.0,2915.0,7661.0,40832.0,0.0,7.0,325.0,318.0,325.0,325.0,1,raw_available,7.0,
94427,NCO,KT1AA,94427,0,NCOKT1AA,JEUMONT,2020-11-24,2020-12-20,2003.0,200,525/230/22,65.0,11.0,28.0,19.0,9.0,0.0,0.0,407.0,4067.0,7862.0,45219.0,0.0,7.0,470.0,463.0,470.0,470.0,1,raw_available,7.0,
94427,NCO,KT1AA,94427,0,NCOKT1AA,JEUMONT,2021-05-29,2021-07-29,2003.0,200,525/230/22,68.0,22.0,13.0,13.0,10.0,0.0,0.0,197.0,2795.0,19392.0,42981.0,0.0,0.0,233.0,233.0,233.0,233.0,1,raw_available,0.0,
94427,NCO,KT1AA,94427,0,NCOKT1AA,JEUMONT,2021-08-27,2021-08-29,2003.0,200,525/230/22,,8.0,11.0,31.0,15.0,7.0,0.0,443.0,4472.0,12423.0,43163.0,4.0,6.0,517.0,507.0,517.0,517.0,1,raw_available,10.0,
94427,NCO,KT1AA,94427,0,NCOKT1AA,JEUMONT,2021-11-28,2021-12-06,2003.0,200,525/230/22,,9.0,5.0,38.0,31.0,0.0,0.0,188.0,4425.0,5400.0,26270.0,10.0,23.0,295.0,262.0,295.0,295.0,1,raw_available,33.0,
94427,NCO,KT1AA,94427,0,NCOKT1AA,JEUMONT,2022-05-29,2022-06-04,2003.0,200,525/230/22,61.0,8.0,12.0,38.0,17.0,3.0,0.0,430.0,6665.0,6800.0,41473.0,8.0,13.0,521.0,500.0,521.0,521.0,1,raw_available,21.0,
94427,NCO,KT1AA,94427,0,NCOKT1AA,JEUMONT,2022-11-17,2022-11-20,2003.0,200,525/230/22,63.0,10.0,14.0,34.0,19.0,2.0,0.0,495.0,7617.0,8579.0,30384.0,0.0,4.0,568.0,564.0,568.0,568.0,1,raw_available,4.0,
94427,NCO,KT1AA,94427,0,NCOKT1AA,JEUMONT,2023-05-14,2023-05-14,2003.0,200,525/230/22,0.0,6.0,7.0,35.0,14.0,0.0,0.0,397.0,5799.0,12010.0,43020.0,4.0,11.0,468.0,453.0,468.0,468.0,1,raw_available,15.0,"Trip by Tx.diff Ø B,C"
94427,NCO,KT1AA,94427,0,NCOKT1AA,JEUMONT,2023-11-24,2023-12-25,2003.0,200,525/230/22,50.0,7.0,10.0,43.0,21.0,1.0,0.0,351.0,5640.0,8671.0,24283.0,6.0,14.0,446.0,426.0,446.0,446.0,1,raw_available,20.0,
94428,NCO,KT1AB,94428,0,NCOKT1AB,JEUMONT,2019-03-09,2019-03-09,2003.0,200,525/230/22,58.0,7.0,3.0,13.0,4.0,0.0,0.0,460.0,4311.0,5501.0,30042.0,0.0,3.0,483.0,480.0,483.0,483.0,1,raw_available,3.0,
94428,NCO,KT1AB,94428,0,NCOKT1AB,JEUMONT,2019-03-18,2019-03-22,2003.0,200,525/230/22,,8.0,7.0,17.0,5.0,0.0,0.0,472.0,4736.0,3795.0,23079.0,0.0,0.0,501.0,501.0,501.0,501.0,1,raw_available,0.0,
94428,NCO,KT1AB,94428,0,NCOKT1AB,JEUMONT,2019-04-21,2019-04-22,2003.0,200,525/230/22,,7.0,14.0,0.0,4.0,0.0,0.0,459.0,4569.0,9775.0,32888.0,0.0,3.0,480.0,477.0,480.0,480.0,1,raw_available,3.0,
94428,NCO,KT1AB,94428,0,NCOKT1AB,JEUMONT,2019-06-03,2019-06-30,2003.0,200,525/230/22,54.0,12.0,4.0,13.0,6.0,0.0,0.0,401.0,3089.0,9955.0,37901.0,0.0,7.0,431.0,424.0,431.0,431.0,1,raw_available,7.0,
94428,NCO,KT1AB,94428,0,NCOKT1AB,JEUMONT,2019-06-24,2019-06-24,2003.0,200,525/230/22,,5.0,4.0,15.0,5.0,0.0,0.0,466.0,3943.0,5896.0,31362.0,1.0,7.0,498.0,490.0,498.0,498.0,1,raw_available,8.0,
94428,NCO,KT1AB,94428,0,NCOKT1AB,JEUMONT,2019-07-07,2019-07-18,2003.0,200,525/230/22,60.0,6.0,2.0,4.0,1.0,0.0,0.0,156.0,1529.0,7311.0,36760.0,0.0,0.0,163.0,163.0,163.0,163.0,1,raw_available,0.0,after Oil Purify
94428,NCO,KT1AB,94428,0,NCOKT1AB,JEUMONT,2019-09-01,2019-09-02,2003.0,200,525/230/22,,5.0,3.0,6.0,2.0,1.0,0.0,118.0,1299.0,4438.0,17342.0,2.0,2.0,134.0,130.0,134.0,134.0,1,raw_available,4.0,ตามผลเนื่องจาก Bkr. ระเบิด
94428,NCO,KT1AB,94428,0,NCOKT1AB,JEUMONT,2019-11-18,2019-11-29,2003.0,200,525/230/22,54.0,10.0,14.0,0.0,2.0,0.0,0.0,145.0,1635.0,6692.0,33274.0,0.0,0.0,161.0,161.0,161.0,161.0,1,raw_available,0.0,
94428,NCO,KT1AB,94428,0,NCOKT1AB,JEUMONT,2020-05-16,2020-05-30,2003.0,200,525/230/22,55.0,18.0,29.0,27.0,6.0,0.0,0.0,194.0,1509.0,7702.0,35254.0,0.0,4.0,260.0,256.0,260.0,260.0,1,raw_available,4.0,
94428,NCO,KT1AB,94428,0,NCOKT1AB,JEUMONT,2020-11-24,2020-12-20,2003.0,200,525/230/22,65.0,14.0,32.0,9.0,4.0,0.0,0.0,255.0,1983.0,6387.0,47151.0,0.0,3.0,303.0,300.0,303.0,303.0,1,raw_available,3.0,
94428,NCO,KT1AB,94428,0,NCOKT1AB,JEUMONT,2021-05-29,2021-07-19,2003.0,200,525/230/22,65.0,14.0,10.0,13.0,12.0,0.0,0.0,243.0,2894.0,10192.0,30203.0,0.0,0.0,278.0,278.0,278.0,278.0,1,raw_available,0.0,
94428,NCO,KT1AB,94428,0,NCOKT1AB,JEUMONT,2021-08-27,2021-08-28,2003.0,200,525/230/22,,5.0,11.0,13.0,13.0,0.0,0.0,253.0,3021.0,9258.0,26003.0,0.0,0.0,290.0,290.0,290.0,290.0,1,raw_available,0.0,
94428,NCO,KT1AB,94428,0,NCOKT1AB,JEUMONT,2021-11-28,2021-12-06,2003.0,200,525/230/22,,5.0,6.0,78.0,94.0,0.0,0.0,357.0,5213.0,5080.0,34690.0,9.0,81.0,625.0,535.0,625.0,625.0,1,raw_available,90.0,
94428,NCO,KT1AB,94428,0,NCOKT1AB,JEUMONT,2022-05-29,2022-06-04,2003.0,200,525/230/22,58.0,9.0,12.0,16.0,15.0,0.0,0.0,358.0,4381.0,4873.0,22735.0,0.0,0.0,401.0,401.0,401.0,401.0,1,raw_available,0.0,
94428,NCO,KT1AB,94428,0,NCOKT1AB,JEUMONT,2022-11-17,2022-11-20,2003.0,200,525/230/22,61.0,8.0,9.0,29.0,18.0,1.0,0.0,395.0,5546.0,9459.0,28681.0,0.0,4.0,456.0,452.0,456.0,456.0,1,raw_available,4.0,
94428,NCO,KT1AB,94428,0,NCOKT1AB,JEUMONT,2023-05-14,2023-05-14,2003.0,200,525/230/22,0.0,5.0,8.0,32.0,13.0,0.0,0.0,391.0,5459.0,9050.0,35610.0,2.0,9.0,455.0,444.0,455.0,455.0,1,raw_available,11.0,"Trip by Tx.diff Ø B,C"
94428,NCO,KT1AB,94428,0,NCOKT1AB,JEUMONT,2023-11-24,2023-12-29,2003.0,200,525/230/22,46.0,13.0,27.0,32.0,26.0,12.0,0.0,368.0,5135.0,6046.0,29681.0,22.0,15.0,502.0,465.0,502.0,502.0,1,raw_available,37.0,
94429,NCO,KT1AC,94429,0,NCOKT1AC,JEUMONT,2019-03-09,2019-03-09,2003.0,200,525/230/22,62.0,9.0,6.0,21.0,3.0,3.0,0.0,421.0,4775.0,5763.0,30281.0,3.0,3.0,460.0,454.0,460.0,460.0,1,raw_available,6.0,
94429,NCO,KT1AC,94429,0,NCOKT1AC,JEUMONT,2019-03-18,2019-03-22,2003.0,200,525/230/22,,10.0,11.0,22.0,0.0,6.0,0.0,412.0,5098.0,3742.0,24755.0,0.0,0.0,451.0,451.0,451.0,451.0,1,raw_available,0.0,
94429,NCO,KT1AC,94429,0,NCOKT1AC,JEUMONT,2019-04-21,2019-04-22,2003.0,200,525/230/22,,6.0,7.0,19.0,4.0,4.0,0.0,387.0,4878.0,7838.0,29575.0,3.0,3.0,427.0,421.0,427.0,427.0,1,raw_available,6.0,
94429,NCO,KT1AC,94429,0,NCOKT1AC,JEUMONT,2019-06-03,2019-06-30,2003.0,200,525/230/22,52.0,9.0,11.0,19.0,4.0,4.0,0.0,350.0,4302.0,6713.0,43233.0,0.0,3.0,391.0,388.0,391.0,391.0,1,raw_available,3.0,
94429,NCO,KT1AC,94429,0,NCOKT1AC,JEUMONT,2019-06-24,2019-06-24,2003.0,200,525/230/22,,9.0,8.0,22.0,4.0,4.0,0.8,435.0,4611.0,5853.0,31679.0,3.0,5.0,481.8,473.8,481.8,481.8,1,raw_available,8.0,
94429,NCO,KT1AC,94429,0,NCOKT1AC,JEUMONT,2019-06-24,2019-06-25,2003.0,200,525/230/22,,4.0,7.0,23.0,4.0,4.0,0.8,468.0,4710.0,5222.0,31949.0,3.0,3.0,512.8,506.8,512.8,512.8,1,raw_available,5.999999999999943,ครั้ง2
94429,NCO,KT1AC,94429,0,NCOKT1AC,JEUMONT,2019-06-24,2019-06-24,2003.0,200,525/230/22,,,11.0,22.0,4.0,4.0,0.7,446.0,4486.0,4377.0,29376.0,3.0,3.0,493.7,487.7,493.7,493.7,1,raw_available,6.0,
94429,NCO,KT1AC,94429,0,NCOKT1AC,JEUMONT,2019-07-07,2019-07-18,2003.0,200,525/230/22,52.0,6.0,3.0,8.0,1.0,1.0,0.0,136.0,1546.0,8685.0,31653.0,0.0,0.0,427.0,149.0,427.0,427.0,1,raw_available,278.0,after Oil Purify
94429,NCO,KT1AC,94429,0,NCOKT1AC,JEUMONT,2019-09-01,2019-09-02,2003.0,200,525/230/22,,4.0,4.0,4.0,0.0,0.0,0.0,233.0,1815.0,9877.0,30442.0,0.0,0.0,241.0,241.0,241.0,241.0,1,raw_available,0.0,ตามผลเนื่องจาก Bkr. ระเบิด
94429,NCO,KT1AC,94429,0,NCOKT1AC,JEUMONT,2019-11-18,2019-11-29,2003.0,200,525/230/22,55.0,10.0,20.0,9.0,0.0,0.0,0.0,265.0,2104.0,5288.0,42740.0,0.0,0.0,294.0,294.0,294.0,294.0,1,raw_available,0.0,
94429,NCO,KT1AC,94429,0,NCOKT1AC,JEUMONT,2020-05-16,2020-05-30,2003.0,200,525/230/22,56.0,12.0,35.0,9.0,2.0,0.0,0.0,421.0,2894.0,12010.0,65124.0,0.0,1.0,468.0,467.0,468.0,468.0,1,raw_available,1.0,
94429,NCO,KT1AC,94429,0,NCOKT1AC,JEUMONT,2020-11-24,2020-12-20,2003.0,200,525/230/22,65.0,8.0,34.0,7.0,2.0,0.0,0.0,484.0,3327.0,5356.0,66674.0,0.0,1.0,528.0,527.0,528.0,528.0,1,raw_available,1.0,
94429,NCO,KT1AC,94429,0,NCOKT1AC,JEUMONT,2021-05-29,2021-07-19,2003.0,200,525/230/22,64.0,19.0,17.0,0.0,5.0,21.0,0.0,512.0,2369.0,16109.0,59612.0,0.0,0.0,555.0,555.0,555.0,555.0,1,raw_available,0.0,
94429,NCO,KT1AC,94429,0,NCOKT1AC,JEUMONT,2021-08-27,2021-08-27,2003.0,200,525/230/22,,14.0,31.0,15.0,3.0,1.0,0.0,622.0,4828.0,5381.0,48141.0,12.0,9.0,693.0,672.0,693.0,693.0,1,raw_available,21.0,เนื่องจาก Trip
94429,NCO,KT1AC,94429,0,NCOKT1AC,JEUMONT,2021-11-28,2021-12-06,2003.0,200,525/230/22,,8.0,5.0,60.0,83.0,0.0,0.0,225.0,4179.0,5960.0,32130.0,10.0,72.0,455.0,373.0,455.0,455.0,1,raw_available,82.0,
94429,NCO,KT1AC,94429,0,NCOKT1AC,JEUMONT,2022-05-29,2022-06-04,2003.0,200,525/230/22,60.0,8.0,18.0,8.0,5.0,0.0,0.0,561.0,4618.0,3331.0,38815.0,0.0,0.0,592.0,592.0,592.0,592.0,1,raw_available,0.0,
94429,NCO,KT1AC,94429,0,NCOKT1AC,JEUMONT,2022-11-17,2022-11-25,2003.0,200,525/230/22,60.0,7.0,16.0,19.0,4.0,1.0,0.0,618.0,4362.0,4502.0,45233.0,1.0,4.0,663.0,658.0,663.0,663.0,1,raw_available,5.0,จุด Sampling ชำรุด
94429,NCO,KT1AC,94429,0,NCOKT1AC,JEUMONT,2023-05-14,2023-05-14,2003.0,200,525/230/22,0.0,6.0,9.0,27.0,5.0,0.0,0.0,689.0,5772.0,10650.0,49120.0,2.0,5.0,737.0,730.0,737.0,737.0,1,raw_available,7.0,"Trip by Tx.diff Ø B,C"
94429,NCO,KT1AC,94429,0,NCOKT1AC,JEUMONT,2023-11-24,2023-12-25,2003.0,200,525/230/22,48.0,12.0,9.0,26.0,5.0,0.0,0.0,476.0,5400.0,11705.0,32798.0,2.0,3.0,521.0,516.0,521.0,521.0,1,raw_available,5.0,
94440,NCO,KT2AA,94440,0,NCOKT2AA,JEUMONT,2019-03-08,2019-03-08,2003.0,200,525/230/22,60.0,8.0,112.0,108.0,76.0,42.0,120.0,442.0,4608.0,6140.0,50588.0,21.0,48.0,969.0,900.0,969.0,969.0,1,raw_available,69.0,Tx.Trip with buchholz relay phase A.
94440,NCO,KT2AA,94440,0,NCOKT2AA,JEUMONT,2019-03-18,2019-03-22,2003.0,200,525/230/22,,6.0,11.0,0.0,9.0,0.0,0.0,60.0,1157.0,2777.0,15029.0,0.0,0.0,80.0,80.0,80.0,80.0,1,raw_available,0.0,"หลังซ่อมสายleadเข้าneutral bushing Ho,Xoหลุด"
94440,NCO,KT2AA,94440,0,NCOKT2AA,JEUMONT,2019-04-21,2019-04-22,2003.0,200,525/230/22,,8.0,6.0,0.0,8.0,2.0,0.0,117.0,1805.0,9475.0,25907.0,2.0,4.0,139.0,133.0,139.0,139.0,1,raw_available,6.0,
94440,NCO,KT2AA,94440,0,NCOKT2AA,JEUMONT,2019-06-03,2019-06-30,2003.0,200,525/230/22,60.0,13.0,6.0,23.0,12.0,5.0,0.0,178.0,2564.0,10705.0,34210.0,5.0,7.0,236.0,224.0,236.0,236.0,1,raw_available,12.0,
94440,NCO,KT2AA,94440,0,NCOKT2AA,JEUMONT,2019-06-24,2019-06-24,2003.0,200,525/230/22,,6.0,6.0,17.0,12.0,2.0,6.0,124.0,2457.0,6054.0,26457.0,2.0,5.0,174.0,167.0,174.0,174.0,1,raw_available,7.0,
94440,NCO,KT2AA,94440,0,NCOKT2AA,JEUMONT,2019-06-24,2019-06-24,2003.0,200,525/230/22,,6.0,12.0,18.0,12.0,3.0,2.0,136.0,2679.0,4779.0,25413.0,3.0,6.0,192.0,183.0,192.0,192.0,1,raw_available,9.0,
94440,NCO,KT2AA,94440,0,NCOKT2AA,JEUMONT,2019-06-25,2019-06-25,2003.0,200,525/230/22,,10.0,8.0,18.0,11.0,2.0,1.7,131.0,2326.0,2934.0,27604.0,2.0,5.0,178.7,171.7,178.7,178.7,1,raw_available,7.0,
94440,NCO,KT2AA,94440,0,NCOKT2AA,JEUMONT,2019-07-07,2019-07-18,2003.0,200,525/230/22,57.0,6.0,9.0,16.0,17.0,5.0,2.0,126.0,2397.0,7657.0,26586.0,8.0,4.0,187.0,175.0,187.0,187.0,1,raw_available,12.0,
94440,NCO,KT2AA,94440,0,NCOKT2AA,JEUMONT,2019-09-01,2019-09-02,2003.0,200,525/230/22,,7.0,6.0,21.0,15.0,2.0,0.0,130.0,2503.0,3261.0,20538.0,3.0,9.0,186.0,174.0,186.0,186.0,1,raw_available,12.0,ตามผลเนื่องจาก Bkr. ระเบิด
94440,NCO,KT2AA,94440,0,NCOKT2AA,JEUMONT,2019-11-18,2019-11-29,2003.0,200,525/230/22,54.0,11.0,12.0,23.0,16.0,0.0,0.0,143.0,2769.0,17823.0,73418.0,0.0,0.0,194.0,194.0,194.0,194.0,1,raw_available,0.0,
94440,NCO,KT2AA,94440,0,NCOKT2AA,JEUMONT,2020-05-16,2020-05-30,2003.0,200,525/230/22,62.0,11.0,10.0,40.0,25.0,0.0,0.0,131.0,2603.0,11244.0,55412.0,0.0,15.0,221.0,206.0,221.0,221.0,1,raw_available,15.0,
94440,NCO,KT2AA,94440,0,NCOKT2AA,JEUMONT,2020-11-24,2020-12-20,2003.0,200,525/230/22,68.0,16.0,27.0,30.0,18.0,0.0,0.0,181.0,3597.0,5447.0,45618.0,0.0,11.0,267.0,256.0,267.0,267.0,1,raw_available,11.0,
94440,NCO,KT2AA,94440,0,NCOKT2AA,JEUMONT,2021-05-29,2021-07-19,2003.0,200,525/230/22,68.0,17.0,8.0,18.0,14.0,0.0,0.0,161.0,2856.0,17698.0,49305.0,0.0,0.0,201.0,201.0,201.0,201.0,1,raw_available,0.0,
94440,NCO,KT2AA,94440,0,NCOKT2AA,JEUMONT,2021-08-27,2021-08-28,2003.0,200,525/230/22,,6.0,9.0,27.0,52.0,0.0,0.0,200.0,3131.0,9209.0,26899.0,0.0,0.0,288.0,288.0,288.0,288.0,1,raw_available,0.0,
94440,NCO,KT2AA,94440,0,NCOKT2AA,JEUMONT,2021-11-28,2021-12-06,2003.0,200,525/230/22,,4.0,14.0,46.0,14.0,0.0,0.0,337.0,5832.0,2130.0,23820.0,5.0,9.0,425.0,411.0,425.0,425.0,1,raw_available,14.0,
94440,NCO,KT2AA,94440,0,NCOKT2AA,JEUMONT,2022-05-29,2022-06-04,2003.0,200,525/230/22,62.0,9.0,16.0,46.0,33.0,2.0,0.0,358.0,5799.0,6599.0,39758.0,6.0,18.0,479.0,455.0,479.0,479.0,1,raw_available,24.0,
94440,NCO,KT2AA,94440,0,NCOKT2AA,JEUMONT,2022-11-17,2022-11-20,2003.0,200,525/230/22,62.0,15.0,7.0,33.0,31.0,2.0,0.0,384.0,5795.0,10916.0,33773.0,0.0,9.0,466.0,457.0,466.0,466.0,1,raw_available,9.0,
94440,NCO,KT2AA,94440,0,NCOKT2AA,JEUMONT,2023-11-24,2023-12-25,2003.0,200,525/230/22,30.0,12.0,6.0,51.0,44.0,0.0,0.0,328.0,5723.0,10306.0,29517.0,8.0,28.0,465.0,429.0,465.0,465.0,1,raw_available,36.0,
94441,NCO,KT2AB,94441,0,NCOKT2AB,JEUMONT,2019-03-08,2019-03-08,2003.0,200,525/230/22,58.0,7.0,3.0,65.0,69.0,0.0,0.0,451.0,3883.0,7201.0,44225.0,0.0,41.0,629.0,588.0,629.0,629.0,1,raw_available,41.0,Tx.Trip with buchholz relay phase A.
94441,NCO,KT2AB,94441,0,NCOKT2AB,JEUMONT,2019-03-18,2019-03-22,2003.0,200,525/230/22,,6.0,8.0,73.0,89.0,0.0,0.0,511.0,4542.0,2785.0,33349.0,0.0,47.0,728.0,681.0,728.0,728.0,1,raw_available,47.0,
94441,NCO,KT2AB,94441,0,NCOKT2AB,JEUMONT,2019-04-21,2019-04-22,2003.0,200,525/230/22,,7.0,4.0,71.0,74.0,0.0,0.0,509.0,4604.0,10208.0,43904.0,0.0,44.0,702.0,658.0,702.0,702.0,1,raw_available,44.0,
94441,NCO,KT2AB,94441,0,NCOKT2AB,JEUMONT,2019-06-03,2019-06-30,2003.0,200,525/230/22,64.0,12.0,4.0,70.0,84.0,0.6,0.0,518.0,4058.0,8652.0,36882.0,0.0,47.0,723.6,676.6,723.6,723.6,1,raw_available,47.0,
94441,NCO,KT2AB,94441,0,NCOKT2AB,JEUMONT,2019-06-24,2019-06-24,2003.0,200,525/230/22,,4.0,4.0,67.0,80.0,0.6,0.0,512.0,3985.0,5862.0,43530.0,0.0,47.0,710.6,663.6,710.6,710.6,1,raw_available,47.0,ครั้ง2
94441,NCO,KT2AB,94441,0,NCOKT2AB,JEUMONT,2019-06-24,2019-06-25,2003.0,200,525/230/22,,4.0,3.0,69.0,78.0,0.6,0.0,562.0,4138.0,4651.0,44811.0,0.0,47.0,759.6,712.6,759.6,759.6,1,raw_available,47.0,ครั้ง3
94441,NCO,KT2AB,94441,0,NCOKT2AB,JEUMONT,2019-06-24,2019-06-24,2003.0,200,525/230/22,,4.0,8.0,71.0,84.0,0.6,0.0,540.0,4219.0,4826.0,42651.0,0.0,51.0,754.6,703.6,754.6,754.6,1,raw_available,51.0,
94441,NCO,KT2AB,94441,0,NCOKT2AB,JEUMONT,2019-06-25,2019-06-25,2003.0,200,525/230/22,,11.0,4.0,62.0,77.0,0.6,0.0,473.0,3671.0,6086.0,48220.0,0.0,47.0,663.6,616.6,663.6,663.6,1,raw_available,47.0,
94441,NCO,KT2AB,94441,0,NCOKT2AB,JEUMONT,2019-07-07,2019-07-18,2003.0,200,525/230/22,57.0,6.0,8.0,56.0,79.0,0.0,0.0,415.0,3742.0,9336.0,42028.0,0.0,42.0,600.0,558.0,600.0,600.0,1,raw_available,42.0,
94441,NCO,KT2AB,94441,0,NCOKT2AB,JEUMONT,2019-09-01,2019-09-02,2003.0,200,525/230/22,,5.0,4.0,68.0,91.0,0.0,0.0,465.0,3576.0,3668.0,36129.0,0.0,56.0,684.0,628.0,684.0,684.0,1,raw_available,56.0,ตามผลเนื่องจาก Bkr. ระเบิด
94441,NCO,KT2AB,94441,0,NCOKT2AB,JEUMONT,2019-11-18,2019-11-29,2003.0,200,525/230/22,38.0,12.0,10.0,70.0,98.0,0.0,0.0,502.0,3895.0,8203.0,46317.0,0.0,75.0,755.0,680.0,755.0,755.0,1,raw_available,75.0,
94441,NCO,KT2AB,94441,0,NCOKT2AB,JEUMONT,2020-05-16,2020-05-29,2003.0,200,525/230/22,40.0,11.0,23.0,89.0,102.0,0.0,0.0,301.0,3240.0,8536.0,40256.0,0.0,84.0,599.0,515.0,599.0,599.0,1,raw_available,84.0,
94441,NCO,KT2AB,94441,0,NCOKT2AB,JEUMONT,2020-11-24,2020-12-20,2003.0,200,525/230/22,62.0,16.0,28.0,69.0,68.0,3.0,0.0,477.0,5134.0,6963.0,43918.0,8.0,51.0,704.0,645.0,704.0,704.0,1,raw_available,59.0,
94441,NCO,KT2AB,94441,0,NCOKT2AB,JEUMONT,2021-05-29,2021-07-19,2003.0,200,525/230/22,58.0,18.0,11.0,62.0,93.0,0.0,0.0,406.0,3726.0,9425.0,38386.0,0.0,23.0,595.0,572.0,595.0,595.0,1,raw_available,23.0,
94441,NCO,KT2AB,94441,0,NCOKT2AB,JEUMONT,2021-08-27,2021-08-28,2003.0,200,525/230/22,,6.0,8.0,60.0,102.0,0.0,0.0,383.0,3765.0,9203.0,38198.0,0.0,14.0,567.0,553.0,567.0,567.0,1,raw_available,14.0,
94441,NCO,KT2AB,94441,0,NCOKT2AB,JEUMONT,2021-11-28,2021-12-06,2003.0,200,525/230/22,,3.0,8.0,14.0,10.0,0.0,0.0,299.0,4847.0,3600.0,23030.0,2.0,6.0,339.0,331.0,339.0,339.0,1,raw_available,8.0,
94441,NCO,KT2AB,94441,0,NCOKT2AB,JEUMONT,2022-05-29,2022-06-04,2003.0,200,525/230/22,,6.0,4.0,97.0,116.0,1.0,0.0,529.0,6720.0,6934.0,55244.0,5.0,77.0,829.0,747.0,829.0,829.0,1,raw_available,82.0,
94441,NCO,KT2AB,94441,0,NCOKT2AB,JEUMONT,2022-11-17,2022-11-20,2003.0,200,525/230/22,,10.0,10.0,87.0,113.0,2.0,0.0,551.0,6801.0,5946.0,35691.0,0.0,62.0,825.0,763.0,825.0,825.0,1,raw_available,62.0,
94441,NCO,KT2AB,94441,0,NCOKT2AB,JEUMONT,2023-11-24,2023-12-25,2003.0,200,525/230/22,30.0,7.0,5.0,87.0,111.0,1.0,0.0,571.0,7150.0,4736.0,29697.0,12.0,83.0,870.0,775.0,870.0,870.0,1,raw_available,95.0,
94442,NCO,KT2AC,94442,0,NCOKT2AC,JEUMONT,2019-03-08,2019-03-08,2003.0,200,525/230/22,64.0,7.0,10.0,54.0,90.0,0.0,0.0,295.0,3376.0,9555.0,36847.0,0.0,81.0,530.0,449.0,530.0,530.0,1,raw_available,81.0,Tx.Trip with buchholz relay phase A.
94442,NCO,KT2AC,94442,0,NCOKT2AC,JEUMONT,2019-03-18,2019-03-22,2003.0,200,525/230/22,,6.0,9.0,61.0,79.0,0.0,0.0,345.0,3562.0,4725.0,31803.0,0.0,40.0,534.0,494.0,534.0,534.0,1,raw_available,40.0,
94442,NCO,KT2AC,94442,0,NCOKT2AC,JEUMONT,2019-04-21,2019-04-22,2003.0,200,525/230/22,,7.0,6.0,60.0,72.0,0.0,0.0,352.0,3714.0,9791.0,43291.0,0.0,45.0,535.0,490.0,535.0,535.0,1,raw_available,45.0,
94442,NCO,KT2AC,94442,0,NCOKT2AC,JEUMONT,2019-06-03,2019-06-30,2003.0,200,525/230/22,66.0,14.0,4.0,63.0,78.0,1.0,0.0,377.0,3886.0,7529.0,42863.0,0.0,44.0,567.0,523.0,567.0,567.0,1,raw_available,44.0,
94442,NCO,KT2AC,94442,0,NCOKT2AC,JEUMONT,2019-06-24,2019-06-24,2003.0,200,525/230/22,,6.0,5.0,66.0,76.0,1.0,0.0,376.0,3488.0,5521.0,40394.0,0.0,42.0,566.0,524.0,566.0,566.0,1,raw_available,42.0,
94442,NCO,KT2AC,94442,0,NCOKT2AC,JEUMONT,2019-06-24,2019-06-24,2003.0,200,525/230/22,,6.0,4.0,64.0,80.0,1.0,0.0,367.0,3421.0,6791.0,40989.0,0.0,46.0,562.0,516.0,562.0,562.0,1,raw_available,46.0,
94442,NCO,KT2AC,94442,0,NCOKT2AC,JEUMONT,2019-06-25,2019-06-25,2003.0,200,525/230/22,,8.0,5.0,60.0,75.0,1.0,0.0,339.0,3183.0,5671.0,38716.0,0.0,43.0,523.0,480.0,523.0,523.0,1,raw_available,43.0,
94442,NCO,KT2AC,94442,0,NCOKT2AC,JEUMONT,2019-07-07,2019-07-18,2003.0,200,525/230/22,56.0,5.0,8.0,55.0,80.0,0.0,0.0,301.0,3167.0,8331.0,44971.0,0.0,30.0,474.0,444.0,474.0,474.0,1,raw_available,30.0,
94442,NCO,KT2AC,94442,0,NCOKT2AC,JEUMONT,2019-09-01,2019-09-02,2003.0,200,525/230/22,,4.0,5.0,61.0,79.0,1.0,0.0,318.0,2980.0,6796.0,39718.0,0.0,51.0,515.0,464.0,515.0,515.0,1,raw_available,51.0,ตามผลเนื่องจาก Bkr. ระเบิด
94442,NCO,KT2AC,94442,0,NCOKT2AC,JEUMONT,2019-11-18,2019-11-29,2003.0,200,525/230/22,54.0,9.0,19.0,67.0,97.0,0.0,0.0,338.0,3217.0,6309.0,39955.0,0.0,71.0,592.0,521.0,592.0,592.0,1,raw_available,71.0,
94442,NCO,KT2AC,94442,0,NCOKT2AC,JEUMONT,2020-05-16,2020-05-30,2003.0,200,525/230/22,60.0,10.0,23.0,94.0,113.0,0.0,0.0,262.0,3319.0,6480.0,39385.0,0.0,83.0,575.0,492.0,575.0,575.0,1,raw_available,83.0,
94442,NCO,KT2AC,94442,0,NCOKT2AC,JEUMONT,2020-11-24,2020-12-20,2003.0,200,525/230/22,68.0,12.0,34.0,77.0,94.0,1.0,0.0,399.0,3858.0,8227.0,42156.0,0.0,72.0,677.0,605.0,677.0,677.0,1,raw_available,72.0,
94442,NCO,KT2AC,94442,0,NCOKT2AC,JEUMONT,2021-05-29,2021-07-19,2003.0,200,525/230/22,65.0,18.0,13.0,56.0,88.0,0.0,0.0,292.0,3196.0,10059.0,38634.0,0.0,21.0,470.0,449.0,470.0,470.0,1,raw_available,21.0,
94442,NCO,KT2AC,94442,0,NCOKT2AC,JEUMONT,2021-08-27,2021-08-30,2003.0,200,525/230/22,62.0,7.0,9.0,75.0,101.0,0.0,0.0,382.0,4559.0,10378.0,56267.0,0.0,68.0,635.0,567.0,635.0,635.0,1,raw_available,68.0,
94442,NCO,KT2AC,94442,0,NCOKT2AC,JEUMONT,2021-11-28,2021-12-06,2003.0,200,525/230/22,,5.0,13.0,10.0,4.0,0.0,0.0,459.0,5147.0,3990.0,38640.0,2.0,2.0,490.0,486.0,490.0,490.0,1,raw_available,4.0,
94442,NCO,KT2AC,94442,0,NCOKT2AC,JEUMONT,2022-05-29,2022-06-04,2003.0,200,525/230/22,59.0,11.0,8.0,45.0,98.0,2.0,0.0,423.0,5090.0,10973.0,42649.0,0.0,8.0,584.0,576.0,584.0,584.0,1,raw_available,8.0,
94442,NCO,KT2AC,94442,0,NCOKT2AC,JEUMONT,2022-11-17,2022-11-20,2003.0,200,525/230/22,62.0,7.0,8.0,67.0,104.0,1.0,0.0,459.0,5619.0,10808.0,37842.0,0.0,42.0,681.0,639.0,681.0,681.0,1,raw_available,42.0,
94442,NCO,KT2AC,94442,0,NCOKT2AC,JEUMONT,2023-11-24,2023-12-25,2003.0,200,525/230/22,50.0,12.0,7.0,81.0,111.0,0.0,0.0,439.0,5254.0,9507.0,29486.0,12.0,84.0,734.0,638.0,734.0,734.0,1,raw_available,96.0,
95399,NCO,KT5A,95399,0,NCOKT5A,JEUMONT,2019-06-03,2019-06-30,2007.0,200,230/115/22,66.0,10.0,16.0,75.0,67.0,4.0,0.0,365.0,4826.0,8191.0,44163.0,0.0,40.0,567.0,527.0,567.0,567.0,1,raw_available,40.0,
95399,NCO,KT5A,95399,0,NCOKT5A,JEUMONT,2019-11-18,2019-11-29,2007.0,200,230/115/22,58.0,9.0,20.0,92.0,98.0,6.0,0.0,394.0,5276.0,7904.0,40776.0,24.0,73.0,707.0,610.0,707.0,707.0,1,raw_available,97.0,
95399,NCO,KT5A,95399,0,NCOKT5A,JEUMONT,2020-05-16,2020-05-29,2007.0,200,230/115/22,62.0,15.0,26.0,88.0,91.0,8.0,0.0,208.0,3533.0,9504.0,37732.0,30.0,77.0,528.0,421.0,528.0,528.0,1,raw_available,107.0,
95399,NCO,KT5A,95399,0,NCOKT5A,JEUMONT,2020-11-24,2020-12-20,2007.0,200,230/115/22,63.0,10.0,44.0,94.0,88.0,4.0,0.0,449.0,5138.0,5574.0,50598.0,25.0,67.0,771.0,679.0,771.0,771.0,1,raw_available,92.0,
95399,NCO,KT5A,95399,0,NCOKT5A,JEUMONT,2021-05-29,2021-07-19,2007.0,200,230/115/22,63.0,19.0,18.0,0.0,0.0,0.0,0.0,372.0,2740.0,6308.0,27149.0,0.0,0.0,390.0,390.0,390.0,390.0,1,raw_available,0.0,
95399,NCO,KT5A,95399,0,NCOKT5A,JEUMONT,2021-11-28,2021-12-06,2007.0,200,230/115/22,,5.0,10.0,104.0,101.0,0.0,0.0,358.0,7526.0,4140.0,29880.0,27.0,80.0,680.0,573.0,680.0,680.0,1,raw_available,107.0,
95399,NCO,KT5A,95399,0,NCOKT5A,JEUMONT,2022-05-29,2022-06-04,2007.0,200,230/115/22,60.0,9.0,17.0,184.0,119.0,19.0,0.0,474.0,10176.0,4732.0,40217.0,44.0,78.0,935.0,813.0,935.0,935.0,1,raw_available,122.0,
95399,NCO,KT5A,95399,0,NCOKT5A,JEUMONT,2022-11-17,2022-11-25,2007.0,200,230/115/22,61.0,8.0,18.0,111.0,122.0,18.0,0.0,492.0,9262.0,8075.0,46472.0,14.0,78.0,853.0,761.0,853.0,853.0,1,raw_available,92.0,
95399,NCO,KT5A,95399,0,NCOKT5A,JEUMONT,2023-11-24,2023-12-29,2007.0,200,230/115/22,50.0,11.0,40.0,112.0,140.0,16.0,0.0,498.0,9368.0,6476.0,37838.0,18.0,69.0,893.0,806.0,893.0,893.0,1,raw_available,87.0,
95400,NCO,KT6A,95400,0,NCOKT6A,JEUMONT,2019-06-03,2019-06-29,2007.0,200,230/115/22,73.0,17.0,5.0,48.0,42.0,2.0,0.0,497.0,3269.0,6444.0,48800.0,0.0,20.0,614.0,594.0,614.0,614.0,1,raw_available,20.0,
95400,NCO,KT6A,95400,0,NCOKT6A,JEUMONT,2019-11-18,2019-11-29,2007.0,200,230/115/22,62.0,10.0,27.0,46.0,40.0,2.0,0.0,537.0,3538.0,2483.0,66751.0,24.0,42.0,718.0,652.0,718.0,718.0,1,raw_available,66.0,
95400,NCO,KT6A,95400,0,NCOKT6A,JEUMONT,2020-05-16,2020-05-29,2007.0,200,230/115/22,62.0,12.0,36.0,88.0,50.0,2.0,0.0,612.0,2436.0,5422.0,60541.0,39.0,55.0,882.0,788.0,882.0,882.0,1,raw_available,94.0,
95400,NCO,KT6A,95400,0,NCOKT6A,JEUMONT,2020-11-24,2020-12-20,2007.0,200,230/115/22,65.0,14.0,45.0,22.0,31.0,0.0,0.0,681.0,2713.0,6465.0,62921.0,0.0,36.0,815.0,779.0,815.0,815.0,1,raw_available,36.0,
95400,NCO,KT6A,95400,0,NCOKT6A,JEUMONT,2021-05-29,2021-07-19,2007.0,200,230/115/22,66.0,16.0,17.0,34.0,38.0,6.0,0.0,652.0,4790.0,6603.0,53386.0,0.0,7.0,754.0,747.0,754.0,754.0,1,raw_available,7.0,
95400,NCO,KT6A,95400,0,NCOKT6A,JEUMONT,2021-11-28,2021-12-06,2007.0,200,230/115/22,,8.0,22.0,80.0,43.0,0.0,0.0,668.0,7422.0,1930.0,51980.0,28.0,47.0,888.0,813.0,888.0,888.0,1,raw_available,75.0,
95400,NCO,KT6A,95400,0,NCOKT6A,JEUMONT,2022-05-29,2022-06-04,2007.0,200,230/115/22,58.0,8.0,24.0,70.0,45.0,5.0,0.0,1069.0,9225.0,4008.0,68412.0,26.0,40.0,1279.0,1213.0,1279.0,1279.0,1,raw_available,66.0,
95400,NCO,KT6A,95400,0,NCOKT6A,JEUMONT,2022-10-04,2022-10-04,2007.0,200,230/115/22,,5.0,10.0,48.0,37.0,4.0,0.0,759.0,8833.0,3912.0,65038.0,15.0,37.0,910.0,858.0,910.0,910.0,1,raw_available,52.0,Tx. Trip Oil flow relay operated.
95400,NCO,KT6A,95400,0,NCOKT6A,JEUMONT,2022-11-17,2022-11-20,2007.0,200,230/115/22,62.0,13.0,14.0,34.0,42.0,3.0,0.0,785.0,9629.0,19670.0,62987.0,10.0,27.0,915.0,878.0,915.0,915.0,1,raw_available,37.0,
95400,NCO,KT6A,95400,0,NCOKT6A,JEUMONT,2023-11-24,2023-12-25,2007.0,200,230/115/22,54.0,9.0,15.0,41.0,33.0,1.0,0.0,605.0,7285.0,9634.0,38012.0,18.0,41.0,754.0,695.0,754.0,754.0,1,raw_available,59.0,
95401,BPL,KT5A,95401,0,BPLKT5A,JEUMONT,2019-05-31,2019-06-29,2009.0,200,220/115/22,58.0,27.0,22.0,65.0,86.0,6.0,0.0,285.0,4684.0,10832.0,39579.0,0.0,47.0,511.0,464.0,511.0,511.0,1,raw_available,47.0,
95401,BPL,KT5A,95401,0,BPLKT5A,JEUMONT,2019-11-14,2019-11-28,2009.0,200,220/115/22,58.0,12.0,17.0,66.0,106.0,3.0,0.0,290.0,4981.0,19760.0,65170.0,16.0,83.0,581.0,482.0,581.0,581.0,1,raw_available,99.0,
95401,BPL,KT5A,95401,0,BPLKT5A,JEUMONT,2020-05-15,2020-05-29,2009.0,200,220/115/22,54.0,13.0,72.0,129.0,137.0,4.0,0.0,294.0,4679.0,6071.0,43716.0,44.0,105.0,785.0,636.0,785.0,785.0,1,raw_available,149.0,
95401,BPL,KT5A,95401,0,BPLKT5A,JEUMONT,2020-12-20,2020-12-22,2009.0,200,220/115/22,52.0,10.0,52.0,96.0,105.0,0.0,0.0,399.0,4607.0,6392.0,50216.0,0.0,75.0,727.0,652.0,727.0,727.0,1,raw_available,75.0,
95401,BPL,KT5A,95401,0,BPLKT5A,JEUMONT,2021-05-24,2021-07-11,2009.0,200,220/115/22,62.0,12.0,33.0,52.0,46.0,0.0,0.0,167.0,4671.0,7260.0,41010.0,26.0,36.0,360.0,298.0,360.0,360.0,1,raw_available,62.0,
95401,BPL,KT5A,95401,0,BPLKT5A,JEUMONT,2021-11-14,2021-12-11,2009.0,200,220/115/22,58.0,9.0,7.0,57.0,89.0,0.0,0.0,245.0,4699.0,7490.0,38180.0,16.0,86.0,500.0,398.0,500.0,500.0,1,raw_available,102.0,
95401,BPL,KT5A,95401,0,BPLKT5A,JEUMONT,2022-05-28,2022-06-02,2009.0,200,220/115/22,,9.0,23.0,70.0,129.0,10.0,0.0,512.0,7509.0,5770.0,40714.0,12.0,79.0,835.0,744.0,835.0,835.0,1,raw_available,91.0,
95401,BPL,KT5A,95401,0,BPLKT5A,JEUMONT,2023-05-22,2023-05-26,2009.0,200,220/115/22,55.0,8.0,36.0,61.0,123.0,18.0,0.0,436.0,7157.0,4477.0,36863.0,12.0,70.0,756.0,674.0,756.0,756.0,1,raw_available,82.0,
95401,BPL,KT5A,95401,0,BPLKT5A,JEUMONT,2023-11-26,2023-12-21,2009.0,200,220/115/22,58.0,12.0,46.0,107.0,150.0,17.0,0.0,369.0,7255.0,9605.0,38115.0,0.0,84.0,773.0,689.0,773.0,773.0,1,raw_available,84.0,
95768,TTK,KT3AA,95768,0,TTKKT3AA,JEUMONT,2019-02-15,2019-03-24,2008.0,200,500,53.0,10.0,7.0,29.0,14.0,0.0,0.0,697.0,5228.0,9628.0,42885.0,0.0,0.0,747.0,747.0,747.0,747.0,1,raw_available,0.0,
95768,TTK,KT3AA,95768,0,TTKKT3AA,JEUMONT,2019-05-18,2019-06-01,2008.0,200,500,58.0,13.0,2.0,29.0,9.0,0.0,0.0,865.0,5602.0,5893.0,39016.0,0.0,4.0,909.0,905.0,909.0,909.0,1,raw_available,4.0,
95768,TTK,KT3AA,95768,0,TTKKT3AA,JEUMONT,2019-07-28,2019-07-29,2008.0,200,500,50.0,5.5,3.0,32.0,8.0,0.0,0.0,864.0,5033.0,4077.0,37726.0,1.0,3.0,911.0,907.0,911.0,911.0,1,raw_available,4.0,Buchholz Trip
95768,TTK,KT3AA,95768,0,TTKKT3AA,JEUMONT,2019-08-30,2019-09-23,2008.0,200,500,58.0,9.0,6.0,48.0,10.0,0.0,0.0,932.0,5064.0,5584.0,34069.0,0.0,0.0,996.0,996.0,996.0,996.0,1,raw_available,0.0,
95768,TTK,KT3AA,95768,0,TTKKT3AA,JEUMONT,2020-06-23,2020-07-05,2008.0,200,500,53.0,10.0,9.0,29.0,14.0,0.0,0.0,735.0,5661.0,6765.0,30817.0,0.0,0.0,787.0,787.0,787.0,787.0,1,raw_available,0.0,
95768,TTK,KT3AA,95768,0,TTKKT3AA,JEUMONT,2020-09-27,2020-11-13,2008.0,200,500,49.0,13.0,24.0,47.0,8.0,0.0,0.0,811.0,5352.0,6737.0,45973.0,0.0,5.0,895.0,890.0,895.0,895.0,1,raw_available,5.0,
95768,TTK,KT3AA,95768,0,TTKKT3AA,JEUMONT,2020-12-26,2021-01-26,2008.0,200,500,42.0,10.0,30.0,20.0,9.0,0.0,0.0,622.0,5457.0,6114.0,51048.0,0.0,3.0,684.0,681.0,684.0,684.0,1,raw_available,3.0,
95768,TTK,KT3AA,95768,0,TTKKT3AA,JEUMONT,2021-04-24,2021-06-04,2008.0,200,500,58.0,23.0,0.0,12.0,6.0,0.0,0.0,342.0,3276.0,17280.0,47940.0,6.0,4.0,370.0,360.0,370.0,370.0,1,raw_available,10.0,
95768,TTK,KT3AA,95768,0,TTKKT3AA,JEUMONT,2021-05-22,2021-07-24,2008.0,200,500,48.0,21.0,9.0,27.0,14.0,0.0,0.0,661.0,4224.0,10748.0,34150.0,0.0,0.0,711.0,711.0,711.0,711.0,1,raw_available,0.0,
95768,TTK,KT3AA,95768,0,TTKKT3AA,JEUMONT,2021-12-18,2022-01-18,2008.0,200,500,46.0,15.0,5.0,9.0,13.0,0.0,0.0,732.0,6907.0,4859.0,38011.0,2.0,9.0,770.0,759.0,770.0,770.0,1,raw_available,11.0,
95768,TTK,KT3AA,95768,0,TTKKT3AA,JEUMONT,2022-02-13,2022-02-18,2008.0,200,500,40.0,5.0,2.0,57.0,11.0,0.0,0.0,1099.0,7154.0,3775.0,32645.0,2.0,5.0,1176.0,1169.0,1176.0,1176.0,1,raw_available,7.0,
95768,TTK,KT3AA,95768,0,TTKKT3AA,JEUMONT,2022-04-29,2022-05-13,2008.0,200,500,49.0,5.0,6.0,24.0,8.0,11.0,0.0,526.0,3461.0,14003.0,51447.0,22.0,6.0,603.0,575.0,603.0,603.0,1,raw_available,28.0,
95768,TTK,KT3AA,95768,0,TTKKT3AA,JEUMONT,2023-06-17,2023-07-02,2008.0,200,500,48.0,9.0,6.0,53.0,10.0,0.0,0.0,819.0,7871.0,5490.0,40330.0,4.0,6.0,898.0,888.0,898.0,898.0,1,raw_available,10.0,
95768,TTK,KT3AA,95768,0,TTKKT3AA,JEUMONT,2023-12-16,2024-01-28,2008.0,200,500,44.0,18.0,20.0,17.0,12.0,0.0,0.0,454.0,6203.0,30852.0,83491.0,3.0,8.0,514.0,503.0,514.0,514.0,1,raw_available,11.0,
95769,TTK,KT3AB,95769,0,TTKKT3AB,JEUMONT,2019-02-15,2019-03-24,2008.0,200,500,54.0,17.0,7.0,23.0,10.0,0.0,0.0,686.0,5278.0,9874.0,46098.0,0.0,0.0,726.0,726.0,726.0,726.0,1,raw_available,0.0,
95769,TTK,KT3AB,95769,0,TTKKT3AB,JEUMONT,2019-05-18,2019-06-01,2008.0,200,500,61.0,9.0,3.0,28.0,7.0,0.0,0.0,865.0,6223.0,5610.0,44760.0,0.0,4.0,907.0,903.0,907.0,907.0,1,raw_available,4.0,
95769,TTK,KT3AB,95769,0,TTKKT3AB,JEUMONT,2019-07-28,2019-07-29,2008.0,200,500,48.0,4.8,2.0,29.0,5.0,0.0,0.0,778.0,4965.0,4020.0,38395.0,1.0,3.0,818.0,814.0,818.0,818.0,1,raw_available,4.0,Buchholz Trip
95769,TTK,KT3AB,95769,0,TTKKT3AB,JEUMONT,2019-08-30,2019-09-23,2008.0,200,500,58.0,8.0,6.0,25.0,11.0,0.0,0.0,831.0,5381.0,4852.0,38614.0,0.0,5.0,878.0,873.0,878.0,878.0,1,raw_available,5.0,
95769,TTK,KT3AB,95769,0,TTKKT3AB,JEUMONT,2020-06-23,2020-07-05,2008.0,200,500,54.0,38.0,9.0,27.0,10.0,0.0,0.0,740.0,6083.0,4054.0,33443.0,0.0,0.0,786.0,786.0,786.0,786.0,1,raw_available,0.0,
95769,TTK,KT3AB,95769,0,TTKKT3AB,JEUMONT,2020-09-27,2020-11-13,2008.0,200,500,49.0,13.0,22.0,45.0,6.0,0.0,0.0,772.0,6373.0,6264.0,37688.0,0.0,6.0,851.0,845.0,851.0,851.0,1,raw_available,6.0,
95769,TTK,KT3AB,95769,0,TTKKT3AB,JEUMONT,2020-12-26,2021-01-26,2008.0,200,500,42.0,9.0,31.0,19.0,7.0,0.0,0.0,586.0,5693.0,7613.0,64169.0,0.0,5.0,648.0,643.0,648.0,648.0,1,raw_available,5.0,
95769,TTK,KT3AB,95769,0,TTKKT3AB,JEUMONT,2021-04-24,2021-06-01,2008.0,200,500,58.0,18.0,24.0,15.0,6.0,0.0,0.0,530.0,4964.0,5430.0,51570.0,1.0,10.0,586.0,575.0,586.0,586.0,1,raw_available,11.0,
95769,TTK,KT3AB,95769,0,TTKKT3AB,JEUMONT,2021-05-22,2021-07-24,2008.0,200,500,50.0,16.0,8.0,26.0,9.0,0.0,0.0,669.0,4684.0,7012.0,34796.0,0.0,0.0,712.0,712.0,712.0,712.0,1,raw_available,0.0,
95769,TTK,KT3AB,95769,0,TTKKT3AB,JEUMONT,2021-12-18,2022-01-22,2008.0,200,500,46.0,15.0,8.0,15.0,9.0,0.0,0.0,554.0,3685.0,9164.0,56011.0,0.0,0.0,586.0,586.0,586.0,586.0,1,raw_available,0.0,
95769,TTK,KT3AB,95769,0,TTKKT3AB,JEUMONT,2022-02-13,2022-02-18,2008.0,200,500,40.0,7.0,2.0,50.0,9.0,2.0,0.0,1017.0,7012.0,2893.0,36365.0,6.0,5.0,1091.0,1080.0,1091.0,1091.0,1,raw_available,11.0,
95769,TTK,KT3AB,95769,0,TTKKT3AB,JEUMONT,2022-04-29,2022-05-13,2008.0,200,500,46.0,9.0,8.0,23.0,13.0,4.0,0.0,788.0,6003.0,2217.0,30986.0,0.0,0.0,836.0,836.0,836.0,836.0,1,raw_available,0.0,
95769,TTK,KT3AB,95769,0,TTKKT3AB,JEUMONT,2023-06-17,2023-07-02,2008.0,200,500,48.0,12.0,4.0,49.0,8.0,0.0,0.0,893.0,8966.0,2910.0,42820.0,10.0,11.0,975.0,954.0,975.0,975.0,1,raw_available,21.0,
95769,TTK,KT3AB,95769,0,TTKKT3AB,JEUMONT,2023-12-16,2024-01-27,2008.0,200,500,44.0,9.0,29.0,33.0,10.0,4.0,0.0,783.0,5596.0,7902.0,51064.0,6.0,5.0,870.0,859.0,870.0,870.0,1,raw_available,11.0,
95770,TTK,KT3AC,95770,0,TTKKT3AC,JEUMONT,2019-02-15,2019-03-24,2008.0,200,500,56.0,13.0,7.0,21.0,7.0,0.0,0.0,733.0,5673.0,6023.0,38865.0,0.0,0.0,768.0,768.0,768.0,768.0,1,raw_available,0.0,
95770,TTK,KT3AC,95770,0,TTKKT3AC,JEUMONT,2019-05-18,2019-06-03,2008.0,200,500,60.0,18.0,6.0,14.0,11.0,0.0,0.0,715.0,5724.0,11791.0,39742.0,0.0,0.0,746.0,746.0,746.0,746.0,1,raw_available,0.0,
95770,TTK,KT3AC,95770,0,TTKKT3AC,JEUMONT,2019-07-28,2019-07-29,2008.0,200,500,50.0,4.7,6.0,21.0,5.0,0.0,0.0,803.0,5060.0,3514.0,34709.0,1.0,3.0,839.0,835.0,839.0,839.0,1,raw_available,4.0,Buchholz Trip Buchholz Trip
95770,TTK,KT3AC,95770,0,TTKKT3AC,JEUMONT,2019-08-30,2019-09-23,2008.0,200,500,60.0,7.0,8.0,38.0,7.0,0.0,0.0,858.0,5164.0,5538.0,33574.0,0.0,0.0,911.0,911.0,911.0,911.0,1,raw_available,0.0,
95770,TTK,KT3AC,95770,0,TTKKT3AC,JEUMONT,2020-06-23,2020-07-05,2008.0,200,500,56.0,13.0,9.0,23.0,13.0,0.0,0.0,753.0,6276.0,4648.0,29184.0,0.0,0.0,798.0,798.0,798.0,798.0,1,raw_available,0.0,
95770,TTK,KT3AC,95770,0,TTKKT3AC,JEUMONT,2020-09-27,2020-11-13,2008.0,200,500,50.0,15.0,16.0,16.0,6.0,0.0,0.0,761.0,6390.0,7605.0,36145.0,0.0,5.0,804.0,799.0,804.0,804.0,1,raw_available,5.0,
95770,TTK,KT3AC,95770,0,TTKKT3AC,JEUMONT,2020-12-26,2021-01-26,2008.0,200,500,42.0,9.0,71.0,185.0,40.0,362.0,0.0,476.0,5338.0,9013.0,57302.0,142.0,16.0,1292.0,1134.0,1292.0,1292.0,1,raw_available,158.0,
95770,TTK,KT3AC,95770,0,TTKKT3AC,JEUMONT,2021-02-15,2021-03-29,2008.0,200,500,50.0,16.0,80.0,92.0,42.0,370.0,0.0,927.0,6783.0,6698.0,51072.0,146.0,6.0,1663.0,1511.0,1663.0,1663.0,1,raw_available,152.0,
95770,TTK,KT3AC,95770,0,TTKKT3AC,JEUMONT,2021-04-24,2021-06-04,2008.0,200,500,59.0,12.0,91.0,121.0,26.0,180.0,5.0,371.0,3830.0,4790.0,41340.0,107.0,10.0,911.0,794.0,911.0,911.0,1,raw_available,117.0,
95770,TTK,KT3AC,95770,0,TTKKT3AC,JEUMONT,2021-05-22,2021-07-24,2008.0,200,500,52.0,25.0,36.0,175.0,45.0,226.0,0.0,668.0,4787.0,10211.0,35057.0,30.0,0.0,1180.0,1150.0,1180.0,1180.0,1,raw_available,30.0,
95770,TTK,KT3AC,95770,0,TTKKT3AC,JEUMONT,2021-06-19,2021-06-21,2008.0,200,500,55.0,12.0,51.0,229.0,32.0,291.0,5.0,934.0,7436.0,3832.0,39405.0,147.0,0.0,1689.0,1542.0,1689.0,1689.0,1,raw_available,147.0,
95770,TTK,KT3AC,95770,0,TTKKT3AC,JEUMONT,2021-08-31,2021-09-04,2008.0,200,500,51.0,,38.0,219.0,24.0,267.0,2.8,872.0,7483.0,4156.0,37295.0,149.0,0.0,1571.8,1422.8,1571.8,1571.8,1,raw_available,149.0,ตามผล Overheat
95770,TTK,KT3AC,95770,0,TTKKT3AC,JEUMONT,2021-12-18,2022-01-18,2008.0,200,500,52.0,10.0,40.0,231.0,49.0,276.0,2.0,893.0,7755.0,3881.0,36042.0,145.0,0.0,1636.0,1491.0,1636.0,1636.0,1,raw_available,145.0,
95770,TTK,KT3AC,95770,0,TTKKT3AC,JEUMONT,2022-02-13,2022-02-18,2008.0,200,500,44.0,6.0,80.0,359.0,46.0,270.0,1.9,907.0,7346.0,2322.0,27688.0,125.0,0.0,1788.9,1663.9,1788.9,1788.9,1,raw_available,125.0,ตามผล Overheat High temp
95770,TTK,KT3AC,95770,0,TTKKT3AC,JEUMONT,2022-04-10,2022-04-22,2008.0,200,500,50.0,10.0,9.0,175.0,35.0,190.0,1.6,598.0,5960.0,7615.0,35418.0,110.0,11.0,1129.6,1008.6,1129.6,1129.6,1,raw_available,120.99999999999989,ตามผล
95770,TTK,KT3AC,95770,0,TTKKT3AC,JEUMONT,2022-04-29,2022-05-13,2008.0,200,500,46.0,6.0,12.0,111.0,41.0,180.0,0.0,740.0,6070.0,4346.0,33384.0,69.0,3.0,1156.0,1084.0,1156.0,1156.0,1,raw_available,72.0,
95770,TTK,KT3AC,95770,0,TTKKT3AC,JEUMONT,2022-08-20,2022-08-26,2008.0,200,500,54.0,10.0,10.0,32.0,31.0,140.0,0.0,567.0,5299.0,19234.0,51094.0,74.0,7.0,861.0,780.0,861.0,861.0,1,raw_available,81.0,
95770,TTK,KT3AC,95770,0,TTKKT3AC,JEUMONT,2023-06-17,2023-07-09,2008.0,200,500,53.0,10.0,2.0,26.0,13.0,50.0,0.0,153.0,1669.0,22388.0,66921.0,26.0,4.0,274.0,244.0,274.0,274.0,1,raw_available,30.0,ปรับปรุงสภาพน้ำมัน
95770,TTK,KT3AC,95770,0,TTKKT3AC,JEUMONT,2023-12-16,2024-01-27,2008.0,200,500,48.0,9.0,30.0,114.0,34.0,152.0,0.0,912.0,6287.0,9006.0,44748.0,94.0,14.0,1350.0,1242.0,1350.0,1350.0,1,raw_available,108.0,
95770,TTK,KT3AC,95770,0,TTKKT3AC,JEUMONT,2024-01-15,2024-01-20,2008.0,200,500,55.0,6.0,36.0,126.0,38.0,160.0,2.0,962.0,8096.0,2902.0,37401.0,105.0,15.0,1444.0,1324.0,1444.0,1444.0,1,raw_available,120.0,Bushing ความชื้นสูง
96183,NV,KT1A,96183,0,NVKT1A,JEUMONT,2021-05-25,2021-08-03,2012.0,200,230/115,48.0,25.0,9.0,116.0,51.0,95.0,0.0,177.0,720.0,11889.0,29335.0,23.0,3.0,474.0,448.0,474.0,474.0,1,raw_available,26.0,
96183,NV,KT1A,96183,0,NVKT1A,JEUMONT,2022-04-03,2022-04-11,2012.0,200,230/115,34.0,8.0,1.0,0.0,2.0,1.0,0.0,48.0,228.0,2805.0,10299.0,2.0,1.0,55.0,52.0,55.0,55.0,1,raw_available,3.0,ทดสอบก่อนเข้าระบบ
96183,NV,KT1A,96183,0,NVKT1A,JEUMONT,2022-04-09,2022-04-10,2012.0,200,230/115,,7.0,5.0,0.0,0.0,0.0,0.0,67.0,501.0,12754.0,65661.0,0.0,0.0,72.0,72.0,72.0,72.0,1,raw_available,0.0,หลังจากย้ายมาRB3-KT2Bและปรับปรุงสภาพน้ำมัน
96183,NV,KT1A,96183,0,NVKT1A,JEUMONT,2022-08-18,2022-08-18,2012.0,200,230/115,,11.0,4.0,25.0,7.0,23.0,0.0,208.0,1927.0,1996.0,23321.0,17.0,2.0,286.0,267.0,286.0,286.0,1,raw_available,19.0,TX.Trip (Oil Flow Trip)
96183,NV,KT1A,96183,0,NVKT1A,JEUMONT,2022-09-29,2022-09-30,2012.0,200,230/115,60.0,12.0,11.0,27.0,7.0,36.0,0.0,209.0,2128.0,11940.0,45430.0,18.0,2.0,310.0,290.0,310.0,310.0,1,raw_available,20.0,
96183,NV,KT1A,96183,0,NVKT1A,JEUMONT,2022-11-27,2022-12-02,2012.0,200,230/115,55.0,6.0,17.0,28.0,8.0,21.0,0.0,294.0,2371.0,5668.0,19498.0,8.0,3.0,379.0,368.0,379.0,379.0,1,raw_available,11.0,
96183,NV,KT1A,96183,0,NVKT1A,JEUMONT,2023-05-21,2023-05-25,2012.0,200,230/115,57.0,6.0,19.0,33.0,11.0,22.0,0.0,373.0,2415.0,4504.0,26405.0,8.0,7.0,473.0,458.0,473.0,473.0,1,raw_available,15.0,
96183,NV,KT1A,96183,0,NVKT1A,JEUMONT,2023-11-03,2023-12-15,2012.0,200,230/115,54.0,10.0,7.0,18.0,19.0,25.0,0.0,323.0,2464.0,6333.0,59689.0,19.0,4.0,415.0,392.0,415.0,415.0,1,raw_available,23.0,
96183,NV,KT1A,96183,0,NVKT1A,JEUMONT,2024-06-04,2024-06-07,2012.0,200,230/115,66.0,6.0,22.0,36.0,11.0,19.0,0.0,441.0,3580.0,4060.0,28965.0,0.0,0.0,529.0,529.0,529.0,529.0,1,raw_available,0.0,
9711290101,YT,KT4A,9711290101,0,YTKT4A,MITSUBISHI,2019-03-09,2019-04-27,2012.0,200,230/121/22,60.0,16.0,7.0,0.0,0.0,0.0,0.0,311.0,2096.0,8336.0,42822.0,0.0,0.0,318.0,318.0,318.0,318.0,1,raw_available,0.0,
9711290101,YT,KT4A,9711290101,0,YTKT4A,MITSUBISHI,2019-09-01,2019-09-28,2012.0,200,230/121/22,48.0,14.0,8.0,8.0,3.0,0.0,0.0,408.0,2062.0,5224.0,41912.0,0.0,0.0,427.0,427.0,427.0,427.0,1,raw_available,0.0,
9711290101,YT,KT4A,9711290101,0,YTKT4A,MITSUBISHI,2020-03-09,2020-03-24,2012.0,200,230/121/22,53.0,8.0,7.0,7.0,3.0,0.0,0.0,416.0,2108.0,9473.0,52014.0,0.0,0.0,433.0,433.0,433.0,433.0,1,raw_available,0.0,
9711290101,YT,KT4A,9711290101,0,YTKT4A,MITSUBISHI,2020-07-14,2020-08-22,2012.0,200,230/121/22,50.0,14.0,4.0,7.0,3.0,0.0,0.0,264.0,1917.0,13548.0,53997.0,1.0,2.0,281.0,278.0,281.0,281.0,1,raw_available,3.0,
9711290101,YT,KT4A,9711290101,0,YTKT4A,MITSUBISHI,2020-11-24,2020-11-29,2012.0,200,230/121/22,32.0,14.0,4.0,0.0,0.0,0.0,0.0,0.0,134.0,5059.0,10440.0,0.0,0.0,4.0,4.0,4.0,4.0,1,raw_available,0.0,ย้ายมาจาก RE-KT5A หลังจากทดสอบทางไฟฟ้าก่อนนำเข้าใช้งาน
9711290101,YT,KT4A,9711290101,0,YTKT4A,MITSUBISHI,2021-01-24,2021-04-23,2012.0,200,230/121/22,43.0,29.0,16.0,1.0,0.0,0.0,0.0,401.0,2045.0,6268.0,45488.0,1.0,1.0,420.0,418.0,420.0,420.0,1,raw_available,2.0,
9711290101,YT,KT4A,9711290101,0,YTKT4A,MITSUBISHI,2021-09-05,2021-11-06,2012.0,200,230/121/22,50.0,15.0,10.0,0.0,0.0,0.0,0.0,124.0,1403.0,10836.0,23810.0,0.0,0.0,134.0,134.0,134.0,134.0,1,raw_available,0.0,
9711290101,YT,KT4A,9711290101,0,YTKT4A,MITSUBISHI,2022-02-15,2022-03-31,2012.0,200,230/121/22,46.0,12.0,6.0,0.0,5.0,0.0,0.0,142.0,1939.0,9471.0,22560.0,0.0,0.0,153.0,153.0,153.0,153.0,1,raw_available,0.0,
9711290101,YT,KT4A,9711290101,0,YTKT4A,MITSUBISHI,2022-07-29,2022-08-19,2012.0,200,230/121/22,58.0,9.0,2.0,2.0,1.0,0.0,0.0,132.0,1728.0,6423.0,28327.0,0.0,0.0,137.0,137.0,137.0,137.0,1,raw_available,0.0,
9711290101,YT,KT4A,9711290101,0,YTKT4A,MITSUBISHI,2023-02-14,2023-03-09,2012.0,200,230/121/22,63.0,8.0,2.0,3.0,1.0,0.0,0.0,158.0,2098.0,24418.0,25235.0,0.0,0.0,164.0,164.0,164.0,164.0,1,raw_available,0.0,
9711290101,YT,KT4A,9711290101,0,YTKT4A,MITSUBISHI,2023-08-07,2023-09-08,2012.0,200,230/121/22,56.0,15.0,1.0,14.0,2.0,0.0,0.0,251.0,3585.0,4720.0,17510.0,3.0,1.0,272.0,268.0,272.0,272.0,1,raw_available,4.0,
9711290101,YT,KT4A,9711290101,0,YTKT4A,MITSUBISHI,2024-02-13,2024-03-18,2012.0,200,230/121/22,74.0,13.0,7.0,10.0,2.0,0.0,0.0,250.0,4138.0,11379.0,24745.0,0.0,1.0,270.0,269.0,270.0,270.0,1,raw_available,1.0,
9711290102,NN,KT4A,9711290102,0,NNKT4A,MITSUBISHI,2019-02-09,2019-05-12,2012.0,200,230/22,63.0,25.0,3.0,8.0,2.0,0.0,0.0,272.0,2034.0,10720.0,49705.0,0.0,1.0,286.0,285.0,286.0,286.0,1,raw_available,1.0,
9711290102,NN,KT4A,9711290102,0,NNKT4A,MITSUBISHI,2019-08-31,2019-09-28,2012.0,200,230/22,57.0,13.0,4.0,11.0,4.0,0.0,0.0,365.0,1864.0,5295.0,40678.0,0.0,2.0,386.0,384.0,386.0,386.0,1,raw_available,2.0,
9711290102,NN,KT4A,9711290102,0,NNKT4A,MITSUBISHI,2020-04-11,2020-05-24,2012.0,200,230/22,61.0,16.0,10.0,0.0,0.0,0.0,0.0,234.0,2109.0,7478.0,35102.0,0.0,0.0,244.0,244.0,244.0,244.0,1,raw_available,0.0,
9711290102,NN,KT4A,9711290102,0,NNKT4A,MITSUBISHI,2020-07-05,2020-08-15,2012.0,200,230/22,57.0,23.0,28.0,0.0,2.0,0.0,0.0,36.0,1098.0,17920.0,63910.0,191.0,1.0,258.0,66.0,258.0,258.0,1,raw_available,192.0,
9711290102,NN,KT4A,9711290102,0,NNKT4A,MITSUBISHI,2021-02-10,2021-05-24,2012.0,200,230/22,56.0,17.0,23.0,27.0,5.0,0.0,0.0,182.0,3893.0,10831.0,61932.0,0.0,5.0,242.0,237.0,242.0,242.0,1,raw_available,5.0,
9711290102,NN,KT4A,9711290102,0,NNKT4A,MITSUBISHI,2022-01-23,2022-02-05,2012.0,200,230/22,40.0,8.0,2.0,7.0,3.0,0.0,0.0,222.0,2805.0,5314.0,42527.0,0.0,2.0,236.0,234.0,236.0,236.0,1,raw_available,2.0,
9711290102,NN,KT4A,9711290102,0,NNKT4A,MITSUBISHI,2022-07-28,2022-08-21,2012.0,200,230/22,58.0,14.0,3.0,10.0,3.0,0.0,0.0,294.0,2993.0,5040.0,52114.0,0.0,2.0,312.0,310.0,312.0,312.0,1,raw_available,2.0,
9711290102,NN,KT4A,9711290102,0,NNKT4A,MITSUBISHI,2023-01-21,2023-02-04,2012.0,200,230/22,48.0,7.0,2.0,25.0,4.0,4.0,0.0,251.0,2765.0,3105.0,43562.0,2.0,2.0,290.0,286.0,290.0,290.0,1,raw_available,4.0,
9711290102,NN,KT4A,9711290102,0,NNKT4A,MITSUBISHI,2023-07-13,2023-08-04,2012.0,200,230/22,62.0,12.0,1.0,21.0,4.0,2.0,0.0,258.0,2824.0,8914.0,36137.0,1.0,2.0,289.0,286.0,289.0,289.0,1,raw_available,3.0,
9711290102,NN,KT4A,9711290102,0,NNKT4A,MITSUBISHI,2024-01-20,2024-02-10,2012.0,200,230/22,49.0,8.0,5.0,27.0,13.0,37.0,0.0,278.0,2969.0,5240.0,36160.0,3.0,2.0,365.0,360.0,365.0,365.0,1,raw_available,5.0,
9711290103,MM3,KT5A,9711290103,0,MM3KT5A,MITSUBISHI,2019-05-09,2019-09-13,2013.0,200,230/121/22,74.0,23.0,1.0,19.0,13.0,0.0,0.0,180.0,3965.0,6739.0,35817.0,0.0,0.0,213.0,213.0,213.0,213.0,1,raw_available,0.0,
9711290103,MM3,KT5A,9711290103,0,MM3KT5A,MITSUBISHI,2019-11-11,2019-12-20,2013.0,200,230/121/22,65.0,10.0,4.0,21.0,17.0,0.0,0.0,211.0,3752.0,9581.0,41680.0,0.0,0.0,253.0,253.0,253.0,253.0,1,raw_available,0.0,
9711290103,MM3,KT5A,9711290103,0,MM3KT5A,MITSUBISHI,2020-06-22,2020-08-02,2013.0,200,230/121/22,72.0,19.0,7.0,20.0,17.0,0.0,0.0,160.0,4324.0,12244.0,56071.0,0.0,2.0,5.0,204.0,5.0,5.0,1,raw_available,-199.0,
9711290103,MM3,KT5A,9711290103,0,MM3KT5A,MITSUBISHI,2020-11-09,2020-12-07,2013.0,200,230/121/22,72.0,5.0,17.0,29.0,11.0,0.0,0.0,42.0,341.0,5760.0,76740.0,192.0,6.0,297.0,99.0,297.0,297.0,1,raw_available,198.0,
9711290103,MM3,KT5A,9711290103,0,MM3KT5A,MITSUBISHI,2021-03-07,2021-04-17,2013.0,200,230/121/22,64.0,12.0,41.0,35.0,15.0,0.0,0.0,90.0,2734.0,6172.0,47469.0,0.0,9.0,190.0,181.0,190.0,190.0,1,raw_available,9.0,
9711290103,MM3,KT5A,9711290103,0,MM3KT5A,MITSUBISHI,2021-09-13,2021-11-05,2013.0,200,230/121/22,68.0,10.0,13.0,22.0,22.0,0.0,0.0,184.0,4850.0,7792.0,39931.0,0.0,0.0,241.0,241.0,241.0,241.0,1,raw_available,0.0,
9711290103,MM3,KT5A,9711290103,0,MM3KT5A,MITSUBISHI,2022-03-12,2022-03-19,2013.0,200,230/121/22,71.0,12.0,7.0,0.0,19.0,0.0,0.0,167.0,4679.0,9383.0,39344.0,0.0,0.0,193.0,193.0,193.0,193.0,1,raw_available,0.0,
9711290103,MM3,KT5A,9711290103,0,MM3KT5A,MITSUBISHI,2022-09-11,2022-09-22,2013.0,200,230/121/22,60.0,10.0,1.0,29.0,15.0,0.0,0.0,164.0,4530.0,2073.0,48632.0,2.0,10.0,221.0,209.0,221.0,221.0,1,raw_available,12.0,
9711290103,MM3,KT5A,9711290103,0,MM3KT5A,MITSUBISHI,2023-03-13,2023-03-16,2013.0,200,230/121/22,64.0,7.0,7.0,29.0,19.0,0.0,0.0,187.0,5591.0,11066.0,41793.0,0.0,0.0,242.0,242.0,242.0,242.0,1,raw_available,0.0,
9711290103,MM3,KT5A,9711290103,0,MM3KT5A,MITSUBISHI,2024-04-21,2024-04-28,2013.0,200,230/121/22,68.0,9.0,3.0,62.0,35.0,1.0,0.0,215.0,7199.0,8240.0,41370.0,8.0,21.0,345.0,316.0,345.0,345.0,1,raw_available,29.0,
9711290104,NCO,KT4A,9711290104,0,NCOKT4A,MITSUBISHI,2019-06-03,2019-06-30,2013.0,200,230/115/22,67.0,13.0,3.0,19.0,8.0,1.0,0.0,216.0,3286.0,9311.0,44944.0,0.0,4.0,251.0,247.0,251.0,251.0,1,raw_available,4.0,
9711290104,NCO,KT4A,9711290104,0,NCOKT4A,MITSUBISHI,2019-11-18,2019-11-29,2013.0,200,230/115/22,72.0,61.0,11.0,32.0,13.0,0.0,0.0,239.0,3737.0,3621.0,53534.0,0.0,5.0,300.0,295.0,300.0,300.0,1,raw_available,5.0,
9711290104,NCO,KT4A,9711290104,0,NCOKT4A,MITSUBISHI,2020-03-23,2020-03-24,2013.0,200,230/115/22,72.0,13.0,8.0,28.0,12.0,0.0,0.0,224.0,4652.0,4741.0,48300.0,0.0,5.0,267.0,272.0,267.0,267.0,1,raw_available,-5.0,Trip ด้วย OC-G(51G) เนื่องจากมี Fault ที่ PEA
9711290104,NCO,KT4A,9711290104,0,NCOKT4A,MITSUBISHI,2020-05-16,2020-05-30,2013.0,200,230/115/22,64.0,16.0,10.0,48.0,17.0,0.0,0.0,201.0,4199.0,3312.0,51234.0,0.0,10.0,286.0,276.0,286.0,286.0,1,raw_available,10.0,
9711290104,NCO,KT4A,9711290104,0,NCOKT4A,MITSUBISHI,2020-11-24,2020-12-21,2013.0,200,230/115/22,70.0,11.0,31.0,32.0,12.0,0.0,0.0,227.0,4735.0,7004.0,65032.0,0.0,7.0,309.0,302.0,309.0,309.0,1,raw_available,7.0,
9711290104,NCO,KT4A,9711290104,0,NCOKT4A,MITSUBISHI,2021-05-29,2021-07-19,2013.0,200,230/115/22,68.0,20.0,10.0,21.0,22.0,0.0,0.0,178.0,2852.0,12779.0,37323.0,0.0,0.0,231.0,231.0,231.0,231.0,1,raw_available,0.0,
9711290104,NCO,KT4A,9711290104,0,NCOKT4A,MITSUBISHI,2021-11-28,2021-12-06,2013.0,200,230/115/22,,8.0,2.0,32.0,13.0,0.0,0.0,165.0,5058.0,6960.0,41270.0,0.0,8.0,220.0,212.0,220.0,220.0,1,raw_available,8.0,
9711290104,NCO,KT4A,9711290104,0,NCOKT4A,MITSUBISHI,2022-05-29,2022-06-04,2013.0,200,230/115/22,64.0,10.0,4.0,37.0,17.0,2.0,0.0,296.0,7183.0,7849.0,55608.0,5.0,8.0,369.0,356.0,369.0,369.0,1,raw_available,13.0,
9711290104,NCO,KT4A,9711290104,0,NCOKT4A,MITSUBISHI,2022-11-17,2022-11-25,2013.0,200,230/115/22,66.0,7.0,1.0,22.0,16.0,1.0,0.0,272.0,6496.0,16642.0,68483.0,3.0,8.0,323.0,312.0,323.0,323.0,1,raw_available,11.0,
9711290104,NCO,KT4A,9711290104,0,NCOKT4A,MITSUBISHI,2023-11-24,2023-12-25,2013.0,200,230/115/22,50.0,11.0,4.0,38.0,21.0,0.0,0.0,204.0,5614.0,9435.0,38657.0,2.0,13.0,282.0,267.0,282.0,282.0,1,raw_available,15.0,
9711290104,NCO,KT4A,9711290104,0,NCOKT4A,MITSUBISHI,2024-04-17,2024-04-17,2013.0,200,230/115/22,0.0,5.0,7.0,59.0,64.0,0.0,0.0,261.0,3693.0,7126.0,55793.0,0.0,12.0,403.0,391.0,403.0,403.0,1,raw_available,12.0,
9711290105,BI2,KT2A,9711290105,0,BI2KT2A,MITSUBISHI,2020-11-03,2020-11-21,2012.0,200,230/121/21,61.0,11.0,16.0,19.0,9.0,0.0,0.0,108.0,1954.0,4090.0,50460.0,0.0,7.0,159.0,152.0,159.0,159.0,1,raw_available,7.0,
9711290105,BI2,KT2A,9711290105,0,BI2KT2A,MITSUBISHI,2022-02-07,2022-03-18,2012.0,200,230/121/21,,8.0,1.0,1.0,3.0,0.0,0.0,4.0,889.0,13348.0,76411.0,0.0,6.0,15.0,9.0,15.0,15.0,1,raw_available,6.0,
9711290105,BI2,KT2A,9711290105,0,BI2KT2A,MITSUBISHI,2023-02-11,2023-02-25,2012.0,200,230/121/21,32.0,21.0,13.0,5.0,6.0,0.0,0.0,82.0,1337.0,32271.0,73110.0,0.0,7.0,113.0,106.0,113.0,113.0,1,raw_available,7.0,
9711290105,BI2,KT2A,9711290105,0,BI2KT2A,MITSUBISHI,2023-05-16,2023-05-21,2012.0,200,230/121/21,36.0,14.0,0.0,2.0,1.0,6.0,0.0,2.0,43.0,6973.0,17506.0,6.0,1.0,18.0,11.0,18.0,18.0,1,raw_available,7.0,ย้ายมาจากโรงไฟฟ้าลานกระบือ-KG11B (ทดสอบก่อนจ่ายไฟ)
9711290105,BI2,KT2A,9711290105,0,BI2KT2A,MITSUBISHI,2023-10-15,2023-12-14,2012.0,200,230/121/21,64.0,13.0,3.0,3.0,2.0,1.0,0.0,188.0,3349.0,7179.0,24258.0,0.0,1.0,198.0,197.0,198.0,198.0,1,raw_available,1.0,
9711290105,BI2,KT2A,9711290105,0,BI2KT2A,MITSUBISHI,2024-03-23,2024-04-20,2012.0,200,230/121/21,60.0,18.0,7.0,3.0,3.0,0.0,0.0,181.0,2782.0,2732.0,27559.0,0.0,0.0,194.0,194.0,194.0,194.0,1,raw_available,0.0,
9711290105,BI2,KT2A,9711290105,0,BI2KT2A,MITSUBISHI,2024-05-14,2024-05-18,2012.0,200,230/121/21,30.0,5.0,0.0,0.0,0.0,0.0,0.0,8.0,149.0,12890.0,23974.0,0.0,0.0,8.0,8.0,8.0,8.0,1,raw_available,0.0,ก่อนทดสอบ HIGH VOLTAGE
9711290105,BI2,KT2A,9711290105,0,BI2KT2A,MITSUBISHI,2024-05-25,2024-05-26,2012.0,200,230/121/21,0.0,9.0,0.0,0.0,0.0,0.0,0.0,7.0,172.0,13058.0,30030.0,6.0,1.0,14.0,7.0,14.0,14.0,1,raw_available,7.0,หลังทดสอบ HIGH VOLTAGE
9711291101,YL2,KT1A,9711291101,0,YL2KT1A,MITSUBISHI,2019-04-06,2019-07-05,1993.0,200,230/121/33,52.0,24.0,2.0,3.0,2.0,0.0,0.0,250.0,995.0,12065.0,46490.0,0.0,2.0,259.0,257.0,259.0,259.0,1,raw_available,2.0,
9711291101,YL2,KT1A,9711291101,0,YL2KT1A,MITSUBISHI,2019-09-06,2019-10-18,1993.0,200,230/121/33,52.0,16.0,20.0,18.0,12.0,1.0,0.0,227.0,812.0,17064.0,56054.0,0.0,5.0,283.0,278.0,283.0,283.0,1,raw_available,5.0,
9711291101,YL2,KT1A,9711291101,0,YL2KT1A,MITSUBISHI,2020-03-01,2020-05-15,1993.0,200,230/121/33,55.0,28.0,5.0,0.0,0.0,0.0,0.0,268.0,1305.0,15401.0,49540.0,0.0,0.0,273.0,273.0,273.0,273.0,1,raw_available,0.0,
9711291101,YL2,KT1A,9711291101,0,YL2KT1A,MITSUBISHI,2020-07-25,2020-08-24,1993.0,200,230/121/33,50.0,13.0,7.0,0.0,10.0,0.0,0.0,363.0,1630.0,7885.0,37863.0,0.0,0.0,380.0,380.0,380.0,380.0,1,raw_available,0.0,
9711291101,YL2,KT1A,9711291101,0,YL2KT1A,MITSUBISHI,2021-07-12,2021-11-05,1993.0,200,230/121/33,49.0,28.0,6.0,0.0,20.0,0.0,0.0,271.0,1316.0,15911.0,43488.0,0.0,0.0,297.0,297.0,297.0,297.0,1,raw_available,0.0,
9711291101,YL2,KT1A,9711291101,0,YL2KT1A,MITSUBISHI,2022-01-15,2022-02-14,1993.0,200,230/121/33,52.0,13.0,7.0,0.0,20.0,0.0,0.0,417.0,1851.0,8001.0,42420.0,0.0,0.0,444.0,444.0,444.0,444.0,1,raw_available,0.0,
9711291101,YL2,KT1A,9711291101,0,YL2KT1A,MITSUBISHI,2022-07-24,2022-08-15,1993.0,200,230/121/33,48.0,12.0,3.0,5.0,3.0,0.0,0.0,473.0,2506.0,6400.0,54940.0,0.0,2.0,486.0,484.0,486.0,486.0,1,raw_available,2.0,
9711291101,YL2,KT1A,9711291101,0,YL2KT1A,MITSUBISHI,2023-01-15,2023-03-11,1993.0,200,230/121/33,45.0,12.0,7.0,9.0,4.0,2.0,0.0,529.0,2620.0,6752.0,41749.0,0.0,0.0,551.0,551.0,551.0,551.0,1,raw_available,0.0,
9711291101,YL2,KT1A,9711291101,0,YL2KT1A,MITSUBISHI,2023-07-16,2023-11-18,1993.0,200,230/121/33,0.0,24.0,5.0,9.0,3.0,0.0,0.0,483.0,3027.0,20784.0,35642.0,0.0,2.0,502.0,500.0,502.0,502.0,1,raw_available,2.0,
9711291101,YL2,KT1A,9711291101,0,YL2KT1A,MITSUBISHI,2024-01-12,2024-04-09,1993.0,200,230/121/33,46.0,19.0,3.0,11.0,3.0,0.0,0.0,457.0,2290.0,11326.0,62221.0,2.0,2.0,478.0,474.0,478.0,478.0,1,raw_available,4.0,
9711291102,YL2,KT2A,9711291102,0,YL2KT2A,MITSUBISHI,2019-04-06,2019-06-30,1993.0,200,230/121/33,57.0,25.0,2.0,6.0,1.0,0.0,0.0,342.0,1307.0,9586.0,40542.0,0.0,0.0,351.0,351.0,351.0,351.0,1,raw_available,0.0,
9711291102,YL2,KT2A,9711291102,0,YL2KT2A,MITSUBISHI,2019-09-06,2019-10-19,1993.0,200,230/121/33,54.0,24.0,2.0,0.0,0.0,0.0,0.0,235.0,1404.0,8886.0,38335.0,0.0,0.0,237.0,237.0,237.0,237.0,1,raw_available,0.0,
9711291102,YL2,KT2A,9711291102,0,YL2KT2A,MITSUBISHI,2020-01-27,2020-05-15,1993.0,200,230/121/33,51.0,27.0,1.0,1.0,0.0,1.0,0.0,211.0,1340.0,12189.0,44560.0,1.0,0.0,215.0,214.0,215.0,215.0,1,raw_available,1.0,
9711291102,YL2,KT2A,9711291102,0,YL2KT2A,MITSUBISHI,2020-07-25,2020-08-24,1993.0,200,230/121/33,50.0,16.0,7.0,0.0,11.0,0.0,0.0,334.0,1621.0,14280.0,42160.0,0.0,0.0,352.0,352.0,352.0,352.0,1,raw_available,0.0,
9711291102,YL2,KT2A,9711291102,0,YL2KT2A,MITSUBISHI,2021-04-11,2021-07-12,1993.0,200,230/121/33,50.0,18.0,11.0,0.0,18.0,0.0,0.0,295.0,1440.0,18151.0,45568.0,0.0,0.0,324.0,324.0,324.0,324.0,1,raw_available,0.0,
9711291102,YL2,KT2A,9711291102,0,YL2KT2A,MITSUBISHI,2022-01-10,2022-02-14,1993.0,200,230/121/33,54.0,15.0,6.0,0.0,6.0,0.0,0.0,451.0,1904.0,5817.0,40466.0,0.0,0.0,463.0,463.0,463.0,463.0,1,raw_available,0.0,
9711291102,YL2,KT2A,9711291102,0,YL2KT2A,MITSUBISHI,2022-07-15,2022-07-24,1993.0,200,230/121/33,50.0,9.0,10.0,2.0,8.0,0.0,0.0,516.0,2300.0,6541.0,45289.0,0.0,0.0,536.0,536.0,536.0,536.0,1,raw_available,0.0,
9711291102,YL2,KT2A,9711291102,0,YL2KT2A,MITSUBISHI,2023-01-15,2023-03-11,1993.0,200,230/121/33,45.0,16.0,5.0,7.0,4.0,0.0,0.0,581.0,2580.0,12954.0,43531.0,0.0,0.0,597.0,597.0,597.0,597.0,1,raw_available,0.0,
9711291102,YL2,KT2A,9711291102,0,YL2KT2A,MITSUBISHI,2023-07-16,2023-11-18,1993.0,200,230/121/33,49.0,13.0,8.0,11.0,2.0,0.0,0.0,438.0,2936.0,14996.0,33428.0,0.0,1.0,460.0,459.0,460.0,460.0,1,raw_available,1.0,
9711291102,YL2,KT2A,9711291102,0,YL2KT2A,MITSUBISHI,2024-01-12,2024-04-09,1993.0,200,230/121/33,46.0,18.0,10.0,9.0,3.0,0.0,0.0,515.0,1958.0,7134.0,39475.0,0.0,1.0,538.0,537.0,538.0,538.0,1,raw_available,1.0,
9711291103,TS,KT2A,9711291103,0,TSKT2A,MITSUBISHI,2019-03-16,2019-07-05,2013.0,200,230/121/33,66.0,24.0,2.0,5.0,2.0,0.0,0.0,289.0,1290.0,15147.0,56682.0,0.0,1.0,299.0,298.0,299.0,299.0,1,raw_available,1.0,
9711291103,TS,KT2A,9711291103,0,TSKT2A,MITSUBISHI,2019-09-15,2019-11-23,2013.0,200,230/121/33,,40.0,16.0,11.0,0.0,0.0,0.0,0.0,0.0,14080.0,53110.0,0.0,0.0,27.0,27.0,27.0,27.0,1,raw_available,0.0,
9711291103,TS,KT2A,9711291103,0,TSKT2A,MITSUBISHI,2020-06-10,2020-08-11,2013.0,200,230/121/33,64.0,23.0,21.0,7.0,3.0,0.0,0.0,446.0,3705.0,8351.0,48921.0,0.0,1.0,478.0,477.0,478.0,478.0,1,raw_available,1.0,
9711291103,TS,KT2A,9711291103,0,TSKT2A,MITSUBISHI,2020-09-05,2020-11-13,2013.0,200,230/121/33,54.0,23.0,5.0,62.0,210.0,1.0,0.0,103.0,2069.0,12718.0,60234.0,0.0,112.0,493.0,381.0,493.0,493.0,1,raw_available,112.0,
9711291103,TS,KT2A,9711291103,0,TSKT2A,MITSUBISHI,2021-03-06,2021-05-23,2013.0,200,230/121/33,56.0,18.0,8.0,14.0,3.0,0.0,0.0,190.0,2628.0,9369.0,62137.0,5.0,6.0,226.0,215.0,226.0,226.0,1,raw_available,11.0,
9711291103,TS,KT2A,9711291103,0,TSKT2A,MITSUBISHI,2021-09-12,2021-11-16,2013.0,200,230/121/33,58.0,13.0,6.0,32.0,51.0,0.0,0.0,33.0,846.0,10406.0,40388.0,0.0,5.0,127.0,122.0,127.0,127.0,1,raw_available,5.0,
9711291103,TS,KT2A,9711291103,0,TSKT2A,MITSUBISHI,2022-03-26,2022-04-25,2013.0,200,230/121/33,58.0,13.0,8.0,8.0,3.0,15.0,0.0,288.0,2656.0,5482.0,56684.0,0.0,2.0,324.0,322.0,324.0,324.0,1,raw_available,2.0,
9711291103,TS,KT2A,9711291103,0,TSKT2A,MITSUBISHI,2022-09-09,2022-10-09,2013.0,200,230/121/33,49.0,8.0,8.0,18.0,4.0,6.0,0.0,318.0,2558.0,5641.0,55076.0,2.0,4.0,360.0,354.0,360.0,360.0,1,raw_available,6.0,
9711291103,TS,KT2A,9711291103,0,TSKT2A,MITSUBISHI,2023-03-05,2023-04-09,2013.0,200,230/121/33,70.0,13.0,7.0,15.0,5.0,0.0,0.0,481.0,3585.0,7950.0,43634.0,0.0,0.0,508.0,508.0,508.0,508.0,1,raw_available,0.0,
9711291103,TS,KT2A,9711291103,0,TSKT2A,MITSUBISHI,2023-10-06,2023-10-29,2013.0,200,230/121/33,50.0,14.0,14.0,14.0,5.0,1.0,0.0,584.0,4401.0,11517.0,57269.0,2.0,5.0,625.0,618.0,625.0,625.0,1,raw_available,7.0,
9711291103,TS,KT2A,9711291103,0,TSKT2A,MITSUBISHI,2024-03-04,2024-04-09,2013.0,200,230/121/33,62.0,12.0,3.0,26.0,11.0,32.0,0.0,387.0,4584.0,21310.0,41690.0,32.0,4.0,495.0,459.0,495.0,495.0,1,raw_available,36.0,
9711292101,AT1,KT3A,9711292101,0,AT1KT3A,MITSUBISHI,2022-02-18,2022-03-10,2013.0,200,230/115,60.0,8.0,18.0,4.0,1.0,0.0,0.0,221.0,1439.0,8707.0,27784.0,1.0,1.0,246.0,244.0,246.0,246.0,1,raw_available,2.0,
9711292101,AT1,KT3A,9711292101,0,AT1KT3A,MITSUBISHI,2022-07-29,2022-08-07,2013.0,200,230/115,61.0,11.0,15.0,0.0,3.0,0.0,0.0,280.0,1717.0,3921.0,24030.0,0.0,0.0,298.0,298.0,298.0,298.0,1,raw_available,0.0,
9711292101,AT1,KT3A,9711292101,0,AT1KT3A,MITSUBISHI,2023-02-26,2023-03-10,2013.0,200,230/115,62.0,12.0,6.0,3.0,2.0,1.0,0.0,286.0,1782.0,8352.0,36824.0,0.0,1.0,299.0,298.0,299.0,299.0,1,raw_available,1.0,
9711292101,AT1,KT3A,9711292101,0,AT1KT3A,MITSUBISHI,2023-07-13,2023-08-05,2013.0,200,230/115,0.0,8.0,7.0,14.0,2.0,0.0,0.0,284.0,1806.0,8040.0,23510.0,12.0,1.0,320.0,307.0,320.0,320.0,1,raw_available,13.0,
9711292101,AT1,KT3A,9711292101,0,AT1KT3A,MITSUBISHI,2024-01-26,2024-02-19,2013.0,200,230/115,56.0,15.0,8.0,6.0,5.0,0.0,0.0,275.0,1630.0,16534.0,47267.0,1.0,7.0,302.0,294.0,302.0,302.0,1,raw_available,8.0,
9812810103,PL2,KT4A,9812810103,0,PL2KT4A,MITSUBISHI,2020-03-29,2020-04-07,2013.0,200,230/115/22,59.0,8.0,56.0,3.0,9.0,4.0,0.0,105.0,562.0,8167.0,33061.0,6.0,8.0,191.0,177.0,191.0,191.0,1,raw_available,14.0,
9812810103,PL2,KT4A,9812810103,0,PL2KT4A,MITSUBISHI,2020-10-20,2020-11-17,2013.0,200,230/115/22,51.0,10.0,20.0,0.0,10.0,0.0,0.0,204.0,1431.0,3954.0,28206.0,0.0,0.0,234.0,234.0,234.0,234.0,1,raw_available,0.0,
9812810103,PL2,KT4A,9812810103,0,PL2KT4A,MITSUBISHI,2021-03-08,2021-04-02,2013.0,200,230/115/22,65.0,11.0,25.0,0.0,7.0,0.0,0.0,197.0,1511.0,8337.0,50301.0,0.0,7.0,236.0,229.0,236.0,236.0,1,raw_available,7.0,
9812810103,PL2,KT4A,9812810103,0,PL2KT4A,MITSUBISHI,2021-09-17,2021-10-11,2013.0,200,230/115/22,54.0,15.0,11.0,0.0,25.0,0.0,0.0,279.0,1553.0,9163.0,33894.0,0.0,0.0,315.0,315.0,315.0,315.0,1,raw_available,0.0,
9812810103,PL2,KT4A,9812810103,0,PL2KT4A,MITSUBISHI,2022-04-24,2022-04-29,2013.0,200,230/115/22,62.0,8.0,13.0,4.0,13.0,1.0,0.0,290.0,2158.0,3472.0,29050.0,0.0,1.0,322.0,321.0,322.0,322.0,1,raw_available,1.0,
9812810103,PL2,KT4A,9812810103,0,PL2KT4A,MITSUBISHI,2022-10-02,2022-10-07,2013.0,200,230/115/22,62.0,8.0,5.0,8.0,12.0,0.0,0.0,231.0,1450.0,2975.0,40428.0,2.0,13.0,271.0,256.0,271.0,271.0,1,raw_available,15.0,
9812810103,PL2,KT4A,9812810103,0,PL2KT4A,MITSUBISHI,2023-04-07,2023-04-30,2013.0,200,230/115/22,67.0,10.0,7.0,19.0,10.0,0.0,0.0,237.0,1497.0,3330.0,40480.0,9.0,11.0,293.0,273.0,293.0,293.0,1,raw_available,20.0,
9812810103,PL2,KT4A,9812810103,0,PL2KT4A,MITSUBISHI,2024-04-08,2024-04-27,2013.0,200,230/115/22,73.0,11.0,5.0,21.0,16.0,1.0,0.0,268.0,1708.0,3500.0,35110.0,21.0,17.0,349.0,311.0,349.0,349.0,1,raw_available,38.0,
9812811101,PU,KT4A,9812811101,0,PUKT4A,MITSUBISHI,2019-03-15,2019-06-30,2013.0,200,230/121/33,50.0,26.0,7.0,0.0,5.0,0.0,0.0,286.0,1069.0,8182.0,44862.0,0.0,0.0,298.0,298.0,298.0,298.0,1,raw_available,0.0,
9812811101,PU,KT4A,9812811101,0,PUKT4A,MITSUBISHI,2019-09-19,2019-11-28,2013.0,200,230/121/33,50.0,23.0,11.0,9.0,0.0,0.0,0.0,0.0,0.0,9700.0,47940.0,0.0,0.0,20.0,20.0,20.0,20.0,1,raw_available,0.0,
9812811101,PU,KT4A,9812811101,0,PUKT4A,MITSUBISHI,2020-04-04,2020-05-26,2013.0,200,230/121/33,55.0,14.0,19.0,5.0,3.0,0.0,0.0,323.0,885.0,13001.0,54845.0,0.0,3.0,353.0,350.0,353.0,353.0,1,raw_available,3.0,
9812811101,PU,KT4A,9812811101,0,PUKT4A,MITSUBISHI,2020-09-08,2020-11-10,2013.0,200,230/121/33,48.0,12.0,8.0,0.0,41.0,0.0,0.0,354.0,1278.0,9413.0,39060.0,0.0,0.0,403.0,403.0,403.0,403.0,1,raw_available,0.0,
9812811101,PU,KT4A,9812811101,0,PUKT4A,MITSUBISHI,2021-03-12,2021-05-11,2013.0,200,230/121/33,53.0,19.0,34.0,6.0,3.0,0.0,0.0,350.0,1409.0,5386.0,45718.0,0.0,9.0,402.0,393.0,402.0,402.0,1,raw_available,9.0,
9812811101,PU,KT4A,9812811101,0,PUKT4A,MITSUBISHI,2021-09-05,2021-11-16,2013.0,200,230/121/33,43.0,18.0,9.0,0.0,7.0,0.0,0.0,391.0,2516.0,10560.0,43445.0,0.0,0.0,407.0,407.0,407.0,407.0,1,raw_available,0.0,
9812811101,PU,KT4A,9812811101,0,PUKT4A,MITSUBISHI,2022-03-26,2022-04-25,2013.0,200,230/121/33,44.0,15.0,5.0,4.0,3.0,10.0,0.0,274.0,1350.0,8214.0,52749.0,1.0,2.0,299.0,296.0,299.0,299.0,1,raw_available,3.0,
9812811101,PU,KT4A,9812811101,0,PUKT4A,MITSUBISHI,2022-09-12,2022-10-09,2013.0,200,230/121/33,42.0,7.0,3.0,7.0,3.0,0.0,0.0,368.0,1561.0,12585.0,49869.0,2.0,2.0,385.0,381.0,385.0,385.0,1,raw_available,4.0,
9812811102,CM3,KT5A,9812811102,0,CM3KT5A,MITSUBISHI,2020-03-20,2020-05-16,2013.0,200,230/115/22,60.0,12.0,8.0,5.0,10.0,0.0,0.0,191.0,1529.0,14662.0,66875.0,0.0,10.0,224.0,214.0,224.0,224.0,1,raw_available,10.0,
9812811102,CM3,KT5A,9812811102,0,CM3KT5A,MITSUBISHI,2020-10-05,2020-11-13,2013.0,200,230/115/22,,9.0,8.0,0.0,51.0,0.0,0.0,158.0,1738.0,13368.0,37828.0,0.0,0.0,217.0,217.0,217.0,217.0,1,raw_available,0.0,
9812811102,CM3,KT5A,9812811102,0,CM3KT5A,MITSUBISHI,2021-04-12,2021-10-21,2013.0,200,230/115/22,,27.0,14.0,5.0,7.0,0.0,0.0,5.0,1182.0,24358.0,81627.0,2.0,6.0,39.0,31.0,39.0,39.0,1,raw_available,8.0,
9812811102,CM3,KT5A,9812811102,0,CM3KT5A,MITSUBISHI,2021-10-01,2021-11-12,2013.0,200,230/115/22,58.0,10.0,6.0,0.0,12.0,0.0,0.0,292.0,2573.0,5723.0,32587.0,0.0,0.0,310.0,310.0,310.0,310.0,1,raw_available,0.0,
9812811102,CM3,KT5A,9812811102,0,CM3KT5A,MITSUBISHI,2023-04-03,2023-06-11,2013.0,200,230/115/22,67.0,13.0,3.0,21.0,12.0,1.0,0.0,275.0,2491.0,28140.0,67405.0,1.0,8.0,321.0,312.0,321.0,321.0,1,raw_available,9.0,
9812811102,CM3,KT5A,9812811102,0,CM3KT5A,MITSUBISHI,2023-09-24,2023-10-10,2013.0,200,230/115/22,0.0,5.0,2.0,7.0,8.0,0.0,0.0,233.0,2622.0,14125.0,31048.0,1.0,8.0,259.0,250.0,259.0,259.0,1,raw_available,9.0,
9812811102,CM3,KT5A,9812811102,0,CM3KT5A,MITSUBISHI,2024-01-21,2024-05-26,2013.0,200,230/115/22,,14.0,2.0,18.0,19.0,1.0,0.0,413.0,3867.0,9667.0,54172.0,3.0,21.0,477.0,453.0,477.0,477.0,1,raw_available,24.0,
9816102101,KA,KT4A,9816102101,0,KAKT4A,MITSUBISHI,2019-03-18,2019-07-06,1993.0,200,230/121/33,55.0,21.0,3.0,5.0,4.0,1.0,0.0,298.0,998.0,11715.0,41561.0,1.0,3.0,315.0,311.0,315.0,315.0,1,raw_available,4.0,
9816102101,KA,KT4A,9816102101,0,KAKT4A,MITSUBISHI,2019-09-15,2019-11-23,1993.0,200,230/121/33,55.0,16.0,12.0,9.0,0.0,4.0,0.0,0.0,0.0,9830.0,47310.0,0.0,0.0,25.0,25.0,25.0,25.0,1,raw_available,0.0,
9816102101,KA,KT4A,9816102101,0,KAKT4A,MITSUBISHI,2020-04-24,2020-05-26,1993.0,200,230/121/33,60.0,21.0,32.0,5.0,5.0,0.0,0.0,203.0,821.0,17091.0,65481.0,0.0,6.0,251.0,245.0,251.0,251.0,1,raw_available,6.0,
9816102101,KA,KT4A,9816102101,0,KAKT4A,MITSUBISHI,2020-09-11,2020-11-15,1993.0,200,230/121/33,57.0,11.0,17.0,4.0,4.0,0.0,0.0,120.0,940.0,12240.0,104890.0,138.0,3.0,286.0,145.0,286.0,286.0,1,raw_available,141.0,
9816102101,KA,KT4A,9816102101,0,KAKT4A,MITSUBISHI,2021-03-13,2021-05-11,1993.0,200,230/121/33,54.0,9.0,16.0,8.0,6.0,0.0,0.0,195.0,1205.0,3185.0,44721.0,0.0,2.0,227.0,225.0,227.0,227.0,1,raw_available,2.0,
9816102101,KA,KT4A,9816102101,0,KAKT4A,MITSUBISHI,2021-09-20,2021-11-17,1993.0,200,230/121/33,49.0,18.0,5.0,0.0,9.0,0.0,0.0,422.0,1761.0,9276.0,41770.0,0.0,0.0,436.0,436.0,436.0,436.0,1,raw_available,0.0,
9816102101,KA,KT4A,9816102101,0,KAKT4A,MITSUBISHI,2022-03-12,2022-04-25,1993.0,200,230/121/33,40.0,6.0,2.0,8.0,6.0,1.0,0.0,426.0,2259.0,5755.0,41257.0,2.0,6.0,451.0,443.0,451.0,451.0,1,raw_available,8.0,
9816102101,KA,KT4A,9816102101,0,KAKT4A,MITSUBISHI,2022-09-16,2022-10-08,1993.0,200,230/121/33,58.0,7.0,7.0,2.0,13.0,1.0,0.0,509.0,2122.0,7826.0,40448.0,0.0,7.0,539.0,532.0,539.0,539.0,1,raw_available,7.0,
9816102101,KA,KT4A,9816102101,0,KAKT4A,MITSUBISHI,2023-03-04,2023-04-09,1993.0,200,230/121/33,56.0,12.0,7.0,8.0,6.0,0.0,0.0,553.0,2137.0,7536.0,41565.0,0.0,0.0,574.0,574.0,574.0,574.0,1,raw_available,0.0,
9816102101,KA,KT4A,9816102101,0,KAKT4A,MITSUBISHI,2023-10-07,2023-10-26,1993.0,200,230/121/33,40.0,11.0,7.0,10.0,7.0,1.0,0.0,476.0,2233.0,17066.0,56879.0,2.0,6.0,509.0,501.0,509.0,509.0,1,raw_available,8.0,
9816102101,KA,KT4A,9816102101,0,KAKT4A,MITSUBISHI,2024-03-03,2024-04-09,1993.0,200,230/121/33,52.0,11.0,6.0,11.0,5.0,2.0,0.0,458.0,1744.0,8704.0,40810.0,2.0,4.0,488.0,482.0,488.0,488.0,1,raw_available,6.0,
9816102102,KA,KT3A,9816102102,0,KAKT3A,MITSUBISHI,2019-03-18,2019-06-30,1993.0,200,230/121/33,50.0,31.0,7.0,0.0,7.0,0.0,0.0,299.0,1281.0,13080.0,45274.0,0.0,0.0,313.0,313.0,313.0,313.0,1,raw_available,0.0,
9816102102,KA,KT3A,9816102102,0,KAKT3A,MITSUBISHI,2019-09-15,2019-11-22,1993.0,200,230/121/33,54.0,21.0,17.0,8.0,0.0,4.0,0.0,0.0,0.0,12370.0,48460.0,0.0,5.0,34.0,29.0,34.0,34.0,1,raw_available,5.0,
9816102102,KA,KT3A,9816102102,0,KAKT3A,MITSUBISHI,2020-06-14,2020-08-11,1993.0,200,230/121/33,49.0,20.0,28.0,4.0,4.0,0.0,0.0,310.0,2442.0,10594.0,50262.0,0.0,5.0,351.0,346.0,351.0,351.0,1,raw_available,5.0,
9816102102,KA,KT3A,9816102102,0,KAKT3A,MITSUBISHI,2020-09-11,2020-11-15,1993.0,200,230/121/33,49.0,13.0,20.0,3.0,3.0,0.0,0.0,67.0,704.0,21780.0,40380.0,8.0,3.0,104.0,93.0,104.0,104.0,1,raw_available,11.0,
9816102102,KA,KT3A,9816102102,0,KAKT3A,MITSUBISHI,2021-03-13,2021-05-23,1993.0,200,230/121/33,54.0,12.0,3.0,10.0,3.0,1.0,0.0,284.0,2331.0,8512.0,57360.0,3.0,7.0,311.0,301.0,311.0,311.0,1,raw_available,10.0,
9816102102,KA,KT3A,9816102102,0,KAKT3A,MITSUBISHI,2021-09-20,2021-11-18,1993.0,200,230/121/33,50.0,14.0,13.0,0.0,14.0,0.0,0.0,423.0,1866.0,7869.0,40674.0,0.0,0.0,450.0,450.0,450.0,450.0,1,raw_available,0.0,
9816102102,KA,KT3A,9816102102,0,KAKT3A,MITSUBISHI,2022-03-12,2022-04-25,1993.0,200,230/121/33,50.0,7.0,2.0,7.0,6.0,0.0,0.0,442.0,2801.0,4316.0,36499.0,2.0,4.0,463.0,457.0,463.0,463.0,1,raw_available,6.0,
9816102102,KA,KT3A,9816102102,0,KAKT3A,MITSUBISHI,2022-09-16,2022-10-08,1993.0,200,230/121/33,55.0,14.0,8.0,3.0,11.0,1.0,0.0,507.0,2208.0,9484.0,40919.0,0.0,7.0,537.0,530.0,537.0,537.0,1,raw_available,7.0,
9816102102,KA,KT3A,9816102102,0,KAKT3A,MITSUBISHI,2023-03-04,2023-04-09,1993.0,200,230/121/33,50.0,6.0,7.0,8.0,9.0,0.0,0.0,571.0,2361.0,9054.0,43139.0,0.0,0.0,595.0,595.0,595.0,595.0,1,raw_available,0.0,
9816102102,KA,KT3A,9816102102,0,KAKT3A,MITSUBISHI,2023-10-07,2023-10-26,1993.0,200,230/121/33,0.0,8.0,9.0,10.0,12.0,1.0,0.0,530.0,2142.0,14661.0,54673.0,2.0,4.0,568.0,562.0,568.0,568.0,1,raw_available,6.0,
9816102102,KA,KT3A,9816102102,0,KAKT3A,MITSUBISHI,2024-03-03,2024-04-09,1993.0,200,230/121/33,52.0,14.0,4.0,21.0,16.0,56.0,0.0,547.0,2968.0,12280.0,39800.0,90.0,10.0,744.0,644.0,744.0,744.0,1,raw_available,100.0,
98900011,TPR,KT3A,98900011,0,TPRKT3A,TOSHIBA,2019-05-31,2019-06-29,2013.0,300,230/72.5,48.0,24.0,26.0,10.0,5.0,0.0,0.0,471.0,1820.0,9093.0,31977.0,0.0,0.0,512.0,512.0,512.0,512.0,1,raw_available,0.0,
98900011,TPR,KT3A,98900011,0,TPRKT3A,TOSHIBA,2019-11-09,2019-11-12,2013.0,300,230/72.5,48.0,10.0,19.0,8.0,9.0,0.0,0.0,461.0,1694.0,13054.0,48146.0,0.0,2.0,499.0,497.0,499.0,499.0,1,raw_available,2.0,
98900011,TPR,KT3A,98900011,0,TPRKT3A,TOSHIBA,2020-05-15,2020-05-29,2013.0,300,230/72.5,45.0,11.0,26.0,21.0,22.0,0.0,0.0,373.0,1686.0,7405.0,51064.0,0.0,15.0,457.0,442.0,457.0,457.0,1,raw_available,15.0,
98900011,TPR,KT3A,98900011,0,TPRKT3A,TOSHIBA,2021-05-21,2021-07-06,2013.0,300,230/72.5,52.0,16.0,31.0,9.0,0.0,4.0,0.0,629.0,2192.0,7450.0,45958.0,2.0,1.0,676.0,673.0,676.0,676.0,1,raw_available,3.0,
98900011,TPR,KT3A,98900011,0,TPRKT3A,TOSHIBA,2021-11-09,2021-11-19,2013.0,300,230/72.5,50.0,10.0,29.0,0.0,5.0,0.0,0.0,515.0,2032.0,10992.0,47681.0,0.0,0.0,549.0,549.0,549.0,549.0,1,raw_available,0.0,
98900011,TPR,KT3A,98900011,0,TPRKT3A,TOSHIBA,2022-05-28,2022-06-02,2013.0,300,230/72.5,,7.0,19.0,15.0,2.0,1.0,0.0,767.0,3059.0,7688.0,33096.0,0.0,0.0,804.0,804.0,804.0,804.0,1,raw_available,0.0,
98900011,TPR,KT3A,98900011,0,TPRKT3A,TOSHIBA,2022-11-14,2022-11-25,2013.0,300,230/72.5,44.0,11.0,20.0,7.0,1.0,4.0,0.0,798.0,3182.0,13035.0,49119.0,2.0,2.0,834.0,830.0,834.0,834.0,1,raw_available,4.0,
98900011,TPR,KT3A,98900011,0,TPRKT3A,TOSHIBA,2023-05-22,2023-05-26,2013.0,300,230/72.5,50.0,7.0,24.0,21.0,1.0,2.0,0.0,820.0,3002.0,7476.0,41803.0,1.0,2.0,871.0,868.0,871.0,871.0,1,raw_available,3.0,
98900011,TPR,KT3A,98900011,0,TPRKT3A,TOSHIBA,2023-11-12,2023-12-16,2013.0,300,230/72.5,50.0,11.0,32.0,6.0,2.0,5.0,0.0,635.0,2955.0,14888.0,48328.0,2.0,3.0,685.0,680.0,685.0,685.0,1,raw_available,5.0,
98900012,TPR,KT4A,98900012,0,TPRKT4A,TOSHIBA,2019-05-31,2019-06-29,2013.0,300,230/72.5,50.0,15.0,24.0,0.0,0.0,0.0,0.0,448.0,1787.0,8111.0,32932.0,0.0,0.0,472.0,472.0,472.0,472.0,1,raw_available,0.0,
98900012,TPR,KT4A,98900012,0,TPRKT4A,TOSHIBA,2019-11-09,2019-11-11,2013.0,300,230/72.5,48.0,10.0,26.0,12.0,1.0,0.0,0.0,486.0,1195.0,3694.0,32008.0,0.0,2.0,527.0,525.0,527.0,527.0,1,raw_available,2.0,
98900012,TPR,KT4A,98900012,0,TPRKT4A,TOSHIBA,2020-05-15,2020-05-29,2013.0,300,230/72.5,48.0,11.0,39.0,6.0,2.0,0.0,0.0,487.0,1153.0,7144.0,39885.0,0.0,3.0,537.0,534.0,537.0,537.0,1,raw_available,3.0,
98900012,TPR,KT4A,98900012,0,TPRKT4A,TOSHIBA,2020-11-22,2020-12-04,2013.0,300,230/72.5,50.0,7.0,17.0,0.0,1.0,2.0,0.0,527.0,1989.0,8938.0,40890.0,3.0,2.0,552.0,547.0,552.0,552.0,1,raw_available,5.0,
98900012,TPR,KT4A,98900012,0,TPRKT4A,TOSHIBA,2020-12-20,2020-12-22,2013.0,300,230/72.5,41.0,6.0,32.0,4.0,1.0,0.0,0.0,700.0,4892.0,7149.0,52024.0,0.0,2.0,739.0,737.0,739.0,739.0,1,raw_available,2.0,
98900012,TPR,KT4A,98900012,0,TPRKT4A,TOSHIBA,2021-05-21,2021-07-10,2013.0,300,230/72.5,53.0,11.0,17.0,3.0,1.0,0.0,0.0,566.0,3951.0,8137.0,51171.0,0.0,2.0,589.0,587.0,589.0,589.0,1,raw_available,2.0,
98900012,TPR,KT4A,98900012,0,TPRKT4A,TOSHIBA,2021-11-09,2021-11-19,2013.0,300,230/72.5,48.0,7.0,20.0,0.0,8.0,4.0,0.0,537.0,2016.0,7685.0,32783.0,0.0,0.0,569.0,569.0,569.0,569.0,1,raw_available,0.0,
98900012,TPR,KT4A,98900012,0,TPRKT4A,TOSHIBA,2022-05-28,2022-06-02,2013.0,300,230/72.5,,7.0,21.0,11.0,2.0,5.0,0.0,844.0,3125.0,6080.0,42833.0,3.0,3.0,889.0,883.0,889.0,889.0,1,raw_available,6.0,
98900012,TPR,KT4A,98900012,0,TPRKT4A,TOSHIBA,2022-11-14,2022-11-25,2013.0,300,230/72.5,44.0,14.0,14.0,7.0,0.0,0.0,0.0,499.0,2547.0,15187.0,50098.0,3.0,5.0,528.0,520.0,528.0,528.0,1,raw_available,8.0,
98900012,TPR,KT4A,98900012,0,TPRKT4A,TOSHIBA,2023-05-22,2023-05-26,2013.0,300,230/72.5,51.0,11.0,20.0,19.0,1.0,2.0,0.0,604.0,3139.0,9994.0,47826.0,1.0,3.0,650.0,646.0,650.0,650.0,1,raw_available,4.0,
98900012,TPR,KT4A,98900012,0,TPRKT4A,TOSHIBA,2023-11-12,2023-12-10,2013.0,300,230/72.5,50.0,26.0,11.0,20.0,1.0,2.0,0.0,599.0,3240.0,5580.0,30860.0,1.0,4.0,638.0,633.0,638.0,638.0,1,raw_available,5.0,
98900013,SN4,KT1A,98900013,0,SN4KT1A,TOSHIBA,2019-03-22,2019-03-30,2012.0,200,230/121,59.0,17.0,7.0,26.0,6.0,15.0,0.0,387.0,3071.0,8542.0,46260.0,0.0,0.0,441.0,441.0,441.0,441.0,1,raw_available,0.0,
98900013,SN4,KT1A,98900013,0,SN4KT1A,TOSHIBA,2020-03-14,2020-04-04,2012.0,200,230/121,64.0,18.0,73.0,48.0,11.0,5.0,0.0,239.0,1354.0,8890.0,52910.0,41.0,11.0,428.0,376.0,428.0,428.0,1,raw_available,52.0,
98900013,SN4,KT1A,98900013,0,SN4KT1A,TOSHIBA,2021-03-13,2021-05-09,2012.0,200,230/121,62.0,24.0,47.0,49.0,8.0,2.0,0.0,327.0,1960.0,7995.0,51197.0,0.0,12.0,445.0,433.0,445.0,445.0,1,raw_available,12.0,
98900013,SN4,KT1A,98900013,0,SN4KT1A,TOSHIBA,2022-03-24,2022-04-02,2012.0,200,230/121,62.0,10.0,29.0,25.0,11.0,17.0,0.0,378.0,2286.0,6458.0,39256.0,0.0,0.0,460.0,460.0,460.0,460.0,1,raw_available,0.0,
98900013,SN4,KT1A,98900013,0,SN4KT1A,TOSHIBA,2022-10-14,2022-11-10,2012.0,200,230/121,62.0,18.0,38.0,36.0,9.0,13.0,0.0,382.0,3922.0,13402.0,22444.0,0.0,2.0,480.0,478.0,480.0,480.0,1,raw_available,2.0,
98900013,SN4,KT1A,98900013,0,SN4KT1A,TOSHIBA,2023-03-09,2023-04-03,2012.0,200,230/121,63.0,21.0,21.0,53.0,11.0,6.0,0.0,343.0,3945.0,5060.0,49880.0,17.0,11.0,462.0,434.0,462.0,462.0,1,raw_available,28.0,
98900013,SN4,KT1A,98900013,0,SN4KT1A,TOSHIBA,2023-09-10,2023-09-28,2012.0,200,230/121,60.0,11.0,37.0,59.0,19.0,63.0,0.0,356.0,3984.0,7200.0,34780.0,19.0,10.0,563.0,534.0,563.0,563.0,1,raw_available,29.0,
98900013,SN4,KT1A,98900013,0,SN4KT1A,TOSHIBA,2024-03-10,2024-04-09,2012.0,200,230/121,62.0,15.0,45.0,54.0,22.0,53.0,0.0,399.0,5941.0,7467.0,54455.0,21.0,11.0,605.0,573.0,605.0,605.0,1,raw_available,32.0,
98900014,SN4,KT2A,98900014,0,SN4KT2A,TOSHIBA,2019-03-22,2019-03-30,2012.0,200,230/121,65.0,21.0,7.0,15.0,5.0,0.0,0.0,325.0,3186.0,9286.0,35874.0,0.0,0.0,352.0,352.0,352.0,352.0,1,raw_available,0.0,
98900014,SN4,KT2A,98900014,0,SN4KT2A,TOSHIBA,2020-03-14,2020-04-04,2012.0,200,230/121,69.0,25.0,80.0,37.0,4.0,0.0,0.0,254.0,2088.0,7070.0,44660.0,21.0,0.0,2.0,375.0,2.0,2.0,1,raw_available,-373.0,
98900014,SN4,KT2A,98900014,0,SN4KT2A,TOSHIBA,2021-03-13,2021-05-08,2012.0,200,230/121,67.0,21.0,56.0,0.0,3.0,0.0,0.0,235.0,2577.0,3972.0,49835.0,0.0,7.0,301.0,294.0,301.0,301.0,1,raw_available,7.0,
98900014,SN4,KT2A,98900014,0,SN4KT2A,TOSHIBA,2022-03-24,2022-04-02,2012.0,200,230/121,68.0,9.0,38.0,10.0,5.0,2.0,0.0,291.0,3167.0,7618.0,30856.0,0.0,0.0,346.0,346.0,346.0,346.0,1,raw_available,0.0,
98900014,SN4,KT2A,98900014,0,SN4KT2A,TOSHIBA,2022-10-14,2022-11-10,2012.0,200,230/121,62.0,13.0,10.0,22.0,7.0,2.0,0.0,307.0,5405.0,15584.0,14608.0,0.0,4.0,352.0,348.0,352.0,352.0,1,raw_available,4.0,
98900014,SN4,KT2A,98900014,0,SN4KT2A,TOSHIBA,2023-03-09,2023-04-03,2012.0,200,230/121,62.0,20.0,35.0,51.0,5.0,0.0,0.0,281.0,4419.0,3210.0,45300.0,2.0,7.0,381.0,372.0,381.0,381.0,1,raw_available,9.0,
98900014,SN4,KT2A,98900014,0,SN4KT2A,TOSHIBA,2023-09-10,2023-09-28,2012.0,200,230/121,60.0,14.0,27.0,39.0,4.0,19.0,0.0,298.0,4484.0,7600.0,39222.0,4.0,19.0,410.0,387.0,410.0,410.0,1,raw_available,23.0,
98900014,SN4,KT2A,98900014,0,SN4KT2A,TOSHIBA,2024-03-10,2024-04-09,2012.0,200,230/121,59.0,13.0,16.0,41.0,18.0,43.0,0.0,356.0,7726.0,5428.0,44073.0,4.0,7.0,485.0,474.0,485.0,485.0,1,raw_available,11.0,
98900015,SN4,KT3A,98900015,0,SN4KT3A,TOSHIBA,2019-03-22,2019-03-30,2012.0,200,230/115,65.0,19.0,8.0,14.0,0.0,0.0,0.0,483.0,3657.0,8277.0,45860.0,0.0,0.0,505.0,505.0,505.0,505.0,1,raw_available,0.0,
98900015,SN4,KT3A,98900015,0,SN4KT3A,TOSHIBA,2020-03-14,2020-04-04,2012.0,200,230/115,72.0,25.0,73.0,38.0,5.0,0.0,0.0,252.0,2281.0,17380.0,50000.0,9.0,8.0,385.0,368.0,385.0,385.0,1,raw_available,17.0,
98900015,SN4,KT3A,98900015,0,SN4KT3A,TOSHIBA,2021-03-13,2021-05-08,2012.0,200,230/115,67.0,23.0,50.0,22.0,6.0,0.0,0.0,261.0,3144.0,4176.0,40105.0,0.0,10.0,349.0,339.0,349.0,349.0,1,raw_available,10.0,
98900015,SN4,KT3A,98900015,0,SN4KT3A,TOSHIBA,2022-03-24,2022-04-02,2012.0,200,230/115,70.0,9.0,38.0,17.0,8.0,3.0,0.0,371.0,4416.0,3664.0,35602.0,0.0,0.0,437.0,437.0,437.0,437.0,1,raw_available,0.0,
98900015,SN4,KT3A,98900015,0,SN4KT3A,TOSHIBA,2022-10-14,2022-11-10,2012.0,200,230/115,62.0,17.0,38.0,17.0,7.0,3.0,0.0,402.0,5878.0,18718.0,15094.0,0.0,4.0,471.0,467.0,471.0,471.0,1,raw_available,4.0,
98900015,SN4,KT3A,98900015,0,SN4KT3A,TOSHIBA,2023-03-09,2023-04-03,2012.0,200,230/115,62.0,21.0,24.0,45.0,7.0,0.0,0.0,369.0,5762.0,4940.0,48240.0,12.0,10.0,467.0,445.0,467.0,467.0,1,raw_available,22.0,
98900015,SN4,KT3A,98900015,0,SN4KT3A,TOSHIBA,2023-09-10,2023-09-28,2012.0,200,230/115,60.0,15.0,28.0,50.0,15.0,50.0,0.0,373.0,5830.0,6170.0,36960.0,8.0,8.0,532.0,516.0,532.0,532.0,1,raw_available,16.0,
98900015,SN4,KT3A,98900015,0,SN4KT3A,TOSHIBA,2024-03-10,2024-04-09,2012.0,200,230/115,57.0,15.0,14.0,45.0,10.0,6.0,0.0,367.0,9996.0,7848.0,52621.0,5.0,8.0,455.0,442.0,455.0,455.0,1,raw_available,13.0,
98900016,UB2,KT4A,98900016,0,UB2KT4A,TOSHIBA,2019-08-31,2019-09-28,2012.0,200,230/132/22,47.0,21.0,16.0,6.0,2.0,0.0,0.0,587.0,2355.0,5032.0,31895.0,0.0,3.0,614.0,611.0,614.0,614.0,1,raw_available,3.0,
98900016,UB2,KT4A,98900016,0,UB2KT4A,TOSHIBA,2020-03-02,2020-04-03,2012.0,200,230/132/22,38.0,24.0,41.0,3.0,1.0,0.0,0.0,544.0,2442.0,18701.0,46375.0,0.0,0.0,589.0,589.0,589.0,589.0,1,raw_available,0.0,
98900016,UB2,KT4A,98900016,0,UB2KT4A,TOSHIBA,2020-07-30,2020-09-12,2012.0,200,230/132/22,50.0,17.0,28.0,7.0,0.0,3.0,0.0,483.0,2270.0,8668.0,38789.0,1.0,0.0,522.0,521.0,522.0,522.0,1,raw_available,1.0,
98900016,UB2,KT4A,98900016,0,UB2KT4A,TOSHIBA,2021-03-01,2021-05-20,2012.0,200,230/132/22,56.0,26.0,9.0,0.0,43.0,0.0,0.0,82.0,1279.0,33875.0,64533.0,0.0,0.0,134.0,134.0,134.0,134.0,1,raw_available,0.0,
98900016,UB2,KT4A,98900016,0,UB2KT4A,TOSHIBA,2021-09-05,2021-11-06,2012.0,200,230/132/22,41.0,23.0,17.0,0.0,5.0,0.0,0.0,422.0,2302.0,14817.0,39024.0,0.0,0.0,444.0,444.0,444.0,444.0,1,raw_available,0.0,
98900016,UB2,KT4A,98900016,0,UB2KT4A,TOSHIBA,2022-02-07,2022-02-19,2012.0,200,230/132/22,46.0,12.0,16.0,4.0,1.0,0.0,0.0,382.0,3107.0,9624.0,53761.0,0.0,0.0,403.0,403.0,403.0,403.0,1,raw_available,0.0,
98900016,UB2,KT4A,98900016,0,UB2KT4A,TOSHIBA,2022-07-30,2022-08-19,2012.0,200,230/132/22,51.0,21.0,4.0,6.0,1.0,1.0,0.0,568.0,2384.0,2695.0,47821.0,3.0,3.0,586.0,580.0,586.0,586.0,1,raw_available,6.0,
98900016,UB2,KT4A,98900016,0,UB2KT4A,TOSHIBA,2023-02-04,2023-02-18,2012.0,200,230/132/22,48.0,13.0,11.0,10.0,3.0,5.0,0.0,715.0,3422.0,10916.0,46764.0,3.0,6.0,753.0,744.0,753.0,753.0,1,raw_available,9.0,
98900016,UB2,KT4A,98900016,0,UB2KT4A,TOSHIBA,2023-07-30,2023-08-11,2012.0,200,230/132/22,47.0,13.0,15.0,25.0,5.0,8.0,0.0,676.0,2956.0,17851.0,30856.0,3.0,4.0,736.0,729.0,736.0,736.0,1,raw_available,7.0,
98900016,UB2,KT4A,98900016,0,UB2KT4A,TOSHIBA,2024-02-04,2024-03-08,2012.0,200,230/132/22,56.0,17.0,4.0,9.0,2.0,3.0,0.0,703.0,3377.0,21971.0,33709.0,3.0,5.0,729.0,721.0,729.0,729.0,1,raw_available,8.0,
98900017,CYP,KT4A,98900017,0,CYPKT4A,TOSHIBA,2019-03-30,2019-04-18,2012.0,200,230/121/22,57.0,20.0,26.0,7.0,24.0,2.0,0.0,479.0,2346.0,4339.0,33001.0,0.0,0.0,538.0,538.0,538.0,538.0,1,raw_available,0.0,
98900017,CYP,KT4A,98900017,0,CYPKT4A,TOSHIBA,2019-08-29,2019-09-28,2012.0,200,230/121/22,52.0,14.0,20.0,10.0,6.0,0.0,0.0,557.0,2428.0,4662.0,34938.0,0.0,5.0,598.0,593.0,598.0,598.0,1,raw_available,5.0,
98900017,CYP,KT4A,98900017,0,CYPKT4A,TOSHIBA,2020-03-30,2020-05-26,2012.0,200,230/121/22,50.0,22.0,21.0,4.0,0.0,3.0,0.0,480.0,2317.0,5033.0,51749.0,1.0,2.0,511.0,508.0,511.0,511.0,1,raw_available,3.0,
98900017,CYP,KT4A,98900017,0,CYPKT4A,TOSHIBA,2020-07-31,2020-08-25,2012.0,200,230/121/22,51.0,,37.0,5.0,2.0,0.0,0.0,484.0,2757.0,4419.0,50527.0,0.0,3.0,531.0,528.0,531.0,531.0,1,raw_available,3.0,
98900017,CYP,KT4A,98900017,0,CYPKT4A,TOSHIBA,2021-01-18,2021-02-05,2012.0,200,230/121/22,48.0,11.0,29.0,6.0,3.0,0.0,0.0,509.0,3444.0,2801.0,43344.0,10.0,3.0,560.0,547.0,560.0,560.0,1,raw_available,13.0,
98900017,CYP,KT4A,98900017,0,CYPKT4A,TOSHIBA,2022-03-06,2022-03-27,2012.0,200,230/121/22,42.0,15.0,23.0,0.0,7.0,0.0,0.0,635.0,3099.0,3941.0,33315.0,0.0,0.0,665.0,665.0,665.0,665.0,1,raw_available,0.0,
98900017,CYP,KT4A,98900017,0,CYPKT4A,TOSHIBA,2022-07-31,2022-08-14,2012.0,200,230/121/22,52.0,18.0,24.0,6.0,3.0,21.0,0.0,668.0,3245.0,5930.0,43680.0,12.0,5.0,739.0,722.0,739.0,739.0,1,raw_available,17.0,
98900017,CYP,KT4A,98900017,0,CYPKT4A,TOSHIBA,2023-03-03,2023-03-18,2012.0,200,230/121/22,40.0,14.0,16.0,8.0,0.0,4.0,0.0,748.0,3478.0,6376.0,32976.0,0.0,0.0,776.0,776.0,776.0,776.0,1,raw_available,0.0,
98900017,CYP,KT4A,98900017,0,CYPKT4A,TOSHIBA,2023-08-25,2023-10-09,2012.0,200,230/121/22,52.0,15.0,10.0,47.0,6.0,12.0,0.0,759.0,3658.0,15830.0,31750.0,5.0,5.0,844.0,834.0,844.0,844.0,1,raw_available,10.0,
98900017,CYP,KT4A,98900017,0,CYPKT4A,TOSHIBA,2023-12-23,2024-01-08,2012.0,200,230/121/22,72.0,15.0,37.0,9.0,2.0,2.0,0.0,761.0,3859.0,8765.0,41668.0,2.0,3.0,816.0,811.0,816.0,816.0,1,raw_available,5.0,
98900017,CYP,KT4A,98900017,0,CYPKT4A,TOSHIBA,2024-03-04,2024-04-08,2012.0,200,230/121/22,53.0,15.0,14.0,11.0,0.0,5.0,0.0,722.0,3052.0,7169.0,32558.0,0.0,0.0,752.0,752.0,752.0,752.0,1,raw_available,0.0,
9912790101,POT,KT2A,9912790101,0,POTKT2A,MITSUBISHI,2019-03-10,2019-04-08,2013.0,50,115/22,41.0,16.0,12.0,2.0,2.0,1.0,0.8,395.0,902.0,12047.0,45671.0,1.0,2.0,415.8,412.8,415.8,415.8,1,raw_available,3.0,
9912790101,POT,KT2A,9912790101,0,POTKT2A,MITSUBISHI,2020-03-08,2020-03-25,2013.0,50,115/22,47.0,6.0,13.0,2.0,1.0,0.0,0.0,399.0,914.0,10753.0,36994.0,0.0,0.0,415.0,415.0,415.0,415.0,1,raw_available,0.0,
9912790101,POT,KT2A,9912790101,0,POTKT2A,MITSUBISHI,2020-11-05,2020-11-06,2013.0,50,115/22,34.0,4.0,18.0,4.0,1.0,1.0,0.8,520.0,1450.0,10457.0,41090.0,0.0,0.0,544.8,544.8,544.8,544.8,1,raw_available,0.0,เทีบยผล DGA On Line
9912790101,POT,KT2A,9912790101,0,POTKT2A,MITSUBISHI,2021-01-24,2021-04-23,2013.0,50,115/22,33.0,36.0,28.0,3.0,1.0,1.0,0.0,511.0,1430.0,13065.0,50521.0,1.0,1.0,546.0,544.0,546.0,546.0,1,raw_available,2.0,
9912790101,POT,KT2A,9912790101,0,POTKT2A,MITSUBISHI,2021-06-23,2021-06-27,2013.0,50,115/22,,7.0,23.0,4.0,0.9,0.7,0.8,620.0,1763.0,12277.0,46306.0,0.4,0.2,650.0,649.4,650.0,650.0,1,raw_available,0.6000000000000227,
9912790101,POT,KT2A,9912790101,0,POTKT2A,MITSUBISHI,2022-02-14,2022-03-28,2013.0,50,115/22,32.0,12.0,17.0,0.0,5.0,0.0,0.0,452.0,1379.0,16293.0,38326.0,0.0,0.0,474.0,474.0,474.0,474.0,1,raw_available,0.0,
9912790101,POT,KT2A,9912790101,0,POTKT2A,MITSUBISHI,2022-07-29,2022-08-19,2013.0,50,115/22,40.0,13.0,6.0,3.0,2.0,1.0,0.0,592.0,1501.0,2831.0,46206.0,0.0,0.0,604.0,604.0,604.0,604.0,1,raw_available,0.0,
9912790101,POT,KT2A,9912790101,0,POTKT2A,MITSUBISHI,2023-02-13,2023-03-10,2013.0,50,115/22,44.0,11.0,11.0,2.0,5.0,1.0,0.0,560.0,1531.0,19759.0,40532.0,0.0,1.0,580.0,579.0,580.0,580.0,1,raw_available,1.0,
9912790101,POT,KT2A,9912790101,0,POTKT2A,MITSUBISHI,2024-02-12,2024-03-20,2013.0,50,115/22,47.0,8.0,6.0,5.0,2.0,4.0,0.0,488.0,2389.0,13026.0,38315.0,5.0,1.0,511.0,505.0,511.0,511.0,1,raw_available,6.0,
9912790102,SKA,KT1A,9912790102,0,SKAKT1A,MITSUBISHI,2019-03-16,2019-04-26,2014.0,50,115/22,45.0,14.0,20.0,4.0,6.0,0.0,1.3,335.0,1025.0,8092.0,37317.0,0.0,0.0,366.3,366.3,366.3,366.3,1,raw_available,0.0,
9912790102,SKA,KT1A,9912790102,0,SKAKT1A,MITSUBISHI,2020-03-12,2020-03-27,2014.0,50,115/22,48.0,17.0,12.0,4.0,2.0,0.0,3.0,370.0,1128.0,12726.0,43265.0,0.0,0.0,391.0,391.0,391.0,391.0,1,raw_available,0.0,
9912790102,SKA,KT1A,9912790102,0,SKAKT1A,MITSUBISHI,2020-11-04,2020-11-06,2014.0,50,115/22,38.0,4.0,17.0,6.0,2.0,2.0,2.6,523.0,1503.0,9953.0,39393.0,1.0,0.0,553.6,552.6,553.6,553.6,1,raw_available,1.0,เทีบยผล DGA On Line
9912790102,SKA,KT1A,9912790102,0,SKAKT1A,MITSUBISHI,2021-01-29,2021-04-25,2014.0,50,115/22,39.0,27.0,13.0,3.0,3.0,2.0,2.4,314.0,1196.0,26334.0,71629.0,0.0,0.0,337.4,337.4,337.4,337.4,1,raw_available,0.0,
9912790102,SKA,KT1A,9912790102,0,SKAKT1A,MITSUBISHI,2022-02-20,2022-03-26,2014.0,50,115/22,30.0,7.0,17.0,2.0,1.0,0.0,0.0,325.0,1320.0,10392.0,48551.0,1.0,1.0,347.0,345.0,347.0,347.0,1,raw_available,2.0,
9912790102,SKA,KT1A,9912790102,0,SKAKT1A,MITSUBISHI,2022-07-30,2022-08-19,2014.0,50,115/22,36.0,17.0,3.0,3.0,2.0,2.0,0.0,481.0,1148.0,2895.0,47997.0,0.0,0.0,491.0,491.0,491.0,491.0,1,raw_available,0.0,
9912790102,SKA,KT1A,9912790102,0,SKAKT1A,MITSUBISHI,2023-02-19,2023-03-05,2014.0,50,115/22,31.0,8.0,11.0,5.0,2.0,2.0,0.0,493.0,1254.0,17995.0,36726.0,0.0,1.0,514.0,513.0,514.0,514.0,1,raw_available,1.0,
9912790102,SKA,KT1A,9912790102,0,SKAKT1A,MITSUBISHI,2024-02-17,2024-03-18,2014.0,50,115/22,36.0,12.0,7.0,5.0,2.0,2.0,0.0,534.0,1990.0,12311.0,33615.0,1.0,1.0,552.0,550.0,552.0,552.0,1,raw_available,2.0,
9912790103,SKA,KT2A,9912790103,0,SKAKT2A,MITSUBISHI,2019-03-16,2019-04-27,2014.0,50,115/22,38.0,21.0,7.0,1.0,5.0,0.0,0.0,228.0,729.0,9418.0,43751.0,0.0,0.0,241.0,241.0,241.0,241.0,1,raw_available,0.0,
9912790103,SKA,KT2A,9912790103,0,SKAKT2A,MITSUBISHI,2020-03-12,2020-03-24,2014.0,50,115/22,39.0,8.0,9.0,2.0,2.0,0.0,0.0,238.0,764.0,13892.0,40708.0,0.0,2.0,253.0,251.0,253.0,253.0,1,raw_available,2.0,
9912790103,SKA,KT2A,9912790103,0,SKAKT2A,MITSUBISHI,2021-01-29,2021-04-23,2014.0,50,115/22,29.0,20.0,23.0,3.0,1.0,0.0,0.0,255.0,801.0,7333.0,47103.0,0.0,1.0,283.0,282.0,283.0,283.0,1,raw_available,1.0,
9912790103,SKA,KT2A,9912790103,0,SKAKT2A,MITSUBISHI,2022-02-20,2022-03-26,2014.0,50,115/22,40.0,12.0,12.0,1.0,1.0,0.0,0.0,268.0,1151.0,14816.0,53337.0,0.0,1.0,283.0,282.0,283.0,283.0,1,raw_available,1.0,
9912790103,SKA,KT2A,9912790103,0,SKAKT2A,MITSUBISHI,2022-07-30,2022-08-19,2014.0,50,115/22,45.0,11.0,4.0,2.0,2.0,1.0,0.0,509.0,1203.0,2971.0,46512.0,6.0,0.0,524.0,518.0,524.0,524.0,1,raw_available,6.0,
9912790103,SKA,KT2A,9912790103,0,SKAKT2A,MITSUBISHI,2023-02-19,2023-03-05,2014.0,50,115/22,42.0,9.0,15.0,5.0,7.0,0.0,0.0,569.0,1430.0,17267.0,37547.0,0.0,0.0,596.0,596.0,596.0,596.0,1,raw_available,0.0,
9912790103,SKA,KT2A,9912790103,0,SKAKT2A,MITSUBISHI,2024-02-17,2024-03-18,2014.0,50,115/22,48.0,15.0,10.0,4.0,2.0,1.0,0.0,624.0,2438.0,12359.0,33379.0,2.0,1.0,644.0,641.0,644.0,644.0,1,raw_available,3.0,
9912790104,PKC,KT2A,9912790104,0,PKCKT2A,MITSUBISHI,2019-03-17,2019-04-08,2015.0,50,115/22/11,50.0,10.0,14.0,2.0,1.0,1.0,1.6,491.0,1226.0,8597.0,49004.0,0.0,0.0,510.6,510.6,510.6,510.6,1,raw_available,0.0,
9912790104,PKC,KT2A,9912790104,0,PKCKT2A,MITSUBISHI,2020-03-16,2020-03-28,2015.0,50,115/22/11,41.0,8.0,17.0,4.0,3.0,0.0,2.2,502.0,1257.0,6934.0,39834.0,0.0,4.0,532.2,528.2,532.2,532.2,1,raw_available,4.0,
9912790104,PKC,KT2A,9912790104,0,PKCKT2A,MITSUBISHI,2020-11-03,2020-11-06,2015.0,50,115/22/11,56.0,6.0,14.0,6.0,2.0,2.0,2.0,615.0,1804.0,11917.0,45423.0,0.0,1.0,642.0,641.0,642.0,642.0,1,raw_available,1.0,เทีบยผล DGA On Line
9912790104,PKC,KT2A,9912790104,0,PKCKT2A,MITSUBISHI,2021-02-01,2021-04-25,2015.0,50,115/22/11,39.0,22.0,24.0,0.0,1.0,4.0,2.1,471.0,1410.0,19787.0,49326.0,0.0,0.0,502.1,502.1,502.1,502.1,1,raw_available,0.0,
9912790104,PKC,KT2A,9912790104,0,PKCKT2A,MITSUBISHI,2022-02-27,2022-03-27,2015.0,50,115/22/11,56.0,16.0,19.0,3.0,1.0,0.0,0.0,396.0,1808.0,11650.0,52550.0,1.0,1.0,421.0,419.0,421.0,421.0,1,raw_available,2.0,
9912790104,PKC,KT2A,9912790104,0,PKCKT2A,MITSUBISHI,2022-07-31,2022-08-19,2015.0,50,115/22/11,41.0,15.0,5.0,4.0,2.0,1.0,0.0,679.0,1700.0,2934.0,50212.0,0.0,0.0,691.0,691.0,691.0,691.0,1,raw_available,0.0,
9912790104,PKC,KT2A,9912790104,0,PKCKT2A,MITSUBISHI,2023-02-26,2023-03-12,2015.0,50,115/22/11,48.0,13.0,14.0,4.0,2.0,1.0,0.0,897.0,2033.0,6789.0,45571.0,2.0,1.0,921.0,918.0,921.0,921.0,1,raw_available,3.0,
9912790104,PKC,KT2A,9912790104,0,PKCKT2A,MITSUBISHI,2024-02-24,2024-04-07,2015.0,50,115/22/11,46.0,9.0,12.0,6.0,2.0,0.0,0.0,771.0,1868.0,8808.0,33590.0,0.0,0.0,791.0,791.0,791.0,791.0,1,raw_available,0.0,
A01644T1,TN-P,KT1A,A01644T1,0,TN-PKT1A,HOKURIKU,2020-10-31,2020-12-13,1995.0,1,13.8/22,40.0,21.0,8.0,0.0,10.0,0.0,0.0,33.0,1440.0,38395.0,63977.0,0.0,0.0,51.0,51.0,51.0,51.0,1,raw_available,0.0,
A01644T1,TN-P,KT1A,A01644T1,0,TN-PKT1A,HOKURIKU,2021-05-03,2021-06-11,1995.0,1,13.8/22,,21.0,73.0,1.0,1.0,0.0,0.0,34.0,1029.0,15205.0,62187.0,1.0,1.0,111.0,109.0,111.0,111.0,1,raw_available,2.0,
A1E69002T1,HH,KT3A,A1E69002T1,0,HHKT3A,FUJI,2019-01-19,2019-03-09,2007.0,200,230/115/22,44.0,17.0,14.0,8.0,0.0,0.0,0.0,368.0,994.0,8225.0,41495.0,0.0,0.0,390.0,390.0,390.0,390.0,1,raw_available,0.0,
A1E69002T1,HH,KT3A,A1E69002T1,0,HHKT3A,FUJI,2020-01-17,2020-02-07,2007.0,200,230/115/22,47.0,10.0,41.0,4.0,3.0,0.0,0.0,676.0,1735.0,8500.0,45000.0,0.0,0.0,724.0,724.0,724.0,724.0,1,raw_available,0.0,
A1E69002T1,HH,KT3A,A1E69002T1,0,HHKT3A,FUJI,2020-07-26,2020-08-02,2007.0,200,230/115/22,46.0,15.0,9.0,4.0,2.0,0.0,0.0,388.0,1478.0,18399.0,59719.0,0.0,4.0,407.0,403.0,407.0,407.0,1,raw_available,4.0,
A1E69002T1,HH,KT3A,A1E69002T1,0,HHKT3A,FUJI,2021-01-17,2021-01-31,2007.0,200,230/115/22,48.0,13.0,34.0,6.0,4.0,0.0,0.0,510.0,2177.0,7020.0,95060.0,40.0,6.0,600.0,554.0,600.0,600.0,1,raw_available,46.0,
A1E69002T1,HH,KT3A,A1E69002T1,0,HHKT3A,FUJI,2022-02-28,2022-03-10,2007.0,200,230/115/22,50.0,8.0,25.0,13.0,2.0,1.0,0.0,680.0,2437.0,6125.0,43163.0,0.0,0.0,721.0,721.0,721.0,721.0,1,raw_available,0.0,
A1E69002T1,HH,KT3A,A1E69002T1,0,HHKT3A,FUJI,2022-07-28,2022-08-07,2007.0,200,230/115/22,47.0,11.0,15.0,3.0,2.0,8.0,0.0,691.0,2539.0,7330.0,46420.0,33.0,4.0,756.0,719.0,756.0,756.0,1,raw_available,37.0,
A1E69002T1,HH,KT3A,A1E69002T1,0,HHKT3A,FUJI,2023-01-21,2023-02-02,2007.0,200,230/115/22,42.0,5.0,9.0,5.0,2.0,0.0,0.0,683.0,2623.0,7810.0,45240.0,18.0,3.0,720.0,699.0,720.0,720.0,1,raw_available,21.0,
A1E69002T1,HH,KT3A,A1E69002T1,0,HHKT3A,FUJI,2023-07-29,2023-08-05,2007.0,200,230/115/22,49.0,6.0,10.0,5.0,2.0,0.0,0.0,688.0,2665.0,10170.0,33870.0,27.0,7.0,739.0,705.0,739.0,739.0,1,raw_available,34.0,
A1E69002T1,HH,KT3A,A1E69002T1,0,HHKT3A,FUJI,2024-02-10,2024-02-24,2007.0,200,230/115/22,50.0,7.0,17.0,7.0,2.0,0.0,0.0,831.0,2146.0,7727.0,48361.0,1.0,6.0,864.0,857.0,864.0,864.0,1,raw_available,7.0,
A1E69002T2,UB2,KT3A,A1E69002T2,0,UB2KT3A,FUJI,2019-08-31,2019-09-28,2011.0,200,230/115/22,42.0,21.0,9.0,4.0,2.0,0.0,0.0,384.0,1161.0,18312.0,52054.0,0.0,0.0,399.0,399.0,399.0,399.0,1,raw_available,0.0,
A1E69002T2,UB2,KT3A,A1E69002T2,0,UB2KT3A,FUJI,2020-06-06,2020-06-21,2011.0,200,230/115/22,52.0,9.0,10.0,6.0,2.0,1.0,0.0,552.0,1708.0,10554.0,52452.0,1.0,0.0,572.0,571.0,572.0,572.0,1,raw_available,1.0,ทดสอบแทนหลอดแตก Job. ก่อน
A1E69002T2,UB2,KT3A,A1E69002T2,0,UB2KT3A,FUJI,2020-07-30,2020-09-12,2011.0,200,230/115/22,49.0,15.0,15.0,7.0,3.0,1.0,0.0,583.0,1565.0,9817.0,46170.0,0.0,9.0,618.0,609.0,618.0,618.0,1,raw_available,9.0,
A1E69002T2,UB2,KT3A,A1E69002T2,0,UB2KT3A,FUJI,2021-03-01,2021-05-20,2011.0,200,230/115/22,53.0,18.0,21.0,8.0,3.0,1.0,0.0,470.0,928.0,11880.0,58726.0,1.0,4.0,508.0,503.0,508.0,508.0,1,raw_available,5.0,
A1E69002T2,UB2,KT3A,A1E69002T2,0,UB2KT3A,FUJI,2021-09-05,2021-11-06,2011.0,200,230/115/22,40.0,12.0,15.0,0.0,0.0,0.0,0.0,638.0,2006.0,6538.0,37503.0,0.0,0.0,653.0,653.0,653.0,653.0,1,raw_available,0.0,
A1E69002T2,UB2,KT3A,A1E69002T2,0,UB2KT3A,FUJI,2022-02-07,2022-02-19,2011.0,200,230/115/22,45.0,14.0,15.0,4.0,2.0,0.0,0.0,487.0,2036.0,6693.0,49395.0,0.0,5.0,513.0,508.0,513.0,513.0,1,raw_available,5.0,
A1E69002T2,UB2,KT3A,A1E69002T2,0,UB2KT3A,FUJI,2022-07-30,2022-08-19,2011.0,200,230/115/22,48.0,19.0,13.0,7.0,3.0,0.0,0.0,508.0,1975.0,2168.0,45899.0,2.0,7.0,540.0,531.0,540.0,540.0,1,raw_available,9.0,
A1E69002T2,UB2,KT3A,A1E69002T2,0,UB2KT3A,FUJI,2023-02-04,2023-02-12,2011.0,200,230/115/22,48.0,4.0,8.0,5.0,3.0,0.0,0.0,617.0,1981.0,7890.0,45300.0,41.0,7.0,681.0,633.0,681.0,681.0,1,raw_available,48.0,
A1E69002T2,UB2,KT3A,A1E69002T2,0,UB2KT3A,FUJI,2023-07-30,2023-08-06,2011.0,200,230/115/22,44.0,17.0,11.0,5.0,2.0,0.0,0.0,586.0,2047.0,13782.0,34519.0,21.0,7.0,632.0,604.0,632.0,632.0,1,raw_available,28.0,
A1E69002T2,UB2,KT3A,A1E69002T2,0,UB2KT3A,FUJI,2024-02-04,2024-03-08,2011.0,200,230/115/22,54.0,13.0,4.0,9.0,3.0,1.0,0.0,679.0,2542.0,19129.0,36503.0,0.0,8.0,704.0,696.0,704.0,704.0,1,raw_available,8.0,
A1E69002T3-1,BWN,KT3A,A1E69002T3-1,0,BWNKT3A,FUJI,2019-03-30,2019-04-07,2011.0,200,230/115,49.0,15.0,17.0,5.0,8.0,0.0,0.0,527.0,1857.0,9152.0,43102.0,0.0,0.0,557.0,557.0,557.0,557.0,1,raw_available,0.0,
A1E69002T3-1,BWN,KT3A,A1E69002T3-1,0,BWNKT3A,FUJI,2021-05-23,2021-07-20,2011.0,200,230/115,62.0,15.0,21.0,0.0,5.0,0.0,0.0,670.0,3462.0,9063.0,43450.0,0.0,0.0,696.0,696.0,696.0,696.0,1,raw_available,0.0,
A1E69002T3-1,BWN,KT3A,A1E69002T3-1,0,BWNKT3A,FUJI,2022-05-12,2022-05-20,2011.0,200,230/115,60.0,10.0,39.0,7.0,4.0,18.0,0.0,459.0,3479.0,5584.0,49651.0,27.0,12.0,566.0,527.0,566.0,566.0,1,raw_available,39.0,
A1E69002T3-1,BWN,KT3A,A1E69002T3-1,0,BWNKT3A,FUJI,2022-12-16,2023-01-06,2011.0,200,230/115,50.0,14.0,18.0,6.0,4.0,0.0,0.0,801.0,5897.0,7048.0,42360.0,0.0,12.0,841.0,829.0,841.0,841.0,1,raw_available,12.0,
A1E69002T3-1,BWN,KT3A,A1E69002T3-1,0,BWNKT3A,FUJI,2023-06-24,2023-06-29,2011.0,200,230/115,60.0,6.0,24.0,24.0,5.0,0.0,0.0,896.0,6023.0,7479.0,48229.0,0.0,8.0,957.0,949.0,957.0,957.0,1,raw_available,8.0,
A1E69002T3-1,BWN,KT3A,A1E69002T3-1,0,BWNKT3A,FUJI,2024-03-10,2024-04-11,2011.0,200,230/115,54.0,10.0,7.0,22.0,7.0,3.0,0.0,592.0,4690.0,7312.0,42486.0,56.0,28.0,715.0,631.0,715.0,715.0,1,raw_available,84.0,
A1E69002T3-2,TL3,KT4A,A1E69002T3-2,0,TL3KT4A,FUJI,2019-10-11,2019-11-14,2011.0,200,230/121/22,60.0,13.0,22.0,14.0,11.0,0.0,0.0,471.0,2604.0,10385.0,43186.0,0.0,5.0,523.0,518.0,523.0,523.0,1,raw_available,5.0,
A1E69002T3-2,TL3,KT4A,A1E69002T3-2,0,TL3KT4A,FUJI,2021-01-16,2021-03-21,2011.0,200,230/121/22,51.0,17.0,32.0,15.0,5.0,0.0,0.0,500.0,2600.0,5410.0,73940.0,0.0,0.0,552.0,552.0,552.0,552.0,1,raw_available,0.0,
A1E69002T3-2,TL3,KT4A,A1E69002T3-2,0,TL3KT4A,FUJI,2022-01-22,2022-01-29,2011.0,200,230/121/22,68.0,19.0,15.0,12.0,44.0,7.0,0.0,724.0,2969.0,6027.0,30811.0,0.0,0.0,802.0,802.0,802.0,802.0,1,raw_available,0.0,
A1E69002T3-2,TL3,KT4A,A1E69002T3-2,0,TL3KT4A,FUJI,2023-01-22,2023-01-30,2011.0,200,230/121/22,51.0,5.0,52.0,21.0,14.0,3.0,0.0,683.0,4430.0,5786.0,49631.0,0.0,38.0,811.0,773.0,811.0,811.0,1,raw_available,38.0,
A1E69002T3-2,TL3,KT4A,A1E69002T3-2,0,TL3KT4A,FUJI,2024-02-15,2024-03-22,2011.0,200,230/121/22,58.0,9.0,31.0,19.0,21.0,5.0,0.0,690.0,4581.0,5566.0,39289.0,0.0,0.0,766.0,766.0,766.0,766.0,1,raw_available,0.0,
A1E69002T4-1,CR,KT4A,A1E69002T4-1,0,CRKT4A,FUJI,2020-04-04,2020-04-12,2012.0,200,230/115/22,,13.0,48.0,7.0,3.0,0.0,0.0,374.0,1285.0,8457.0,64115.0,0.0,0.0,432.0,432.0,432.0,432.0,1,raw_available,0.0,
A1E69002T4-1,CR,KT4A,A1E69002T4-1,0,CRKT4A,FUJI,2021-06-21,2021-08-29,2012.0,200,230/115/22,,14.0,14.0,0.0,27.0,0.0,0.0,295.0,1264.0,18828.0,56817.0,0.0,0.0,336.0,336.0,336.0,336.0,1,raw_available,0.0,
A1E69002T4-1,CR,KT4A,A1E69002T4-1,0,CRKT4A,FUJI,2021-12-14,2021-12-18,2012.0,200,230/115/22,,8.0,20.0,6.0,3.0,0.0,0.0,630.0,2521.0,3497.0,32268.0,0.0,6.0,665.0,659.0,665.0,665.0,1,raw_available,6.0,
A1E69002T4-1,CR,KT4A,A1E69002T4-1,0,CRKT4A,FUJI,2022-06-18,2022-06-20,2012.0,200,230/115/22,,6.0,31.0,4.0,3.0,10.0,0.0,352.0,1061.0,4786.0,47752.0,32.0,6.0,438.0,400.0,438.0,438.0,1,raw_available,38.0,
A1E69002T4-1,CR,KT4A,A1E69002T4-1,0,CRKT4A,FUJI,2023-07-23,2023-07-24,2012.0,200,230/115/22,0.0,7.0,63.0,6.0,4.0,2.0,0.0,849.0,2446.0,5789.0,37341.0,0.0,11.0,935.0,924.0,935.0,935.0,1,raw_available,11.0,
A1E69002T4-1,CR,KT4A,A1E69002T4-1,0,CRKT4A,FUJI,2023-09-25,2023-10-01,2012.0,200,230/115/22,30.0,6.0,31.0,10.0,5.0,2.0,0.0,1038.0,2643.0,12416.0,51184.0,6.0,7.0,1099.0,1086.0,1099.0,1099.0,1,raw_available,13.0,
A1E69002T4-1,CR,KT4A,A1E69002T4-1,0,CRKT4A,FUJI,2024-04-28,2024-05-27,2012.0,200,230/115/22,50.0,11.0,21.0,11.0,0.0,4.0,0.0,910.0,2337.0,12082.0,33267.0,0.0,0.0,946.0,946.0,946.0,946.0,1,raw_available,0.0,
A1E69002T4-2,CR,KT5A,A1E69002T4-2,0,CRKT5A,FUJI,2020-04-04,2020-04-12,2012.0,200,230/115/22,,10.0,58.0,7.0,4.0,0.0,0.0,435.0,1309.0,3698.0,44845.0,0.0,0.0,504.0,504.0,504.0,504.0,1,raw_available,0.0,
A1E69002T4-2,CR,KT5A,A1E69002T4-2,0,CRKT5A,FUJI,2021-06-21,2021-08-29,2012.0,200,230/115/22,,15.0,11.0,0.0,8.0,0.0,0.0,286.0,1283.0,13345.0,60395.0,0.0,0.0,305.0,305.0,305.0,305.0,1,raw_available,0.0,
A1E69002T4-2,CR,KT5A,A1E69002T4-2,0,CRKT5A,FUJI,2021-12-14,2021-12-18,2012.0,200,230/115/22,,8.0,20.0,6.0,5.0,0.0,0.0,607.0,2472.0,3028.0,32249.0,0.0,7.0,645.0,638.0,645.0,645.0,1,raw_available,7.0,
A1E69002T4-2,CR,KT5A,A1E69002T4-2,0,CRKT5A,FUJI,2022-06-18,2022-06-20,2012.0,200,230/115/22,,6.0,29.0,4.0,3.0,11.0,0.0,320.0,1013.0,5276.0,47991.0,53.0,5.0,425.0,367.0,425.0,425.0,1,raw_available,58.0,
A1E69002T4-2,CR,KT5A,A1E69002T4-2,0,CRKT5A,FUJI,2023-07-23,2023-07-24,2012.0,200,230/115/22,0.0,6.0,30.0,6.0,4.0,2.0,0.0,834.0,2509.0,5208.0,38853.0,0.0,10.0,886.0,876.0,886.0,886.0,1,raw_available,10.0,
A1E69002T4-2,CR,KT5A,A1E69002T4-2,0,CRKT5A,FUJI,2023-09-25,2023-09-29,2012.0,200,230/115/22,30.0,6.0,28.0,16.0,4.0,2.0,0.0,1025.0,2717.0,9314.0,44891.0,7.0,23.0,1105.0,1075.0,1105.0,1105.0,1,raw_available,30.0,
A1E69002T4-2,CR,KT5A,A1E69002T4-2,0,CRKT5A,FUJI,2024-04-28,2024-05-27,2012.0,200,230/115/22,51.0,6.0,23.0,8.0,0.0,6.0,0.0,816.0,2334.0,6332.0,40571.0,0.0,0.0,853.0,853.0,853.0,853.0,1,raw_available,0.0,
A1Z69040T1-1,MM3,KT4A,A1Z69040T1-1,0,MM3KT4A,FUJI,2019-05-09,2019-09-13,2007.0,200,230/121/22,60.0,23.0,23.0,22.0,111.0,2.0,0.0,70.0,1474.0,9236.0,39894.0,0.0,61.0,289.0,228.0,289.0,289.0,1,raw_available,61.0,
A1Z69040T1-1,MM3,KT4A,A1Z69040T1-1,0,MM3KT4A,FUJI,2019-11-11,2019-12-16,2007.0,200,230/121/22,52.0,12.0,17.0,13.0,83.0,0.0,0.0,72.0,1607.0,12579.0,37781.0,0.0,80.0,265.0,185.0,265.0,265.0,1,raw_available,80.0,
A1Z69040T1-1,MM3,KT4A,A1Z69040T1-1,0,MM3KT4A,FUJI,2020-06-22,2020-08-02,2007.0,200,230/121/22,60.0,11.0,36.0,23.0,118.0,6.0,0.0,70.0,1634.0,8715.0,70416.0,115.0,0.0,368.0,253.0,368.0,368.0,1,raw_available,115.0,
A1Z69040T1-1,MM3,KT4A,A1Z69040T1-1,0,MM3KT4A,FUJI,2020-11-09,2020-12-07,2007.0,200,230/121/22,60.0,4.0,58.0,30.0,126.0,41.0,0.0,19.0,92.0,4800.0,244210.0,584.0,88.0,946.0,274.0,946.0,946.0,1,raw_available,672.0,
A1Z69040T1-1,MM3,KT4A,A1Z69040T1-1,0,MM3KT4A,FUJI,2021-03-07,2021-04-18,2007.0,200,230/121/22,54.0,9.0,38.0,16.0,78.0,1.0,0.0,16.0,533.0,6706.0,65421.0,0.0,72.0,221.0,149.0,221.0,221.0,1,raw_available,72.0,
A1Z69040T1-1,MM3,KT4A,A1Z69040T1-1,0,MM3KT4A,FUJI,2021-09-13,2021-11-05,2007.0,200,230/121/22,56.0,16.0,37.0,27.0,143.0,6.0,0.0,84.0,1731.0,5342.0,67958.0,0.0,21.0,318.0,297.0,318.0,318.0,1,raw_available,21.0,
A1Z69040T1-1,MM3,KT4A,A1Z69040T1-1,0,MM3KT4A,FUJI,2022-03-12,2022-03-19,2007.0,200,230/121/22,60.0,12.0,47.0,0.0,146.0,5.0,0.0,92.0,1836.0,1755.0,64460.0,0.0,45.0,335.0,290.0,335.0,335.0,1,raw_available,45.0,
A1Z69040T1-1,MM3,KT4A,A1Z69040T1-1,0,MM3KT4A,FUJI,2022-09-11,2022-09-22,2007.0,200,230/121/22,58.0,9.0,18.0,36.0,167.0,6.0,0.0,71.0,1426.0,2212.0,63031.0,4.0,136.0,438.0,298.0,438.0,438.0,1,raw_available,140.0,
A1Z69040T1-1,MM3,KT4A,A1Z69040T1-1,0,MM3KT4A,FUJI,2023-03-13,2023-03-16,2007.0,200,230/121/22,55.0,7.0,70.0,45.0,186.0,6.0,0.0,110.0,2254.0,6073.0,87423.0,0.0,149.0,566.0,417.0,566.0,566.0,1,raw_available,149.0,
A1Z69040T1-1,MM3,KT4A,A1Z69040T1-1,0,MM3KT4A,FUJI,2023-09-10,2023-10-07,2007.0,200,230/121/22,60.0,8.0,56.0,49.0,176.0,6.0,0.0,85.0,1513.0,5368.0,83957.0,9.0,110.0,491.0,372.0,491.0,491.0,1,raw_available,119.0,
A1Z69040T1-1,MM3,KT4A,A1Z69040T1-1,0,MM3KT4A,FUJI,2024-04-21,2024-04-28,2007.0,200,230/121/22,66.0,13.0,27.0,33.0,200.0,5.0,0.0,83.0,2247.0,10524.0,60242.0,0.0,58.0,406.0,348.0,406.0,406.0,1,raw_available,58.0,
A1Z69040T1-2,CYP,KT2A,A1Z69040T1-2,0,CYPKT2A,FUJI,2019-03-30,2019-04-18,2007.0,200,230/115/22,60.0,19.0,36.0,17.0,81.0,14.0,0.0,85.0,794.0,5652.0,29687.0,0.0,19.0,252.0,233.0,252.0,252.0,1,raw_available,19.0,
A1Z69040T1-2,CYP,KT2A,A1Z69040T1-2,0,CYPKT2A,FUJI,2019-08-29,2019-09-28,2007.0,200,230/115/22,53.0,16.0,22.0,15.0,53.0,2.0,0.0,74.0,668.0,8054.0,38914.0,0.0,34.0,200.0,166.0,200.0,200.0,1,raw_available,34.0,
A1Z69040T1-2,CYP,KT2A,A1Z69040T1-2,0,CYPKT2A,FUJI,2020-03-30,2020-05-26,2007.0,200,230/115/22,50.0,21.0,0.0,0.0,0.0,0.0,0.0,1.0,221.0,10653.0,46788.0,0.0,0.0,1.0,1.0,1.0,1.0,1,raw_available,0.0,
A1Z69040T1-2,CYP,KT2A,A1Z69040T1-2,0,CYPKT2A,FUJI,2020-07-31,2020-08-25,2007.0,200,230/115/22,52.0,,26.0,2.0,2.0,0.0,0.0,67.0,312.0,5042.0,36617.0,0.0,1.0,98.0,97.0,98.0,98.0,1,raw_available,1.0,
A1Z69040T1-2,CYP,KT2A,A1Z69040T1-2,0,CYPKT2A,FUJI,2021-01-18,2021-02-08,2007.0,200,230/115/22,51.0,6.0,31.0,7.0,5.0,0.0,0.0,46.0,297.0,6876.0,39988.0,0.0,3.0,92.0,89.0,92.0,92.0,1,raw_available,3.0,
A1Z69040T1-2,CYP,KT2A,A1Z69040T1-2,0,CYPKT2A,FUJI,2021-09-09,2021-11-11,2007.0,200,230/115/22,51.0,12.0,39.0,2.0,11.0,1.0,0.0,22.0,724.0,6466.0,37804.0,0.0,8.0,83.0,75.0,83.0,83.0,1,raw_available,8.0,
A1Z69040T1-2,CYP,KT2A,A1Z69040T1-2,0,CYPKT2A,FUJI,2022-03-06,2022-03-27,2007.0,200,230/115/22,42.0,7.0,19.0,0.0,15.0,0.0,0.0,82.0,588.0,8681.0,28625.0,0.0,0.0,116.0,116.0,116.0,116.0,1,raw_available,0.0,
A1Z69040T1-2,CYP,KT2A,A1Z69040T1-2,0,CYPKT2A,FUJI,2022-07-31,2022-08-14,2007.0,200,230/115/22,54.0,20.0,24.0,9.0,13.0,0.0,0.0,91.0,617.0,5670.0,34110.0,26.0,8.0,171.0,137.0,171.0,171.0,1,raw_available,34.0,
A1Z69040T1-2,CYP,KT2A,A1Z69040T1-2,0,CYPKT2A,FUJI,2023-03-03,2023-03-18,2007.0,200,230/115/22,50.0,12.0,23.0,15.0,20.0,0.0,0.0,122.0,793.0,5767.0,34832.0,0.0,0.0,180.0,180.0,180.0,180.0,1,raw_available,0.0,
A1Z69040T1-2,CYP,KT2A,A1Z69040T1-2,0,CYPKT2A,FUJI,2023-08-25,2023-10-10,2007.0,200,230/115/22,52.0,18.0,12.0,23.0,17.0,2.0,0.0,135.0,877.0,14650.0,36540.0,1.0,10.0,200.0,189.0,200.0,200.0,1,raw_available,11.0,
A1Z69040T1-2,CYP,KT2A,A1Z69040T1-2,0,CYPKT2A,FUJI,2024-03-04,2024-04-08,2007.0,200,230/115/22,53.0,13.0,20.0,15.0,0.0,0.0,0.0,162.0,803.0,8320.0,40055.0,0.0,0.0,197.0,197.0,197.0,197.0,1,raw_available,0.0,
A1Z69040T2,BP2,KT5A,A1Z69040T2,0,BP2KT5A,FUJI,2019-11-09,2019-11-30,2008.0,200,230/115,67.0,9.0,27.0,49.0,171.0,5.0,0.0,164.0,3002.0,10320.0,55439.0,0.0,73.0,489.0,416.0,489.0,489.0,1,raw_available,73.0,
A1Z69040T2,BP2,KT5A,A1Z69040T2,0,BP2KT5A,FUJI,2020-05-17,2020-06-05,2008.0,200,230/115,66.0,12.0,25.0,62.0,215.0,4.0,0.0,151.0,2878.0,5495.0,56129.0,0.0,159.0,616.0,457.0,616.0,616.0,1,raw_available,159.0,
A1Z69040T2,BP2,KT5A,A1Z69040T2,0,BP2KT5A,FUJI,2021-05-22,2021-08-03,2008.0,200,230/115,75.0,22.0,25.0,67.0,283.0,4.0,0.0,152.0,2573.0,7202.0,60689.0,0.0,84.0,615.0,531.0,615.0,615.0,1,raw_available,84.0,
A1Z69040T2,BP2,KT5A,A1Z69040T2,0,BP2KT5A,FUJI,2022-05-28,2022-06-05,2008.0,200,230/115,55.0,11.0,36.0,63.0,263.0,3.0,0.0,95.0,2491.0,4770.0,96900.0,480.0,183.0,1123.0,460.0,1123.0,1123.0,1,raw_available,663.0,
A1Z69040T2,BP2,KT5A,A1Z69040T2,0,BP2KT5A,FUJI,2022-11-18,2022-12-04,2008.0,200,230/115,53.0,8.0,24.0,110.0,406.0,6.0,0.0,160.0,2558.0,4150.0,72379.0,11.0,306.0,1023.0,706.0,1023.0,1023.0,1,raw_available,317.0,
A1Z69040T2,BP2,KT5A,A1Z69040T2,0,BP2KT5A,FUJI,2023-05-12,2023-06-09,2008.0,200,230/115,52.0,9.0,28.0,81.0,357.0,6.0,0.0,148.0,2599.0,3790.0,71350.0,2.0,168.0,790.0,620.0,790.0,790.0,1,raw_available,170.0,
A1Z69040T2,BP2,KT5A,A1Z69040T2,0,BP2KT5A,FUJI,2023-11-12,2023-12-29,2008.0,200,230/115,56.0,10.0,24.0,105.0,470.0,8.0,0.0,160.0,2849.0,7620.0,92628.0,0.0,226.0,993.0,767.0,993.0,993.0,1,raw_available,226.0,
A1Z69040T2,BP2,KT5A,A1Z69040T2,0,BP2KT5A,FUJI,2024-05-24,2024-06-02,2008.0,200,230/115,52.0,6.0,29.0,128.0,523.0,13.0,0.0,158.0,2526.0,8710.0,98932.0,13.0,249.0,1113.0,851.0,1113.0,1113.0,1,raw_available,262.0,
A1Z69040T3,MM3,KT7A,A1Z69040T3,0,MM3KT7A,FUJI,2019-05-10,2019-09-14,2007.0,200,230/121/22,60.0,19.0,41.0,59.0,138.0,8.0,0.0,92.0,1453.0,4280.0,39797.0,0.0,82.0,420.0,338.0,420.0,420.0,1,raw_available,82.0,
A1Z69040T3,MM3,KT7A,A1Z69040T3,0,MM3KT7A,FUJI,2019-11-11,2019-12-20,2007.0,200,230/121/22,56.0,16.0,23.0,57.0,150.0,1.0,0.0,83.0,1338.0,8354.0,54647.0,0.0,103.0,417.0,314.0,417.0,417.0,1,raw_available,103.0,
A1Z69040T3,MM3,KT7A,A1Z69040T3,0,MM3KT7A,FUJI,2020-06-22,2020-08-02,2007.0,200,230/121/22,55.0,12.0,45.0,57.0,193.0,8.0,0.0,101.0,1964.0,4071.0,59148.0,228.0,0.0,632.0,404.0,632.0,632.0,1,raw_available,228.0,
A1Z69040T3,MM3,KT7A,A1Z69040T3,0,MM3KT7A,FUJI,2020-11-09,2020-12-07,2007.0,200,230/121/22,60.0,3.0,62.0,58.0,173.0,15.0,0.0,22.0,88.0,3280.0,17644.0,236.0,128.0,694.0,330.0,694.0,694.0,1,raw_available,364.0,
A1Z69040T3,MM3,KT7A,A1Z69040T3,0,MM3KT7A,FUJI,2021-03-07,2021-04-17,2007.0,200,230/121/22,52.0,20.0,49.0,60.0,174.0,3.0,0.0,60.0,1124.0,4018.0,69416.0,203.0,161.0,710.0,346.0,710.0,710.0,1,raw_available,364.0,
A1Z69040T3,MM3,KT7A,A1Z69040T3,0,MM3KT7A,FUJI,2021-09-13,2021-11-05,2007.0,200,230/121/22,55.0,18.0,60.0,62.0,247.0,7.0,0.0,129.0,1734.0,4918.0,79538.0,0.0,158.0,663.0,505.0,663.0,663.0,1,raw_available,158.0,
A1Z69040T3,MM3,KT7A,A1Z69040T3,0,MM3KT7A,FUJI,2022-03-12,2022-03-19,2007.0,200,230/121/22,56.0,13.0,52.0,64.0,181.0,0.0,0.0,73.0,1253.0,5120.0,76240.0,265.0,148.0,783.0,370.0,783.0,783.0,1,raw_available,413.0,
A1Z69040T3,MM3,KT7A,A1Z69040T3,0,MM3KT7A,FUJI,2022-09-11,2022-09-22,2007.0,200,230/121/22,55.0,14.0,15.0,69.0,265.0,8.0,0.0,95.0,1648.0,1945.0,72237.0,0.0,197.0,649.0,452.0,649.0,649.0,1,raw_available,197.0,
A1Z69040T3,MM3,KT7A,A1Z69040T3,0,MM3KT7A,FUJI,2023-03-13,2023-03-16,2007.0,200,230/121/22,51.0,5.0,88.0,93.0,280.0,9.0,0.0,114.0,2072.0,2144.0,69952.0,0.0,200.0,784.0,584.0,784.0,784.0,1,raw_available,200.0,
A1Z69040T3,MM3,KT7A,A1Z69040T3,0,MM3KT7A,FUJI,2023-03-23,2023-03-31,2007.0,200,230/121/22,54.0,7.0,51.0,74.0,216.0,4.0,0.0,111.0,3429.0,2894.0,68762.0,1.0,163.0,620.0,456.0,620.0,620.0,1,raw_available,164.0,
A1Z69040T3,MM3,KT7A,A1Z69040T3,0,MM3KT7A,FUJI,2024-04-21,2024-04-28,2007.0,200,230/121/22,66.0,9.0,41.0,123.0,366.0,10.0,0.0,125.0,3364.0,9420.0,49810.0,435.0,279.0,1379.0,665.0,1379.0,1379.0,1,raw_available,714.0,
A1Z69040T4-1,SU2,KT1A,A1Z69040T4-1,0,SU2KT1A,FUJI,2019-03-26,2019-04-18,2007.0,200,230/115,55.0,17.0,32.0,32.0,98.0,0.0,0.0,94.0,1730.0,5789.0,34757.0,0.0,42.0,298.0,256.0,298.0,298.0,1,raw_available,42.0,
A1Z69040T4-1,SU2,KT1A,A1Z69040T4-1,0,SU2KT1A,FUJI,2019-08-30,2019-09-28,2007.0,200,230/115,55.0,10.0,29.0,34.0,120.0,0.0,0.0,84.0,1596.0,5457.0,34328.0,0.0,82.0,349.0,267.0,349.0,349.0,1,raw_available,82.0,
A1Z69040T4-1,SU2,KT1A,A1Z69040T4-1,0,SU2KT1A,FUJI,2020-04-06,2020-05-18,2007.0,200,230/115,34.0,15.0,40.0,41.0,138.0,0.0,0.0,92.0,1329.0,5442.0,46731.0,0.0,92.0,403.0,311.0,403.0,403.0,1,raw_available,92.0,
A1Z69040T4-1,SU2,KT1A,A1Z69040T4-1,0,SU2KT1A,FUJI,2021-01-30,2021-04-25,2007.0,200,230/115,45.0,16.0,18.0,0.0,47.0,0.0,0.0,54.0,695.0,9097.0,24585.0,0.0,0.0,119.0,119.0,119.0,119.0,1,raw_available,0.0,
A1Z69040T4-1,SU2,KT1A,A1Z69040T4-1,0,SU2KT1A,FUJI,2021-09-06,2021-11-06,2007.0,200,230/115,41.0,18.0,14.0,0.0,26.0,0.0,0.0,60.0,943.0,14763.0,26939.0,0.0,0.0,100.0,100.0,100.0,100.0,1,raw_available,0.0,
A1Z69040T4-1,SU2,KT1A,A1Z69040T4-1,0,SU2KT1A,FUJI,2022-02-22,2022-03-26,2007.0,200,230/115,47.0,6.0,11.0,9.0,24.0,0.0,0.0,62.0,1009.0,6917.0,27086.0,33.0,17.0,156.0,106.0,156.0,156.0,1,raw_available,50.0,
A1Z69040T4-1,SU2,KT1A,A1Z69040T4-1,0,SU2KT1A,FUJI,2022-07-31,2022-08-19,2007.0,200,230/115,52.0,16.0,3.0,16.0,36.0,1.0,0.0,92.0,1076.0,1971.0,19297.0,0.0,26.0,174.0,148.0,174.0,174.0,1,raw_available,26.0,
A1Z69040T4-1,SU2,KT1A,A1Z69040T4-1,0,SU2KT1A,FUJI,2023-02-20,2023-03-10,2007.0,200,230/115,52.0,10.0,13.0,16.0,36.0,0.0,0.0,96.0,1173.0,6134.0,15945.0,0.0,21.0,182.0,161.0,182.0,182.0,1,raw_available,21.0,
A1Z69040T4-1,SU2,KT1A,A1Z69040T4-1,0,SU2KT1A,FUJI,2023-08-14,2023-09-08,2007.0,200,230/115,53.0,13.0,9.0,15.0,37.0,0.0,0.0,120.0,1840.0,4430.0,13860.0,22.0,23.0,226.0,181.0,226.0,226.0,1,raw_available,45.0,
A1Z69040T4-1,SU2,KT1A,A1Z69040T4-1,0,SU2KT1A,FUJI,2024-02-18,2024-03-18,2007.0,200,230/115,49.0,10.0,14.0,16.0,52.0,0.0,0.0,91.0,1160.0,6128.0,18938.0,0.0,28.0,201.0,173.0,201.0,201.0,1,raw_available,28.0,
A1Z69040T4-2,CP,KT4A,A1Z69040T4-2,0,CPKT4A,FUJI,2019-03-26,2019-04-19,2007.0,200,230/115,57.0,18.0,31.0,29.0,112.0,0.0,0.0,103.0,1901.0,4992.0,34939.0,0.0,39.0,314.0,275.0,314.0,314.0,1,raw_available,39.0,
A1Z69040T4-2,CP,KT4A,A1Z69040T4-2,0,CPKT4A,FUJI,2019-08-30,2019-09-28,2007.0,200,230/115,55.0,22.0,17.0,12.0,110.0,4.0,0.0,98.0,1822.0,8491.0,42765.0,0.0,68.0,309.0,241.0,309.0,309.0,1,raw_available,68.0,
A1Z69040T4-2,CP,KT4A,A1Z69040T4-2,0,CPKT4A,FUJI,2020-04-06,2020-05-18,2007.0,200,230/115,34.0,18.0,11.0,39.0,136.0,0.0,0.0,82.0,1265.0,8615.0,57294.0,0.0,95.0,363.0,268.0,363.0,363.0,1,raw_available,95.0,ก่อนย้าย
A1Z69040T4-2,CP,KT4A,A1Z69040T4-2,0,CPKT4A,FUJI,2021-05-03,2021-07-24,2007.0,200,230/115,49.0,21.0,10.0,0.0,16.0,0.0,0.0,38.0,559.0,14050.0,24937.0,0.0,0.0,64.0,64.0,64.0,64.0,1,raw_available,0.0,
A1Z69040T4-2,CP,KT4A,A1Z69040T4-2,0,CPKT4A,FUJI,2021-11-01,2021-11-23,2007.0,200,230/115,47.0,18.0,4.0,9.0,16.0,0.0,0.0,49.0,1135.0,4390.0,14530.0,35.0,10.0,123.0,78.0,123.0,123.0,1,raw_available,45.0,
A1Z69040T4-2,CP,KT4A,A1Z69040T4-2,0,CPKT4A,FUJI,2022-05-08,2022-05-15,2007.0,200,230/115,49.0,15.0,44.0,6.0,24.0,1.0,0.0,69.0,931.0,4473.0,17333.0,0.0,2.0,146.0,144.0,146.0,146.0,1,raw_available,2.0,
A1Z69040T4-2,CP,KT4A,A1Z69040T4-2,0,CPKT4A,FUJI,2022-11-28,2023-01-08,2007.0,200,230/115,60.0,18.0,8.0,2.0,2.0,2.0,0.0,74.0,1070.0,12425.0,23896.0,0.0,0.0,88.0,88.0,88.0,88.0,1,raw_available,0.0,
A1Z69040T4-2,CP,KT4A,A1Z69040T4-2,0,CPKT4A,FUJI,2022-11-28,2023-01-13,2007.0,200,230/115,60.0,9.0,11.0,9.0,21.0,0.0,0.0,46.0,894.0,5460.0,22420.0,27.0,12.0,126.0,87.0,126.0,126.0,1,raw_available,39.0,
A1Z69040T4-2,CP,KT4A,A1Z69040T4-2,0,CPKT4A,FUJI,2023-04-29,2023-05-18,2007.0,200,230/115,50.0,8.0,5.0,13.0,2.0,2.0,0.0,47.0,800.0,20910.0,47660.0,34.0,25.0,128.0,69.0,128.0,128.0,1,raw_available,59.0,
A1Z69040T4-2,CP,KT4A,A1Z69040T4-2,0,CPKT4A,FUJI,2023-11-24,2024-01-27,2007.0,200,230/115,43.0,20.0,22.0,10.0,40.0,2.0,0.0,67.0,913.0,13139.0,30454.0,2.0,35.0,178.0,141.0,178.0,178.0,1,raw_available,37.0,
AE62590T4,KLM,KT4A,AE62590T4,0,KLMKT4A,FUJI,2022-07-15,2022-07-22,1997.0,120,230/115/22,69.0,16.0,13.0,14.0,18.0,5.0,0.0,74.0,1625.0,6948.0,42495.0,4.0,12.0,140.0,124.0,140.0,140.0,1,raw_available,16.0,
AE62590T4,KLM,KT4A,AE62590T4,0,KLMKT4A,FUJI,2023-08-05,2023-08-12,1997.0,120,230/115/22,61.0,10.0,10.0,18.0,24.0,2.0,0.0,79.0,2176.0,13447.0,27149.0,3.0,18.0,154.0,133.0,154.0,154.0,1,raw_available,21.0,
AE62590T4,KLM,KT4A,AE62590T4,0,KLMKT4A,FUJI,2024-04-29,2024-05-04,1997.0,120,230/115/22,64.0,12.0,27.0,39.0,44.0,4.0,0.0,123.0,2382.0,8340.0,24940.0,15.0,32.0,284.0,237.0,284.0,284.0,1,raw_available,47.0,
AE69025T1,RY2,KT1A,AE69025T1,0,RY2KT1A,FUJI,2019-03-09,2019-03-18,1997.0,200,230/115/22,56.0,19.0,8.0,27.0,96.0,0.0,0.0,74.0,1141.0,9633.0,41965.0,0.0,51.0,256.0,205.0,256.0,256.0,1,raw_available,51.0,
AE69025T1,RY2,KT1A,AE69025T1,0,RY2KT1A,FUJI,2020-02-14,2020-03-06,1997.0,200,230/115/22,54.0,11.0,11.0,29.0,99.0,0.0,0.0,92.0,1278.0,5214.0,57142.0,0.0,54.0,285.0,231.0,285.0,285.0,1,raw_available,54.0,
AE69025T1,RY2,KT1A,AE69025T1,0,RY2KT1A,FUJI,2021-01-31,2021-03-21,1997.0,200,230/115/22,49.0,18.0,51.0,42.0,92.0,0.0,0.0,100.0,1230.0,6620.0,60000.0,0.0,84.0,369.0,285.0,369.0,369.0,1,raw_available,84.0,
AE69025T1,RY2,KT1A,AE69025T1,0,RY2KT1A,FUJI,2022-08-14,2022-09-02,1997.0,200,230/115/22,54.0,13.0,8.0,56.0,116.0,3.0,0.0,95.0,1212.0,3137.0,81621.0,0.0,75.0,353.0,278.0,353.0,353.0,1,raw_available,75.0,
AE69025T1,RY2,KT1A,AE69025T1,0,RY2KT1A,FUJI,2023-03-01,2023-03-01,1997.0,200,230/115/22,38.0,8.0,51.0,67.0,134.0,4.0,0.0,127.0,1536.0,2593.0,57806.0,1.0,83.0,467.0,383.0,467.0,467.0,1,raw_available,84.0,Sudden Pressure Trip
AE69025T1,RY2,KT1A,AE69025T1,0,RY2KT1A,FUJI,2023-03-08,2023-03-12,1997.0,200,230/115/22,58.0,7.0,48.0,52.0,121.0,3.0,0.0,128.0,1438.0,16423.0,69137.0,1.0,84.0,437.0,352.0,437.0,437.0,1,raw_available,85.0,
AE69025T1,RY2,KT1A,AE69025T1,0,RY2KT1A,FUJI,2024-04-20,2024-04-26,1997.0,200,230/115/22,60.0,9.0,41.0,59.0,153.0,4.0,0.0,144.0,1399.0,5712.0,47195.0,0.0,78.0,479.0,401.0,479.0,479.0,1,raw_available,78.0,
AE69025T2,RB2,KT3A,AE69025T2,0,RB2KT3A,FUJI,2021-06-26,2021-09-07,1997.0,25,115/22,36.0,21.0,7.0,25.0,58.0,0.0,0.0,140.0,1813.0,8460.0,42318.0,0.0,28.0,258.0,230.0,258.0,258.0,1,raw_available,28.0,
AE69025T2,RB2,KT3A,AE69025T2,0,RB2KT3A,FUJI,2023-06-16,2023-06-23,1997.0,25,115/22,52.0,10.0,7.0,52.0,69.0,6.0,0.0,173.0,1307.0,7519.0,42691.0,2.0,23.0,332.0,307.0,332.0,332.0,1,raw_available,25.0,
AE69025T2,RB2,KT3A,AE69025T2,0,RB2KT3A,FUJI,2024-06-22,2024-06-28,1997.0,25,115/22,50.0,8.0,20.0,58.0,98.0,5.0,0.0,221.0,1897.0,2822.0,39592.0,46.0,0.0,448.0,402.0,448.0,448.0,1,raw_available,46.0,
AE69025T7-1,PKK,KT2A,AE69025T7-1,0,PKKKT2A,FUJI,2019-10-18,2019-11-24,1997.0,100,230/115/22,48.0,18.0,13.0,22.0,70.0,4.0,0.0,55.0,867.0,6201.0,32865.0,1.0,62.0,227.0,164.0,227.0,227.0,1,raw_available,63.0,
AE69025T7-1,PKK,KT2A,AE69025T7-1,0,PKKKT2A,FUJI,2020-04-25,2020-05-03,1997.0,100,230/115/22,54.0,7.0,34.0,38.0,95.0,1.0,0.0,52.0,1111.0,5439.0,40375.0,0.0,83.0,303.0,220.0,303.0,303.0,1,raw_available,83.0,
AE69025T7-1,PKK,KT2A,AE69025T7-1,0,PKKKT2A,FUJI,2021-04-20,2021-06-07,1997.0,100,230/115/22,54.0,15.0,47.0,17.0,49.0,1.0,0.0,60.0,630.0,5600.0,41720.0,178.0,47.0,399.0,174.0,399.0,399.0,1,raw_available,225.0,
AE69025T7-1,PKK,KT2A,AE69025T7-1,0,PKKKT2A,FUJI,2022-04-22,2022-05-06,1997.0,100,230/115/22,54.0,22.0,31.0,13.0,69.0,0.0,0.0,69.0,1076.0,9590.0,46818.0,0.0,25.0,207.0,182.0,207.0,207.0,1,raw_available,25.0,
AE69025T7-1,PKK,KT2A,AE69025T7-1,0,PKKKT2A,FUJI,2022-10-07,2022-11-07,1997.0,100,230/115/22,54.0,11.0,11.0,30.0,85.0,4.0,0.0,53.0,1138.0,4005.0,33589.0,0.0,57.0,240.0,183.0,240.0,240.0,1,raw_available,57.0,
AE69025T7-1,PKK,KT2A,AE69025T7-1,0,PKKKT2A,FUJI,2023-04-28,2023-05-06,1997.0,100,230/115/22,54.0,7.0,30.0,28.0,74.0,2.0,0.0,50.0,1140.0,4710.0,33020.0,53.0,70.0,307.0,184.0,307.0,307.0,1,raw_available,123.0,
AE69025T7-1,PKK,KT2A,AE69025T7-1,0,PKKKT2A,FUJI,2023-09-23,2023-10-14,1997.0,100,230/115/22,50.0,8.0,21.0,40.0,37.0,9.0,0.0,53.0,1094.0,6665.0,48762.0,0.0,41.0,201.0,160.0,201.0,201.0,1,raw_available,41.0,
AE69025T7-1,PKK,KT2A,AE69025T7-1,0,PKKKT2A,FUJI,2024-05-11,2024-05-17,1997.0,100,230/115/22,53.0,6.0,10.0,48.0,96.0,7.0,0.0,54.0,1102.0,3532.0,34016.0,3.0,65.0,283.0,215.0,283.0,283.0,1,raw_available,68.0,
AE69025T7-2,PKK,KT3A,AE69025T7-2,0,PKKKT3A,FUJI,2019-10-18,2019-11-25,1997.0,100,230/115/22,49.0,21.0,16.0,15.0,52.0,0.0,0.0,40.0,671.0,7542.0,34465.0,0.0,41.0,164.0,123.0,164.0,164.0,1,raw_available,41.0,
AE69025T7-2,PKK,KT3A,AE69025T7-2,0,PKKKT3A,FUJI,2020-04-25,2020-05-03,1997.0,100,230/115/22,54.0,10.0,31.0,24.0,63.0,0.0,0.0,44.0,944.0,2477.0,24763.0,0.0,53.0,215.0,162.0,215.0,215.0,1,raw_available,53.0,
AE69025T7-2,PKK,KT3A,AE69025T7-2,0,PKKKT3A,FUJI,2021-04-20,2021-06-11,1997.0,100,230/115/22,54.0,18.0,43.0,11.0,28.0,0.0,0.0,26.0,707.0,2120.0,42570.0,1.0,24.0,133.0,108.0,133.0,133.0,1,raw_available,25.0,
AE69025T7-2,PKK,KT3A,AE69025T7-2,0,PKKKT3A,FUJI,2022-04-22,2022-05-06,1997.0,100,230/115/22,56.0,19.0,15.0,15.0,42.0,2.0,0.0,29.0,713.0,8962.0,41647.0,2.0,37.0,142.0,103.0,142.0,142.0,1,raw_available,39.0,
AE69025T7-2,PKK,KT3A,AE69025T7-2,0,PKKKT3A,FUJI,2022-10-07,2022-11-10,1997.0,100,230/115/22,56.0,9.0,8.0,3.0,49.0,2.0,0.0,36.0,877.0,5309.0,43482.0,0.0,29.0,127.0,98.0,127.0,127.0,1,raw_available,29.0,
AE69025T7-2,PKK,KT3A,AE69025T7-2,0,PKKKT3A,FUJI,2023-04-28,2023-05-06,1997.0,100,230/115/22,54.0,8.0,8.0,17.0,51.0,1.0,0.0,38.0,845.0,4800.0,32930.0,1.0,44.0,160.0,115.0,160.0,160.0,1,raw_available,45.0,
AE69025T7-2,PKK,KT3A,AE69025T7-2,0,PKKKT3A,FUJI,2023-09-23,2023-10-14,1997.0,100,230/115/22,50.0,8.0,9.0,18.0,32.0,0.0,0.0,37.0,883.0,5059.0,42441.0,1.0,33.0,130.0,96.0,130.0,130.0,1,raw_available,34.0,
AE69025T7-2,PKK,KT3A,AE69025T7-2,0,PKKKT3A,FUJI,2024-05-11,2024-05-17,1997.0,100,230/115/22,53.0,7.0,16.0,42.0,82.0,4.0,0.0,39.0,988.0,2840.0,30857.0,5.0,56.0,244.0,183.0,244.0,244.0,1,raw_available,61.0,
AE69040T1-1,TTK,KT1AA,AE69040T1-1,0,TTKKT1AA,FUJI,2019-02-15,2019-03-24,2002.0,200,525/242/22,56.0,11.0,11.0,51.0,202.0,0.0,0.0,59.0,1744.0,5068.0,46408.0,0.0,108.0,431.0,323.0,431.0,431.0,1,raw_available,108.0,
AE69040T1-1,TTK,KT1AA,AE69040T1-1,0,TTKKT1AA,FUJI,2019-05-18,2019-06-01,2002.0,200,525/242/22,62.0,11.0,11.0,41.0,176.0,2.0,0.0,87.0,1581.0,8712.0,39614.0,0.0,93.0,410.0,317.0,410.0,410.0,1,raw_available,93.0,
AE69040T1-1,TTK,KT1AA,AE69040T1-1,0,TTKKT1AA,FUJI,2019-08-30,2019-09-23,2002.0,200,525/242/22,66.0,11.0,11.0,43.0,214.0,0.0,0.0,46.0,1531.0,8654.0,52933.0,0.0,152.0,466.0,314.0,466.0,466.0,1,raw_available,152.0,
AE69040T1-1,TTK,KT1AA,AE69040T1-1,0,TTKKT1AA,FUJI,2020-06-22,2020-07-05,2002.0,200,525/242/22,58.0,8.0,15.0,53.0,244.0,0.0,0.0,55.0,1983.0,7887.0,49774.0,0.0,118.0,485.0,367.0,485.0,485.0,1,raw_available,118.0,
AE69040T1-1,TTK,KT1AA,AE69040T1-1,0,TTKKT1AA,FUJI,2020-09-25,2020-11-13,2002.0,200,525/242/22,56.0,18.0,21.0,49.0,195.0,0.0,0.0,40.0,1773.0,5257.0,51350.0,0.0,146.0,451.0,305.0,451.0,451.0,1,raw_available,146.0,
AE69040T1-1,TTK,KT1AA,AE69040T1-1,0,TTKKT1AA,FUJI,2020-12-26,2021-01-26,2002.0,200,525/242/22,47.0,10.0,37.0,54.0,228.0,0.0,0.0,228.0,2072.0,6814.0,57902.0,0.0,158.0,705.0,547.0,705.0,705.0,1,raw_available,158.0,
AE69040T1-1,TTK,KT1AA,AE69040T1-1,0,TTKKT1AA,FUJI,2021-05-22,2021-07-23,2002.0,200,525/242/22,54.0,13.0,13.0,46.0,220.0,4.0,0.0,49.0,1311.0,9441.0,47777.0,0.0,64.0,396.0,332.0,396.0,396.0,1,raw_available,64.0,
AE69040T1-1,TTK,KT1AA,AE69040T1-1,0,TTKKT1AA,FUJI,2021-12-18,2022-01-18,2002.0,200,525/242/22,56.0,9.0,29.0,42.0,295.0,4.0,0.0,151.0,1924.0,3538.0,53906.0,0.0,150.0,671.0,521.0,671.0,671.0,1,raw_available,150.0,
AE69040T1-1,TTK,KT1AA,AE69040T1-1,0,TTKKT1AA,FUJI,2022-04-30,2022-05-13,2002.0,200,525/242/22,53.0,10.0,9.0,47.0,249.0,4.0,0.0,143.0,1851.0,3352.0,45320.0,13.0,82.0,547.0,452.0,547.0,547.0,1,raw_available,95.0,
AE69040T1-1,TTK,KT1AA,AE69040T1-1,0,TTKKT1AA,FUJI,2023-02-04,2023-02-12,2002.0,200,525/242/22,46.0,12.0,2.0,55.0,242.0,2.0,0.0,137.0,1587.0,2990.0,57920.0,16.0,181.0,635.0,438.0,635.0,635.0,1,raw_available,197.0,
AE69040T1-1,TTK,KT1AA,AE69040T1-1,0,TTKKT1AA,FUJI,2023-06-17,2023-07-02,2002.0,200,525/242/22,51.0,10.0,4.0,59.0,288.0,1.0,0.0,219.0,2418.0,3670.0,59880.0,7.0,216.0,794.0,571.0,794.0,794.0,1,raw_available,223.0,
AE69040T1-1,TTK,KT1AA,AE69040T1-1,0,TTKKT1AA,FUJI,2023-12-16,2024-01-28,2002.0,200,525/242/22,47.0,10.0,20.0,64.0,310.0,5.0,0.0,83.0,1768.0,10080.0,63780.0,7.0,149.0,638.0,482.0,638.0,638.0,1,raw_available,156.0,
AE69040T1-2,TTK,KT1AB,AE69040T1-2,0,TTKKT1AB,FUJI,2019-02-15,2019-03-17,2002.0,200,525/242/22,53.0,15.0,3.0,12.0,135.0,2.0,0.0,26.0,1217.0,8319.0,46741.0,0.0,80.0,258.0,178.0,258.0,258.0,1,raw_available,80.0,
AE69040T1-2,TTK,KT1AB,AE69040T1-2,0,TTKKT1AB,FUJI,2019-05-18,2019-06-01,2002.0,200,525/242/22,60.0,15.0,6.0,44.0,159.0,3.0,0.0,76.0,1983.0,3280.0,39636.0,0.0,76.0,364.0,288.0,364.0,364.0,1,raw_available,76.0,
AE69040T1-2,TTK,KT1AB,AE69040T1-2,0,TTKKT1AB,FUJI,2019-08-30,2019-09-23,2002.0,200,525/242/22,63.0,9.0,11.0,37.0,172.0,0.0,0.0,48.0,1597.0,6887.0,38135.0,0.0,115.0,383.0,268.0,383.0,383.0,1,raw_available,115.0,
AE69040T1-2,TTK,KT1AB,AE69040T1-2,0,TTKKT1AB,FUJI,2020-06-22,2020-07-05,2002.0,200,525/242/22,57.0,11.0,13.0,39.0,166.0,0.0,0.0,55.0,2027.0,3820.0,35962.0,0.0,79.0,352.0,273.0,352.0,352.0,1,raw_available,79.0,
AE69040T1-2,TTK,KT1AB,AE69040T1-2,0,TTKKT1AB,FUJI,2020-09-25,2020-11-13,2002.0,200,525/242/22,56.0,16.0,22.0,39.0,155.0,0.0,0.0,36.0,1552.0,5024.0,45543.0,0.0,115.0,367.0,252.0,367.0,367.0,1,raw_available,115.0,
AE69040T1-2,TTK,KT1AB,AE69040T1-2,0,TTKKT1AB,FUJI,2020-12-26,2021-01-26,2002.0,200,525/242/22,46.0,9.0,30.0,40.0,159.0,0.0,0.0,39.0,2232.0,6341.0,51786.0,0.0,115.0,383.0,268.0,383.0,383.0,1,raw_available,115.0,
AE69040T1-2,TTK,KT1AB,AE69040T1-2,0,TTKKT1AB,FUJI,2021-05-22,2021-07-23,2002.0,200,525/242/22,51.0,16.0,12.0,36.0,174.0,4.0,0.0,48.0,1339.0,7444.0,40019.0,0.0,49.0,323.0,274.0,323.0,323.0,1,raw_available,49.0,
AE69040T1-2,TTK,KT1AB,AE69040T1-2,0,TTKKT1AB,FUJI,2021-12-18,2022-01-18,2002.0,200,525/242/22,58.0,9.0,25.0,41.0,232.0,5.0,0.0,154.0,2285.0,2827.0,41142.0,0.0,121.0,578.0,457.0,578.0,578.0,1,raw_available,121.0,
AE69040T1-2,TTK,KT1AB,AE69040T1-2,0,TTKKT1AB,FUJI,2022-04-30,2022-05-13,2002.0,200,525/242/22,50.0,8.0,3.0,22.0,121.0,6.0,0.0,128.0,1864.0,11602.0,49475.0,11.0,104.0,395.0,280.0,395.0,395.0,1,raw_available,115.0,
AE69040T1-2,TTK,KT1AB,AE69040T1-2,0,TTKKT1AB,FUJI,2023-02-03,2023-02-12,2002.0,200,525/242/22,46.0,11.0,5.0,55.0,230.0,4.0,0.0,121.0,1848.0,6551.0,43437.0,0.0,125.0,540.0,415.0,540.0,540.0,1,raw_available,125.0,
AE69040T1-2,TTK,KT1AB,AE69040T1-2,0,TTKKT1AB,FUJI,2023-06-17,2023-07-02,2002.0,200,525/242/22,50.0,7.0,11.0,41.0,204.0,1.0,0.0,193.0,2856.0,5400.0,42090.0,6.0,173.0,629.0,450.0,629.0,629.0,1,raw_available,179.0,
AE69040T1-2,TTK,KT1AB,AE69040T1-2,0,TTKKT1AB,FUJI,2023-12-16,2024-01-28,2002.0,200,525/242/22,47.0,12.0,33.0,47.0,241.0,4.0,0.0,57.0,2050.0,6413.0,44557.0,5.0,105.0,492.0,382.0,492.0,492.0,1,raw_available,110.0,
AE69040T1-3,TTK,KT1AC,AE69040T1-3,0,TTKKT1AC,FUJI,2019-02-15,2019-03-23,2002.0,200,525/242/22,56.0,10.0,11.0,32.0,134.0,0.0,0.0,42.0,1711.0,8044.0,37858.0,0.0,63.0,282.0,219.0,282.0,282.0,1,raw_available,63.0,
AE69040T1-3,TTK,KT1AC,AE69040T1-3,0,TTKKT1AC,FUJI,2019-05-18,2019-06-01,2002.0,200,525/242/22,62.0,12.0,6.0,37.0,144.0,3.0,0.0,65.0,1852.0,7058.0,48347.0,0.0,73.0,328.0,255.0,328.0,328.0,1,raw_available,73.0,
AE69040T1-3,TTK,KT1AC,AE69040T1-3,0,TTKKT1AC,FUJI,2019-08-30,2019-09-23,2002.0,200,525/242/22,65.0,18.0,8.0,39.0,170.0,0.0,0.0,58.0,1948.0,4126.0,40795.0,0.0,106.0,381.0,275.0,381.0,381.0,1,raw_available,106.0,
AE69040T1-3,TTK,KT1AC,AE69040T1-3,0,TTKKT1AC,FUJI,2020-06-22,2020-07-05,2002.0,200,525/242/22,58.0,11.0,15.0,34.0,152.0,0.0,0.0,43.0,1873.0,8069.0,35514.0,0.0,65.0,309.0,244.0,309.0,309.0,1,raw_available,65.0,
AE69040T1-3,TTK,KT1AC,AE69040T1-3,0,TTKKT1AC,FUJI,2020-09-25,2020-11-13,2002.0,200,525/242/22,56.0,11.0,24.0,32.0,132.0,0.0,0.0,56.0,1863.0,6371.0,45210.0,0.0,105.0,349.0,244.0,349.0,349.0,1,raw_available,105.0,
AE69040T1-3,TTK,KT1AC,AE69040T1-3,0,TTKKT1AC,FUJI,2020-12-26,2021-01-29,2002.0,200,525/242/22,46.0,12.0,31.0,37.0,146.0,0.0,0.0,38.0,2251.0,6568.0,51867.0,0.0,104.0,356.0,252.0,356.0,356.0,1,raw_available,104.0,
AE69040T1-3,TTK,KT1AC,AE69040T1-3,0,TTKKT1AC,FUJI,2021-05-22,2021-08-15,2002.0,200,525/242/22,53.0,27.0,13.0,30.0,165.0,0.0,0.0,38.0,1594.0,19611.0,59418.0,0.0,46.0,292.0,246.0,292.0,292.0,1,raw_available,46.0,
AE69040T1-3,TTK,KT1AC,AE69040T1-3,0,TTKKT1AC,FUJI,2021-12-18,2022-01-22,2002.0,200,525/242/22,60.0,17.0,14.0,35.0,169.0,0.0,0.0,47.0,1698.0,8655.0,38843.0,0.0,76.0,341.0,265.0,341.0,341.0,1,raw_available,76.0,
AE69040T1-3,TTK,KT1AC,AE69040T1-3,0,TTKKT1AC,FUJI,2022-04-30,2022-05-13,2002.0,200,525/242/22,52.0,19.0,3.0,23.0,124.0,6.0,0.0,43.0,1542.0,12873.0,56774.0,2.0,102.0,303.0,199.0,303.0,303.0,1,raw_available,104.0,
AE69040T1-3,TTK,KT1AC,AE69040T1-3,0,TTKKT1AC,FUJI,2023-02-03,2023-02-12,2002.0,200,525/242/22,46.0,11.0,2.0,32.0,150.0,1.0,0.0,38.0,1396.0,5090.0,40330.0,6.0,105.0,334.0,223.0,334.0,334.0,1,raw_available,111.0,
AE69040T1-3,TTK,KT1AC,AE69040T1-3,0,TTKKT1AC,FUJI,2023-06-17,2023-07-02,2002.0,200,525/242/22,53.0,11.0,7.0,41.0,196.0,0.0,0.0,68.0,2648.0,2650.0,42200.0,5.0,154.0,471.0,312.0,471.0,471.0,1,raw_available,159.0,
AE69040T1-3,TTK,KT1AC,AE69040T1-3,0,TTKKT1AC,FUJI,2023-12-16,2024-01-28,2002.0,200,525/242/22,49.0,11.0,27.0,42.0,193.0,3.0,0.0,72.0,1732.0,5441.0,41612.0,5.0,91.0,433.0,337.0,433.0,433.0,1,raw_available,96.0,
AE69040T2-1,TTK,KT2AA,AE69040T2-1,0,TTKKT2AA,FUJI,2019-02-15,2019-03-23,2002.0,200,525/242/22,54.0,12.0,9.0,54.0,217.0,12.0,0.0,54.0,1460.0,9486.0,47678.0,0.0,109.0,455.0,346.0,455.0,455.0,1,raw_available,109.0,
AE69040T2-1,TTK,KT2AA,AE69040T2-1,0,TTKKT2AA,FUJI,2019-05-18,2019-06-01,2002.0,200,525/242/22,60.0,15.0,8.0,69.0,174.0,40.0,0.0,76.0,2334.0,3071.0,39898.0,0.0,110.0,477.0,367.0,477.0,477.0,1,raw_available,110.0,
AE69040T2-1,TTK,KT2AA,AE69040T2-1,0,TTKKT2AA,FUJI,2019-08-30,2019-09-26,2002.0,200,525/242/22,65.0,11.0,3.0,47.0,252.0,11.0,0.0,54.0,2206.0,9144.0,58984.0,0.0,138.0,505.0,367.0,505.0,505.0,1,raw_available,138.0,
AE69040T2-1,TTK,KT2AA,AE69040T2-1,0,TTKKT2AA,FUJI,2020-06-22,2020-07-05,2002.0,200,525/242/22,58.0,10.0,10.0,52.0,218.0,9.0,0.0,49.0,1529.0,9105.0,42151.0,0.0,101.0,439.0,338.0,439.0,439.0,1,raw_available,101.0,
AE69040T2-1,TTK,KT2AA,AE69040T2-1,0,TTKKT2AA,FUJI,2020-09-27,2020-11-13,2002.0,200,525/242/22,52.0,13.0,16.0,56.0,213.0,4.0,0.0,40.0,1437.0,6492.0,49411.0,2.0,143.0,474.0,329.0,474.0,474.0,1,raw_available,145.0,
AE69040T2-1,TTK,KT2AA,AE69040T2-1,0,TTKKT2AA,FUJI,2020-12-26,2021-01-26,2002.0,200,525/242/22,47.0,8.0,27.0,42.0,188.0,3.0,0.0,28.0,1358.0,8692.0,71954.0,15.0,141.0,444.0,288.0,444.0,444.0,1,raw_available,156.0,
AE69040T2-1,TTK,KT2AA,AE69040T2-1,0,TTKKT2AA,FUJI,2021-05-22,2021-07-23,2002.0,200,525/242/22,53.0,15.0,10.0,52.0,238.0,9.0,0.0,55.0,1163.0,7506.0,45756.0,0.0,71.0,435.0,364.0,435.0,435.0,1,raw_available,71.0,
AE69040T2-1,TTK,KT2AA,AE69040T2-1,0,TTKKT2AA,FUJI,2021-12-18,2022-01-22,2002.0,200,525/242/22,53.0,14.0,11.0,49.0,237.0,9.0,0.0,53.0,1067.0,11218.0,47426.0,0.0,120.0,479.0,359.0,479.0,479.0,1,raw_available,120.0,
AE69040T2-1,TTK,KT2AA,AE69040T2-1,0,TTKKT2AA,FUJI,2022-04-29,2022-05-13,2002.0,200,525/242/22,48.0,7.0,9.0,56.0,275.0,13.0,0.0,63.0,1637.0,5761.0,45292.0,3.0,26.0,445.0,416.0,445.0,445.0,1,raw_available,29.0,
AE69040T2-1,TTK,KT2AA,AE69040T2-1,0,TTKKT2AA,FUJI,2023-04-22,2023-04-30,2002.0,200,525/242/22,56.0,6.0,3.0,65.0,254.0,17.0,0.0,92.0,1724.0,3300.0,53080.0,17.0,175.0,623.0,431.0,623.0,623.0,1,raw_available,192.0,
AE69040T2-1,TTK,KT2AA,AE69040T2-1,0,TTKKT2AA,FUJI,2023-12-16,2024-01-27,2002.0,200,525/242/22,49.0,13.0,22.0,64.0,334.0,11.0,0.0,57.0,1629.0,11427.0,59741.0,17.0,148.0,653.0,488.0,653.0,653.0,1,raw_available,165.0,
AE69040T2-2,TTK,KT2AB,AE69040T2-2,0,TTKKT2AB,FUJI,2019-02-15,2019-03-24,2002.0,200,525/242/22,55.0,10.0,12.0,41.0,187.0,2.0,0.0,62.0,1697.0,6237.0,57507.0,0.0,73.0,377.0,304.0,377.0,377.0,1,raw_available,73.0,
AE69040T2-2,TTK,KT2AB,AE69040T2-2,0,TTKKT2AB,FUJI,2019-05-18,2019-06-02,2002.0,200,525/242/22,62.0,13.0,5.0,51.0,181.0,4.0,0.0,81.0,1522.0,3846.0,53462.0,0.0,86.0,408.0,322.0,408.0,408.0,1,raw_available,86.0,
AE69040T2-2,TTK,KT2AB,AE69040T2-2,0,TTKKT2AB,FUJI,2019-08-30,2019-09-23,2002.0,200,525/242/22,66.0,9.0,11.0,43.0,194.0,0.0,0.0,56.0,1287.0,6907.0,48459.0,0.0,126.0,430.0,304.0,430.0,430.0,1,raw_available,126.0,
AE69040T2-2,TTK,KT2AB,AE69040T2-2,0,TTKKT2AB,FUJI,2020-06-22,2020-07-05,2002.0,200,525/242/22,58.0,10.0,16.0,50.0,198.0,0.0,0.0,63.0,1609.0,4810.0,44266.0,0.0,88.0,415.0,327.0,415.0,415.0,1,raw_available,88.0,
AE69040T2-2,TTK,KT2AB,AE69040T2-2,0,TTKKT2AB,FUJI,2020-09-27,2020-11-13,2002.0,200,525/242/22,53.0,13.0,22.0,44.0,167.0,0.0,0.0,53.0,1592.0,7715.0,50511.0,0.0,121.0,407.0,286.0,407.0,407.0,1,raw_available,121.0,
AE69040T2-2,TTK,KT2AB,AE69040T2-2,0,TTKKT2AB,FUJI,2020-12-26,2021-01-29,2002.0,200,525/242/22,47.0,6.0,35.0,50.0,190.0,0.0,0.0,50.0,2031.0,4517.0,59883.0,0.0,130.0,455.0,325.0,455.0,455.0,1,raw_available,130.0,
AE69040T2-2,TTK,KT2AB,AE69040T2-2,0,TTKKT2AB,FUJI,2021-05-22,2021-07-23,2002.0,200,525/242/22,53.0,17.0,14.0,37.0,187.0,4.0,0.0,57.0,1056.0,10949.0,47614.0,0.0,53.0,352.0,299.0,352.0,352.0,1,raw_available,53.0,
AE69040T2-2,TTK,KT2AB,AE69040T2-2,0,TTKKT2AB,FUJI,2021-12-18,2022-01-22,2002.0,200,525/242/22,53.0,11.0,12.0,34.0,191.0,0.0,0.0,63.0,1147.0,11991.0,51074.0,0.0,100.0,400.0,300.0,400.0,400.0,1,raw_available,100.0,
AE69040T2-2,TTK,KT2AB,AE69040T2-2,0,TTKKT2AB,FUJI,2022-04-29,2022-05-13,2002.0,200,525/242/22,48.0,6.0,11.0,39.0,232.0,4.0,0.0,69.0,1560.0,10078.0,62650.0,0.0,64.0,419.0,355.0,419.0,419.0,1,raw_available,64.0,
AE69040T2-2,TTK,KT2AB,AE69040T2-2,0,TTKKT2AB,FUJI,2023-04-21,2023-04-30,2002.0,200,525/242/22,54.0,5.0,2.0,51.0,195.0,0.0,0.0,84.0,1728.0,3570.0,56340.0,6.0,143.0,481.0,332.0,481.0,481.0,1,raw_available,149.0,
AE69040T2-2,TTK,KT2AB,AE69040T2-2,0,TTKKT2AB,FUJI,2023-12-16,2024-01-21,2002.0,200,525/242/22,50.0,10.0,26.0,44.0,177.0,3.0,0.0,65.0,1569.0,10160.0,55957.0,5.0,98.0,418.0,315.0,418.0,418.0,1,raw_available,103.0,
AE69040T2-3,TTK,KT2AC,AE69040T2-3,0,TTKKT2AC,FUJI,2019-02-15,2019-03-23,2002.0,200,525/242/22,57.0,9.0,10.0,41.0,181.0,0.0,0.0,52.0,1561.0,9237.0,43851.0,0.0,94.0,378.0,284.0,378.0,378.0,1,raw_available,94.0,
AE69040T2-3,TTK,KT2AC,AE69040T2-3,0,TTKKT2AC,FUJI,2019-05-18,2019-06-03,2002.0,200,525/242/22,63.0,15.0,14.0,51.0,248.0,9.0,0.0,62.0,2139.0,5061.0,36636.0,0.0,85.0,469.0,384.0,469.0,469.0,1,raw_available,85.0,
AE69040T2-3,TTK,KT2AC,AE69040T2-3,0,TTKKT2AC,FUJI,2019-08-30,2019-09-24,2002.0,200,525/242/22,67.0,8.0,12.0,35.0,178.0,0.0,0.0,59.0,2235.0,10155.0,45118.0,0.0,124.0,408.0,284.0,408.0,408.0,1,raw_available,124.0,
AE69040T2-3,TTK,KT2AC,AE69040T2-3,0,TTKKT2AC,FUJI,2020-06-22,2020-07-05,2002.0,200,525/242/22,59.0,26.0,14.0,43.0,197.0,0.0,0.0,56.0,1727.0,8246.0,43037.0,0.0,95.0,405.0,310.0,405.0,405.0,1,raw_available,95.0,
AE69040T2-3,TTK,KT2AC,AE69040T2-3,0,TTKKT2AC,FUJI,2020-09-27,2020-11-13,2002.0,200,525/242/22,56.0,13.0,16.0,45.0,181.0,0.0,0.0,41.0,1495.0,7648.0,48113.0,0.0,132.0,415.0,283.0,415.0,415.0,1,raw_available,132.0,
AE69040T2-3,TTK,KT2AC,AE69040T2-3,0,TTKKT2AC,FUJI,2020-12-26,2021-01-26,2002.0,200,525/242/22,47.0,9.0,28.0,40.0,176.0,0.0,0.0,36.0,1598.0,5886.0,57404.0,0.0,129.0,409.0,280.0,409.0,409.0,1,raw_available,129.0,
AE69040T2-3,TTK,KT2AC,AE69040T2-3,0,TTKKT2AC,FUJI,2021-05-22,2021-07-24,2002.0,200,525/242/22,54.0,21.0,10.0,41.0,201.0,0.0,0.0,57.0,1970.0,8227.0,40508.0,0.0,62.0,371.0,309.0,371.0,371.0,1,raw_available,62.0,
AE69040T2-3,TTK,KT2AC,AE69040T2-3,0,TTKKT2AC,FUJI,2021-12-18,2022-01-22,2002.0,200,525/242/22,54.0,20.0,10.0,36.0,202.0,0.0,0.0,54.0,1861.0,13880.0,48651.0,0.0,133.0,435.0,302.0,435.0,435.0,1,raw_available,133.0,
AE69040T2-3,TTK,KT2AC,AE69040T2-3,0,TTKKT2AC,FUJI,2022-04-29,2022-05-13,2002.0,200,525/242/22,50.0,7.0,10.0,48.0,229.0,5.0,0.0,64.0,1827.0,3434.0,39539.0,0.0,72.0,428.0,356.0,428.0,428.0,1,raw_available,72.0,
AE69040T2-3,TTK,KT2AC,AE69040T2-3,0,TTKKT2AC,FUJI,2023-04-21,2023-04-30,2002.0,200,525/242/22,56.0,10.0,2.0,39.0,179.0,1.0,0.0,86.0,1599.0,7890.0,46030.0,5.0,141.0,453.0,307.0,453.0,453.0,1,raw_available,146.0,
AE69040T2-3,TTK,KT2AC,AE69040T2-3,0,TTKKT2AC,FUJI,2023-12-16,2024-01-26,2002.0,200,525/242/22,50.0,14.0,17.0,53.0,83.0,5.0,0.0,70.0,1687.0,9418.0,52383.0,6.0,119.0,353.0,228.0,353.0,353.0,1,raw_available,125.0,
AG69005T1,RS,KT4A,AG69005T1,0,RSKT4A,FUJI,2019-05-22,2019-06-30,2001.0,200,230/69/11,48.0,10.0,16.0,9.0,18.0,2.0,0.0,58.0,1638.0,9913.0,42066.0,0.0,12.0,115.0,103.0,115.0,115.0,1,raw_available,12.0,de energize.
AG69005T1,RS,KT4A,AG69005T1,0,RSKT4A,FUJI,2019-11-10,2019-12-14,2001.0,200,230/69/11,33.0,23.0,20.0,21.0,26.0,2.0,0.0,80.0,1250.0,7364.0,32776.0,0.0,17.0,166.0,149.0,166.0,166.0,1,raw_available,17.0,
AG69005T1,RS,KT4A,AG69005T1,0,RSKT4A,FUJI,2020-06-02,2020-07-04,2001.0,200,230/69/11,57.0,21.0,58.0,11.0,38.0,0.0,0.0,58.0,1552.0,6146.0,25787.0,0.0,8.0,173.0,165.0,173.0,173.0,1,raw_available,8.0,
AG69005T1,RS,KT4A,AG69005T1,0,RSKT4A,FUJI,2020-11-08,2020-11-21,2001.0,200,230/69/11,34.0,10.0,82.0,14.0,28.0,0.0,0.0,29.0,796.0,5796.0,43045.0,0.0,21.0,174.0,153.0,174.0,174.0,1,raw_available,21.0,
AG69005T1,RS,KT4A,AG69005T1,0,RSKT4A,FUJI,2021-05-25,2021-07-13,2001.0,200,230/69/11,35.0,12.0,56.0,12.0,38.0,0.0,0.0,47.0,1228.0,5636.0,28992.0,0.0,10.0,163.0,153.0,163.0,163.0,1,raw_available,10.0,De-energize .
AG69005T1,RS,KT4A,AG69005T1,0,RSKT4A,FUJI,2021-11-09,2021-11-20,2001.0,200,230/69/11,30.0,10.0,66.0,12.0,43.0,0.0,0.0,54.0,1177.0,8817.0,30176.0,0.0,3.0,178.0,175.0,178.0,178.0,1,raw_available,3.0,
AG69005T1,RS,KT4A,AG69005T1,0,RSKT4A,FUJI,2022-06-05,2022-06-13,2001.0,200,230/69/11,33.0,7.0,19.0,15.0,52.0,0.0,0.0,60.0,1338.0,5060.0,26155.0,0.0,12.0,158.0,146.0,158.0,158.0,1,raw_available,12.0,NO ENERGIZE
AG69005T1,RS,KT4A,AG69005T1,0,RSKT4A,FUJI,2022-11-27,2022-12-02,2001.0,200,230/69/11,29.0,9.0,48.0,19.0,50.0,3.0,0.0,65.0,1269.0,3210.0,25553.0,18.0,26.0,229.0,185.0,229.0,229.0,1,raw_available,44.0,
AG69005T1,RS,KT4A,AG69005T1,0,RSKT4A,FUJI,2023-05-21,2023-05-25,2001.0,200,230/69/11,35.0,7.0,43.0,10.0,46.0,4.0,0.0,47.0,1030.0,4210.0,34119.0,2.0,26.0,178.0,150.0,178.0,178.0,1,raw_available,28.0,NO ENERGIZE
AG69005T1,RS,KT4A,AG69005T1,0,RSKT4A,FUJI,2023-12-09,2024-01-20,2001.0,200,230/69/11,32.0,13.0,91.0,19.0,55.0,6.0,0.0,65.0,1137.0,8052.0,37785.0,3.0,29.0,268.0,236.0,268.0,268.0,1,raw_available,32.0,TX. NO-ENERGIZE
AG69005T1,RS,KT4A,AG69005T1,0,RSKT4A,FUJI,2024-06-11,2024-06-12,2001.0,200,230/69/11,32.0,5.0,68.0,28.0,83.0,5.0,0.0,84.0,1125.0,5787.0,37043.0,2.0,37.0,307.0,268.0,307.0,307.0,1,raw_available,39.0,
AG69005T2,STB,KT4A,AG69005T2,0,STBKT4A,FUJI,2019-05-12,2019-05-25,2004.0,200,230/72.5/11,51.0,19.0,18.0,16.0,9.0,3.0,0.0,268.0,2892.0,6261.0,39200.0,2.0,5.0,321.0,314.0,321.0,321.0,1,raw_available,7.0,
AG69005T2,STB,KT4A,AG69005T2,0,STBKT4A,FUJI,2019-11-15,2019-12-01,2004.0,200,230/72.5/11,36.0,9.0,24.0,16.0,11.0,1.0,0.0,151.0,2426.0,5710.0,36846.0,2.0,10.0,215.0,203.0,215.0,215.0,1,raw_available,12.0,
AG69005T2,STB,KT4A,AG69005T2,0,STBKT4A,FUJI,2020-05-28,2020-07-03,2004.0,200,230/72.5/11,55.0,16.0,28.0,22.0,24.0,0.0,0.0,186.0,2578.0,5911.0,30141.0,0.0,0.0,260.0,260.0,260.0,260.0,1,raw_available,0.0,
AG69005T2,STB,KT4A,AG69005T2,0,STBKT4A,FUJI,2020-11-16,2020-11-22,2004.0,200,230/72.5/11,62.0,9.0,26.0,23.0,70.0,0.0,0.0,153.0,2723.0,9464.0,33327.0,0.0,10.0,282.0,272.0,282.0,282.0,1,raw_available,10.0,
AG69005T2,STB,KT4A,AG69005T2,0,STBKT4A,FUJI,2021-07-10,2021-09-14,2004.0,200,230/72.5/11,67.0,20.0,34.0,25.0,34.0,4.0,0.0,219.0,2601.0,7871.0,34407.0,0.0,3.0,319.0,316.0,319.0,319.0,1,raw_available,3.0,
AG69005T2,STB,KT4A,AG69005T2,0,STBKT4A,FUJI,2021-11-13,2021-11-19,2004.0,200,230/72.5/11,58.0,12.0,35.0,40.0,36.0,0.0,0.0,169.0,4830.0,4500.0,31340.0,11.0,24.0,315.0,280.0,315.0,315.0,1,raw_available,35.0,
AG69005T2,STB,KT4A,AG69005T2,0,STBKT4A,FUJI,2022-05-23,2022-06-04,2004.0,200,230/72.5/11,,21.0,2.0,6.0,15.0,2.0,0.0,15.0,1318.0,6833.0,47971.0,7.0,16.0,73.0,40.0,73.0,73.0,1,raw_available,33.0,
AG69005T2,STB,KT4A,AG69005T2,0,STBKT4A,FUJI,2022-11-24,2022-11-28,2004.0,200,230/72.5/11,55.0,9.0,24.0,38.0,39.0,1.0,0.0,115.0,2250.0,4900.0,37060.0,10.0,21.0,248.0,217.0,248.0,248.0,1,raw_available,31.0,
AG69005T2,STB,KT4A,AG69005T2,0,STBKT4A,FUJI,2023-05-19,2023-05-22,2004.0,200,230/72.5/11,56.0,9.0,27.0,39.0,40.0,2.0,0.0,128.0,2291.0,7540.0,41700.0,0.0,28.0,264.0,236.0,264.0,264.0,1,raw_available,28.0,
AG69005T2,STB,KT4A,AG69005T2,0,STBKT4A,FUJI,2023-11-23,2023-12-19,2004.0,200,230/72.5/11,56.0,12.0,41.0,47.0,69.0,0.0,0.0,247.0,4013.0,9557.0,63710.0,0.0,34.0,438.0,404.0,438.0,438.0,1,raw_available,34.0,
AG69095T121,BN,KT7A,AG69095T121,0,BNKT7A,FUJI,2019-05-12,2019-05-25,1997.0,200,230/69/11,60.0,13.0,47.0,60.0,152.0,14.0,0.0,104.0,1678.0,6083.0,47224.0,0.0,80.0,457.0,377.0,457.0,457.0,1,raw_available,80.0,
AG69095T121,BN,KT7A,AG69095T121,0,BNKT7A,FUJI,2019-11-04,2019-12-13,1997.0,200,230/69/11,55.0,15.0,69.0,55.0,91.0,4.0,0.0,128.0,2281.0,10721.0,43512.0,0.0,62.0,409.0,347.0,409.0,409.0,1,raw_available,62.0,
AG69095T121,BN,KT7A,AG69095T121,0,BNKT7A,FUJI,2020-06-03,2020-07-03,1997.0,200,230/69/11,58.0,8.0,57.0,54.0,164.0,14.0,0.0,90.0,1652.0,5806.0,35645.0,0.0,64.0,443.0,379.0,443.0,443.0,1,raw_available,64.0,
AG69095T121,BN,KT7A,AG69095T121,0,BNKT7A,FUJI,2020-11-21,2020-11-30,1997.0,200,230/69/11,60.0,9.0,58.0,58.0,177.0,14.0,0.0,89.0,1668.0,4568.0,34405.0,46.0,20.0,462.0,396.0,462.0,462.0,1,raw_available,66.0,
AG69095T121,BN,KT7A,AG69095T121,0,BNKT7A,FUJI,2021-05-18,2021-06-21,1997.0,200,230/69/11,55.0,13.0,55.0,51.0,148.0,7.0,0.0,87.0,1542.0,4386.0,46351.0,4.0,43.0,395.0,348.0,395.0,395.0,1,raw_available,47.0,
AG69095T121,BN,KT7A,AG69095T121,0,BNKT7A,FUJI,2021-11-15,2021-11-21,1997.0,200,230/69/11,55.0,5.0,36.0,50.0,162.0,6.0,0.0,73.0,2279.0,3149.0,33915.0,3.0,108.0,438.0,327.0,438.0,438.0,1,raw_available,111.0,
AG69095T121,BN,KT7A,AG69095T121,0,BNKT7A,FUJI,2022-05-30,2022-06-04,1997.0,200,230/69/11,51.0,24.0,43.0,46.0,178.0,15.0,0.0,84.0,1739.0,6486.0,51641.0,0.0,45.0,411.0,366.0,411.0,411.0,1,raw_available,45.0,
AG69095T121,BN,KT7A,AG69095T121,0,BNKT7A,FUJI,2022-11-26,2022-11-28,1997.0,200,230/69/11,51.0,5.0,38.0,61.0,176.0,12.0,0.0,88.0,1788.0,8684.0,36723.0,57.0,80.0,512.0,375.0,512.0,512.0,1,raw_available,137.0,
AG69095T121,BN,KT7A,AG69095T121,0,BNKT7A,FUJI,2023-05-19,2023-05-25,1997.0,200,230/69/11,46.0,10.0,59.0,71.0,187.0,16.0,0.0,117.0,1522.0,4435.0,43658.0,5.0,87.0,542.0,450.0,542.0,542.0,1,raw_available,92.0,
AG69095T121,BN,KT7A,AG69095T121,0,BNKT7A,FUJI,2023-11-24,2023-12-25,1997.0,200,230/69/11,50.0,12.0,74.0,77.0,130.0,16.0,0.0,161.0,2549.0,8600.0,41744.0,7.0,16.0,481.0,458.0,481.0,481.0,1,raw_available,23.0,
AG69095T131,NPO2,KT3A,AG69095T131,0,NPO2KT3A,FUJI,2019-09-22,2019-09-26,1998.0,200,230/115/11,,21.0,0.0,0.0,10.0,1.0,0.0,35.0,61.0,8401.0,25589.0,0.0,8.0,54.0,46.0,54.0,54.0,1,raw_available,8.0,
AG69095T131,NPO2,KT3A,AG69095T131,0,NPO2KT3A,FUJI,2021-06-01,2021-06-06,1998.0,200,230/115/11,,14.0,7.0,0.0,1.0,0.0,0.0,2.0,11.0,6280.0,23332.0,0.0,0.0,10.0,10.0,10.0,10.0,1,raw_available,0.0,ก่อนทดสอบ HV Test
AG69095T131,NPO2,KT3A,AG69095T131,0,NPO2KT3A,FUJI,2021-06-02,2021-06-06,1998.0,200,230/115/11,,19.0,7.0,0.0,1.0,0.0,0.0,3.0,12.0,3444.0,18000.0,0.0,0.0,11.0,11.0,11.0,11.0,1,raw_available,0.0,หลังทดสอบ HV Test ครั้งที่1
AG69095T131,NPO2,KT3A,AG69095T131,0,NPO2KT3A,FUJI,2021-06-04,2021-06-06,1998.0,200,230/115/11,,7.0,0.0,0.0,1.0,0.0,0.0,1.0,11.0,9166.0,26130.0,0.0,0.0,2.0,2.0,2.0,2.0,1,raw_available,0.0,หลังทดสอบ HV Test ครั้งที่2
AG69095T131,NPO2,KT3A,AG69095T131,0,NPO2KT3A,FUJI,2021-07-09,2021-07-16,1998.0,200,230/115/11,,6.0,0.0,0.0,0.0,0.0,0.0,7.0,75.0,6380.0,18979.0,0.0,0.0,7.0,7.0,7.0,7.0,1,raw_available,0.0,หม้อแปลงส่งซ่อมที่ บริษัท ถิรไทย จำกัด Before dielectric test.
AG69095T131,NPO2,KT3A,AG69095T131,0,NPO2KT3A,FUJI,2021-07-10,2021-07-16,1998.0,200,230/115/11,,7.0,12.0,0.0,0.0,0.0,0.0,18.0,58.0,6836.0,19002.0,0.0,0.0,30.0,30.0,30.0,30.0,1,raw_available,0.0,หม้อแปลงส่งซ่อมที่ บริษัท ถิรไทย จำกัด After dielectric test.
AG69095T131,NPO2,KT3A,AG69095T131,0,NPO2KT3A,FUJI,2022-02-25,2022-03-27,1998.0,200,230/115/11,58.0,18.0,6.0,0.0,0.0,0.0,0.0,18.0,208.0,7980.0,22980.0,0.0,0.0,24.0,24.0,24.0,24.0,1,raw_available,0.0,
AG69095T131,NPO2,KT3A,AG69095T131,0,NPO2KT3A,FUJI,2022-02-26,2022-03-03,1998.0,200,230/115/11,,15.0,7.0,0.0,0.0,0.0,0.0,27.0,373.0,6862.0,13492.0,0.0,0.0,34.0,34.0,34.0,34.0,1,raw_available,0.0,
AG69095T131,NPO2,KT3A,AG69095T131,0,NPO2KT3A,FUJI,2023-02-24,2023-03-12,1998.0,200,230/115/11,56.0,11.0,17.0,4.0,1.0,2.0,0.0,181.0,991.0,20042.0,48745.0,1.0,1.0,207.0,205.0,207.0,207.0,1,raw_available,2.0,
AG69095T131,NPO2,KT3A,AG69095T131,0,NPO2KT3A,FUJI,2023-08-17,2023-10-09,1998.0,200,230/115/11,58.0,16.0,22.0,30.0,3.0,6.0,0.0,187.0,1122.0,15030.0,26300.0,14.0,1.0,263.0,248.0,263.0,263.0,1,raw_available,15.0,
AG69095T131,NPO2,KT3A,AG69095T131,0,NPO2KT3A,FUJI,2024-03-09,2024-04-08,1998.0,200,230/115/11,67.0,11.0,38.0,0.0,0.0,0.0,0.0,441.0,1704.0,9390.0,25669.0,0.0,0.0,479.0,479.0,479.0,479.0,1,raw_available,0.0,
AG69095T221,BN,KT8A,AG69095T221,0,BNKT8A,FUJI,2019-05-12,2019-05-25,1998.0,200,230/69/11,58.0,13.0,72.0,63.0,85.0,13.0,0.0,165.0,2776.0,4257.0,40662.0,0.0,43.0,441.0,398.0,441.0,441.0,1,raw_available,43.0,
AG69095T221,BN,KT8A,AG69095T221,0,BNKT8A,FUJI,2019-11-04,2019-12-14,1998.0,200,230/69/11,55.0,44.0,38.0,47.0,183.0,13.0,0.0,74.0,1548.0,10432.0,50742.0,0.0,81.0,436.0,355.0,436.0,436.0,1,raw_available,81.0,
AG69095T221,BN,KT8A,AG69095T221,0,BNKT8A,FUJI,2020-06-03,2020-07-03,1998.0,200,230/69/11,52.0,12.0,97.0,68.0,97.0,13.0,0.0,142.0,2456.0,719534824.0,34824.0,0.0,34.0,451.0,417.0,451.0,451.0,1,raw_available,34.0,
AG69095T221,BN,KT8A,AG69095T221,0,BNKT8A,FUJI,2020-11-21,2020-11-30,1998.0,200,230/69/11,54.0,9.0,51.0,44.0,91.0,11.0,0.0,139.0,2673.0,6466.0,40534.0,0.0,49.0,385.0,336.0,385.0,385.0,1,raw_available,49.0,
AG69095T221,BN,KT8A,AG69095T221,0,BNKT8A,FUJI,2021-05-18,2021-06-21,1998.0,200,230/69/11,51.0,11.0,69.0,59.0,94.0,6.0,0.0,118.0,2532.0,5196.0,39558.0,7.0,65.0,418.0,346.0,418.0,418.0,1,raw_available,72.0,
AG69095T221,BN,KT8A,AG69095T221,0,BNKT8A,FUJI,2021-11-15,2021-11-21,1998.0,200,230/69/11,50.0,6.0,43.0,53.0,93.0,4.0,0.0,100.0,3099.0,4786.0,31487.0,0.0,71.0,364.0,293.0,364.0,364.0,1,raw_available,71.0,
AG69095T221,BN,KT8A,AG69095T221,0,BNKT8A,FUJI,2022-05-30,2022-06-04,1998.0,200,230/69/11,51.0,6.0,68.0,52.0,104.0,14.0,0.0,128.0,3278.0,7290.0,36363.0,6.0,31.0,403.0,366.0,403.0,403.0,1,raw_available,37.0,
AG69095T221,BN,KT8A,AG69095T221,0,BNKT8A,FUJI,2022-11-26,2022-11-28,1998.0,200,230/69/11,48.0,6.0,68.0,55.0,106.0,14.0,0.0,133.0,3281.0,9107.0,34793.0,79.0,71.0,526.0,376.0,526.0,526.0,1,raw_available,150.0,
AG69095T221,BN,KT8A,AG69095T221,0,BNKT8A,FUJI,2023-03-11,2023-03-20,1998.0,200,230/69/11,51.0,10.0,91.0,60.0,132.0,15.0,0.0,155.0,2561.0,4649.0,32241.0,0.0,43.0,496.0,453.0,496.0,496.0,1,raw_available,43.0,
AG69095T221,BN,KT8A,AG69095T221,0,BNKT8A,FUJI,2023-05-19,2023-05-25,1998.0,200,230/69/11,50.0,5.0,73.0,41.0,111.0,15.0,0.0,165.0,2301.0,5108.0,43292.0,7.0,55.0,467.0,405.0,467.0,467.0,1,raw_available,62.0,
AG69095T221,BN,KT8A,AG69095T221,0,BNKT8A,FUJI,2023-11-24,2023-12-25,1998.0,200,230/69/11,45.0,55.0,70.0,74.0,219.0,18.0,0.0,152.0,2176.0,7895.0,44637.0,5.0,92.0,630.0,533.0,630.0,630.0,1,raw_available,97.0,
AG69095T311,NW,KT1A,AG69095T311,0,NWKT1A,FUJI,2019-03-18,2019-08-26,1997.0,25,115/33/11,,24.0,13.0,43.0,166.0,11.0,0.0,161.0,1709.0,15504.0,45338.0,0.0,85.0,479.0,394.0,479.0,479.0,1,raw_available,85.0,
AG69095T311,NW,KT1A,AG69095T311,0,NWKT1A,FUJI,2019-08-25,2019-10-18,1997.0,25,115/33/11,47.0,23.0,26.0,54.0,206.0,18.0,0.0,169.0,1652.0,5051.0,56404.0,15.0,113.0,601.0,473.0,601.0,601.0,1,raw_available,128.0,
AG69095T311,NW,KT1A,AG69095T311,0,NWKT1A,FUJI,2020-07-18,2020-08-24,1997.0,25,115/33/11,50.0,18.0,28.0,64.0,201.0,8.0,0.0,58.0,1089.0,6577.0,47854.0,13.0,117.0,489.0,359.0,489.0,489.0,1,raw_available,130.0,
AG69095T311,NW,KT1A,AG69095T311,0,NWKT1A,FUJI,2021-07-10,2021-11-04,1997.0,25,115/33/11,50.0,25.0,44.0,65.0,207.0,12.0,0.0,73.0,1460.0,13948.0,54891.0,0.0,24.0,425.0,401.0,425.0,425.0,1,raw_available,24.0,
AG69095T311,NW,KT1A,AG69095T311,0,NWKT1A,FUJI,2022-07-04,2022-07-24,1997.0,25,115/33/11,51.0,19.0,9.0,2.0,1.0,2.0,0.0,443.0,2556.0,11100.0,59620.0,15.0,3.0,475.0,457.0,475.0,475.0,1,raw_available,18.0,ไม่ได้ออกผลขอเก็บตัวอย่างใหม่
AG69095T311,NW,KT1A,AG69095T311,0,NWKT1A,FUJI,2022-08-20,2022-09-02,1997.0,25,115/33/11,,22.0,11.0,44.0,273.0,90.0,0.0,99.0,1165.0,2081.0,53417.0,18.0,110.0,645.0,517.0,645.0,645.0,1,raw_available,128.0,
AG69095T311,NW,KT1A,AG69095T311,0,NWKT1A,FUJI,2023-08-05,2023-12-04,1997.0,25,115/33/11,32.0,12.0,19.0,59.0,245.0,14.0,0.0,93.0,1139.0,5691.0,60586.0,0.0,106.0,536.0,430.0,536.0,536.0,1,raw_available,106.0,
AG69095T312,RPB,KT4A,AG69095T312,0,RPBKT4A,FUJI,2020-11-02,2020-11-27,1997.0,25,115/33/11,54.0,20.0,22.0,9.0,157.0,8.0,0.0,132.0,1891.0,5489.0,31435.0,0.0,62.0,390.0,328.0,390.0,390.0,1,raw_available,62.0,
AG69095T312,RPB,KT4A,AG69095T312,0,RPBKT4A,FUJI,2021-11-07,2021-11-22,1997.0,25,115/33/11,46.0,12.0,6.0,12.0,23.0,0.0,0.0,50.0,1284.0,1580.0,15460.0,3.0,12.0,106.0,91.0,106.0,106.0,1,raw_available,15.0,
AG69095T312,RPB,KT4A,AG69095T312,0,RPBKT4A,FUJI,2022-04-10,2022-04-23,1997.0,25,115/33/11,50.0,20.0,12.0,10.0,25.0,0.0,0.0,41.0,1112.0,6364.0,33718.0,0.0,14.0,102.0,88.0,102.0,102.0,1,raw_available,14.0,
AG69095T312,RPB,KT4A,AG69095T312,0,RPBKT4A,FUJI,2022-12-19,2023-01-13,1997.0,25,115/33/11,47.0,12.0,23.0,16.0,45.0,2.0,0.0,69.0,1008.0,9438.0,29081.0,2.0,26.0,183.0,155.0,183.0,183.0,1,raw_available,28.0,
AG69095T312,RPB,KT4A,AG69095T312,0,RPBKT4A,FUJI,2023-11-27,2024-01-25,1997.0,25,115/33/11,49.0,18.0,16.0,17.0,47.0,3.0,0.0,71.0,1169.0,9442.0,32613.0,3.0,23.0,180.0,154.0,180.0,180.0,1,raw_available,26.0,
AG69095T313,PTN,KT3A,AG69095T313,0,PTNKT3A,FUJI,2019-03-17,2019-08-29,2012.0,25,115/33/11,51.0,29.0,8.0,32.0,100.0,5.0,0.0,114.0,1137.0,10598.0,45480.0,0.0,50.0,309.0,259.0,309.0,309.0,1,raw_available,50.0,
AG69095T313,PTN,KT3A,AG69095T313,0,PTNKT3A,FUJI,2019-08-25,2019-10-18,2012.0,25,115/33/11,49.0,,11.0,37.0,132.0,3.0,0.0,121.0,1284.0,12017.0,51284.0,0.0,67.0,371.0,304.0,371.0,371.0,1,raw_available,67.0,
AG69095T313,PTN,KT3A,AG69095T313,0,PTNKT3A,FUJI,2020-07-19,2020-08-24,2012.0,25,115/33/11,48.0,20.0,21.0,41.0,134.0,2.0,0.0,101.0,1265.0,3955.0,47554.0,0.0,79.0,378.0,299.0,378.0,378.0,1,raw_available,79.0,
AG69095T313,PTN,KT3A,AG69095T313,0,PTNKT3A,FUJI,2021-07-10,2021-11-04,2012.0,25,115/33/11,,20.0,12.0,23.0,105.0,5.0,0.0,89.0,935.0,5094.0,30030.0,0.0,10.0,244.0,234.0,244.0,244.0,1,raw_available,10.0,
AG69095T313,PTN,KT3A,AG69095T313,0,PTNKT3A,FUJI,2022-07-14,2022-07-25,2012.0,25,115/33/11,52.0,19.0,17.0,19.0,108.0,8.0,0.0,126.0,1421.0,6006.0,34477.0,0.0,29.0,307.0,278.0,307.0,307.0,1,raw_available,29.0,
AG69095T313,PTN,KT3A,AG69095T313,0,PTNKT3A,FUJI,2023-07-16,2023-11-23,2012.0,25,115/33/11,50.0,20.0,10.0,60.0,122.0,8.0,0.0,172.0,1816.0,9183.0,46110.0,9.0,70.0,451.0,372.0,451.0,451.0,1,raw_available,79.0,
AG69095T321,YL1,KT2A,AG69095T321,0,YL1KT2A,FUJI,2019-04-06,2019-08-26,1997.0,25,115/33/11,50.0,26.0,13.0,35.0,128.0,9.0,0.0,105.0,1227.0,15510.0,44729.0,0.0,69.0,359.0,290.0,359.0,359.0,1,raw_available,69.0,
AG69095T321,YL1,KT2A,AG69095T321,0,YL1KT2A,FUJI,2019-09-02,2019-10-18,1997.0,25,115/33/11,48.0,28.0,28.0,56.0,186.0,22.0,0.0,96.0,1187.0,6714.0,61982.0,22.0,97.0,507.0,388.0,507.0,507.0,1,raw_available,119.0,
AG69095T321,YL1,KT2A,AG69095T321,0,YL1KT2A,FUJI,2020-07-26,2020-08-24,1997.0,25,115/33/11,49.0,14.0,33.0,55.0,187.0,6.0,0.0,74.0,1754.0,6682.0,51582.0,1.0,109.0,465.0,355.0,465.0,465.0,1,raw_available,110.0,
AG69095T321,YL1,KT2A,AG69095T321,0,YL1KT2A,FUJI,2021-07-12,2021-11-04,1997.0,25,115/33/11,44.0,20.0,69.0,60.0,213.0,11.0,0.0,110.0,1468.0,14716.0,56806.0,0.0,30.0,493.0,463.0,493.0,493.0,1,raw_available,30.0,
AG69095T321,YL1,KT2A,AG69095T321,0,YL1KT2A,FUJI,2022-07-15,2022-07-24,1997.0,25,115/33/11,44.0,16.0,77.0,41.0,237.0,15.0,0.0,121.0,1970.0,8877.0,53738.0,0.0,59.0,550.0,491.0,550.0,550.0,1,raw_available,59.0,
AG69095T321,YL1,KT2A,AG69095T321,0,YL1KT2A,FUJI,2023-07-14,2023-12-04,1997.0,25,115/33/11,39.0,10.0,16.0,78.0,269.0,16.0,0.0,135.0,2161.0,12449.0,74398.0,10.0,96.0,620.0,514.0,620.0,620.0,1,raw_available,106.0,
AG69095T323,PN,KT1A,AG69095T323,0,PNKT1A,FUJI,2019-03-20,2019-07-05,1997.0,25,115/33/11,,28.0,10.0,2.0,1.0,4.0,0.0,103.0,753.0,8352.0,40696.0,2.0,0.0,122.0,120.0,122.0,122.0,1,raw_available,2.0,
AG69095T323,PN,KT1A,AG69095T323,0,PNKT1A,FUJI,2019-09-14,2019-11-23,1997.0,25,115/33/11,50.0,34.0,17.0,7.0,0.0,0.0,0.0,0.0,0.0,7800.0,45490.0,0.0,0.0,24.0,24.0,24.0,24.0,1,raw_available,0.0,
AG69095T323,PN,KT1A,AG69095T323,0,PNKT1A,FUJI,2020-11-30,2020-12-12,1997.0,25,115/33/11,37.0,16.0,48.0,8.0,16.0,1.0,0.0,226.0,1597.0,245592.0,172990.0,3.0,6.0,308.0,299.0,308.0,308.0,1,raw_available,9.0,
AG69095T323,PN,KT1A,AG69095T323,0,PNKT1A,FUJI,2020-12-15,2021-01-10,1997.0,25,115/33/11,37.0,13.0,54.0,3.0,2.0,0.0,0.0,213.0,1359.0,6231.0,32199.0,0.0,0.0,272.0,272.0,272.0,272.0,1,raw_available,0.0,
AG69095T323,PN,KT1A,AG69095T323,0,PNKT1A,FUJI,2021-09-19,2021-11-16,1997.0,25,115/33/11,31.0,19.0,1.0,0.0,0.0,0.0,0.0,51.0,468.0,7210.0,26590.0,2.0,0.0,54.0,52.0,54.0,54.0,1,raw_available,2.0,
AG69095T323,PN,KT1A,AG69095T323,0,PNKT1A,FUJI,2022-09-17,2022-10-08,1997.0,25,115/33/11,28.0,11.0,11.0,1.0,6.0,5.0,0.0,112.0,842.0,5381.0,22242.0,2.0,1.0,138.0,135.0,138.0,138.0,1,raw_available,3.0,
AG69095T323,PN,KT1A,AG69095T323,0,PNKT1A,FUJI,2023-09-15,2023-11-06,1997.0,25,115/33/11,27.0,21.0,12.0,7.0,10.0,7.0,0.0,134.0,1131.0,11890.0,35637.0,2.0,2.0,174.0,170.0,174.0,174.0,1,raw_available,4.0,
AG69095T331,PK2,KT1A,AG69095T331,0,PK2KT1A,FUJI,2019-04-01,2019-06-30,1998.0,25,115/33/11,56.0,23.0,17.0,27.0,69.0,6.0,0.0,99.0,1573.0,13927.0,41078.0,0.0,22.0,240.0,218.0,240.0,240.0,1,raw_available,22.0,
AG69095T331,PK2,KT1A,AG69095T331,0,PK2KT1A,FUJI,2019-09-07,2019-11-24,1998.0,25,115/33/11,53.0,28.0,17.0,22.0,77.0,5.0,0.0,89.0,1476.0,14076.0,49833.0,0.0,32.0,242.0,210.0,242.0,242.0,1,raw_available,32.0,
AG69095T331,PK2,KT1A,AG69095T331,0,PK2KT1A,FUJI,2020-09-13,2020-11-16,1998.0,25,115/33/11,56.0,19.0,18.0,33.0,94.0,6.0,0.0,99.0,1780.0,9127.0,38171.0,42.0,0.0,292.0,250.0,292.0,292.0,1,raw_available,42.0,
AG69095T331,PK2,KT1A,AG69095T331,0,PK2KT1A,FUJI,2021-09-18,2021-11-17,1998.0,25,115/33/11,62.0,13.0,20.0,36.0,107.0,6.0,0.0,105.0,1948.0,10804.0,38751.0,0.0,22.0,296.0,274.0,296.0,296.0,1,raw_available,22.0,
AG69095T331,PK2,KT1A,AG69095T331,0,PK2KT1A,FUJI,2022-09-18,2022-10-08,1998.0,25,115/33/11,56.0,12.0,15.0,2.0,76.0,7.0,0.0,193.0,2088.0,10892.0,31294.0,6.0,38.0,337.0,293.0,337.0,337.0,1,raw_available,44.0,
AG69095T331,PK2,KT1A,AG69095T331,0,PK2KT1A,FUJI,2023-09-17,2023-10-26,1998.0,25,115/33/11,60.0,18.0,11.0,24.0,72.0,4.0,0.0,236.0,1939.0,8794.0,43896.0,0.0,49.0,396.0,347.0,396.0,396.0,1,raw_available,49.0,
AG69095T332,NW,KT2A,AG69095T332,0,NWKT2A,FUJI,2019-03-18,2019-08-29,1997.0,25,115/33/11,49.0,24.0,8.0,29.0,101.0,7.0,0.0,73.0,981.0,7165.0,40048.0,0.0,61.0,279.0,218.0,279.0,279.0,1,raw_available,61.0,
AG69095T332,NW,KT2A,AG69095T332,0,NWKT2A,FUJI,2019-08-25,2019-10-18,1997.0,25,115/33/11,46.0,23.0,21.0,44.0,134.0,15.0,0.0,40.0,1182.0,1218.0,65014.0,21.0,87.0,362.0,254.0,362.0,362.0,1,raw_available,108.0,
AG69095T332,NW,KT2A,AG69095T332,0,NWKT2A,FUJI,2020-07-18,2020-08-24,1997.0,25,115/33/11,51.0,18.0,17.0,40.0,128.0,8.0,0.0,74.0,949.0,6637.0,49718.0,0.0,66.0,333.0,267.0,333.0,333.0,1,raw_available,66.0,
AG69095T332,NW,KT2A,AG69095T332,0,NWKT2A,FUJI,2021-07-10,2021-11-04,1997.0,25,115/33/11,51.0,31.0,34.0,41.0,109.0,6.0,0.0,51.0,777.0,29791.0,75184.0,0.0,19.0,260.0,241.0,260.0,260.0,1,raw_available,19.0,
AG69095T332,NW,KT2A,AG69095T332,0,NWKT2A,FUJI,2022-07-04,2022-07-25,1997.0,25,115/33/11,51.0,21.0,45.0,39.0,240.0,14.0,0.0,65.0,1199.0,14195.0,55009.0,0.0,58.0,461.0,403.0,461.0,461.0,1,raw_available,58.0,
AG69095T332,NW,KT2A,AG69095T332,0,NWKT2A,FUJI,2023-08-05,2023-12-04,1997.0,25,115/33/11,52.0,11.0,18.0,46.0,171.0,10.0,0.0,90.0,1174.0,6418.0,58246.0,9.0,74.0,418.0,335.0,418.0,418.0,1,raw_available,83.0,
AG69095T412,KNG,KT2A,AG69095T412,0,KNGKT2A,FUJI,2019-03-24,2019-04-21,1993.0,15,115/22/11,47.0,18.0,33.0,48.0,122.0,10.0,0.0,105.0,1371.0,8011.0,37299.0,0.0,65.0,383.0,318.0,383.0,383.0,1,raw_available,65.0,
AG69095T412,KNG,KT2A,AG69095T412,0,KNGKT2A,FUJI,2020-03-23,2020-05-25,1993.0,15,115/22/11,63.0,17.0,67.0,67.0,176.0,4.0,0.0,94.0,958.0,15330.0,50000.0,0.0,99.0,507.0,408.0,507.0,507.0,1,raw_available,99.0,
AG69095T412,KNG,KT2A,AG69095T412,0,KNGKT2A,FUJI,2021-01-03,2021-02-05,1993.0,15,115/22/11,50.0,9.0,36.0,57.0,134.0,3.0,0.0,85.0,1866.0,5510.0,50476.0,0.0,76.0,391.0,315.0,391.0,391.0,1,raw_available,76.0,
AG69095T412,KNG,KT2A,AG69095T412,0,KNGKT2A,FUJI,2022-03-01,2022-03-27,1993.0,15,115/22/11,49.0,18.0,30.0,0.0,154.0,9.0,0.0,121.0,1518.0,6851.0,33815.0,0.0,40.0,354.0,314.0,354.0,354.0,1,raw_available,40.0,
AG69095T412,KNG,KT2A,AG69095T412,0,KNGKT2A,FUJI,2023-02-27,2023-03-11,1993.0,15,115/22/11,55.0,6.0,10.0,36.0,117.0,3.0,0.0,131.0,3761.0,5304.0,33095.0,2.0,62.0,361.0,297.0,361.0,361.0,1,raw_available,64.0,
AG69095T412,KNG,KT2A,AG69095T412,0,KNGKT2A,FUJI,2024-02-26,2024-04-08,1993.0,15,115/22/11,61.0,17.0,15.0,57.0,184.0,9.0,0.0,156.0,1370.0,11498.0,32702.0,7.0,83.0,511.0,421.0,511.0,511.0,1,raw_available,90.0,
AG69095T421,NN,KT1A,AG69095T421,0,NNKT1A,FUJI,2019-02-09,2019-05-10,1997.0,25,115/22,52.0,18.0,20.0,0.0,15.0,0.0,0.0,75.0,634.0,7064.0,24955.0,0.0,10.0,120.0,110.0,120.0,120.0,1,raw_available,10.0,
AG69095T421,NN,KT1A,AG69095T421,0,NNKT1A,FUJI,2020-03-13,2020-05-15,1997.0,25,115/22,,16.0,3.0,15.0,14.0,1.0,0.0,40.0,544.0,11972.0,39594.0,0.0,9.0,82.0,73.0,82.0,82.0,1,raw_available,9.0,research
AG69095T421,NN,KT1A,AG69095T421,0,NNKT1A,FUJI,2020-04-11,2020-05-24,1997.0,25,115/22,55.0,20.0,20.0,0.0,16.0,0.0,0.0,64.0,565.0,9591.0,23947.0,0.0,0.0,100.0,100.0,100.0,100.0,1,raw_available,0.0,
AG69095T421,NN,KT1A,AG69095T421,0,NNKT1A,FUJI,2021-02-10,2021-05-27,1997.0,25,115/22,53.0,22.0,19.0,12.0,22.0,2.0,0.0,137.0,1410.0,12582.0,45313.0,0.0,13.0,205.0,192.0,205.0,205.0,1,raw_available,13.0,
AG69095T421,NN,KT1A,AG69095T421,0,NNKT1A,FUJI,2022-01-23,2022-02-05,1997.0,25,115/22,48.0,11.0,15.0,10.0,20.0,1.0,0.0,51.0,731.0,4631.0,28647.0,0.0,15.0,112.0,97.0,112.0,112.0,1,raw_available,15.0,
AG69095T421,NN,KT1A,AG69095T421,0,NNKT1A,FUJI,2023-01-21,2023-02-02,1997.0,25,115/22,50.0,18.0,10.0,13.0,29.0,1.0,0.0,80.0,796.0,5778.0,27129.0,0.0,16.0,149.0,133.0,149.0,149.0,1,raw_available,16.0,
AG69095T421,NN,KT1A,AG69095T421,0,NNKT1A,FUJI,2024-01-20,2024-02-10,1997.0,25,115/22,48.0,7.0,15.0,14.0,27.0,13.0,0.0,85.0,795.0,4740.0,9510.0,13.0,8.0,175.0,154.0,175.0,175.0,1,raw_available,21.0,
AG69095T431,KTL,KT2A,AG69095T431,0,KTLKT2A,FUJI,2019-03-13,2019-04-08,1998.0,25,115/22/11,52.0,10.0,18.0,0.0,11.0,3.0,0.0,112.0,762.0,7531.0,30963.0,0.0,6.0,150.0,144.0,150.0,150.0,1,raw_available,6.0,
AG69095T431,KTL,KT2A,AG69095T431,0,KTLKT2A,FUJI,2020-03-14,2020-03-29,1998.0,25,115/22/11,47.0,11.0,37.0,11.0,29.0,0.0,0.0,120.0,812.0,3178.0,23009.0,0.0,0.0,197.0,197.0,197.0,197.0,1,raw_available,0.0,
AG69095T431,KTL,KT2A,AG69095T431,0,KTLKT2A,FUJI,2021-01-29,2021-04-20,1998.0,25,115/22/11,40.0,49.0,33.0,5.0,16.0,0.0,0.0,119.0,818.0,7385.0,37012.0,0.0,13.0,186.0,173.0,186.0,186.0,1,raw_available,13.0,
AG69095T431,KTL,KT2A,AG69095T431,0,KTLKT2A,FUJI,2022-02-17,2022-03-26,1998.0,25,115/22/11,49.0,7.0,40.0,19.0,47.0,1.0,0.0,78.0,1198.0,5856.0,41763.0,10.0,30.0,225.0,185.0,225.0,225.0,1,raw_available,40.0,
AG69095T431,KTL,KT2A,AG69095T431,0,KTLKT2A,FUJI,2023-02-16,2023-03-05,1998.0,25,115/22/11,56.0,10.0,31.0,26.0,53.0,6.0,0.0,113.0,1147.0,9299.0,31295.0,4.0,15.0,248.0,229.0,248.0,248.0,1,raw_available,19.0,
AG69095T431,KTL,KT2A,AG69095T431,0,KTLKT2A,FUJI,2024-02-16,2024-03-18,1998.0,25,115/22/11,60.0,5.0,35.0,32.0,91.0,8.0,0.0,133.0,1579.0,6885.0,40347.0,4.0,35.0,338.0,299.0,338.0,338.0,1,raw_available,39.0,
AG69095T432,PHK,KT2A,AG69095T432,0,PHKKT2A,FUJI,2020-02-25,2020-03-29,1998.0,25,115/22,51.0,10.0,73.0,16.0,20.0,0.0,0.0,31.0,345.0,4615.0,20748.0,0.0,11.0,151.0,140.0,151.0,151.0,1,raw_available,11.0,
AG69095T432,PHK,KT2A,AG69095T432,0,PHKKT2A,FUJI,2021-02-23,2021-05-21,1998.0,25,115/22,54.0,23.0,40.0,16.0,28.0,3.0,0.0,34.0,228.0,11458.0,42225.0,2.0,12.0,135.0,121.0,135.0,135.0,1,raw_available,14.0,
AG69095T432,PHK,KT2A,AG69095T432,0,PHKKT2A,FUJI,2022-03-20,2022-04-10,1998.0,25,115/22,54.0,20.0,34.0,18.0,44.0,4.0,0.0,50.0,760.0,5645.0,23184.0,0.0,4.0,154.0,150.0,154.0,154.0,1,raw_available,4.0,
AG69095T432,PHK,KT2A,AG69095T432,0,PHKKT2A,FUJI,2023-01-30,2023-02-12,1998.0,25,115/22,47.0,10.0,29.0,21.0,45.0,2.0,0.0,38.0,537.0,6860.0,25360.0,0.0,22.0,157.0,135.0,157.0,157.0,1,raw_available,22.0,
AG69095T432,PHK,KT2A,AG69095T432,0,PHKKT2A,FUJI,2024-04-22,2024-04-30,1998.0,25,115/22,40.0,11.0,12.0,27.0,76.0,6.0,0.0,30.0,253.0,15546.0,48911.0,3.0,23.0,177.0,151.0,177.0,177.0,1,raw_available,26.0,สุ่มทดสอบซ้ำอีกครั้ง
AG69095T434,NN,KT2A,AG69095T434,0,NNKT2A,FUJI,2019-02-09,2019-05-12,1998.0,25,115/22,53.0,26.0,35.0,25.0,67.0,4.0,0.0,76.0,829.0,10123.0,32638.0,0.0,18.0,225.0,207.0,225.0,225.0,1,raw_available,18.0,
AG69095T434,NN,KT2A,AG69095T434,0,NNKT2A,FUJI,2020-04-11,2020-05-24,1998.0,25,115/22,55.0,34.0,24.0,27.0,64.0,6.0,0.0,78.0,887.0,10458.0,26705.0,0.0,23.0,222.0,199.0,222.0,222.0,1,raw_available,23.0,
AG69095T434,NN,KT2A,AG69095T434,0,NNKT2A,FUJI,2021-02-10,2021-05-24,1998.0,25,115/22,52.0,28.0,30.0,38.0,94.0,6.0,0.0,150.0,1955.0,10144.0,44244.0,0.0,41.0,359.0,318.0,359.0,359.0,1,raw_available,41.0,
AG69095T434,NN,KT2A,AG69095T434,0,NNKT2A,FUJI,2022-01-23,2022-02-06,1998.0,25,115/22,48.0,16.0,53.0,18.0,115.0,7.0,0.0,186.0,2151.0,4334.0,31797.0,0.0,66.0,445.0,379.0,445.0,445.0,1,raw_available,66.0,
AG69095T434,NN,KT2A,AG69095T434,0,NNKT2A,FUJI,2023-01-21,2023-02-03,1998.0,25,115/22,49.0,15.0,25.0,36.0,93.0,4.0,0.0,111.0,1641.0,2971.0,32305.0,29.0,46.0,344.0,269.0,344.0,344.0,1,raw_available,75.0,
AG69095T434,NN,KT2A,AG69095T434,0,NNKT2A,FUJI,2024-01-20,2024-02-10,1998.0,25,115/22,47.0,17.0,34.0,66.0,164.0,12.0,0.0,118.0,1902.0,5690.0,26820.0,91.0,88.0,573.0,394.0,573.0,573.0,1,raw_available,179.0,
AG69095T435,PO,KT2A,AG69095T435,0,POKT2A,FUJI,2019-04-02,2019-04-19,2000.0,25,115/22,54.0,13.0,9.0,22.0,136.0,11.0,0.0,76.0,1014.0,5440.0,41839.0,0.0,63.0,317.0,254.0,317.0,317.0,1,raw_available,63.0,
AG69095T435,PO,KT2A,AG69095T435,0,POKT2A,FUJI,2020-03-31,2020-05-26,2000.0,25,115/22,55.0,25.0,29.0,42.0,174.0,6.0,0.0,74.0,762.0,6748.0,43555.0,0.0,91.0,416.0,325.0,416.0,416.0,1,raw_available,91.0,
AG69095T435,PO,KT2A,AG69095T435,0,POKT2A,FUJI,2020-10-04,2020-10-27,2000.0,25,115/22,,14.0,13.0,27.0,169.0,5.0,0.0,67.0,650.0,6123.0,44490.0,0.0,88.0,369.0,281.0,369.0,369.0,1,raw_available,88.0,research
AG69095T435,PO,KT2A,AG69095T435,0,POKT2A,FUJI,2021-01-20,2021-02-01,2000.0,25,115/22,50.0,7.0,27.0,36.0,147.0,2.0,0.0,64.0,898.0,3065.0,51092.0,0.0,106.0,382.0,276.0,382.0,382.0,1,raw_available,106.0,
AG69095T435,PO,KT2A,AG69095T435,0,POKT2A,FUJI,2022-03-07,2022-03-27,2000.0,25,115/22,52.0,13.0,29.0,32.0,134.0,2.0,0.0,69.0,797.0,6050.0,55270.0,10.0,101.0,377.0,266.0,377.0,377.0,1,raw_available,111.0,
AG69095T435,PO,KT2A,AG69095T435,0,POKT2A,FUJI,2023-03-04,2023-03-17,2000.0,25,115/22,48.0,12.0,35.0,61.0,198.0,8.0,0.0,93.0,861.0,5689.0,52960.0,0.0,106.0,501.0,395.0,501.0,501.0,1,raw_available,106.0,
AG69095T435,PO,KT2A,AG69095T435,0,POKT2A,FUJI,2024-03-05,2024-04-08,2000.0,25,115/22,51.0,14.0,17.0,58.0,180.0,8.0,0.0,144.0,870.0,5966.0,41352.0,0.0,101.0,508.0,407.0,508.0,508.0,1,raw_available,101.0,
AG69095T436,PHK,KT1A,AG69095T436,0,PHKKT1A,FUJI,2020-02-25,2020-03-29,1998.0,25,115/22,52.0,17.0,26.0,42.0,55.0,2.0,0.0,84.0,424.0,6783.0,44042.0,0.0,37.0,246.0,209.0,246.0,246.0,1,raw_available,37.0,
AG69095T436,PHK,KT1A,AG69095T436,0,PHKKT1A,FUJI,2020-03-31,2020-05-18,1998.0,25,115/22,52.0,62.0,85.0,41.0,59.0,2.0,0.0,112.0,716.0,11278.0,69042.0,0.0,41.0,340.0,299.0,340.0,340.0,1,raw_available,41.0,
AG69095T436,PHK,KT1A,AG69095T436,0,PHKKT1A,FUJI,2021-02-23,2021-05-21,1998.0,25,115/22,54.0,24.0,18.0,38.0,65.0,6.0,0.0,86.0,253.0,10349.0,61385.0,7.0,30.0,250.0,213.0,250.0,250.0,1,raw_available,37.0,
AG69095T436,PHK,KT1A,AG69095T436,0,PHKKT1A,FUJI,2022-02-01,2022-02-19,1998.0,25,115/22,44.0,19.0,16.0,32.0,63.0,2.0,0.0,75.0,663.0,6304.0,51837.0,0.0,41.0,229.0,188.0,229.0,229.0,1,raw_available,41.0,
AG69095T436,PHK,KT1A,AG69095T436,0,PHKKT1A,FUJI,2023-01-30,2023-02-12,1998.0,25,115/22,48.0,8.0,12.0,47.0,93.0,3.0,0.0,89.0,590.0,6590.0,50030.0,14.0,57.0,315.0,244.0,315.0,315.0,1,raw_available,71.0,
AG69095T436,PHK,KT1A,AG69095T436,0,PHKKT1A,FUJI,2024-01-29,2024-03-09,1998.0,25,115/22,53.0,14.0,13.0,30.0,32.0,6.0,0.0,97.0,670.0,13040.0,43567.0,11.0,21.0,210.0,178.0,210.0,210.0,1,raw_available,32.0,
AN69001T11,SLB,KT3A,AN69001T11,0,SLBKT3A,FUJI,2019-08-10,2019-08-18,1998.0,25,115/22,50.0,11.0,9.0,23.0,21.0,2.0,0.0,158.0,1094.0,5676.0,30780.0,5.0,8.0,226.0,213.0,226.0,226.0,1,raw_available,13.0,
AN69001T11,SLB,KT3A,AN69001T11,0,SLBKT3A,FUJI,2020-03-13,2020-05-09,1998.0,25,115/22,50.0,29.0,3.0,21.0,17.0,3.0,0.0,172.0,905.0,7183.0,48641.0,3.0,15.0,234.0,216.0,234.0,234.0,1,raw_available,18.0,research
AN69001T11,SLB,KT3A,AN69001T11,0,SLBKT3A,FUJI,2020-10-18,2020-11-13,1998.0,25,115/22,51.0,12.0,34.0,18.0,11.0,1.0,0.0,171.0,1088.0,6485.0,49256.0,5.0,7.0,247.0,235.0,247.0,247.0,1,raw_available,12.0,
AN69001T11,SLB,KT3A,AN69001T11,0,SLBKT3A,FUJI,2021-08-01,2021-10-03,1998.0,25,115/22,52.0,29.0,6.0,13.0,20.0,5.0,0.0,129.0,850.0,19278.0,41483.0,0.0,0.0,173.0,173.0,173.0,173.0,1,raw_available,0.0,
AN69001T11,SLB,KT3A,AN69001T11,0,SLBKT3A,FUJI,2022-09-03,2022-09-15,1998.0,25,115/22,54.0,12.0,9.0,2.0,19.0,0.0,0.0,172.0,1170.0,5255.0,30812.0,0.0,0.0,202.0,202.0,202.0,202.0,1,raw_available,0.0,
AN69001T11,SLB,KT3A,AN69001T11,0,SLBKT3A,FUJI,2023-06-16,2023-07-02,1998.0,25,115/22,50.0,14.0,11.0,34.0,20.0,1.0,0.0,183.0,2474.0,4230.0,41680.0,8.0,12.0,269.0,249.0,269.0,269.0,1,raw_available,20.0,
AN69001T12,SM,KT2A,AN69001T12,0,SMKT2A,FUJI,2019-04-05,2019-04-12,1998.0,25,115/22,30.0,20.0,6.0,30.0,25.0,5.0,0.0,351.0,3415.0,6048.0,42388.0,5.0,11.0,433.0,417.0,433.0,433.0,1,raw_available,16.0,
AN69001T12,SM,KT2A,AN69001T12,0,SMKT2A,FUJI,2023-03-23,2023-04-06,1998.0,25,115/22,52.0,21.0,3.0,56.0,29.0,2.0,0.0,393.0,4144.0,5974.0,48482.0,0.0,21.0,504.0,483.0,504.0,504.0,1,raw_available,21.0,
AN69001T12,SM,KT2A,AN69001T12,0,SMKT2A,FUJI,2024-03-16,2024-04-19,1998.0,25,115/22,0.0,17.0,8.0,56.0,36.0,26.0,0.0,376.0,4539.0,8477.0,53089.0,9.0,16.0,527.0,502.0,527.0,527.0,1,raw_available,25.0,
AN69001T21-1,PN,KT2A,AN69001T21-1,0,PNKT2A,FUJI,2019-03-20,2019-07-05,1998.0,25,115/33/11,,24.0,10.0,9.0,12.0,2.0,0.0,67.0,424.0,5599.0,41664.0,0.0,6.0,106.0,100.0,106.0,106.0,1,raw_available,6.0,
AN69001T21-1,PN,KT2A,AN69001T21-1,0,PNKT2A,FUJI,2020-09-12,2020-11-15,1998.0,25,115/33/11,54.0,26.0,25.0,5.0,7.0,0.0,0.0,38.0,184.0,8680.0,51910.0,10.0,4.0,89.0,75.0,89.0,89.0,1,raw_available,14.0,
AN69001T21-1,PN,KT2A,AN69001T21-1,0,PNKT2A,FUJI,2021-09-19,2021-11-16,1998.0,25,115/33/11,52.0,17.0,5.0,27.0,19.0,0.0,0.0,163.0,1529.0,4220.0,29580.0,29.0,13.0,256.0,214.0,256.0,256.0,1,raw_available,42.0,
AN69001T21-1,PN,KT2A,AN69001T21-1,0,PNKT2A,FUJI,2022-09-17,2022-10-08,1998.0,25,115/33/11,51.0,13.0,10.0,2.0,24.0,5.0,0.0,218.0,1534.0,4382.0,30907.0,0.0,7.0,266.0,259.0,266.0,266.0,1,raw_available,7.0,
AN69001T21-1,PN,KT2A,AN69001T21-1,0,PNKT2A,FUJI,2023-09-15,2023-11-06,1998.0,25,115/33/11,54.0,15.0,13.0,15.0,18.0,8.0,0.0,265.0,1405.0,8487.0,33722.0,3.0,9.0,331.0,319.0,331.0,331.0,1,raw_available,12.0,
AN69001T22,SDO,KT4A,AN69001T22,0,SDOKT4A,FUJI,2019-03-23,2019-08-25,1998.0,25,115/33/11,41.0,25.0,10.0,31.0,72.0,0.0,0.0,222.0,1408.0,9561.0,51352.0,0.0,18.0,353.0,335.0,353.0,353.0,1,raw_available,18.0,De-energize.
AN69001T22,SDO,KT4A,AN69001T22,0,SDOKT4A,FUJI,2019-07-15,2019-09-05,1998.0,25,115/33/11,63.0,34.0,16.0,34.0,48.0,8.0,0.0,291.0,1828.0,6450.0,49880.0,0.0,21.0,418.0,397.0,418.0,418.0,1,raw_available,21.0,
AN69001T22,SDO,KT4A,AN69001T22,0,SDOKT4A,FUJI,2020-07-05,2020-08-24,1998.0,25,115/33/11,63.0,32.0,12.0,31.0,58.0,8.0,0.0,263.0,1715.0,14418.0,50431.0,0.0,0.0,372.0,372.0,372.0,372.0,1,raw_available,0.0,
AN69001T22,SDO,KT4A,AN69001T22,0,SDOKT4A,FUJI,2021-08-08,2021-11-15,1998.0,25,115/33/11,62.0,28.0,3.0,63.0,83.0,2.0,0.0,304.0,3245.0,7750.0,60240.0,50.0,53.0,558.0,455.0,558.0,558.0,1,raw_available,103.0,
AN69001T22,SDO,KT4A,AN69001T22,0,SDOKT4A,FUJI,2022-07-11,2022-07-25,1998.0,25,115/33/11,41.0,14.0,8.0,3.0,10.0,1.0,0.0,55.0,681.0,4230.0,17817.0,0.0,0.0,77.0,77.0,77.0,77.0,1,raw_available,0.0,ไม่ได้ออกผลขอเก็บตัวอย่างใหม่
AN69001T22,SDO,KT4A,AN69001T22,0,SDOKT4A,FUJI,2022-08-19,2022-08-26,1998.0,25,115/33/11,54.0,10.0,7.0,0.0,6.0,0.0,0.0,38.0,662.0,7502.0,18290.0,0.0,0.0,51.0,51.0,51.0,51.0,1,raw_available,0.0,
AN69001T22,SDO,KT4A,AN69001T22,0,SDOKT4A,FUJI,2023-07-23,2023-11-05,1998.0,25,115/33/11,50.0,16.0,14.0,16.0,41.0,12.0,0.0,115.0,858.0,4764.0,28068.0,2.0,5.0,205.0,198.0,205.0,205.0,1,raw_available,7.0,
AN69001T31,TK2,KT1A,AN69001T31,0,TK2KT1A,FUJI,2019-08-09,2019-08-23,1998.0,25,115/69/22,48.0,16.0,31.0,277.0,131.0,501.0,0.0,109.0,1402.0,19281.0,54201.0,270.0,34.0,1353.0,1049.0,1353.0,1353.0,1,raw_available,304.0,ไม่น่าจะเป็นข้อมูลที่ได้จากเครื่อง DGA ที่ตรงกับใบแนบ (มั่วมา)
AN69001T31,TK2,KT1A,AN69001T31,0,TK2KT1A,FUJI,2020-08-16,2020-08-30,1998.0,25,115/69/22,50.0,26.0,35.0,58.0,180.0,5.0,0.0,119.0,1451.0,5082.0,54856.0,0.0,45.0,442.0,397.0,442.0,442.0,1,raw_available,45.0,
AN69001T31,TK2,KT1A,AN69001T31,0,TK2KT1A,FUJI,2021-08-02,2021-10-31,1998.0,25,115/69/22,52.0,26.0,10.0,64.0,196.0,16.0,0.0,195.0,1298.0,8839.0,62956.0,0.0,29.0,510.0,481.0,510.0,510.0,1,raw_available,29.0,
AN69001T31,TK2,KT1A,AN69001T31,0,TK2KT1A,FUJI,2022-09-04,2022-09-15,1998.0,25,115/69/22,57.0,17.0,6.0,22.0,197.0,18.0,0.0,230.0,1775.0,5245.0,62192.0,6.0,116.0,595.0,473.0,595.0,595.0,1,raw_available,122.0,
AN69001T31,TK2,KT1A,AN69001T31,0,TK2KT1A,FUJI,2023-05-03,2023-05-22,1998.0,25,115/69/22,35.0,14.0,2.0,56.0,248.0,14.0,0.0,199.0,1881.0,4503.0,60075.0,21.0,143.0,683.0,519.0,683.0,683.0,1,raw_available,164.0,
AN69001T31,TK2,KT1A,AN69001T31,0,TK2KT1A,FUJI,2024-05-24,2024-06-08,1998.0,25,115/69/22,60.0,15.0,2.0,128.0,246.0,17.0,0.0,291.0,1518.0,5921.0,77354.0,20.0,175.0,879.0,684.0,879.0,879.0,1,raw_available,195.0,
AN69003T1,SDO,KT3A,AN69003T1,0,SDOKT3A,FUJI,2019-03-23,2019-04-04,1998.0,66,132/121/33,37.0,23.0,7.0,19.0,96.0,5.0,0.0,85.0,482.0,11779.0,41215.0,0.0,46.0,258.0,212.0,258.0,258.0,1,raw_available,46.0,
AN69003T1,SDO,KT3A,AN69003T1,0,SDOKT3A,FUJI,2019-03-23,2019-08-26,1998.0,66,132/121/33,,25.0,3.0,17.0,93.0,4.0,0.0,68.0,465.0,14371.0,48401.0,0.0,50.0,235.0,185.0,235.0,235.0,1,raw_available,50.0,
AN69003T1,SDO,KT3A,AN69003T1,0,SDOKT3A,FUJI,2019-07-14,2019-09-05,1998.0,66,132/121/33,55.0,29.0,6.0,16.0,92.0,0.0,0.0,69.0,718.0,9973.0,43524.0,0.0,49.0,232.0,183.0,232.0,232.0,1,raw_available,49.0,
AN69003T1,SDO,KT3A,AN69003T1,0,SDOKT3A,FUJI,2020-07-14,2020-08-24,1998.0,66,132/121/33,51.0,25.0,19.0,16.0,97.0,1.0,0.0,44.0,841.0,8023.0,49902.0,3.0,64.0,244.0,177.0,244.0,244.0,1,raw_available,67.0,
AN69003T1,SDO,KT3A,AN69003T1,0,SDOKT3A,FUJI,2021-08-08,2021-11-15,1998.0,66,132/121/33,49.0,20.0,6.0,31.0,139.0,2.0,0.0,86.0,1708.0,4160.0,41840.0,14.0,91.0,369.0,264.0,369.0,369.0,1,raw_available,105.0,
AN69003T1,SDO,KT3A,AN69003T1,0,SDOKT3A,FUJI,2022-07-11,2022-07-24,1998.0,66,132/121/33,36.0,23.0,8.0,25.0,122.0,13.0,0.0,65.0,1469.0,7840.0,55230.0,10.0,82.0,325.0,233.0,325.0,325.0,1,raw_available,92.0,
AN69003T1,SDO,KT3A,AN69003T1,0,SDOKT3A,FUJI,2023-07-23,2023-11-05,1998.0,66,132/121/33,29.0,16.0,16.0,30.0,166.0,10.0,0.0,89.0,1729.0,10163.0,49972.0,10.0,73.0,394.0,311.0,394.0,394.0,1,raw_available,83.0,
AN69003T2,CM3,KT1A,AN69003T2,0,CM3KT1A,FUJI,2020-03-20,2020-05-16,1998.0,50,115/22,58.0,11.0,32.0,78.0,332.0,3.0,0.0,64.0,1704.0,4508.0,80257.0,0.0,183.0,692.0,509.0,692.0,692.0,1,raw_available,183.0,
AN69003T2,CM3,KT1A,AN69003T2,0,CM3KT1A,FUJI,2021-04-11,2021-10-22,1998.0,50,115/22,,13.0,34.0,89.0,271.0,8.0,0.0,59.0,1394.0,14241.0,69760.0,0.0,121.0,582.0,461.0,582.0,582.0,1,raw_available,121.0,
AN69003T2,CM3,KT1A,AN69003T2,0,CM3KT1A,FUJI,2022-06-11,2022-06-19,1998.0,50,115/22,54.0,12.0,9.0,56.0,267.0,12.0,0.0,61.0,1547.0,5556.0,73401.0,3.0,148.0,556.0,405.0,556.0,556.0,1,raw_available,151.0,
AN69003T2,CM3,KT1A,AN69003T2,0,CM3KT1A,FUJI,2023-04-03,2023-06-05,1998.0,50,115/22,53.0,16.0,4.0,58.0,276.0,14.0,0.0,63.0,1608.0,9410.0,72068.0,4.0,137.0,556.0,415.0,556.0,556.0,1,raw_available,141.0,
AN69003T2,CM3,KT1A,AN69003T2,0,CM3KT1A,FUJI,2024-01-21,2024-05-26,1998.0,50,115/22,49.0,12.0,61.0,73.0,391.0,10.0,0.0,80.0,2130.0,3551.0,44502.0,0.0,179.0,794.0,615.0,794.0,794.0,1,raw_available,179.0,
AN69003T3-1,CTG,KT1A,AN69003T3-1,0,CTGKT1A,FUJI,2020-03-23,2020-05-16,2000.0,25,115/22,68.0,12.0,9.0,54.0,179.0,0.0,0.0,102.0,2592.0,8497.0,43926.0,0.0,115.0,459.0,344.0,459.0,459.0,1,raw_available,115.0,
AN69003T3-1,CTG,KT1A,AN69003T3-1,0,CTGKT1A,FUJI,2021-04-10,2021-10-21,2000.0,25,115/22,,30.0,16.0,254.0,181.0,0.0,0.0,214.0,2050.0,8360.0,60858.0,0.0,81.0,746.0,665.0,746.0,746.0,1,raw_available,81.0,
AN69003T3-1,CTG,KT1A,AN69003T3-1,0,CTGKT1A,FUJI,2022-06-11,2022-06-19,2000.0,25,115/22,63.0,19.0,6.0,44.0,144.0,19.0,0.0,68.0,1979.0,6486.0,57392.0,6.0,88.0,375.0,281.0,375.0,375.0,1,raw_available,94.0,
AN69003T3-1,CTG,KT1A,AN69003T3-1,0,CTGKT1A,FUJI,2023-04-03,2023-06-11,2000.0,25,115/22,54.0,15.0,1.0,0.0,155.0,2.0,0.0,76.0,2150.0,36000.0,66087.0,2.0,55.0,291.0,234.0,291.0,291.0,1,raw_available,57.0,
AN69003T3-2,MTG,KT1A,AN69003T3-2,0,MTGKT1A,FUJI,2019-07-29,2019-08-08,1998.0,25,115/22,,19.0,5.0,7.0,9.0,2.0,0.0,46.0,434.0,9277.0,47057.0,1.0,4.0,74.0,69.0,74.0,74.0,1,raw_available,5.0,ย้ายมาจาก KT3A NA-SUBก่อนเข้าใช้งาน
AN69003T3-2,MTG,KT1A,AN69003T3-2,0,MTGKT1A,FUJI,2020-03-23,2020-05-16,1998.0,25,115/22,,23.0,47.0,37.0,213.0,5.0,0.0,114.0,1551.0,3647.0,63618.0,50.0,76.0,542.0,416.0,542.0,542.0,1,raw_available,126.0,
AN69003T3-2,MTG,KT1A,AN69003T3-2,0,MTGKT1A,FUJI,2021-04-10,2021-10-21,1998.0,25,115/22,,27.0,13.0,42.0,165.0,6.0,0.0,206.0,932.0,2985.0,69546.0,0.0,81.0,713.0,432.0,713.0,713.0,1,raw_available,281.0,
AN69003T3-2,MTG,KT1A,AN69003T3-2,0,MTGKT1A,FUJI,2022-06-09,2022-06-12,1998.0,25,115/22,,29.0,8.0,41.0,184.0,7.0,0.0,182.0,2188.0,3469.0,55943.0,0.0,49.0,471.0,422.0,471.0,471.0,1,raw_available,49.0,
AN69003T3-2,MTG,KT1A,AN69003T3-2,0,MTGKT1A,FUJI,2022-06-23,2022-06-26,1998.0,25,115/22,60.0,15.0,2.0,38.0,119.0,15.0,0.0,185.0,2384.0,6814.0,75331.0,19.0,143.0,521.0,359.0,521.0,521.0,1,raw_available,162.0,
AN69003T3-2,MTG,KT1A,AN69003T3-2,0,MTGKT1A,FUJI,2022-07-04,2022-07-10,1998.0,25,115/22,49.0,13.0,3.0,42.0,135.0,2.0,0.0,184.0,2414.0,7200.0,76570.0,23.0,91.0,480.0,366.0,480.0,480.0,1,raw_available,114.0,
AN69003T3-2,MTG,KT1A,AN69003T3-2,0,MTGKT1A,FUJI,2023-04-03,2023-06-04,1998.0,25,115/22,53.0,19.0,1.0,39.0,197.0,8.0,0.0,193.0,2548.0,6664.0,74567.0,6.0,92.0,536.0,438.0,536.0,536.0,1,raw_available,98.0,
AN69003T3-2,MTG,KT1A,AN69003T3-2,0,MTGKT1A,FUJI,2024-03-03,2024-05-26,1998.0,25,115/22,,9.0,2.0,81.0,244.0,6.0,0.0,199.0,2619.0,7221.0,72521.0,12.0,132.0,676.0,532.0,676.0,676.0,1,raw_available,144.0,
AN69003T4-1,TK2,KT2A,AN69003T4-1,0,TK2KT2A,FUJI,2019-08-09,2019-08-18,1998.0,25,115/22,48.0,12.0,8.0,28.0,68.0,0.0,0.0,122.0,2473.0,4356.0,32740.0,0.0,32.0,258.0,226.0,258.0,258.0,1,raw_available,32.0,
AN69003T4-1,TK2,KT2A,AN69003T4-1,0,TK2KT2A,FUJI,2020-08-16,2020-08-30,1998.0,25,115/22,51.0,16.0,20.0,36.0,68.0,0.0,0.0,79.0,2247.0,3592.0,50123.0,0.0,49.0,252.0,203.0,252.0,252.0,1,raw_available,49.0,
AN69003T4-1,TK2,KT2A,AN69003T4-1,0,TK2KT2A,FUJI,2021-08-02,2021-11-01,1998.0,25,115/22,54.0,29.0,5.0,27.0,74.0,0.0,0.0,113.0,2120.0,8321.0,37860.0,0.0,10.0,229.0,219.0,229.0,229.0,1,raw_available,10.0,
AN69003T4-1,TK2,KT2A,AN69003T4-1,0,TK2KT2A,FUJI,2022-09-04,2022-09-15,1998.0,25,115/22,61.0,14.0,7.0,1.0,11.0,0.0,0.0,20.0,1262.0,6342.0,38263.0,0.0,0.0,39.0,39.0,39.0,39.0,1,raw_available,0.0,
AN69003T4-1,TK2,KT2A,AN69003T4-1,0,TK2KT2A,FUJI,2023-06-09,2023-06-16,1998.0,25,115/22,60.0,15.0,1.0,27.0,19.0,1.0,0.0,125.0,1771.0,7905.0,27626.0,9.0,15.0,197.0,173.0,197.0,197.0,1,raw_available,24.0,
AN69003T4-1,TK2,KT2A,AN69003T4-1,0,TK2KT2A,FUJI,2024-05-24,2024-06-08,1998.0,25,115/22,63.0,13.0,2.0,18.0,43.0,4.0,0.0,76.0,1462.0,9328.0,32490.0,2.0,35.0,180.0,143.0,180.0,180.0,1,raw_available,37.0,
AN69003T4-2,LP2,KT1A,AN69003T4-2,0,LP2KT1A,FUJI,2019-05-20,2019-06-07,1998.0,25,115/22,60.0,20.0,4.0,66.0,164.0,3.0,0.0,91.0,4800.0,4111.0,38190.0,0.0,104.0,432.0,328.0,432.0,432.0,1,raw_available,104.0,
AN69003T4-2,LP2,KT1A,AN69003T4-2,0,LP2KT1A,FUJI,2020-05-08,2020-05-22,1998.0,25,115/22,58.0,13.0,5.0,39.0,156.0,0.0,0.0,32.0,1821.0,23492.0,62861.0,0.0,120.0,352.0,232.0,352.0,352.0,1,raw_available,120.0,
AN69003T4-2,LP2,KT1A,AN69003T4-2,0,LP2KT1A,FUJI,2021-04-02,2021-05-29,1998.0,25,115/22,67.0,19.0,42.0,40.0,111.0,0.0,0.0,52.0,3611.0,4910.0,47550.0,44.0,77.0,366.0,245.0,366.0,366.0,1,raw_available,121.0,
AN69003T4-2,LP2,KT1A,AN69003T4-2,0,LP2KT1A,FUJI,2022-03-07,2022-03-18,1998.0,25,115/22,52.0,11.0,7.0,0.0,220.0,5.0,0.0,97.0,4787.0,3724.0,32529.0,0.0,55.0,384.0,329.0,384.0,384.0,1,raw_available,55.0,
AN69003T4-2,LP2,KT1A,AN69003T4-2,0,LP2KT1A,FUJI,2023-05-21,2023-06-07,1998.0,25,115/22,60.0,16.0,2.0,71.0,199.0,0.0,0.0,77.0,4120.0,4280.0,43320.0,6.0,108.0,463.0,349.0,463.0,463.0,1,raw_available,114.0,
AN69003T5,LB2,KT1A,AN69003T5,0,LB2KT1A,FUJI,2019-10-13,2019-11-14,1998.0,25,115/22,55.0,24.0,7.0,51.0,131.0,0.0,0.0,74.0,2781.0,5486.0,31968.0,0.0,50.0,313.0,263.0,313.0,313.0,1,raw_available,50.0,
AN69003T5,LB2,KT1A,AN69003T5,0,LB2KT1A,FUJI,2022-04-09,2022-05-06,1998.0,25,115/22,63.0,19.0,5.0,26.0,123.0,15.0,0.0,25.0,2116.0,8075.0,45706.0,5.0,80.0,279.0,194.0,279.0,279.0,1,raw_available,85.0,
AN69003T5,LB2,KT1A,AN69003T5,0,LB2KT1A,FUJI,2022-10-13,2022-11-03,1998.0,25,115/22,64.0,22.0,8.0,19.0,155.0,2.0,0.0,36.0,2617.0,17401.0,42983.0,2.0,64.0,286.0,220.0,286.0,286.0,1,raw_available,66.0,
AN69003T5,LB2,KT1A,AN69003T5,0,LB2KT1A,FUJI,2023-05-07,2023-05-21,1998.0,25,115/22,53.0,15.0,2.0,39.0,150.0,1.0,0.0,29.0,2369.0,4470.0,39130.0,2.0,9.0,232.0,221.0,232.0,232.0,1,raw_available,11.0,
AN69003T5,LB2,KT1A,AN69003T5,0,LB2KT1A,FUJI,2024-05-10,2024-05-18,1998.0,25,115/22,64.0,13.0,13.0,70.0,227.0,25.0,0.0,65.0,3211.0,3773.0,37435.0,5.0,84.0,489.0,400.0,489.0,489.0,1,raw_available,89.0,
AN69050T1,SDO,KT2A,AN69050T1,0,SDOKT2A,FUJI,2019-03-23,2019-08-29,1993.0,66,132/115/33,51.0,25.0,7.0,45.0,74.0,12.0,0.0,159.0,1099.0,4164.0,43399.0,9.0,38.0,344.0,297.0,344.0,344.0,1,raw_available,47.0,
AN69050T1,SDO,KT2A,AN69050T1,0,SDOKT2A,FUJI,2019-07-14,2019-09-05,1993.0,66,132/115/33,56.0,33.0,10.0,48.0,76.0,12.0,0.0,168.0,1063.0,5172.0,46622.0,10.0,38.0,362.0,314.0,362.0,362.0,1,raw_available,48.0,
AN69050T1,SDO,KT2A,AN69050T1,0,SDOKT2A,FUJI,2020-03-03,2020-03-13,1993.0,66,132/115/33,,12.0,16.0,52.0,101.0,29.0,0.0,153.0,1572.0,9459.0,51873.0,0.0,44.0,395.0,351.0,395.0,395.0,1,raw_available,44.0,research
AN69050T1,SDO,KT2A,AN69050T1,0,SDOKT2A,FUJI,2020-07-14,2020-08-24,1993.0,66,132/115/33,52.0,22.0,20.0,89.0,86.0,11.0,0.0,150.0,1500.0,3797.0,50981.0,0.0,19.0,375.0,356.0,375.0,375.0,1,raw_available,19.0,
AN69050T1,SDO,KT2A,AN69050T1,0,SDOKT2A,FUJI,2021-08-08,2021-11-15,1993.0,66,132/115/33,51.0,16.0,4.0,42.0,86.0,4.0,0.0,114.0,2164.0,4880.0,53930.0,27.0,67.0,344.0,250.0,344.0,344.0,1,raw_available,94.0,
AN69050T1,SDO,KT2A,AN69050T1,0,SDOKT2A,FUJI,2022-07-11,2022-07-24,1993.0,66,132/115/33,27.0,16.0,15.0,9.0,64.0,10.0,0.0,140.0,2134.0,8251.0,60662.0,10.0,22.0,270.0,238.0,270.0,270.0,1,raw_available,32.0,
AN69050T1,SDO,KT2A,AN69050T1,0,SDOKT2A,FUJI,2023-07-23,2023-11-05,1993.0,66,132/115/33,33.0,15.0,17.0,44.0,99.0,9.0,0.0,173.0,2122.0,3724.0,74692.0,11.0,57.0,410.0,342.0,410.0,410.0,1,raw_available,68.0,
AN69051T11,NPO1,KT1A,AN69051T11,0,NPO1KT1A,FUJI,2020-05-03,2020-06-01,1998.0,25,115/22,52.0,18.0,28.0,39.0,87.0,1.0,0.0,55.0,425.0,5442.0,31004.0,8.0,52.0,270.0,210.0,270.0,270.0,1,raw_available,60.0,
AN69051T11,NPO1,KT1A,AN69051T11,0,NPO1KT1A,FUJI,2020-10-04,2020-10-27,1998.0,25,115/22,,21.0,3.0,13.0,58.0,2.0,0.0,81.0,684.0,5109.0,30960.0,0.0,30.0,187.0,157.0,187.0,187.0,1,raw_available,30.0,research
AN69051T11,NPO1,KT1A,AN69051T11,0,NPO1KT1A,FUJI,2021-01-22,2021-04-24,1998.0,25,115/22,50.0,17.0,36.0,17.0,54.0,2.0,0.0,76.0,691.0,5374.0,31563.0,3.0,39.0,227.0,185.0,227.0,227.0,1,raw_available,42.0,
AN69051T11,NPO1,KT1A,AN69051T11,0,NPO1KT1A,FUJI,2022-01-28,2022-02-18,1998.0,25,115/22,51.0,18.0,14.0,15.0,44.0,0.0,0.0,70.0,632.0,6074.0,33992.0,0.0,29.0,172.0,143.0,172.0,172.0,1,raw_available,29.0,
AN69051T11,NPO1,KT1A,AN69051T11,0,NPO1KT1A,FUJI,2023-01-26,2023-02-18,1998.0,25,115/22,50.0,8.0,17.0,30.0,81.0,3.0,0.0,80.0,855.0,10392.0,38063.0,0.0,41.0,252.0,211.0,252.0,252.0,1,raw_available,41.0,
AN69051T11,NPO1,KT1A,AN69051T11,0,NPO1KT1A,FUJI,2024-01-25,2024-03-10,1998.0,25,115/22,52.0,20.0,6.0,22.0,71.0,3.0,0.0,89.0,1114.0,12098.0,34906.0,0.0,51.0,242.0,191.0,242.0,242.0,1,raw_available,51.0,
AN69051T12,NPO1,KT2A,AN69051T12,0,NPO1KT2A,FUJI,2020-05-03,2020-06-01,1998.0,25,115/22,55.0,18.0,20.0,74.0,246.0,3.0,0.0,81.0,1100.0,19012.0,48114.0,15.0,155.0,594.0,424.0,594.0,594.0,1,raw_available,170.0,
AN69051T12,NPO1,KT2A,AN69051T12,0,NPO1KT2A,FUJI,2020-10-04,2020-10-27,1998.0,25,115/22,,15.0,6.0,37.0,167.0,5.0,0.0,97.0,1009.0,5910.0,53923.0,0.0,83.0,395.0,312.0,395.0,395.0,1,raw_available,83.0,research
AN69051T12,NPO1,KT2A,AN69051T12,0,NPO1KT2A,FUJI,2021-01-22,2021-04-23,1998.0,25,115/22,48.0,29.0,37.0,35.0,129.0,4.0,0.0,102.0,1098.0,6444.0,57611.0,2.0,107.0,416.0,307.0,416.0,416.0,1,raw_available,109.0,
AN69051T12,NPO1,KT2A,AN69051T12,0,NPO1KT2A,FUJI,2022-01-28,2022-02-20,1998.0,25,115/22,48.0,14.0,20.0,37.0,129.0,2.0,0.0,90.0,918.0,4902.0,68604.0,1.0,90.0,369.0,278.0,369.0,369.0,1,raw_available,91.0,
AN69051T12,NPO1,KT2A,AN69051T12,0,NPO1KT2A,FUJI,2023-01-26,2023-02-13,1998.0,25,115/22,54.0,8.0,36.0,49.0,161.0,3.0,0.0,78.0,912.0,5760.0,63230.0,17.0,109.0,453.0,327.0,453.0,453.0,1,raw_available,126.0,
AN69051T12,NPO1,KT2A,AN69051T12,0,NPO1KT2A,FUJI,2024-01-25,2024-03-10,1998.0,25,115/22,50.0,15.0,7.0,42.0,190.0,5.0,0.0,80.0,1007.0,8253.0,43365.0,47.0,154.0,525.0,324.0,525.0,525.0,1,raw_available,201.0,
AN69051T22,KKC-P,KT3A,AN69051T22,0,KKC-PKT3A,FUJI,2020-02-08,2020-02-16,1998.0,25,115/22,35.0,15.0,1.0,2.0,0.0,0.0,0.0,15.0,285.0,19634.0,55348.0,0.0,0.0,18.0,18.0,18.0,18.0,1,raw_available,0.0,หม้อแปลงย้ายมาจาก สฟ.กำแพงแสน
AN69051T22,KKC-P,KT3A,AN69051T22,0,KKC-PKT3A,FUJI,2021-01-16,2021-02-01,1998.0,25,115/22,46.0,11.0,37.0,10.0,5.0,0.0,0.0,49.0,685.0,3950.0,24330.0,2.0,2.0,105.0,101.0,105.0,105.0,1,raw_available,4.0,
AN69051T22,KKC-P,KT3A,AN69051T22,0,KKC-PKT3A,FUJI,2022-01-24,2022-02-05,1998.0,25,115/22,46.0,18.0,2.0,15.0,14.0,2.0,0.0,104.0,934.0,2315.0,14873.0,2.0,5.0,144.0,137.0,144.0,144.0,1,raw_available,7.0,
AN69051T22,KKC-P,KT3A,AN69051T22,0,KKC-PKT3A,FUJI,2023-01-21,2023-01-27,1998.0,25,115/22,48.0,8.0,2.0,21.0,29.0,2.0,0.0,122.0,988.0,3859.0,24988.0,2.0,17.0,195.0,176.0,195.0,195.0,1,raw_available,19.0,
AN69051T22,KKC-P,KT3A,AN69051T22,0,KKC-PKT3A,FUJI,2024-01-19,2024-02-19,1998.0,25,115/22,43.0,14.0,2.0,31.0,34.0,3.0,0.0,111.0,990.0,9221.0,34373.0,3.0,17.0,201.0,181.0,201.0,201.0,1,raw_available,20.0,
AN69051T22,KKC-P,KT3A,AN69051T22,0,KKC-PKT3A,FUJI,2024-05-21,2024-05-26,1998.0,25,115/22,42.0,26.0,3.0,28.0,51.0,3.0,0.0,99.0,1029.0,11376.0,42791.0,0.0,30.0,214.0,184.0,214.0,214.0,1,raw_available,30.0,
AN69051T23,SH1,KT2A,AN69051T23,0,SH1KT2A,FUJI,2021-02-12,2021-02-15,1998.0,15,115/22,,10.0,4.0,3.0,91.0,3.0,0.0,55.0,820.0,27842.0,74367.0,0.0,55.0,211.0,156.0,211.0,211.0,1,raw_available,55.0,พบค่าทดสอบ Resistance ไม่เรียงตาม Tap
AN69051T23,SH1,KT2A,AN69051T23,0,SH1KT2A,FUJI,2021-03-30,2021-05-03,1998.0,15,115/22,,19.0,6.0,3.0,1.0,1.0,0.0,53.0,108.0,19582.0,70220.0,3.0,0.0,67.0,64.0,67.0,67.0,1,raw_available,3.0,หลังซ่อมจะนำใช้งาน
AN69051T23,SH1,KT2A,AN69051T23,0,SH1KT2A,FUJI,2022-02-27,2022-03-07,1998.0,15,115/22,57.0,15.0,12.0,8.0,22.0,0.0,0.0,51.0,840.0,6045.0,17273.0,0.0,0.0,93.0,93.0,93.0,93.0,1,raw_available,0.0,
AN69051T23,SH1,KT2A,AN69051T23,0,SH1KT2A,FUJI,2022-08-25,2022-09-02,1998.0,15,115/22,61.0,11.0,4.0,11.0,23.0,0.0,0.0,58.0,871.0,5002.0,21596.0,2.0,12.0,69.0,96.0,69.0,69.0,1,raw_available,-27.0,
AN69051T23,SH1,KT2A,AN69051T23,0,SH1KT2A,FUJI,2023-03-11,2023-03-17,1998.0,15,115/22,64.0,13.0,6.0,19.0,34.0,0.0,0.0,70.0,1042.0,10324.0,22770.0,0.0,9.0,138.0,129.0,138.0,138.0,1,raw_available,9.0,
AN69051T23,SH1,KT2A,AN69051T23,0,SH1KT2A,FUJI,2024-02-09,2024-02-25,1998.0,15,115/22,65.0,15.0,18.0,17.0,48.0,2.0,0.0,87.0,950.0,8300.0,26911.0,3.0,23.0,198.0,172.0,198.0,198.0,1,raw_available,26.0,
AQ69007T1,RY2,KT4A,AQ69007T1,0,RY2KT4A,FUJI,2019-03-09,2019-03-18,2006.0,200,230/115/22,59.0,13.0,14.0,37.0,206.0,4.0,0.0,99.0,1924.0,6886.0,37764.0,0.0,111.0,471.0,360.0,471.0,471.0,1,raw_available,111.0,
AQ69007T1,RY2,KT4A,AQ69007T1,0,RY2KT4A,FUJI,2020-02-14,2020-03-06,2006.0,200,230/115/22,56.0,13.0,27.0,41.0,197.0,4.0,0.0,104.0,1840.0,10387.0,68225.0,0.0,93.0,466.0,373.0,466.0,466.0,1,raw_available,93.0,
AQ69007T1,RY2,KT4A,AQ69007T1,0,RY2KT4A,FUJI,2021-01-31,2021-03-26,2006.0,200,230/115/22,48.0,12.0,38.0,53.0,248.0,2.0,0.0,36.0,0.0,8350.0,22986.0,263.0,188.0,828.0,377.0,828.0,828.0,1,raw_available,451.0,
AQ69007T1,RY2,KT4A,AQ69007T1,0,RY2KT4A,FUJI,2022-04-08,2022-04-10,2006.0,200,230/115/22,53.0,15.0,29.0,21.0,287.0,5.0,0.0,95.0,1640.0,4633.0,71077.0,0.0,102.0,539.0,437.0,539.0,539.0,1,raw_available,102.0,
AQ69007T1,RY2,KT4A,AQ69007T1,0,RY2KT4A,FUJI,2022-08-14,2022-09-02,2006.0,200,230/115/22,50.0,9.0,7.0,72.0,325.0,5.0,0.0,97.0,1460.0,2483.0,89128.0,0.0,240.0,746.0,506.0,746.0,746.0,1,raw_available,240.0,
AQ69007T1,RY2,KT4A,AQ69007T1,0,RY2KT4A,FUJI,2023-02-17,2023-02-25,2006.0,200,230/115/22,53.0,7.0,21.0,68.0,321.0,4.0,0.0,101.0,1673.0,4972.0,76144.0,0.0,172.0,687.0,515.0,687.0,687.0,1,raw_available,172.0,
AQ69007T1,RY2,KT4A,AQ69007T1,0,RY2KT4A,FUJI,2024-04-20,2024-04-26,2006.0,200,230/115/22,55.0,6.0,28.0,68.0,384.0,6.0,0.0,100.0,1622.0,4039.0,63701.0,0.0,201.0,787.0,586.0,787.0,787.0,1,raw_available,201.0,
AQ69008T1-1,BI2,KT1A,AQ69008T1-1,0,BI2KT1A,FUJI,2019-03-14,2019-03-30,2007.0,200,230/115/22,71.0,13.0,8.0,37.0,212.0,0.0,0.0,134.0,2512.0,7662.0,46789.0,0.0,87.0,478.0,391.0,478.0,478.0,1,raw_available,87.0,
AQ69008T1-1,BI2,KT1A,AQ69008T1-1,0,BI2KT1A,FUJI,2020-03-21,2020-04-04,2007.0,200,230/115/22,62.0,18.0,90.0,89.0,303.0,0.0,0.0,105.0,1636.0,5990.0,50000.0,155.0,217.0,959.0,587.0,959.0,959.0,1,raw_available,372.0,
AQ69008T1-1,BI2,KT1A,AQ69008T1-1,0,BI2KT1A,FUJI,2021-03-20,2021-05-09,2007.0,200,230/115/22,60.0,19.0,57.0,67.0,206.0,2.0,0.0,87.0,1585.0,5476.0,53744.0,0.0,190.0,609.0,419.0,609.0,609.0,1,raw_available,190.0,
AQ69008T1-1,BI2,KT1A,AQ69008T1-1,0,BI2KT1A,FUJI,2022-04-29,2022-05-08,2007.0,200,230/115/22,61.0,7.0,52.0,58.0,229.0,1.0,0.0,81.0,2892.0,4385.0,94293.0,0.0,170.0,591.0,421.0,591.0,591.0,1,raw_available,170.0,
AQ69008T1-1,BI2,KT1A,AQ69008T1-1,0,BI2KT1A,FUJI,2022-09-09,2022-10-02,2007.0,200,230/115/22,63.0,14.0,61.0,60.0,201.0,2.0,0.0,80.0,1509.0,2265.0,60853.0,0.0,148.0,552.0,404.0,552.0,552.0,1,raw_available,148.0,
AQ69008T1-1,BI2,KT1A,AQ69008T1-1,0,BI2KT1A,FUJI,2023-01-23,2023-01-23,2007.0,200,230/115/22,38.0,8.0,26.0,45.0,180.0,1.0,0.0,52.0,1632.0,1710.0,60880.0,105.0,148.0,557.0,304.0,557.0,557.0,1,raw_available,253.0,
AQ69008T1-1,BI2,KT1A,AQ69008T1-1,0,BI2KT1A,FUJI,2023-03-25,2023-04-03,2007.0,200,230/115/22,64.0,12.0,13.0,34.0,147.0,0.0,0.0,46.0,1590.0,2220.0,40040.0,109.0,135.0,484.0,240.0,484.0,484.0,1,raw_available,244.0,
AQ69008T1-1,BI2,KT1A,AQ69008T1-1,0,BI2KT1A,FUJI,2023-10-15,2023-12-14,2007.0,200,230/115/22,62.0,18.0,14.0,52.0,251.0,7.0,0.0,71.0,2941.0,8971.0,60962.0,1.0,155.0,551.0,395.0,551.0,551.0,1,raw_available,156.0,
AQ69008T1-1,BI2,KT1A,AQ69008T1-1,0,BI2KT1A,FUJI,2024-03-23,2024-04-20,2007.0,200,230/115/22,62.0,17.0,16.0,40.0,217.0,8.0,0.0,71.0,2049.0,12615.0,62306.0,3.0,126.0,481.0,352.0,481.0,481.0,1,raw_available,129.0,
AQ69008T1-2,TL3,KT1A,AQ69008T1-2,0,TL3KT1A,FUJI,2019-10-11,2019-11-14,2006.0,200,230/121/22,63.0,11.0,11.0,21.0,79.0,0.0,0.0,82.0,1642.0,7135.0,37654.0,0.0,57.0,250.0,193.0,250.0,250.0,1,raw_available,57.0,
AQ69008T1-2,TL3,KT1A,AQ69008T1-2,0,TL3KT1A,FUJI,2021-01-16,2021-03-23,2006.0,200,230/121/22,61.0,21.0,58.0,0.0,93.0,0.0,0.0,100.0,1700.0,5250.0,62360.0,0.0,0.0,251.0,251.0,251.0,251.0,1,raw_available,0.0,
AQ69008T1-2,TL3,KT1A,AQ69008T1-2,0,TL3KT1A,FUJI,2022-01-22,2022-01-29,2006.0,200,230/121/22,74.0,15.0,22.0,19.0,85.0,0.0,0.0,79.0,1658.0,9570.0,45910.0,74.0,83.0,362.0,205.0,362.0,362.0,1,raw_available,157.0,
AQ69008T1-2,TL3,KT1A,AQ69008T1-2,0,TL3KT1A,FUJI,2023-01-22,2023-01-30,2006.0,200,230/121/22,56.0,5.0,39.0,41.0,146.0,3.0,0.0,103.0,1796.0,4774.0,45420.0,49.0,79.0,460.0,332.0,460.0,460.0,1,raw_available,128.0,
AQ69008T1-2,TL3,KT1A,AQ69008T1-2,0,TL3KT1A,FUJI,2024-02-15,2024-03-22,2006.0,200,230/121/22,65.0,21.0,27.0,56.0,196.0,4.0,0.0,110.0,2187.0,9151.0,46500.0,0.0,110.0,503.0,393.0,503.0,503.0,1,raw_available,110.0,
AQ69061T41,BPK,KT1A,AQ69061T41,0,BPKKT1A,FUJI,2019-01-20,2019-01-26,1995.0,200,230/115/22,45.0,24.0,10.0,45.0,116.0,7.0,0.0,173.0,1697.0,9716.0,47912.0,0.0,102.0,453.0,351.0,453.0,453.0,1,raw_available,102.0,
AQ69061T41,BPK,KT1A,AQ69061T41,0,BPKKT1A,FUJI,2019-11-07,2019-11-24,1995.0,200,230/115/22,55.0,11.0,64.0,67.0,153.0,10.0,0.0,170.0,1566.0,15150.0,73010.0,162.0,118.0,744.0,464.0,744.0,744.0,1,raw_available,280.0,
AQ69061T41,BPK,KT1A,AQ69061T41,0,BPKKT1A,FUJI,2020-12-22,2021-01-09,1995.0,200,230/115/22,,9.0,62.0,79.0,141.0,2.0,0.0,179.0,2587.0,13785.0,52036.0,34.0,110.0,607.0,463.0,607.0,607.0,1,raw_available,144.0,research
AQ69061T41,BPK,KT1A,AQ69061T41,0,BPKKT1A,FUJI,2021-05-24,2021-06-13,1995.0,200,230/115/22,55.0,12.0,51.0,34.0,94.0,0.0,0.0,153.0,2240.0,4444.0,61463.0,1.0,58.0,391.0,332.0,391.0,391.0,1,raw_available,59.0,
AQ69061T41,BPK,KT1A,AQ69061T41,0,BPKKT1A,FUJI,2022-05-15,2022-06-09,1995.0,200,230/115/22,58.0,13.0,18.0,73.0,145.0,2.0,0.0,212.0,1909.0,2823.0,34550.0,0.0,65.0,515.0,450.0,515.0,515.0,1,raw_available,65.0,
AQ69061T41,BPK,KT1A,AQ69061T41,0,BPKKT1A,FUJI,2022-07-11,2022-07-14,1995.0,200,230/115/22,54.0,10.0,52.0,34.0,150.0,6.0,0.0,194.0,1844.0,10131.0,40301.0,0.0,49.0,485.0,436.0,485.0,485.0,1,raw_available,49.0,TEST AFTER TRANSFORMER TRIP.
AQ69061T41,BPK,KT1A,AQ69061T41,0,BPKKT1A,FUJI,2022-11-19,2022-11-25,1995.0,200,230/115/22,47.0,8.0,17.0,69.0,156.0,8.0,0.0,191.0,1722.0,6376.0,42454.0,9.0,96.0,546.0,441.0,546.0,546.0,1,raw_available,105.0,
AQ69061T41,BPK,KT1A,AQ69061T41,0,BPKKT1A,FUJI,2023-06-04,2023-06-10,1995.0,200,230/115/22,51.0,6.0,57.0,63.0,149.0,5.0,0.0,184.0,1886.0,6315.0,36163.0,255.0,38.0,751.0,458.0,751.0,751.0,1,raw_available,293.0,
AQ69061T41,BPK,KT1A,AQ69061T41,0,BPKKT1A,FUJI,2024-06-23,2024-06-30,1995.0,200,230/115/22,60.0,10.0,34.0,74.0,177.0,9.0,0.0,200.0,3083.0,8432.0,46249.0,10.0,99.0,603.0,494.0,603.0,603.0,1,raw_available,109.0,
AV69020T1,KK1,KT5A,AV69020T1,0,KK1KT5A,FUJI,2019-02-12,2019-05-12,1998.0,200,230/115/22,55.0,23.0,40.0,46.0,164.0,6.0,0.0,74.0,1001.0,10185.0,46936.0,0.0,75.0,405.0,330.0,405.0,405.0,1,raw_available,75.0,
AV69020T1,KK1,KT5A,AV69020T1,0,KK1KT5A,FUJI,2019-09-02,2019-09-28,1998.0,200,230/115/22,52.0,11.0,17.0,32.0,165.0,0.0,0.0,98.0,968.0,9504.0,37612.0,0.0,74.0,386.0,312.0,386.0,386.0,1,raw_available,74.0,
AV69020T1,KK1,KT5A,AV69020T1,0,KK1KT5A,FUJI,2020-02-07,2020-02-27,1998.0,200,230/115/22,53.0,9.0,88.0,80.0,269.0,3.0,0.0,107.0,1126.0,4873.0,56165.0,23.0,174.0,744.0,547.0,744.0,744.0,1,raw_available,197.0,
AV69020T1,KK1,KT5A,AV69020T1,0,KK1KT5A,FUJI,2020-08-22,2020-09-12,1998.0,200,230/115/22,51.0,8.0,50.0,56.0,203.0,8.0,0.0,86.0,1057.0,4974.0,51987.0,0.0,111.0,514.0,403.0,514.0,514.0,1,raw_available,111.0,
AV69020T1,KK1,KT5A,AV69020T1,0,KK1KT5A,FUJI,2021-02-05,2021-03-09,1998.0,200,230/115/22,51.0,10.0,48.0,40.0,290.0,2.0,0.0,74.0,906.0,5855.0,60407.0,24.0,134.0,612.0,454.0,612.0,612.0,1,raw_available,158.0,
AV69020T1,KK1,KT5A,AV69020T1,0,KK1KT5A,FUJI,2021-09-12,2021-11-08,1998.0,200,230/115/22,55.0,10.0,20.0,38.0,186.0,5.0,0.0,69.0,1058.0,18718.0,51470.0,0.0,39.0,357.0,318.0,357.0,357.0,1,raw_available,39.0,
AV69020T1,KK1,KT5A,AV69020T1,0,KK1KT5A,FUJI,2022-02-11,2022-03-28,1998.0,200,230/115/22,54.0,15.0,34.0,155.0,252.0,8.0,0.0,81.0,1317.0,6989.0,46471.0,0.0,121.0,651.0,530.0,651.0,651.0,1,raw_available,121.0,
AV69020T1,KK1,KT5A,AV69020T1,0,KK1KT5A,FUJI,2022-08-03,2022-08-14,1998.0,200,230/115/22,56.0,10.0,64.0,151.0,295.0,3.0,0.0,85.0,1593.0,4440.0,60760.0,11.0,145.0,754.0,598.0,754.0,754.0,1,raw_available,156.0,
AV69020T1,KK1,KT5A,AV69020T1,0,KK1KT5A,FUJI,2023-02-10,2023-03-10,1998.0,200,230/115/22,56.0,12.0,33.0,67.0,233.0,4.0,0.0,96.0,1319.0,7602.0,48626.0,0.0,116.0,549.0,433.0,549.0,549.0,1,raw_available,116.0,
AV69020T1,KK1,KT5A,AV69020T1,0,KK1KT5A,FUJI,2023-08-03,2023-09-07,1998.0,200,230/115/22,57.0,11.0,20.0,56.0,213.0,4.0,0.0,127.0,1955.0,9200.0,43630.0,7.0,166.0,593.0,420.0,593.0,593.0,1,raw_available,173.0,
AV69020T1,KK1,KT5A,AV69020T1,0,KK1KT5A,FUJI,2024-02-08,2024-03-18,1998.0,200,230/115/22,61.0,8.0,27.0,67.0,257.0,7.0,0.0,102.0,1399.0,6622.0,47168.0,8.0,139.0,607.0,460.0,607.0,607.0,1,raw_available,147.0,
AV69020T2,BPL,KT3A,AV69020T2,0,BPLKT3A,FUJI,2019-05-31,2019-06-29,2003.0,200,220/115/11,54.0,19.0,33.0,44.0,144.0,5.0,0.0,93.0,2863.0,9368.0,37738.0,0.0,76.0,395.0,319.0,395.0,395.0,1,raw_available,76.0,
AV69020T2,BPL,KT3A,AV69020T2,0,BPLKT3A,FUJI,2019-11-14,2019-11-25,2003.0,200,220/115/11,,14.0,18.0,52.0,186.0,0.0,0.0,95.0,2900.0,6490.0,53580.0,0.0,128.0,479.0,351.0,479.0,479.0,1,raw_available,128.0,
AV69020T2,BPL,KT3A,AV69020T2,0,BPLKT3A,FUJI,2020-05-15,2020-05-31,2003.0,200,220/115/11,60.0,10.0,10.0,0.0,0.0,0.0,0.0,140.0,1124.0,26694.0,43964.0,0.0,0.0,150.0,150.0,150.0,150.0,1,raw_available,0.0,
AV69020T2,BPL,KT3A,AV69020T2,0,BPLKT3A,FUJI,2020-12-20,2020-12-22,2003.0,200,220/115/11,38.0,7.0,48.0,51.0,158.0,0.0,0.0,134.0,3988.0,8985.0,49792.0,0.0,116.0,507.0,391.0,507.0,507.0,1,raw_available,116.0,
AV69020T2,BPL,KT3A,AV69020T2,0,BPLKT3A,FUJI,2021-11-14,2021-12-11,2003.0,200,220/115/11,50.0,14.0,2.0,28.0,151.0,0.0,0.0,128.0,3030.0,18690.0,55750.0,37.0,136.0,482.0,309.0,482.0,482.0,1,raw_available,173.0,
AV69020T2,BPL,KT3A,AV69020T2,0,BPLKT3A,FUJI,2022-05-28,2022-06-02,2003.0,200,220/115/11,,9.0,14.0,75.0,205.0,5.0,0.0,137.0,4766.0,6873.0,44252.0,60.0,121.0,617.0,436.0,617.0,617.0,1,raw_available,181.0,
AV69020T2,BPL,KT3A,AV69020T2,0,BPLKT3A,FUJI,2023-05-22,2023-05-26,2003.0,200,220/115/11,53.0,8.0,35.0,59.0,130.0,7.0,0.0,203.0,5124.0,5060.0,35974.0,3.0,71.0,508.0,434.0,508.0,508.0,1,raw_available,74.0,
AV69020T2,BPL,KT3A,AV69020T2,0,BPLKT3A,FUJI,2023-11-26,2023-12-21,2003.0,200,220/115/11,32.0,10.0,36.0,67.0,239.0,3.0,0.0,95.0,4031.0,9913.0,49271.0,0.0,106.0,546.0,440.0,546.0,546.0,1,raw_available,106.0,
AV69090T11,SRT,KT1A,AV69090T11,0,SRTKT1A,FUJI,2019-05-27,2019-07-25,1999.0,100,230/121/33,64.0,31.0,20.0,71.0,134.0,0.0,0.0,49.0,3885.0,6039.0,40004.0,0.0,66.0,340.0,274.0,340.0,340.0,1,raw_available,66.0,
AV69090T11,SRT,KT1A,AV69090T11,0,SRTKT1A,FUJI,2019-11-02,2019-12-26,1999.0,100,230/121/33,59.0,19.0,28.0,42.0,175.0,0.0,0.0,49.0,4333.0,6240.0,43080.0,0.0,114.0,408.0,294.0,408.0,408.0,1,raw_available,114.0,
AV69090T11,SRT,KT1A,AV69090T11,0,SRTKT1A,FUJI,2020-03-28,2020-04-11,1999.0,100,230/121/33,,8.0,24.0,23.0,112.0,0.0,0.0,45.0,4134.0,10451.0,39682.0,0.0,81.0,285.0,204.0,285.0,285.0,1,raw_available,81.0,research
AV69090T11,SRT,KT1A,AV69090T11,0,SRTKT1A,FUJI,2020-05-10,2020-05-31,1999.0,100,230/121/33,63.0,12.0,27.0,44.0,161.0,0.0,0.0,32.0,1784.0,9845.0,40215.0,19.0,101.0,384.0,264.0,384.0,384.0,1,raw_available,120.0,
AV69090T11,SRT,KT1A,AV69090T11,0,SRTKT1A,FUJI,2020-10-30,2020-11-29,1999.0,100,230/121/33,63.0,10.0,28.0,86.0,185.0,0.0,0.0,41.0,2724.0,14045.0,40410.0,0.0,110.0,450.0,340.0,450.0,450.0,1,raw_available,110.0,
AV69090T11,SRT,KT1A,AV69090T11,0,SRTKT1A,FUJI,2021-05-04,2021-07-25,1999.0,100,230/121/33,66.0,30.0,17.0,26.0,114.0,0.0,0.0,40.0,2896.0,7680.0,29905.0,0.0,28.0,225.0,197.0,225.0,225.0,1,raw_available,28.0,
AV69090T11,SRT,KT1A,AV69090T11,0,SRTKT1A,FUJI,2021-11-10,2021-11-23,1999.0,100,230/121/33,55.0,12.0,13.0,29.0,125.0,0.0,0.0,29.0,4014.0,2990.0,28810.0,9.0,97.0,302.0,196.0,302.0,302.0,1,raw_available,106.0,
AV69090T11,SRT,KT1A,AV69090T11,0,SRTKT1A,FUJI,2022-05-06,2022-05-15,1999.0,100,230/121/33,53.0,9.0,22.0,24.0,127.0,2.0,0.0,30.0,3564.0,9171.0,32904.0,0.0,39.0,244.0,205.0,244.0,244.0,1,raw_available,39.0,
AV69090T11,SRT,KT1A,AV69090T11,0,SRTKT1A,FUJI,2022-12-08,2023-01-13,1999.0,100,230/121/33,53.0,13.0,7.0,20.0,97.0,1.0,0.0,25.0,2643.0,6070.0,32580.0,5.0,4.0,159.0,150.0,159.0,159.0,1,raw_available,9.0,
AV69090T11,SRT,KT1A,AV69090T11,0,SRTKT1A,FUJI,2023-05-06,2023-05-15,1999.0,100,230/121/33,60.0,15.0,27.0,33.0,127.0,0.0,0.0,21.0,3842.0,2920.0,34730.0,6.0,98.0,312.0,208.0,312.0,312.0,1,raw_available,104.0,
AV69090T11,SRT,KT1A,AV69090T11,0,SRTKT1A,FUJI,2023-12-08,2024-01-25,1999.0,100,230/121/33,59.0,13.0,22.0,36.0,145.0,2.0,0.0,50.0,4253.0,6942.0,37338.0,5.0,79.0,339.0,255.0,339.0,339.0,1,raw_available,84.0,
AV69090T12,SRT,KT2A,AV69090T12,0,SRTKT2A,FUJI,2019-05-27,2019-07-25,1999.0,100,230/121/33,60.0,19.0,18.0,41.0,151.0,0.0,0.0,46.0,3147.0,7545.0,37903.0,0.0,62.0,318.0,256.0,318.0,318.0,1,raw_available,62.0,
AV69090T12,SRT,KT2A,AV69090T12,0,SRTKT2A,FUJI,2019-11-02,2019-12-26,1999.0,100,230/121/33,57.0,19.0,28.0,48.0,207.0,0.0,0.0,52.0,3604.0,13600.0,74760.0,0.0,137.0,472.0,335.0,472.0,472.0,1,raw_available,137.0,
AV69090T12,SRT,KT2A,AV69090T12,0,SRTKT2A,FUJI,2020-03-29,2020-04-11,1999.0,100,230/121/33,,9.0,26.0,42.0,135.0,0.0,0.0,50.0,3799.0,10310.0,41892.0,0.0,92.0,345.0,253.0,345.0,345.0,1,raw_available,92.0,research
AV69090T12,SRT,KT2A,AV69090T12,0,SRTKT2A,FUJI,2020-05-10,2020-05-31,1999.0,100,230/121/33,,13.0,25.0,52.0,187.0,0.0,0.0,34.0,1510.0,11025.0,65217.0,20.0,119.0,437.0,298.0,437.0,437.0,1,raw_available,139.0,
AV69090T12,SRT,KT2A,AV69090T12,0,SRTKT2A,FUJI,2020-10-30,2020-11-27,1999.0,100,230/121/33,60.0,15.0,22.0,38.0,195.0,0.0,0.0,38.0,1984.0,3604.0,24610.0,0.0,124.0,417.0,293.0,417.0,417.0,1,raw_available,124.0,
AV69090T12,SRT,KT2A,AV69090T12,0,SRTKT2A,FUJI,2021-05-04,2021-07-25,1999.0,100,230/121/33,65.0,15.0,22.0,36.0,151.0,0.0,0.0,39.0,2736.0,6220.0,34153.0,0.0,39.0,287.0,248.0,287.0,287.0,1,raw_available,39.0,
AV69090T12,SRT,KT2A,AV69090T12,0,SRTKT2A,FUJI,2021-11-10,2021-11-23,1999.0,100,230/121/33,53.0,10.0,12.0,37.0,151.0,0.0,0.0,33.0,3433.0,3590.0,33600.0,11.0,109.0,353.0,233.0,353.0,353.0,1,raw_available,120.0,
AV69090T12,SRT,KT2A,AV69090T12,0,SRTKT2A,FUJI,2022-05-06,2022-05-15,1999.0,100,230/121/33,52.0,10.0,22.0,36.0,160.0,2.0,0.0,45.0,3284.0,4938.0,34850.0,0.0,48.0,313.0,265.0,313.0,313.0,1,raw_available,48.0,
AV69090T12,SRT,KT2A,AV69090T12,0,SRTKT2A,FUJI,2022-12-08,2023-01-12,1999.0,100,230/121/33,50.0,12.0,13.0,29.0,114.0,0.0,0.0,53.0,3388.0,2540.0,33830.0,7.0,79.0,295.0,209.0,295.0,295.0,1,raw_available,86.0,
AV69090T12,SRT,KT2A,AV69090T12,0,SRTKT2A,FUJI,2023-05-06,2023-05-18,1999.0,100,230/121/33,58.0,6.0,41.0,34.0,124.0,4.0,0.0,62.0,2614.0,4285.0,40594.0,3.0,68.0,336.0,265.0,336.0,336.0,1,raw_available,71.0,
AV69090T12,SRT,KT2A,AV69090T12,0,SRTKT2A,FUJI,2023-12-08,2024-01-26,1999.0,100,230/121/33,56.0,19.0,35.0,42.0,154.0,3.0,0.0,72.0,3371.0,9032.0,44200.0,6.0,87.0,399.0,306.0,399.0,399.0,1,raw_available,93.0,
AX69026T2,RY2,KT3A,AX69026T2,0,RY2KT3A,FUJI,2019-03-09,2019-03-18,2000.0,200,230/115/22,62.0,20.0,5.0,16.0,36.0,0.0,0.0,82.0,2155.0,8526.0,37455.0,0.0,0.0,139.0,139.0,139.0,139.0,1,raw_available,0.0,
AX69026T2,RY2,KT3A,AX69026T2,0,RY2KT3A,FUJI,2020-02-14,2020-03-06,2000.0,200,230/115/22,61.0,11.0,13.0,14.0,46.0,0.0,0.0,95.0,2281.0,5038.0,39052.0,0.0,13.0,181.0,168.0,181.0,181.0,1,raw_available,13.0,
AX69026T2,RY2,KT3A,AX69026T2,0,RY2KT3A,FUJI,2021-01-31,2021-03-21,2000.0,200,230/115/22,50.0,9.0,29.0,16.0,39.0,0.0,0.0,100.0,2300.0,10410.0,52310.0,12.0,28.0,224.0,184.0,224.0,224.0,1,raw_available,40.0,
AX69026T2,RY2,KT3A,AX69026T2,0,RY2KT3A,FUJI,2022-04-08,2022-04-10,2000.0,200,230/115/22,56.0,10.0,23.0,29.0,71.0,1.0,0.0,91.0,2128.0,4047.0,29267.0,0.0,20.0,235.0,215.0,235.0,235.0,1,raw_available,20.0,
AX69026T2,RY2,KT3A,AX69026T2,0,RY2KT3A,FUJI,2022-08-14,2022-09-02,2000.0,200,230/115/22,55.0,10.0,8.0,45.0,80.0,0.0,0.0,92.0,2015.0,2145.0,45445.0,0.0,39.0,264.0,225.0,264.0,264.0,1,raw_available,39.0,
AX69026T2,RY2,KT3A,AX69026T2,0,RY2KT3A,FUJI,2023-02-17,2023-02-25,2000.0,200,230/115/22,58.0,9.0,21.0,37.0,84.0,0.0,0.0,95.0,2075.0,5709.0,33756.0,0.0,34.0,271.0,237.0,271.0,271.0,1,raw_available,34.0,
AX69026T2,RY2,KT3A,AX69026T2,0,RY2KT3A,FUJI,2024-04-20,2024-04-26,2000.0,200,230/115/22,60.0,8.0,21.0,32.0,93.0,3.0,0.0,71.0,2021.0,7262.0,29731.0,0.0,34.0,254.0,220.0,254.0,254.0,1,raw_available,34.0,
AX69026T3,NB,KT2A,AX69026T3,0,NBKT2A,FUJI,2019-05-04,2019-05-25,2000.0,200,230/72/11,73.0,21.0,47.0,76.0,307.0,10.0,0.0,81.0,5034.0,6057.0,43512.0,0.0,152.0,673.0,521.0,673.0,673.0,1,raw_available,152.0,
AX69026T3,NB,KT2A,AX69026T3,0,NBKT2A,FUJI,2019-11-02,2019-12-06,2000.0,200,230/72/11,67.0,16.0,98.0,102.0,365.0,12.0,0.0,91.0,5655.0,7153.0,41856.0,28.0,228.0,924.0,668.0,924.0,924.0,1,raw_available,256.0,
AX69026T3,NB,KT2A,AX69026T3,0,NBKT2A,FUJI,2020-06-05,2020-08-04,2000.0,200,230/72/11,69.0,15.0,64.0,93.0,306.0,4.0,0.0,78.0,5468.0,6950.0,58803.0,0.0,155.0,700.0,545.0,700.0,700.0,1,raw_available,155.0,
AX69026T3,NB,KT2A,AX69026T3,0,NBKT2A,FUJI,2020-11-09,2020-11-22,2000.0,200,230/72/11,62.0,9.0,68.0,71.0,265.0,0.0,0.0,30.0,2187.0,5800.0,140340.0,40.0,177.0,651.0,434.0,651.0,651.0,1,raw_available,217.0,
AX69026T3,NB,KT2A,AX69026T3,0,NBKT2A,FUJI,2021-05-20,2021-06-21,2000.0,200,230/72/11,52.0,8.0,102.0,101.0,334.0,0.0,0.0,80.0,3271.0,5371.0,52619.0,0.0,210.0,827.0,617.0,827.0,827.0,1,raw_available,210.0,
AX69026T3,NB,KT2A,AX69026T3,0,NBKT2A,FUJI,2021-11-08,2021-11-18,2000.0,200,230/72/11,60.0,,67.0,105.0,373.0,0.0,0.0,95.0,4519.0,2990.0,70440.0,44.0,241.0,910.0,640.0,910.0,910.0,1,raw_available,270.0,
AX69026T3,NB,KT2A,AX69026T3,0,NBKT2A,FUJI,2022-05-29,2022-06-03,2000.0,200,230/72/11,65.0,8.0,87.0,86.0,321.0,42.0,0.0,61.0,5424.0,5401.0,76340.0,2.0,203.0,802.0,597.0,802.0,802.0,1,raw_available,205.0,
AX69026T3,NB,KT2A,AX69026T3,0,NBKT2A,FUJI,2022-11-19,2022-11-28,2000.0,200,230/72/11,62.0,11.0,65.0,119.0,378.0,6.0,0.0,75.0,5293.0,8729.0,66256.0,10.0,214.0,867.0,643.0,867.0,867.0,1,raw_available,224.0,
AX69026T3,NB,KT2A,AX69026T3,0,NBKT2A,FUJI,2023-05-12,2023-05-14,2000.0,200,230/72/11,0.0,14.0,100.0,99.0,360.0,4.0,0.0,89.0,5899.0,8950.0,80040.0,27.0,241.0,920.0,652.0,920.0,920.0,1,raw_available,268.0,
AX69026T3,NB,KT2A,AX69026T3,0,NBKT2A,FUJI,2023-11-20,2023-12-24,2000.0,200,230/72/11,58.0,12.0,47.0,147.0,421.0,13.0,0.0,104.0,4992.0,7108.0,89445.0,13.0,210.0,955.0,732.0,955.0,955.0,1,raw_available,223.0,
AX69026T4,NB,KT1A,AX69026T4,0,NBKT1A,FUJI,2019-05-04,2019-05-25,2000.0,200,230/69/11,80.0,22.0,11.0,23.0,74.0,0.0,0.0,98.0,2443.0,4703.0,21134.0,0.0,29.0,235.0,206.0,235.0,235.0,1,raw_available,29.0,
AX69026T4,NB,KT1A,AX69026T4,0,NBKT1A,FUJI,2019-11-02,2019-12-06,2000.0,200,230/69/11,65.0,11.0,8.0,72.0,56.0,4.0,0.0,106.0,3152.0,18757.0,45101.0,6.0,30.0,282.0,246.0,282.0,282.0,1,raw_available,36.0,
AX69026T4,NB,KT1A,AX69026T4,0,NBKT1A,FUJI,2020-06-05,2020-08-04,2000.0,200,230/69/11,40.0,16.0,24.0,37.0,75.0,0.0,0.0,109.0,3423.0,4903.0,26472.0,0.0,73.0,318.0,245.0,318.0,318.0,1,raw_available,73.0,
AX69026T4,NB,KT1A,AX69026T4,0,NBKT1A,FUJI,2020-11-09,2020-11-22,2000.0,200,230/69/11,33.0,6.0,22.0,5.0,10.0,0.0,0.0,23.0,597.0,5650.0,31370.0,3.0,10.0,73.0,60.0,73.0,73.0,1,raw_available,13.0,
AX69026T4,NB,KT1A,AX69026T4,0,NBKT1A,FUJI,2021-05-20,2021-06-14,2000.0,200,230/69/11,52.0,10.0,51.0,3.0,13.0,0.0,0.0,88.0,1500.0,4983.0,54018.0,0.0,13.0,168.0,155.0,168.0,168.0,1,raw_available,13.0,
AX69026T4,NB,KT1A,AX69026T4,0,NBKT1A,FUJI,2021-11-08,2021-11-18,2000.0,200,230/69/11,58.0,,6.0,7.0,13.0,0.0,0.0,185.0,3336.0,4270.0,47270.0,7.0,12.0,230.0,211.0,230.0,230.0,1,raw_available,19.0,
AX69026T4,NB,KT1A,AX69026T4,0,NBKT1A,FUJI,2022-05-29,2022-06-03,2000.0,200,230/69/11,58.0,10.0,15.0,32.0,34.0,5.0,0.0,172.0,3524.0,4199.0,65792.0,8.0,22.0,288.0,258.0,288.0,288.0,1,raw_available,30.0,
AX69026T4,NB,KT1A,AX69026T4,0,NBKT1A,FUJI,2022-11-19,2022-11-28,2000.0,200,230/69/11,56.0,14.0,13.0,39.0,49.0,2.0,0.0,141.0,3199.0,4980.0,77880.0,19.0,28.0,291.0,244.0,291.0,291.0,1,raw_available,47.0,
AX69026T4,NB,KT1A,AX69026T4,0,NBKT1A,FUJI,2023-05-12,2023-05-14,2000.0,200,230/69/11,0.0,12.0,9.0,14.0,18.0,1.0,0.0,149.0,3132.0,7370.0,41160.0,5.0,18.0,214.0,191.0,214.0,214.0,1,raw_available,23.0,trip by over current phase B
AX69026T4,NB,KT1A,AX69026T4,0,NBKT1A,FUJI,2023-11-20,2023-12-24,2000.0,200,230/69/11,54.0,13.0,44.0,16.0,28.0,4.0,0.0,185.0,2413.0,10247.0,42136.0,4.0,21.0,302.0,277.0,302.0,302.0,1,raw_available,25.0,
AX69026T4,NB,KT1A,AX69026T4,0,NBKT1A,FUJI,2024-06-21,2024-06-23,2000.0,200,230/69/11,56.0,11.0,29.0,23.0,37.0,3.0,0.0,202.0,3496.0,6716.0,41519.0,3.0,22.0,319.0,294.0,319.0,319.0,1,raw_available,25.0,
EDP001201,MR,KT1A,EDP001201,0,MRKT1A,EKARAT DAIHEN,2019-02-17,2019-03-24,2007.0,50,115/22,47.0,10.0,11.0,117.0,221.0,0.0,0.0,225.0,1687.0,7339.0,45251.0,0.0,125.0,699.0,574.0,699.0,699.0,1,raw_available,125.0,
EDP001201,MR,KT1A,EDP001201,0,MRKT1A,EKARAT DAIHEN,2020-10-25,2020-11-17,2007.0,50,115/22,46.0,12.0,15.0,129.0,248.0,3.0,0.0,269.0,1776.0,2063.0,42933.0,0.0,138.0,802.0,664.0,802.0,802.0,1,raw_available,138.0,
EDP001201,MR,KT1A,EDP001201,0,MRKT1A,EKARAT DAIHEN,2021-11-15,2021-12-14,2007.0,50,115/22,49.0,10.0,10.0,109.0,243.0,0.0,0.0,261.0,1794.0,8734.0,44125.0,0.0,118.0,741.0,623.0,741.0,741.0,1,raw_available,118.0,
EDP001201,MR,KT1A,EDP001201,0,MRKT1A,EKARAT DAIHEN,2023-02-05,2023-02-12,2007.0,50,115/22,47.0,6.0,14.0,120.0,244.0,1.0,0.0,268.0,1780.0,4540.0,44070.0,14.0,202.0,863.0,647.0,863.0,863.0,1,raw_available,216.0,
EDP001201,MR,KT1A,EDP001201,0,MRKT1A,EKARAT DAIHEN,2024-05-25,2024-06-08,2007.0,50,115/22,50.0,7.0,13.0,156.0,373.0,4.0,0.0,264.0,1619.0,8823.0,54068.0,12.0,202.0,1024.0,810.0,1024.0,1024.0,1,raw_available,214.0,
EDP001301,UD2,KT2A,EDP001301,0,UD2KT2A,EKARAT DAIHEN,2019-02-06,2019-05-12,2007.0,50,115/22,45.0,26.0,40.0,9.0,2.0,3.0,0.0,612.0,1644.0,13703.0,51898.0,4.0,2.0,672.0,666.0,672.0,672.0,1,raw_available,6.0,
EDP001301,UD2,KT2A,EDP001301,0,UD2KT2A,EKARAT DAIHEN,2020-04-05,2020-05-15,2007.0,50,115/22,54.0,8.0,92.0,11.0,3.0,0.0,0.0,1014.0,2572.0,8674.0,46879.0,0.0,6.0,1126.0,1120.0,1126.0,1126.0,1,raw_available,6.0,
EDP001301,UD2,KT2A,EDP001301,0,UD2KT2A,EKARAT DAIHEN,2021-02-15,2021-05-24,2007.0,50,115/22,51.0,27.0,48.0,14.0,0.0,4.0,0.0,1354.0,4540.0,14254.0,57766.0,5.0,6.0,1431.0,1420.0,1431.0,1431.0,1,raw_available,11.0,
EDP001301,UD2,KT2A,EDP001301,0,UD2KT2A,EKARAT DAIHEN,2022-01-19,2022-02-06,2007.0,50,115/22,48.0,7.0,75.0,7.0,2.0,1.0,0.0,699.0,3010.0,6574.0,45128.0,3.0,4.0,791.0,784.0,791.0,791.0,1,raw_available,7.0,
EDP001301,UD2,KT2A,EDP001301,0,UD2KT2A,EKARAT DAIHEN,2023-02-04,2023-02-17,2007.0,50,115/22,44.0,10.0,49.0,9.0,3.0,3.0,0.0,568.0,2700.0,6398.0,43141.0,10.0,4.0,646.0,632.0,646.0,646.0,1,raw_available,14.0,
EDP001301,UD2,KT2A,EDP001301,0,UD2KT2A,EKARAT DAIHEN,2024-01-16,2024-02-10,2007.0,50,115/22,46.0,6.0,77.0,0.0,4.0,8.0,0.0,842.0,2294.0,9658.0,45030.0,6.0,7.0,944.0,931.0,944.0,944.0,1,raw_available,13.0,
EDP001401,RA,KT1A,EDP001401,0,RAKT1A,DAIHEN,2019-09-19,2019-11-23,2008.0,50,115/33/11,28.0,18.0,25.0,70.0,0.0,3.0,0.0,100.0,692.0,11906.0,50564.0,0.0,0.0,198.0,198.0,198.0,198.0,1,raw_available,0.0,
EDP001401,RA,KT1A,EDP001401,0,RAKT1A,DAIHEN,2020-09-07,2020-10-11,2008.0,50,115/33/11,56.0,13.0,21.0,65.0,183.0,0.0,0.0,118.0,1113.0,2715.0,31532.0,0.0,70.0,457.0,387.0,457.0,457.0,1,raw_available,70.0,ทดสอบ DBV. ได้ค่าเฉลี่ยที่ 22.4 kV.
EDP001401,RA,KT1A,EDP001401,0,RAKT1A,DAIHEN,2021-09-10,2021-11-16,2008.0,50,115/33/11,57.0,17.0,24.0,61.0,171.0,0.0,0.0,101.0,1778.0,7920.0,40020.0,18.0,142.0,517.0,357.0,517.0,517.0,1,raw_available,160.0,
EDP001401,RA,KT1A,EDP001401,0,RAKT1A,DAIHEN,2022-09-25,2022-10-08,2008.0,50,115/33/11,30.0,10.0,39.0,78.0,224.0,1.0,0.0,108.0,1879.0,6710.0,51520.0,11.0,187.0,648.0,450.0,648.0,648.0,1,raw_available,198.0,
EDP001401,RA,KT1A,EDP001401,0,RAKT1A,DAIHEN,2023-09-22,2023-11-17,2008.0,50,115/33/11,56.0,15.0,27.0,78.0,203.0,3.0,0.0,134.0,1755.0,11624.0,51519.0,11.0,121.0,577.0,445.0,577.0,577.0,1,raw_available,132.0,
EDP011201,NBL,KT3A,EDP011201,0,NBLKT3A,EKARAT DAIHEN,2019-02-03,2019-05-12,2012.0,50,115/22/11,50.0,18.0,37.0,0.0,13.0,5.0,0.0,494.0,1698.0,12158.0,47361.0,0.0,0.0,549.0,549.0,549.0,549.0,1,raw_available,0.0,
EDP011201,NBL,KT3A,EDP011201,0,NBLKT3A,EKARAT DAIHEN,2020-04-04,2020-05-15,2012.0,50,115/22/11,58.0,12.0,64.0,7.0,11.0,0.0,0.0,1024.0,2749.0,7785.0,60631.0,0.0,16.0,1243.0,1106.0,1243.0,1243.0,1,raw_available,137.0,
EDP011201,NBL,KT3A,EDP011201,0,NBLKT3A,EKARAT DAIHEN,2021-02-16,2021-05-24,2012.0,50,115/22/11,53.0,23.0,36.0,9.0,0.0,4.0,0.0,1438.0,5082.0,15890.0,69497.0,7.0,7.0,1501.0,1487.0,1501.0,1501.0,1,raw_available,14.0,
EDP011201,NBL,KT3A,EDP011201,0,NBLKT3A,EKARAT DAIHEN,2022-01-17,2022-02-06,2012.0,50,115/22/11,45.0,5.0,46.0,4.0,7.0,2.0,0.0,773.0,3595.0,9324.0,60951.0,4.0,9.0,845.0,832.0,845.0,845.0,1,raw_available,13.0,
EDP011201,NBL,KT3A,EDP011201,0,NBLKT3A,EKARAT DAIHEN,2023-01-15,2023-02-04,2012.0,50,115/22/11,36.0,5.0,38.0,13.0,7.0,8.0,0.0,1073.0,3762.0,4077.0,48373.0,0.0,0.0,1139.0,1139.0,1139.0,1139.0,1,raw_available,0.0,
EDP011201,NBL,KT3A,EDP011201,0,NBLKT3A,EKARAT DAIHEN,2024-01-14,2024-02-11,2012.0,50,115/22/11,44.0,7.0,43.0,12.0,8.0,8.0,0.0,966.0,2817.0,15555.0,64747.0,7.0,8.0,1052.0,1037.0,1052.0,1052.0,1,raw_available,15.0,
EDP011202,UB2,KT2A,EDP011202,0,UB2KT2A,EKARAT DAIHEN,2020-03-02,2020-04-03,2011.0,50,115/22/11,36.0,13.0,35.0,3.0,2.0,0.0,0.0,449.0,916.0,15954.0,47106.0,0.0,2.0,491.0,489.0,491.0,491.0,1,raw_available,2.0,
EDP011202,UB2,KT2A,EDP011202,0,UB2KT2A,EKARAT DAIHEN,2021-03-02,2021-05-20,2011.0,50,115/22/11,26.0,21.0,60.0,4.0,1.0,3.0,0.0,449.0,622.0,15523.0,54820.0,5.0,2.0,524.0,517.0,524.0,524.0,1,raw_available,7.0,
EDP011202,UB2,KT2A,EDP011202,0,UB2KT2A,EKARAT DAIHEN,2022-02-07,2022-02-18,2011.0,50,115/22/11,28.0,18.0,53.0,2.0,2.0,0.0,0.0,467.0,1369.0,10135.0,54876.0,0.0,0.0,524.0,524.0,524.0,524.0,1,raw_available,0.0,
EDP011202,UB2,KT2A,EDP011202,0,UB2KT2A,EKARAT DAIHEN,2023-02-04,2023-02-18,2011.0,50,115/22/11,0.0,7.0,67.0,5.0,1.0,3.0,0.0,932.0,1737.0,15862.0,61511.0,6.0,2.0,1016.0,1008.0,1016.0,1016.0,1,raw_available,8.0,
EDP011202,UB2,KT2A,EDP011202,0,UB2KT2A,EKARAT DAIHEN,2024-02-04,2024-03-08,2011.0,50,115/22/11,52.0,7.0,35.0,6.0,2.0,3.0,0.0,620.0,1670.0,18125.0,43122.0,6.0,4.0,676.0,666.0,676.0,676.0,1,raw_available,10.0,
EDP011203,BPI,KT2A,EDP011203,0,BPIKT2A,EKARAT-DAIHEN,2019-04-01,2019-04-19,2011.0,50,115/22/11,60.0,9.0,39.0,0.0,18.0,0.0,0.0,690.0,1940.0,7592.0,42123.0,0.0,0.0,747.0,747.0,747.0,747.0,1,raw_available,0.0,
EDP011203,BPI,KT2A,EDP011203,0,BPIKT2A,EKARAT-DAIHEN,2020-05-02,2020-06-01,2011.0,50,115/22/11,54.0,10.0,42.0,4.0,2.0,0.0,0.0,680.0,1096.0,9454.0,41201.0,0.0,3.0,731.0,728.0,731.0,731.0,1,raw_available,3.0,
EDP011203,BPI,KT2A,EDP011203,0,BPIKT2A,EKARAT-DAIHEN,2021-01-20,2021-02-05,2011.0,50,115/22/11,32.0,11.0,38.0,3.0,1.0,0.0,0.0,762.0,2603.0,6301.0,57961.0,0.0,3.0,807.0,804.0,807.0,807.0,1,raw_available,3.0,
EDP011203,BPI,KT2A,EDP011203,0,BPIKT2A,EKARAT-DAIHEN,2022-03-10,2022-03-27,2011.0,50,115/22/11,52.0,12.0,26.0,0.0,0.0,6.0,0.0,916.0,2492.0,7936.0,49319.0,0.0,0.0,948.0,948.0,948.0,948.0,1,raw_available,0.0,
EDP011203,BPI,KT2A,EDP011203,0,BPIKT2A,EKARAT-DAIHEN,2023-03-10,2023-03-17,2011.0,50,115/22/11,52.0,9.0,48.0,8.0,2.0,8.0,0.0,1027.0,2800.0,8668.0,62645.0,7.0,4.0,1104.0,1093.0,1104.0,1104.0,1,raw_available,11.0,
EDP011203,BPI,KT2A,EDP011203,0,BPIKT2A,EKARAT-DAIHEN,2024-03-08,2024-04-08,2011.0,50,115/22/11,53.0,7.0,21.0,64.0,71.0,18.0,0.0,1154.0,3344.0,14488.0,66086.0,7.0,5.0,1340.0,1328.0,1340.0,1340.0,1,raw_available,12.0,
EDP011204,PHK,KT3A,EDP011204,0,PHKKT3A,EKARAT DAIHEN,2020-06-09,2020-06-21,2011.0,50,115/22/11,50.0,58.0,40.0,7.0,0.0,6.0,0.0,1035.0,2437.0,8489.0,42236.0,6.0,3.0,1097.0,1088.0,1097.0,1097.0,1,raw_available,9.0,
EDP011204,PHK,KT3A,EDP011204,0,PHKKT3A,EKARAT DAIHEN,2021-02-23,2021-05-20,2011.0,50,115/22/11,51.0,28.0,19.0,0.0,0.0,5.0,0.0,503.0,1390.0,26859.0,58907.0,0.0,0.0,527.0,527.0,527.0,527.0,1,raw_available,0.0,
EDP011204,PHK,KT3A,EDP011204,0,PHKKT3A,EKARAT DAIHEN,2022-02-01,2022-02-18,2011.0,50,115/22/11,41.0,10.0,51.0,3.0,1.0,2.0,0.0,676.0,1486.0,11130.0,57056.0,0.0,3.0,736.0,733.0,736.0,736.0,1,raw_available,3.0,
EDP011204,PHK,KT3A,EDP011204,0,PHKKT3A,EKARAT DAIHEN,2023-01-30,2023-02-18,2011.0,50,115/22/11,45.0,10.0,19.0,8.0,2.0,10.0,0.0,1151.0,2573.0,13442.0,68212.0,7.0,4.0,1201.0,1190.0,1201.0,1201.0,1,raw_available,11.0,
EDP011204,PHK,KT3A,EDP011204,0,PHKKT3A,EKARAT DAIHEN,2024-01-29,2024-03-08,2011.0,50,115/22/11,50.0,12.0,32.0,5.0,2.0,11.0,0.0,965.0,2597.0,9081.0,47819.0,5.0,6.0,1026.0,1015.0,1026.0,1026.0,1,raw_available,11.0,
EDP011205,SD,KT1A,EDP011205,0,SDKT1A,EKARAT-HAIDEN,2019-03-04,2019-03-07,2011.0,50,115/22,33.0,9.0,31.0,5.0,1.0,3.0,0.0,879.0,1838.0,7581.0,33599.0,4.0,2.0,925.0,919.0,925.0,925.0,1,raw_available,6.0,Trip ด้วย Tx. Diff มีรอย Flash ที่ DS 2214 Ph. B
EDP011205,SD,KT1A,EDP011205,0,SDKT1A,EKARAT-HAIDEN,2019-03-05,2019-03-08,2011.0,50,115/22,33.0,9.0,0.0,5.0,2.0,0.0,0.0,887.0,2119.0,7315.0,34125.0,0.0,2.0,896.0,894.0,896.0,896.0,1,raw_available,2.0,Oil ที่ Buchholz(Trip ด้วย Tx. Diff มีรอย Flash ที่ DS 2214 Ph. B)
EDP011205,SD,KT1A,EDP011205,0,SDKT1A,EKARAT-HAIDEN,2020-04-18,2020-05-26,2011.0,50,115/22,54.0,14.0,14.0,5.0,2.0,5.0,0.0,904.0,2189.0,10380.0,69024.0,5.0,3.0,938.0,930.0,938.0,938.0,1,raw_available,8.0,
EDP011205,SD,KT1A,EDP011205,0,SDKT1A,EKARAT-HAIDEN,2021-02-20,2021-05-21,2011.0,50,115/22,55.0,37.0,32.0,5.0,2.0,8.0,0.0,1004.0,2567.0,22240.0,77318.0,4.0,3.0,1058.0,1051.0,1058.0,1058.0,1,raw_available,7.0,
EDP011205,SD,KT1A,EDP011205,0,SDKT1A,EKARAT-HAIDEN,2022-01-30,2022-02-18,2011.0,50,115/22,50.0,19.0,33.0,3.0,1.0,2.0,0.0,806.0,2440.0,9923.0,62864.0,1.0,2.0,848.0,845.0,848.0,848.0,1,raw_available,3.0,
EDP011205,SD,KT1A,EDP011205,0,SDKT1A,EKARAT-HAIDEN,2023-01-28,2023-02-13,2011.0,50,115/22,50.0,7.0,31.0,10.0,4.0,12.0,0.0,1407.0,3460.0,11651.0,68002.0,6.0,7.0,1477.0,1464.0,1477.0,1477.0,1,raw_available,13.0,
EDP011205,SD,KT1A,EDP011205,0,SDKT1A,EKARAT-HAIDEN,2024-01-27,2024-03-09,2011.0,50,115/22,51.0,14.0,20.0,5.0,3.0,6.0,0.0,1101.0,2729.0,10048.0,48575.0,2.0,1.0,1138.0,1135.0,1138.0,1138.0,1,raw_available,3.0,
EDP011206,SD,KT2A,EDP011206,0,SDKT2A,EKARAT-DAIHEN,2020-04-18,2020-05-26,2011.0,50,115/22,51.0,11.0,4.0,0.0,1.0,1.0,0.0,599.0,1369.0,6867.0,37291.0,2.0,1.0,608.0,605.0,608.0,608.0,1,raw_available,3.0,
EDP011206,SD,KT2A,EDP011206,0,SDKT2A,EKARAT-DAIHEN,2021-02-20,2021-05-20,2011.0,50,115/22,49.0,28.0,18.0,0.0,48.0,4.0,0.0,513.0,1376.0,22811.0,53270.0,0.0,0.0,583.0,583.0,583.0,583.0,1,raw_available,0.0,
EDP011206,SD,KT2A,EDP011206,0,SDKT2A,EKARAT-DAIHEN,2022-01-30,2022-02-19,2011.0,50,115/22,46.0,17.0,27.0,2.0,1.0,1.0,0.0,446.0,1681.0,12574.0,56523.0,0.0,3.0,480.0,477.0,480.0,480.0,1,raw_available,3.0,
EDP011206,SD,KT2A,EDP011206,0,SDKT2A,EKARAT-DAIHEN,2023-01-28,2023-02-13,2011.0,50,115/22,46.0,5.0,17.0,3.0,2.0,4.0,0.0,668.0,1773.0,16280.0,75340.0,66.0,4.0,764.0,694.0,764.0,764.0,1,raw_available,70.0,
EDP011206,SD,KT2A,EDP011206,0,SDKT2A,EKARAT-DAIHEN,2024-01-27,2024-03-09,2011.0,50,115/22,48.0,12.0,21.0,4.0,0.0,6.0,0.0,766.0,2414.0,13230.0,50625.0,24.0,0.0,821.0,797.0,821.0,821.0,1,raw_available,24.0,
EDP011301,RY1,KT1A,EDP011301,0,RY1KT1A,EKARAT,2020-03-22,2020-04-10,2014.0,50,115/22,52.0,7.0,56.0,8.0,3.0,0.0,0.0,641.0,1660.0,8140.0,66340.0,0.0,6.0,714.0,708.0,714.0,714.0,1,raw_available,6.0,
EDP011301,RY1,KT1A,EDP011301,0,RY1KT1A,EKARAT,2022-03-17,2022-03-31,2014.0,50,115/22,53.0,15.0,23.0,7.0,2.0,0.0,0.0,658.0,1729.0,8034.0,81662.0,0.0,6.0,696.0,690.0,696.0,696.0,1,raw_available,6.0,
EDP011301,RY1,KT1A,EDP011301,0,RY1KT1A,EKARAT,2022-09-16,2022-09-22,2014.0,50,115/22,46.0,6.0,4.0,12.0,1.0,6.0,0.0,606.0,2735.0,7440.0,70680.0,7.0,6.0,642.0,629.0,642.0,642.0,1,raw_available,13.0,
EDP011301,RY1,KT1A,EDP011301,0,RY1KT1A,EKARAT,2023-05-13,2023-05-21,2014.0,50,115/22,54.0,7.0,8.0,23.0,3.0,3.0,0.0,641.0,2572.0,7924.0,58992.0,2.0,1.0,681.0,678.0,681.0,681.0,1,raw_available,3.0,
EDP011301,RY1,KT1A,EDP011301,0,RY1KT1A,EKARAT,2024-04-19,2024-04-24,2014.0,50,115/22,55.0,10.0,10.0,32.0,6.0,8.0,0.0,757.0,5440.0,11410.0,48140.0,202.0,14.0,1029.0,813.0,1029.0,1029.0,1,raw_available,216.0,
EDP011302,PA1,KT1A,EDP011302,0,PA1KT1A,EKARAT,2020-01-20,2020-02-06,2013.0,50,115/22,50.0,12.0,31.0,9.0,5.0,0.0,0.0,500.0,2426.0,3600.0,65490.0,5.0,8.0,558.0,545.0,558.0,558.0,1,raw_available,13.0,
EDP011302,PA1,KT1A,EDP011302,0,PA1KT1A,EKARAT,2021-01-22,2021-03-21,2013.0,50,115/22,54.0,9.0,33.0,0.0,3.0,0.0,0.0,525.0,2500.0,5570.0,12487.0,0.0,0.0,561.0,561.0,561.0,561.0,1,raw_available,0.0,
EDP011302,PA1,KT1A,EDP011302,0,PA1KT1A,EKARAT,2022-07-09,2022-07-30,2013.0,50,115/22,47.0,14.0,15.0,4.0,3.0,3.0,0.0,520.0,2519.0,10543.0,74826.0,6.0,4.0,555.0,545.0,555.0,555.0,1,raw_available,10.0,
EDP011302,PA1,KT1A,EDP011302,0,PA1KT1A,EKARAT,2023-02-17,2023-02-26,2013.0,50,115/22,50.0,5.0,9.0,5.0,12.0,10.0,0.0,529.0,2623.0,8612.0,54803.0,0.0,0.0,565.0,565.0,565.0,565.0,1,raw_available,0.0,
EDP011302,PA1,KT1A,EDP011302,0,PA1KT1A,EKARAT,2024-02-18,2024-03-17,2013.0,50,115/22,50.0,13.0,14.0,10.0,8.0,12.0,0.0,616.0,2455.0,21748.0,58018.0,7.0,15.0,682.0,660.0,682.0,682.0,1,raw_available,22.0,
EDP011303,MS,KT1A,EDP011303,0,MSKT1A,EKARAT DAIHEN,2019-01-26,2019-01-31,2012.0,50,115/22,40.0,12.0,7.0,0.0,17.0,0.0,0.0,103.0,631.0,6696.0,34586.0,0.0,0.0,127.0,127.0,127.0,127.0,1,raw_available,0.0,
EDP011303,MS,KT1A,EDP011303,0,MSKT1A,EKARAT DAIHEN,2020-12-26,2021-01-12,2012.0,50,115/22,34.0,10.0,29.0,2.0,5.0,0.0,0.0,650.0,2227.0,7486.0,56152.0,0.0,6.0,692.0,686.0,692.0,692.0,1,raw_available,6.0,
EDP011303,MS,KT1A,EDP011303,0,MSKT1A,EKARAT DAIHEN,2021-05-15,2021-06-25,2012.0,50,115/22,45.0,25.0,2.0,0.0,0.0,0.0,0.0,31.0,52.0,8261.0,20654.0,0.0,0.0,33.0,33.0,33.0,33.0,1,raw_available,0.0,
EDP011303,MS,KT1A,EDP011303,0,MSKT1A,EKARAT DAIHEN,2022-10-23,2022-11-20,2012.0,50,115/22,50.0,21.0,10.0,3.0,5.0,2.0,0.0,595.0,1562.0,8795.0,46401.0,0.0,7.0,622.0,615.0,622.0,622.0,1,raw_available,7.0,
EDP011303,MS,KT1A,EDP011303,0,MSKT1A,EKARAT DAIHEN,2023-02-03,2023-02-12,2012.0,50,115/22,41.0,7.0,12.0,4.0,5.0,2.0,0.0,753.0,1745.0,5020.0,48500.0,50.0,9.0,835.0,776.0,835.0,835.0,1,raw_available,59.0,
EDP011304,MS,KT2A,EDP011304,0,MSKT2A,EKARAT-DAIHEN,2019-01-26,2019-01-31,2012.0,50,115/22,48.0,8.0,10.0,2.0,24.0,0.0,0.0,141.0,911.0,8357.0,43253.0,0.0,0.0,177.0,177.0,177.0,177.0,1,raw_available,0.0,
EDP011304,MS,KT2A,EDP011304,0,MSKT2A,EKARAT-DAIHEN,2020-12-26,2021-01-12,2012.0,50,115/22,42.0,10.0,39.0,4.0,11.0,0.0,0.0,999.0,3668.0,6274.0,50897.0,0.0,14.0,1067.0,1053.0,1067.0,1067.0,1,raw_available,14.0,
EDP011304,MS,KT2A,EDP011304,0,MSKT2A,EKARAT-DAIHEN,2021-05-15,2021-06-25,2012.0,50,115/22,47.0,17.0,36.0,5.0,12.0,1.0,0.0,1291.0,5337.0,5366.0,41409.0,5.0,17.0,1367.0,1345.0,1367.0,1367.0,1,raw_available,22.0,
EDP011304,MS,KT2A,EDP011304,0,MSKT2A,EKARAT-DAIHEN,2022-10-23,2022-11-20,2012.0,50,115/22,52.0,19.0,17.0,10.0,13.0,7.0,0.0,1317.0,5413.0,10102.0,50271.0,7.0,15.0,1386.0,1364.0,1386.0,1386.0,1,raw_available,22.0,
EDP011304,MS,KT2A,EDP011304,0,MSKT2A,EKARAT-DAIHEN,2023-02-03,2023-02-12,2012.0,50,115/22,44.0,6.0,14.0,10.0,13.0,8.0,0.0,1245.0,5227.0,16431.0,79425.0,7.0,15.0,1312.0,1290.0,1312.0,1312.0,1,raw_available,22.0,
EDP011305,KS,KT1A,EDP011305,0,KSKT1A,EKARAT,2019-02-07,2019-03-02,2012.0,50,115/22,46.0,25.0,53.0,19.0,0.0,9.0,0.0,804.0,2645.0,6441.0,47051.0,0.0,0.0,885.0,885.0,885.0,885.0,1,raw_available,0.0,
EDP011305,KS,KT1A,EDP011305,0,KSKT1A,EKARAT,2021-02-21,2021-04-02,2012.0,50,115/22,50.0,16.0,29.0,0.0,3.0,0.0,0.0,800.0,2700.0,6500.0,50000.0,0.0,0.0,832.0,832.0,832.0,832.0,1,raw_available,0.0,
EDP011305,KS,KT1A,EDP011305,0,KSKT1A,EKARAT,2022-02-06,2022-03-07,2012.0,50,115/22,49.0,9.0,31.0,0.0,8.0,9.0,0.0,940.0,3529.0,7586.0,56355.0,0.0,0.0,988.0,988.0,988.0,988.0,1,raw_available,0.0,
EDP011305,KS,KT1A,EDP011305,0,KSKT1A,EKARAT,2023-02-24,2023-03-10,2012.0,50,115/22,49.0,6.0,17.0,10.0,5.0,7.0,0.0,975.0,3568.0,6173.0,68652.0,2.0,8.0,1024.0,1014.0,1024.0,1024.0,1,raw_available,10.0,
EDP011305,KS,KT1A,EDP011305,0,KSKT1A,EKARAT,2024-02-09,2024-02-16,2012.0,50,115/22,52.0,11.0,24.0,11.0,6.0,14.0,0.0,1289.0,4392.0,9579.0,66799.0,9.0,12.0,1365.0,1344.0,1365.0,1365.0,1,raw_available,21.0,
EDP011306,KS,KT2A,EDP011306,0,KSKT2A,EKARAT,2019-02-07,2019-03-02,2012.0,50,115/22,46.0,15.0,64.0,7.0,0.0,0.0,0.0,396.0,1272.0,8010.0,50681.0,0.0,0.0,467.0,467.0,467.0,467.0,1,raw_available,0.0,
EDP011306,KS,KT2A,EDP011306,0,KSKT2A,EKARAT,2021-02-21,2021-04-02,2012.0,50,115/22,48.0,21.0,28.0,0.0,0.0,0.0,0.0,300.0,1300.0,8660.0,53000.0,0.0,0.0,328.0,328.0,328.0,328.0,1,raw_available,0.0,
EDP011306,KS,KT2A,EDP011306,0,KSKT2A,EKARAT,2022-02-06,2022-03-07,2012.0,50,115/22,47.0,11.0,26.0,0.0,11.0,12.0,0.0,638.0,2603.0,9199.0,53713.0,0.0,0.0,687.0,687.0,687.0,687.0,1,raw_available,0.0,
EDP011306,KS,KT2A,EDP011306,0,KSKT2A,EKARAT,2022-03-19,2022-03-19,2012.0,50,115/22,47.0,7.0,29.0,12.0,2.0,11.0,0.0,1387.0,3755.0,6923.0,60212.0,4.0,3.0,1448.0,1441.0,1448.0,1448.0,1,raw_available,7.0,เนื่องจากมี Oil Flow relay ของห้อง OLTC ทำงาน
EDP011306,KS,KT2A,EDP011306,0,KSKT2A,EKARAT,2023-02-24,2023-03-10,2012.0,50,115/22,50.0,9.0,18.0,6.0,2.0,8.0,0.0,794.0,3120.0,4541.0,66715.0,2.0,1.0,831.0,828.0,831.0,831.0,1,raw_available,3.0,
EDP011306,KS,KT2A,EDP011306,0,KSKT2A,EKARAT,2024-02-09,2024-02-24,2012.0,50,115/22,48.0,9.0,22.0,8.0,7.0,17.0,0.0,1431.0,4228.0,11529.0,69504.0,7.0,13.0,1505.0,1485.0,1505.0,1505.0,1,raw_available,20.0,
EDP011307,NY,KT1A,EDP011307,0,NYKT1A,EKARAT,2019-12-19,2020-01-09,2012.0,50,115/22,40.0,12.0,18.0,3.0,3.0,0.0,0.0,601.0,2126.0,16681.0,61669.0,0.0,7.0,632.0,625.0,632.0,632.0,1,raw_available,7.0,
EDP011307,NY,KT1A,EDP011307,0,NYKT1A,EKARAT,2020-06-29,2020-08-15,2012.0,50,115/22,52.0,14.0,38.0,0.0,1.0,0.0,0.0,818.0,3985.0,10500.0,112890.0,31.0,1.0,889.0,857.0,889.0,889.0,1,raw_available,32.0,
EDP011307,NY,KT1A,EDP011307,0,NYKT1A,EKARAT,2022-01-15,2022-01-29,2012.0,50,115/22,25.0,11.0,19.0,2.0,1.0,0.0,0.0,820.0,3981.0,9240.0,61510.0,34.0,2.0,878.0,842.0,878.0,878.0,1,raw_available,36.0,
EDP011307,NY,KT1A,EDP011307,0,NYKT1A,EKARAT,2022-07-07,2022-07-30,2012.0,50,115/22,52.0,15.0,20.0,2.0,4.0,6.0,0.0,1079.0,3992.0,17042.0,60525.0,20.0,0.0,1131.0,1111.0,1131.0,1131.0,1,raw_available,20.0,
EDP011307,NY,KT1A,EDP011307,0,NYKT1A,EKARAT,2023-03-17,2023-03-25,2012.0,50,115/22,40.0,7.0,12.0,7.0,3.0,6.0,0.0,932.0,3498.0,24205.0,57549.0,0.0,0.0,960.0,960.0,960.0,960.0,1,raw_available,0.0,
EDP011308,PA1,KT2A,EDP011308,0,PA1KT2A,EKARAT,2020-01-20,2020-02-06,2013.0,50,115/22,42.0,15.0,31.0,8.0,5.0,2.0,0.0,1033.0,2162.0,4310.0,68350.0,9.0,7.0,1095.0,1079.0,1095.0,1095.0,1,raw_available,16.0,
EDP011308,PA1,KT2A,EDP011308,0,PA1KT2A,EKARAT,2021-01-22,2021-03-23,2013.0,50,115/22,50.0,17.0,20.0,0.0,4.0,5.0,0.0,498.0,2200.0,8520.0,62665.0,0.0,5.0,532.0,527.0,532.0,532.0,1,raw_available,5.0,
EDP011308,PA1,KT2A,EDP011308,0,PA1KT2A,EKARAT,2022-07-09,2022-07-30,2013.0,50,115/22,42.0,16.0,17.0,4.0,3.0,4.0,0.0,577.0,2276.0,10062.0,71895.0,5.0,4.0,614.0,605.0,614.0,614.0,1,raw_available,9.0,
EDP011308,PA1,KT2A,EDP011308,0,PA1KT2A,EKARAT,2023-02-17,2023-02-26,2013.0,50,115/22,55.0,13.0,7.0,3.0,6.0,12.0,0.0,528.0,1926.0,18305.0,56964.0,0.0,0.0,556.0,556.0,556.0,556.0,1,raw_available,0.0,
EDP011308,PA1,KT2A,EDP011308,0,PA1KT2A,EKARAT,2024-02-18,2024-03-16,2013.0,50,115/22,48.0,13.0,7.0,11.0,5.0,15.0,0.0,588.0,2100.0,18650.0,48000.0,37.0,9.0,672.0,626.0,672.0,672.0,1,raw_available,46.0,
EDP011901,PYK,KT2A,EDP011901,0,PYKKT2A,DAIHEN,2019-03-22,2019-04-18,2012.0,50,115/22,37.0,23.0,33.0,0.0,13.0,0.0,0.0,475.0,1261.0,14717.0,44560.0,0.0,0.0,521.0,521.0,521.0,521.0,1,raw_available,0.0,Cold stanby.
EDP011901,PYK,KT2A,EDP011901,0,PYKKT2A,DAIHEN,2020-03-21,2020-05-26,2012.0,50,115/22,50.0,23.0,34.0,0.0,6.0,0.0,0.0,512.0,1418.0,18312.0,45913.0,0.0,0.0,552.0,552.0,552.0,552.0,1,raw_available,0.0,
EDP011901,PYK,KT2A,EDP011901,0,PYKKT2A,DAIHEN,2021-01-10,2021-02-01,2012.0,50,115/22,40.0,11.0,42.0,3.0,4.0,0.0,0.0,586.0,2374.0,11463.0,53685.0,0.0,6.0,641.0,635.0,641.0,641.0,1,raw_available,6.0,
EDP011901,PYK,KT2A,EDP011901,0,PYKKT2A,DAIHEN,2022-02-26,2022-03-27,2012.0,50,115/22,53.0,16.0,44.0,3.0,4.0,2.0,0.0,557.0,1994.0,11460.0,62910.0,16.0,6.0,632.0,610.0,632.0,632.0,1,raw_available,22.0,
EDP011901,PYK,KT2A,EDP011901,0,PYKKT2A,DAIHEN,2023-02-24,2023-03-12,2012.0,50,115/22,60.0,10.0,36.0,8.0,7.0,9.0,0.0,1226.0,2640.0,16153.0,52924.0,3.0,2.0,1291.0,1286.0,1291.0,1291.0,1,raw_available,5.0,
EDP011902,KK1,KT2A,EDP011902,0,KK1KT2A,DAIHEN,2019-02-12,2019-05-10,2012.0,50,115/22,49.0,13.0,17.0,2.0,0.0,3.0,0.0,401.0,1353.0,14658.0,49659.0,2.0,0.0,425.0,423.0,425.0,425.0,1,raw_available,2.0,
EDP011902,KK1,KT2A,EDP011902,0,KK1KT2A,DAIHEN,2020-02-06,2020-02-28,2012.0,50,115/22,48.0,7.0,53.0,3.0,0.0,0.0,0.0,463.0,1255.0,9703.0,39157.0,0.0,0.0,519.0,519.0,519.0,519.0,1,raw_available,0.0,
EDP011902,KK1,KT2A,EDP011902,0,KK1KT2A,DAIHEN,2021-02-05,2021-03-08,2012.0,50,115/22,43.0,6.0,5.0,0.0,1.0,3.0,0.0,229.0,1418.0,10367.0,54273.0,2.0,2.0,242.0,238.0,242.0,242.0,1,raw_available,4.0,
EDP011902,KK1,KT2A,EDP011902,0,KK1KT2A,DAIHEN,2022-02-11,2022-03-28,2012.0,50,115/22,44.0,16.0,39.0,2.0,1.0,2.0,0.0,408.0,1891.0,11390.0,60890.0,83.0,3.0,538.0,452.0,538.0,538.0,1,raw_available,86.0,
EDP011902,KK1,KT2A,EDP011902,0,KK1KT2A,DAIHEN,2023-02-10,2023-03-10,2012.0,50,115/22,47.0,10.0,15.0,1.0,4.0,8.0,0.0,695.0,1967.0,13985.0,44255.0,1.0,1.0,725.0,723.0,725.0,725.0,1,raw_available,2.0,
EDP011902,KK1,KT2A,EDP011902,0,KK1KT2A,DAIHEN,2024-02-08,2024-03-17,2012.0,50,115/22,49.0,9.0,17.0,7.0,2.0,10.0,0.0,681.0,1936.0,15166.0,46667.0,5.0,3.0,725.0,717.0,725.0,725.0,1,raw_available,8.0,
EDP011903,NH,KT2A,EDP011903,0,NHKT2A,DAIHEN,2019-02-04,2019-05-12,2012.0,50,115/22,49.0,21.0,21.0,4.0,1.0,4.0,0.0,711.0,1346.0,12576.0,47181.0,4.0,1.0,746.0,741.0,746.0,746.0,1,raw_available,5.0,
EDP011903,NH,KT2A,EDP011903,0,NHKT2A,DAIHEN,2020-04-07,2020-05-15,2012.0,50,115/22,40.0,16.0,37.0,3.0,1.0,1.0,0.0,1049.0,1878.0,13085.0,65064.0,3.0,4.0,1098.0,1091.0,1098.0,1098.0,1,raw_available,7.0,
EDP011903,NH,KT2A,EDP011903,0,NHKT2A,DAIHEN,2021-02-12,2021-05-24,2012.0,50,115/22,48.0,19.0,46.0,5.0,2.0,5.0,0.0,945.0,3843.0,13311.0,52557.0,12.0,6.0,1021.0,1003.0,1021.0,1021.0,1,raw_available,18.0,
EDP011903,NH,KT2A,EDP011903,0,NHKT2A,DAIHEN,2022-01-18,2022-02-07,2012.0,50,115/22,42.0,14.0,27.0,2.0,1.0,3.0,0.0,605.0,2138.0,13207.0,61135.0,8.0,3.0,649.0,638.0,649.0,649.0,1,raw_available,11.0,
EDP011903,NH,KT2A,EDP011903,0,NHKT2A,DAIHEN,2023-01-18,2023-02-04,2012.0,50,115/22,47.0,10.0,30.0,7.0,1.0,12.0,0.0,966.0,2327.0,12744.0,66861.0,5.0,3.0,1024.0,1016.0,1024.0,1024.0,1,raw_available,8.0,
EDP011903,NH,KT2A,EDP011903,0,NHKT2A,DAIHEN,2024-01-17,2024-02-11,2012.0,50,115/22,41.0,13.0,33.0,4.0,2.0,13.0,0.0,873.0,2107.0,16814.0,63924.0,4.0,6.0,935.0,925.0,935.0,935.0,1,raw_available,10.0,
EDP011904,AN,KT2A,EDP011904,0,ANKT2A,DAIHEN,2020-02-28,2020-04-04,2013.0,50,115/22/11,49.0,15.0,27.0,4.0,2.0,2.0,0.0,617.0,1004.0,11354.0,68371.0,0.0,3.0,655.0,652.0,655.0,655.0,1,raw_available,3.0,
EDP011904,AN,KT2A,EDP011904,0,ANKT2A,DAIHEN,2021-02-26,2021-05-21,2013.0,50,115/22/11,50.0,29.0,42.0,7.0,2.0,8.0,0.0,544.0,854.0,14386.0,65964.0,6.0,3.0,612.0,603.0,612.0,612.0,1,raw_available,9.0,
EDP011904,AN,KT2A,EDP011904,0,ANKT2A,DAIHEN,2022-02-04,2022-02-18,2013.0,50,115/22/11,43.0,16.0,40.0,3.0,1.0,2.0,0.0,684.0,1439.0,11005.0,70904.0,3.0,2.0,735.0,730.0,735.0,735.0,1,raw_available,5.0,
EDP011904,AN,KT2A,EDP011904,0,ANKT2A,DAIHEN,2023-02-03,2023-02-16,2013.0,50,115/22/11,46.0,6.0,14.0,3.0,1.0,5.0,0.0,592.0,1642.0,10570.0,56560.0,28.0,3.0,646.0,615.0,646.0,646.0,1,raw_available,31.0,
EDP011904,AN,KT2A,EDP011904,0,ANKT2A,DAIHEN,2024-02-02,2024-03-08,2013.0,50,115/22/11,50.0,10.0,17.0,8.0,2.0,12.0,0.0,641.0,1625.0,19766.0,47492.0,4.0,5.0,689.0,680.0,689.0,689.0,1,raw_available,9.0,
EDP011905,MD1,KT2A,EDP011905,0,MD1KT2A,DAIHEN,2020-02-26,2020-03-29,2013.0,50,115/22/11,48.0,18.0,26.0,4.0,4.0,2.0,0.0,452.0,714.0,15254.0,61704.0,0.0,7.0,495.0,488.0,495.0,495.0,1,raw_available,7.0,
EDP011905,MD1,KT2A,EDP011905,0,MD1KT2A,DAIHEN,2021-02-25,2021-05-21,2013.0,50,115/22/11,51.0,13.0,40.0,6.0,3.0,7.0,0.0,376.0,475.0,18137.0,63192.0,5.0,4.0,441.0,432.0,441.0,441.0,1,raw_available,9.0,
EDP011905,MD1,KT2A,EDP011905,0,MD1KT2A,DAIHEN,2022-02-03,2022-02-19,2013.0,50,115/22/11,35.0,10.0,34.0,2.0,3.0,2.0,0.0,475.0,1046.0,12638.0,62651.0,0.0,4.0,520.0,516.0,520.0,520.0,1,raw_available,4.0,
EDP011905,MD1,KT2A,EDP011905,0,MD1KT2A,DAIHEN,2023-02-02,2023-02-12,2013.0,50,115/22/11,41.0,9.0,15.0,4.0,3.0,9.0,0.0,561.0,1213.0,7030.0,52210.0,26.0,4.0,622.0,592.0,622.0,622.0,1,raw_available,30.0,
EDP011905,MD1,KT2A,EDP011905,0,MD1KT2A,DAIHEN,2024-01-31,2024-03-08,2013.0,50,115/22/11,50.0,10.0,13.0,6.0,4.0,8.0,0.0,531.0,1588.0,20033.0,39245.0,3.0,7.0,572.0,562.0,572.0,572.0,1,raw_available,10.0,
EDP011907,KL,KT2A,EDP011907,0,KLKT2A,DAIHEN,2020-04-19,2020-05-17,2013.0,50,115/22/11,53.0,10.0,65.0,9.0,10.0,2.0,0.0,882.0,1750.0,13439.0,64905.0,3.0,12.0,983.0,968.0,983.0,983.0,1,raw_available,15.0,
EDP011907,KL,KT2A,EDP011907,0,KLKT2A,DAIHEN,2020-10-13,2020-10-16,2013.0,50,115/22/11,50.0,7.0,26.0,5.0,6.0,5.0,0.0,976.0,2158.0,4797.0,54671.0,7.0,6.0,1031.0,1018.0,1031.0,1031.0,1,raw_available,13.0,หลังจาก Trip ด้วย Bouchholz relay
EDP011907,KL,KT2A,EDP011907,0,KLKT2A,DAIHEN,2021-02-20,2021-06-14,2013.0,50,115/22/11,54.0,9.0,40.0,5.0,4.0,3.0,0.0,358.0,2052.0,6097.0,54671.0,5.0,6.0,421.0,410.0,421.0,421.0,1,raw_available,11.0,
EDP011907,KL,KT2A,EDP011907,0,KLKT2A,DAIHEN,2022-01-29,2022-02-20,2013.0,50,115/22/11,50.0,7.0,7.0,6.0,6.0,3.0,0.0,599.0,2145.0,8947.0,63684.0,2.0,7.0,630.0,621.0,630.0,630.0,1,raw_available,9.0,
EDP011907,KL,KT2A,EDP011907,0,KLKT2A,DAIHEN,2023-01-27,2023-02-13,2013.0,50,115/22/11,48.0,8.0,27.0,14.0,11.0,12.0,0.0,1195.0,2703.0,10846.0,63849.0,7.0,14.0,1280.0,1259.0,1280.0,1280.0,1,raw_available,21.0,
EDP011907,KL,KT2A,EDP011907,0,KLKT2A,DAIHEN,2024-01-26,2024-03-09,2013.0,50,115/22/11,50.0,9.0,26.0,12.0,9.0,12.0,0.0,1161.0,2529.0,7193.0,47072.0,15.0,3.0,1238.0,1220.0,1238.0,1238.0,1,raw_available,18.0,
EDP011908,KL,KT1A,EDP011908,0,KLKT1A,DAIHEN,2020-04-19,2020-05-17,2013.0,50,115/22/11,52.0,12.0,12.0,4.0,2.0,2.0,0.0,802.0,1572.0,11558.0,63227.0,1.0,5.0,828.0,822.0,828.0,828.0,1,raw_available,6.0,
EDP011908,KL,KT1A,EDP011908,0,KLKT1A,DAIHEN,2021-02-20,2021-05-21,2013.0,50,115/22/11,51.0,17.0,18.0,0.0,58.0,7.0,0.0,694.0,1739.0,10588.0,48287.0,0.0,0.0,777.0,777.0,777.0,777.0,1,raw_available,0.0,
EDP011908,KL,KT1A,EDP011908,0,KLKT1A,DAIHEN,2022-01-29,2022-02-20,2013.0,50,115/22/11,50.0,11.0,14.0,3.0,2.0,3.0,0.0,550.0,1995.0,10432.0,64407.0,3.0,3.0,578.0,572.0,578.0,578.0,1,raw_available,6.0,
EDP011908,KL,KT1A,EDP011908,0,KLKT1A,DAIHEN,2023-01-27,2023-02-13,2013.0,50,115/22/11,45.0,8.0,8.0,5.0,2.0,6.0,0.0,778.0,2114.0,7830.0,60470.0,31.0,6.0,836.0,799.0,836.0,836.0,1,raw_available,37.0,
EDP011908,KL,KT1A,EDP011908,0,KLKT1A,DAIHEN,2024-01-26,2024-03-10,2013.0,50,115/22/11,48.0,13.0,7.0,3.0,1.0,7.0,0.0,520.0,2000.0,8374.0,38378.0,3.0,4.0,545.0,538.0,545.0,545.0,1,raw_available,7.0,
EDP012001,NW,KT3A,EDP012001,0,NWKT3A,DAIHEN,2019-08-25,2019-10-19,2012.0,50,115/33,44.0,28.0,9.0,0.0,5.0,0.0,0.0,496.0,1958.0,7319.0,42409.0,0.0,0.0,510.0,510.0,510.0,510.0,1,raw_available,0.0,
EDP012001,NW,KT3A,EDP012001,0,NWKT3A,DAIHEN,2020-07-18,2020-08-24,2012.0,50,115/33,48.0,14.0,35.0,0.0,1.0,0.0,0.0,453.0,2033.0,9795.0,48369.0,0.0,3.0,492.0,489.0,492.0,492.0,1,raw_available,3.0,
EDP012001,NW,KT3A,EDP012001,0,NWKT3A,DAIHEN,2021-07-10,2021-11-05,2012.0,50,115/33,48.0,37.0,12.0,0.0,0.0,0.0,0.0,526.0,1876.0,24685.0,55269.0,0.0,0.0,538.0,538.0,538.0,538.0,1,raw_available,0.0,
EDP012001,NW,KT3A,EDP012001,0,NWKT3A,DAIHEN,2022-07-04,2022-07-25,2012.0,50,115/33,48.0,25.0,27.0,17.0,124.0,9.0,0.0,538.0,1915.0,20593.0,62062.0,0.0,38.0,753.0,715.0,753.0,753.0,1,raw_available,38.0,
EDP012001,NW,KT3A,EDP012001,0,NWKT3A,DAIHEN,2023-08-05,2023-12-04,2012.0,50,115/33,47.0,15.0,38.0,6.0,4.0,9.0,0.0,886.0,3861.0,8660.0,66241.0,5.0,8.0,956.0,943.0,956.0,956.0,1,raw_available,13.0,
GBK600001,SNO,KT2A,GBK600001,0,SNOKT2A,DAIHEN,2019-05-24,2019-08-09,2008.0,300,230/115,60.0,9.0,6.0,5.0,2.0,0.0,0.0,741.0,2214.0,8061.0,40181.0,0.0,1.0,755.0,754.0,755.0,755.0,1,raw_available,1.0,
GBK600001,SNO,KT2A,GBK600001,0,SNOKT2A,DAIHEN,2019-11-03,2019-12-06,2008.0,300,230/115,53.0,9.0,25.0,6.0,0.0,0.0,0.0,982.0,3942.0,7432.0,49551.0,0.0,0.0,1013.0,1013.0,1013.0,1013.0,1,raw_available,0.0,
GBK600001,SNO,KT2A,GBK600001,0,SNOKT2A,DAIHEN,2020-06-06,2020-08-04,2008.0,300,230/115,62.0,17.0,13.0,0.0,4.0,0.0,0.0,752.0,3660.0,10936.0,44132.0,0.0,0.0,769.0,769.0,769.0,769.0,1,raw_available,0.0,
GBK600001,SNO,KT2A,GBK600001,0,SNOKT2A,DAIHEN,2020-11-21,2020-11-30,2008.0,300,230/115,58.0,8.0,11.0,0.0,3.0,3.0,0.0,933.0,4678.0,6736.0,51515.0,3.0,4.0,957.0,950.0,957.0,957.0,1,raw_available,7.0,
GBK600001,SNO,KT2A,GBK600001,0,SNOKT2A,DAIHEN,2021-06-13,2021-08-28,2008.0,300,230/115,62.0,16.0,15.0,0.0,0.0,0.0,0.0,799.0,4330.0,6074.0,41052.0,0.0,0.0,814.0,814.0,814.0,814.0,1,raw_available,0.0,
GBK600001,SNO,KT2A,GBK600001,0,SNOKT2A,DAIHEN,2021-11-14,2021-11-20,2008.0,300,230/115,54.0,8.0,9.0,7.0,4.0,0.0,0.0,836.0,7241.0,5310.0,46180.0,0.0,5.0,861.0,856.0,861.0,861.0,1,raw_available,5.0,
GBK600001,SNO,KT2A,GBK600001,0,SNOKT2A,DAIHEN,2022-05-26,2022-05-29,2008.0,300,230/115,58.0,10.0,9.0,6.0,3.0,6.0,0.0,520.0,5307.0,10999.0,62932.0,2.0,7.0,573.0,544.0,573.0,573.0,1,raw_available,29.0,
GBK600001,SNO,KT2A,GBK600001,0,SNOKT2A,DAIHEN,2022-11-25,2022-11-28,2008.0,300,230/115,50.0,7.0,12.0,16.0,5.0,2.0,0.0,907.0,5410.0,7662.0,57969.0,2.0,5.0,949.0,942.0,949.0,949.0,1,raw_available,7.0,
GBK600001,SNO,KT2A,GBK600001,0,SNOKT2A,DAIHEN,2023-05-20,2023-05-25,2008.0,300,230/115,53.0,6.0,7.0,28.0,4.0,1.0,0.0,883.0,5205.0,9832.0,59054.0,3.0,6.0,932.0,923.0,932.0,932.0,1,raw_available,9.0,
GBK600001,SNO,KT2A,GBK600001,0,SNOKT2A,DAIHEN,2023-11-27,2023-12-28,2008.0,300,230/115,51.0,8.0,2.0,11.0,5.0,1.0,0.0,765.0,4766.0,41690.0,53470.0,4.0,8.0,796.0,784.0,796.0,796.0,1,raw_available,12.0,
GBK600002,TPR,KT1A,GBK600002,0,TPRKT1A,DAIHEN,2019-07-27,2019-08-30,2013.0,300,230/121/22,61.0,17.0,10.0,8.0,3.0,1.0,0.0,786.0,2004.0,9905.0,43552.0,1.0,4.0,813.0,808.0,813.0,813.0,1,raw_available,5.0,
GBK600002,TPR,KT1A,GBK600002,0,TPRKT1A,DAIHEN,2019-11-09,2019-11-11,2013.0,300,230/121/22,58.0,9.0,22.0,7.0,3.0,0.0,0.0,867.0,1776.0,4092.0,54984.0,0.0,3.0,902.0,899.0,902.0,902.0,1,raw_available,3.0,
GBK600002,TPR,KT1A,GBK600002,0,TPRKT1A,DAIHEN,2020-05-15,2020-05-29,2013.0,300,230/121/22,55.0,14.0,45.0,6.0,4.0,0.0,0.0,753.0,1544.0,12423.0,60422.0,3.0,4.0,815.0,808.0,815.0,815.0,1,raw_available,7.0,
GBK600002,TPR,KT1A,GBK600002,0,TPRKT1A,DAIHEN,2020-12-20,2020-12-25,2013.0,300,230/121/22,42.0,8.0,46.0,0.0,2.0,0.0,0.0,1205.0,3809.0,12782.0,61297.0,1.0,2.0,1256.0,1253.0,1256.0,1256.0,1,raw_available,3.0,
GBK600002,TPR,KT1A,GBK600002,0,TPRKT1A,DAIHEN,2021-05-21,2021-07-10,2013.0,300,230/121/22,57.0,21.0,30.0,4.0,2.0,0.0,0.0,650.0,4520.0,3984.0,56081.0,0.0,3.0,689.0,686.0,689.0,689.0,1,raw_available,3.0,
GBK600002,TPR,KT1A,GBK600002,0,TPRKT1A,DAIHEN,2021-11-09,2021-11-19,2013.0,300,230/121/22,50.0,15.0,19.0,0.0,7.0,0.0,0.0,866.0,2801.0,9962.0,48054.0,0.0,0.0,892.0,892.0,892.0,892.0,1,raw_available,0.0,
GBK600002,TPR,KT1A,GBK600002,0,TPRKT1A,DAIHEN,2022-05-28,2022-06-02,2013.0,300,230/121/22,,8.0,17.0,21.0,7.0,3.0,0.0,1631.0,4913.0,4483.0,50231.0,8.0,13.0,1700.0,1679.0,1700.0,1700.0,1,raw_available,21.0,
GBK600002,TPR,KT1A,GBK600002,0,TPRKT1A,DAIHEN,2022-11-14,2022-11-20,2013.0,300,230/121/22,,,0.0,0.0,0.0,0.0,0.0,0.0,4931.0,8607.0,46068.0,0.0,0.0,0.0,0.0,0.0,0.0,1,raw_available,0.0,
GBK600002,TPR,KT1A,GBK600002,0,TPRKT1A,DAIHEN,2022-12-15,2023-01-06,2013.0,300,230/121/22,44.0,7.0,13.0,5.0,3.0,0.0,0.0,1277.0,5229.0,5010.0,53530.0,1.0,3.0,1302.0,1298.0,1302.0,1302.0,1,raw_available,4.0,
GBK600002,TPR,KT1A,GBK600002,0,TPRKT1A,DAIHEN,2023-05-22,2023-05-26,2013.0,300,230/121/22,57.0,5.0,17.0,34.0,3.0,1.0,0.0,1326.0,5454.0,4637.0,56712.0,1.0,3.0,1385.0,1381.0,1385.0,1385.0,1,raw_available,4.0,
GBK600002,TPR,KT1A,GBK600002,0,TPRKT1A,DAIHEN,2023-11-12,2023-12-11,2013.0,300,230/121/22,54.0,10.0,3.0,11.0,3.0,6.0,0.0,1275.0,5164.0,4697.0,43160.0,5.0,3.0,1306.0,1298.0,1306.0,1306.0,1,raw_available,8.0,
GBK600003,TPR,KT2A,GBK600003,0,TPRKT2A,DAIHEN,2019-05-31,2019-06-29,2013.0,300,230/121/22,61.0,18.0,18.0,0.0,8.0,0.0,0.0,900.0,2770.0,8161.0,55345.0,0.0,0.0,926.0,926.0,926.0,926.0,1,raw_available,0.0,
GBK600003,TPR,KT2A,GBK600003,0,TPRKT2A,DAIHEN,2019-11-09,2019-11-12,2013.0,300,230/121/22,57.0,9.0,21.0,3.0,7.0,0.0,0.0,872.0,2418.0,6211.0,44248.0,0.0,0.0,903.0,903.0,903.0,903.0,1,raw_available,0.0,
GBK600003,TPR,KT2A,GBK600003,0,TPRKT2A,DAIHEN,2020-05-15,2020-05-30,2013.0,300,230/121/22,53.0,16.0,26.0,7.0,4.0,0.0,0.0,753.0,2819.0,12271.0,68071.0,0.0,5.0,795.0,790.0,795.0,795.0,1,raw_available,5.0,
GBK600003,TPR,KT2A,GBK600003,0,TPRKT2A,DAIHEN,2020-11-22,2020-12-04,2013.0,300,230/121/22,60.0,13.0,11.0,0.0,3.0,0.0,0.0,1144.0,3469.0,7680.0,57320.0,2.0,3.0,1163.0,1158.0,1163.0,1163.0,1,raw_available,5.0,
GBK600003,TPR,KT2A,GBK600003,0,TPRKT2A,DAIHEN,2021-05-21,2021-07-09,2013.0,300,230/121/22,56.0,19.0,11.0,9.0,5.0,1.0,0.0,702.0,2635.0,14470.0,60815.0,1.0,2.0,731.0,728.0,731.0,731.0,1,raw_available,3.0,
GBK600003,TPR,KT2A,GBK600003,0,TPRKT2A,DAIHEN,2021-11-09,2021-11-19,2013.0,300,230/121/22,55.0,13.0,18.0,0.0,5.0,0.0,0.0,742.0,2857.0,6203.0,40118.0,0.0,0.0,765.0,765.0,765.0,765.0,1,raw_available,0.0,
GBK600003,TPR,KT2A,GBK600003,0,TPRKT2A,DAIHEN,2022-05-28,2022-06-02,2013.0,300,230/121/22,,6.0,13.0,13.0,5.0,2.0,0.0,929.0,3421.0,8458.0,49114.0,4.0,0.0,966.0,962.0,966.0,966.0,1,raw_available,4.0,
GBK600003,TPR,KT2A,GBK600003,0,TPRKT2A,DAIHEN,2022-11-14,2022-11-20,2013.0,300,230/121/22,43.0,10.0,17.0,9.0,5.0,6.0,0.0,957.0,3920.0,6149.0,41342.0,1.0,1.0,996.0,994.0,996.0,996.0,1,raw_available,2.0,
GBK600003,TPR,KT2A,GBK600003,0,TPRKT2A,DAIHEN,2023-05-22,2023-05-26,2013.0,300,230/121/22,57.0,9.0,20.0,7.0,2.0,1.0,0.0,1217.0,4395.0,6354.0,52743.0,1.0,3.0,1251.0,1247.0,1251.0,1251.0,1,raw_available,4.0,
GBK600003,TPR,KT2A,GBK600003,0,TPRKT2A,DAIHEN,2023-11-12,2023-12-10,2013.0,300,230/121/22,52.0,30.0,4.0,16.0,2.0,1.0,0.0,1267.0,4267.0,6430.0,53564.0,1.0,4.0,1295.0,1290.0,1295.0,1295.0,1,raw_available,5.0,
GBK600004,ON,KT1A,GBK600004,0,ONKT1A,DAIHEN,2019-05-18,2019-05-24,2013.0,300,230/115,50.0,22.0,13.0,2.0,0.0,0.0,0.0,540.0,1240.0,9583.0,46343.0,0.0,0.0,555.0,555.0,555.0,555.0,1,raw_available,0.0,
GBK600004,ON,KT1A,GBK600004,0,ONKT1A,DAIHEN,2019-11-10,2019-12-08,2013.0,300,230/115,48.0,16.0,25.0,4.0,0.0,0.0,0.0,1029.0,1792.0,9048.0,51184.0,0.0,0.0,1058.0,1058.0,1058.0,1058.0,1,raw_available,0.0,
GBK600004,ON,KT1A,GBK600004,0,ONKT1A,DAIHEN,2020-05-24,2020-06-01,2013.0,300,230/115,49.0,13.0,22.0,5.0,4.0,0.0,0.0,738.0,1664.0,9320.0,48126.0,0.0,3.0,772.0,769.0,772.0,772.0,1,raw_available,3.0,
GBK600004,ON,KT1A,GBK600004,0,ONKT1A,DAIHEN,2020-11-24,2020-12-20,2013.0,300,230/115,52.0,15.0,36.0,3.0,2.0,0.0,0.0,811.0,1829.0,16934.0,41239.0,0.0,2.0,854.0,852.0,854.0,854.0,1,raw_available,2.0,
GBK600004,ON,KT1A,GBK600004,0,ONKT1A,DAIHEN,2021-06-07,2021-08-14,2013.0,300,230/115,50.0,22.0,17.0,0.0,5.0,0.0,0.0,781.0,1886.0,14158.0,55707.0,0.0,0.0,803.0,803.0,803.0,803.0,1,raw_available,0.0,
GBK600004,ON,KT1A,GBK600004,0,ONKT1A,DAIHEN,2021-11-07,2021-11-19,2013.0,300,230/115,42.0,14.0,18.0,0.0,4.0,0.0,0.0,974.0,2214.0,10777.0,49041.0,0.0,0.0,996.0,996.0,996.0,996.0,1,raw_available,0.0,
GBK600004,ON,KT1A,GBK600004,0,ONKT1A,DAIHEN,2022-05-26,2022-06-02,2013.0,300,230/115,52.0,14.0,15.0,2.0,4.0,2.0,0.0,1086.0,2469.0,9215.0,46689.0,0.0,0.0,1109.0,1109.0,1109.0,1109.0,1,raw_available,0.0,
GBK600004,ON,KT1A,GBK600004,0,ONKT1A,DAIHEN,2022-12-15,2023-01-06,2013.0,300,230/115,40.0,8.0,15.0,5.0,3.0,17.0,0.0,1557.0,4424.0,3290.0,53360.0,0.0,2.0,1599.0,1597.0,1599.0,1599.0,1,raw_available,2.0,
GBK600004,ON,KT1A,GBK600004,0,ONKT1A,DAIHEN,2023-05-25,2023-05-26,2013.0,300,230/115,48.0,8.0,17.0,6.0,7.0,4.0,0.0,1489.0,4103.0,6281.0,61482.0,2.0,7.0,1532.0,1523.0,1532.0,1532.0,1,raw_available,9.0,
GBK600004,ON,KT1A,GBK600004,0,ONKT1A,DAIHEN,2023-11-17,2024-12-16,2013.0,300,230/115,58.0,29.0,24.0,11.0,4.0,0.0,0.0,1134.0,4064.0,7779.0,56144.0,2.0,4.0,1179.0,1173.0,1179.0,1179.0,1,raw_available,6.0,
GBK600005,ON,KT2A,GBK600005,0,ONKT2A,DAIHEN,2019-05-18,2019-05-24,2013.0,300,230,52.0,20.0,14.0,0.0,12.0,0.0,0.0,607.0,2616.0,7109.0,39695.0,0.0,0.0,633.0,633.0,633.0,633.0,1,raw_available,0.0,
GBK600005,ON,KT2A,GBK600005,0,ONKT2A,DAIHEN,2019-11-10,2019-12-08,2013.0,300,230,48.0,12.0,26.0,6.0,0.0,0.0,0.0,612.0,1887.0,8347.0,47981.0,0.0,0.0,644.0,644.0,644.0,644.0,1,raw_available,0.0,
GBK600005,ON,KT2A,GBK600005,0,ONKT2A,DAIHEN,2020-05-24,2020-06-01,2013.0,300,230,50.0,15.0,25.0,8.0,5.0,0.0,0.0,490.0,2079.0,12031.0,45122.0,3.0,3.0,534.0,528.0,534.0,534.0,1,raw_available,6.0,
GBK600005,ON,KT2A,GBK600005,0,ONKT2A,DAIHEN,2020-11-24,2020-12-20,2013.0,300,230,52.0,16.0,33.0,6.0,4.0,0.0,0.0,645.0,2737.0,10325.0,47583.0,0.0,3.0,691.0,688.0,691.0,691.0,1,raw_available,3.0,
GBK600005,ON,KT2A,GBK600005,0,ONKT2A,DAIHEN,2021-06-07,2021-08-09,2013.0,300,230,51.0,14.0,20.0,0.0,5.0,0.0,0.0,494.0,1948.0,7815.0,41669.0,0.0,0.0,519.0,519.0,519.0,519.0,1,raw_available,0.0,
GBK600005,ON,KT2A,GBK600005,0,ONKT2A,DAIHEN,2021-11-07,2021-11-19,2013.0,300,230,34.0,14.0,19.0,0.0,7.0,0.0,0.0,493.0,2101.0,5578.0,39245.0,0.0,0.0,519.0,519.0,519.0,519.0,1,raw_available,0.0,
GBK600005,ON,KT2A,GBK600005,0,ONKT2A,DAIHEN,2022-05-26,2022-06-02,2013.0,300,230,53.0,9.0,13.0,3.0,5.0,1.0,0.0,496.0,2345.0,12756.0,45080.0,0.0,0.0,518.0,518.0,518.0,518.0,1,raw_available,0.0,
GBK600005,ON,KT2A,GBK600005,0,ONKT2A,DAIHEN,2022-12-15,2023-01-06,2013.0,300,230,42.0,10.0,14.0,7.0,4.0,0.0,0.0,684.0,3978.0,4970.0,47230.0,2.0,2.0,713.0,709.0,713.0,713.0,1,raw_available,4.0,
GBK600005,ON,KT2A,GBK600005,0,ONKT2A,DAIHEN,2023-05-25,2023-05-26,2013.0,300,230,50.0,7.0,21.0,11.0,6.0,3.0,0.0,673.0,3457.0,5975.0,55189.0,2.0,6.0,722.0,714.0,722.0,722.0,1,raw_available,8.0,
GBK600005,ON,KT2A,GBK600005,0,ONKT2A,DAIHEN,2023-11-17,2023-12-16,2013.0,300,230,50.0,11.0,28.0,13.0,5.0,0.0,0.0,557.0,2666.0,7767.0,50716.0,3.0,7.0,613.0,603.0,613.0,613.0,1,raw_available,10.0,
GBK604201,SR2,KT2A,GBK604201,0,SR2KT2A,DAIHEN,2019-12-22,2020-01-04,2019.0,300,230/115,32.0,13.0,7.0,0.0,0.0,0.0,0.0,27.0,312.0,12849.0,28281.0,0.0,0.0,34.0,34.0,34.0,34.0,1,raw_available,0.0,นำเข้าใช้งานใหม่
GBK604201,SR2,KT2A,GBK604201,0,SR2KT2A,DAIHEN,2020-06-29,2020-08-15,2019.0,300,230/115,54.0,12.0,21.0,4.0,2.0,1.0,0.0,87.0,606.0,7158.0,31099.0,1.0,1.0,117.0,115.0,117.0,117.0,1,raw_available,2.0,
GBK604201,SR2,KT2A,GBK604201,0,SR2KT2A,DAIHEN,2021-06-21,2021-07-02,2019.0,300,230/115,55.0,28.0,38.0,6.0,3.0,1.0,0.0,176.0,1122.0,8480.0,32511.0,2.0,2.0,228.0,224.0,228.0,228.0,1,raw_available,4.0,
GBK604201,SR2,KT2A,GBK604201,0,SR2KT2A,DAIHEN,2022-06-18,2022-06-25,2019.0,300,230/115,56.0,7.0,47.0,3.0,6.0,0.0,0.0,207.0,1389.0,4020.0,21865.0,0.0,0.0,263.0,263.0,263.0,263.0,1,raw_available,0.0,
GBK604201,SR2,KT2A,GBK604201,0,SR2KT2A,DAIHEN,2023-06-11,2023-06-16,2019.0,300,230/115,57.0,6.0,67.0,11.0,5.0,1.0,0.0,292.0,1929.0,2841.0,19266.0,0.0,0.0,376.0,376.0,376.0,376.0,1,raw_available,0.0,
GBK604201,SR2,KT2A,GBK604201,0,SR2KT2A,DAIHEN,2023-11-18,2023-12-28,2019.0,300,230/115,42.0,7.0,57.0,10.0,4.0,0.0,0.0,283.0,2049.0,12521.0,36092.0,11.0,0.0,365.0,354.0,365.0,365.0,1,raw_available,11.0,
GBK604201,SR2,KT2A,GBK604201,0,SR2KT2A,DAIHEN,2024-03-24,2024-04-19,2019.0,300,230/115,58.0,13.0,33.0,14.0,5.0,2.0,0.0,213.0,1568.0,7542.0,36344.0,3.0,3.0,273.0,267.0,273.0,273.0,1,raw_available,6.0,
GBK604202,SR2,KT3A,GBK604202,0,SR2KT3A,DAIHEN,2019-11-01,2019-11-10,2019.0,300,230/115,42.0,7.0,19.0,2.0,2.0,0.0,0.0,14.0,105.0,19861.0,66010.0,0.0,2.0,39.0,37.0,39.0,39.0,1,raw_available,2.0,เข้าใช้งานครั้งแรก 9/10/48
GBK604202,SR2,KT3A,GBK604202,0,SR2KT3A,DAIHEN,2019-12-22,2020-01-04,2019.0,300,230/115,33.0,13.0,14.0,0.0,0.0,0.0,0.0,49.0,429.0,12096.0,28111.0,0.0,0.0,63.0,63.0,63.0,63.0,1,raw_available,0.0,ตามผลหลังเข้าใช้งานมากกว่า1เดือน
GBK604202,SR2,KT3A,GBK604202,0,SR2KT3A,DAIHEN,2020-06-29,2020-08-15,2019.0,300,230/115,54.0,15.0,44.0,12.0,2.0,0.0,0.0,83.0,899.0,7890.0,37770.0,1.0,2.0,144.0,141.0,144.0,144.0,1,raw_available,3.0,
GBK604202,SR2,KT3A,GBK604202,0,SR2KT3A,DAIHEN,2021-06-21,2021-07-02,2019.0,300,230/115,54.0,6.0,52.0,9.0,5.0,1.0,0.0,169.0,1110.0,7282.0,34725.0,1.0,3.0,240.0,236.0,240.0,240.0,1,raw_available,4.0,
GBK604202,SR2,KT3A,GBK604202,0,SR2KT3A,DAIHEN,2022-06-18,2022-06-25,2019.0,300,230/115,54.0,8.0,66.0,5.0,4.0,0.0,0.0,177.0,1311.0,4309.0,21842.0,0.0,0.0,252.0,252.0,252.0,252.0,1,raw_available,0.0,
GBK604202,SR2,KT3A,GBK604202,0,SR2KT3A,DAIHEN,2023-06-11,2023-06-16,2019.0,300,230/115,55.0,11.0,82.0,15.0,5.0,2.0,0.0,256.0,1860.0,2759.0,23241.0,0.0,0.0,360.0,360.0,360.0,360.0,1,raw_available,0.0,
GBK604202,SR2,KT3A,GBK604202,0,SR2KT3A,DAIHEN,2023-11-18,2023-12-28,2019.0,300,230/115,41.0,9.0,64.0,10.0,5.0,0.0,0.0,237.0,1798.0,10693.0,34236.0,4.0,6.0,326.0,316.0,326.0,326.0,1,raw_available,10.0,
GBK604202,SR2,KT3A,GBK604202,0,SR2KT3A,DAIHEN,2024-03-24,2024-04-19,2019.0,300,230/115,56.0,11.0,45.0,15.0,5.0,3.0,0.0,182.0,1408.0,4923.0,34882.0,3.0,3.0,256.0,250.0,256.0,256.0,1,raw_available,6.0,
GBK604203,NR2,KT4A,GBK604203,0,NR2KT4A,DAIHEN,2020-03-27,2020-05-25,2019.0,180/240/300,230/121/22,48.0,17.0,33.0,2.0,1.0,0.0,0.0,54.0,296.0,5600.0,22730.0,0.0,1.0,91.0,90.0,91.0,91.0,1,raw_available,1.0,ENERGIZED 03/02/06
GBK604203,NR2,KT4A,GBK604203,0,NR2KT4A,DAIHEN,2020-07-25,2020-08-25,2019.0,180/240/300,230/121/22,56.0,,33.0,2.0,2.0,0.0,0.0,57.0,283.0,7304.0,37148.0,0.0,2.0,96.0,94.0,96.0,96.0,1,raw_available,2.0,
GBK604203,NR2,KT4A,GBK604203,0,NR2KT4A,DAIHEN,2021-01-14,2021-02-05,2019.0,180/240/300,230/121/22,43.0,9.0,25.0,2.0,1.0,0.0,0.0,100.0,540.0,7925.0,36035.0,0.0,1.0,129.0,128.0,129.0,129.0,1,raw_available,1.0,
GBK604203,NR2,KT4A,GBK604203,0,NR2KT4A,DAIHEN,2021-09-07,2021-11-11,2019.0,180/240/300,230/121/22,56.0,9.0,33.0,3.0,1.0,0.0,0.0,33.0,876.0,8095.0,35592.0,1.0,1.0,72.0,70.0,72.0,72.0,1,raw_available,2.0,
GBK604203,NR2,KT4A,GBK604203,0,NR2KT4A,DAIHEN,2022-01-09,2022-02-12,2019.0,180/240/300,230/121/22,52.0,10.0,19.0,3.0,1.0,0.0,0.0,125.0,1005.0,7234.0,29938.0,0.0,2.0,150.0,148.0,150.0,150.0,1,raw_available,2.0,
GBK604203,NR2,KT4A,GBK604203,0,NR2KT4A,DAIHEN,2022-07-31,2022-08-14,2019.0,180/240/300,230/121/22,52.0,13.0,19.0,3.0,4.0,3.0,0.0,138.0,1025.0,7860.0,32140.0,2.0,3.0,172.0,167.0,172.0,172.0,1,raw_available,5.0,
GBK604203,NR2,KT4A,GBK604203,0,NR2KT4A,DAIHEN,2023-02-27,2023-03-12,2019.0,180/240/300,230/121/22,62.0,12.0,19.0,11.0,5.0,0.0,0.0,236.0,1032.0,6901.0,27233.0,2.0,4.0,277.0,271.0,277.0,277.0,1,raw_available,6.0,
GBK604203,NR2,KT4A,GBK604203,0,NR2KT4A,DAIHEN,2023-08-22,2023-10-09,2019.0,180/240/300,230/121/22,55.0,13.0,16.0,22.0,4.0,2.0,0.0,241.0,1205.0,18320.0,23670.0,2.0,3.0,290.0,285.0,290.0,290.0,1,raw_available,5.0,
GBK604203,NR2,KT4A,GBK604203,0,NR2KT4A,DAIHEN,2024-02-26,2024-04-08,2019.0,180/240/300,230/121/22,53.0,10.0,24.0,10.0,7.0,2.0,0.0,265.0,1588.0,8021.0,27316.0,1.0,2.0,311.0,308.0,311.0,311.0,1,raw_available,3.0,
GBK604204,NR2,KT5A,GBK604204,0,NR2KT5A,DAIHEN,2020-03-27,2020-05-26,2019.0,180/240/300,230/121/22,50.0,11.0,19.0,0.0,0.0,0.0,0.0,50.0,358.0,6767.0,21928.0,0.0,0.0,69.0,69.0,69.0,69.0,1,raw_available,0.0,ENERGIZED 03/02/06
GBK604204,NR2,KT5A,GBK604204,0,NR2KT5A,DAIHEN,2020-07-25,2020-08-25,2019.0,180/240/300,230/121/22,56.0,,31.0,9.0,4.0,0.0,0.0,61.0,375.0,6532.0,34412.0,0.0,3.0,108.0,105.0,108.0,108.0,1,raw_available,3.0,
GBK604204,NR2,KT5A,GBK604204,0,NR2KT5A,DAIHEN,2021-01-14,2021-02-09,2019.0,180/240/300,230/121/22,43.0,7.0,30.0,3.0,2.0,0.0,0.0,89.0,515.0,5886.0,33172.0,0.0,2.0,126.0,124.0,126.0,126.0,1,raw_available,2.0,
GBK604204,NR2,KT5A,GBK604204,0,NR2KT5A,DAIHEN,2021-09-07,2021-11-06,2019.0,180/240/300,230/121/22,56.0,13.0,16.0,0.0,7.0,0.0,0.0,132.0,752.0,11798.0,26934.0,0.0,0.0,155.0,155.0,155.0,155.0,1,raw_available,0.0,
GBK604204,NR2,KT5A,GBK604204,0,NR2KT5A,DAIHEN,2022-01-09,2022-02-12,2019.0,180/240/300,230/121/22,52.0,7.0,23.0,3.0,2.0,0.0,0.0,123.0,933.0,6354.0,28007.0,2.0,2.0,155.0,151.0,155.0,155.0,1,raw_available,4.0,
GBK604204,NR2,KT5A,GBK604204,0,NR2KT5A,DAIHEN,2022-07-31,2022-08-14,2019.0,180/240/300,230/121/22,52.0,10.0,23.0,9.0,4.0,4.0,0.0,136.0,1027.0,5700.0,28930.0,2.0,4.0,182.0,176.0,182.0,182.0,1,raw_available,6.0,
GBK604204,NR2,KT5A,GBK604204,0,NR2KT5A,DAIHEN,2023-02-27,2023-03-11,2019.0,180/240/300,230/121/22,63.0,8.0,16.0,13.0,6.0,4.0,0.0,353.0,4107.0,5778.0,30051.0,1.0,3.0,396.0,392.0,396.0,396.0,1,raw_available,4.0,
GBK604204,NR2,KT5A,GBK604204,0,NR2KT5A,DAIHEN,2023-08-22,2023-10-10,2019.0,180/240/300,230/121/22,57.0,10.0,20.0,23.0,6.0,0.0,0.0,365.0,4269.0,14890.0,22600.0,2.0,4.0,420.0,414.0,420.0,420.0,1,raw_available,6.0,
GBK604204,NR2,KT5A,GBK604204,0,NR2KT5A,DAIHEN,2024-02-26,2024-04-08,2019.0,180/240/300,230/121/22,53.0,10.0,22.0,0.0,0.0,1.0,0.0,213.0,1341.0,10272.0,26288.0,6.0,0.0,242.0,236.0,242.0,242.0,1,raw_available,6.0,
GBK604205,NR2,KT3A,GBK604205,0,NR2KT3A,DAIHEN,2020-03-27,2020-05-26,2019.0,300,230/121/22,49.0,15.0,16.0,0.0,0.0,0.0,0.0,84.0,431.0,8719.0,22926.0,0.0,0.0,100.0,100.0,100.0,100.0,1,raw_available,0.0,ENERGIZED 03/02/06
GBK604205,NR2,KT3A,GBK604205,0,NR2KT3A,DAIHEN,2020-07-25,2020-08-25,2019.0,300,230/121/22,46.0,,29.0,11.0,3.0,0.0,0.0,81.0,398.0,6904.0,33814.0,0.0,2.0,126.0,124.0,126.0,126.0,1,raw_available,2.0,
GBK604205,NR2,KT3A,GBK604205,0,NR2KT3A,DAIHEN,2021-01-14,2021-02-09,2019.0,300,230/121/22,43.0,8.0,30.0,4.0,1.0,0.0,0.0,112.0,589.0,4001.0,28574.0,0.0,1.0,148.0,147.0,148.0,148.0,1,raw_available,1.0,
GBK604205,NR2,KT3A,GBK604205,0,NR2KT3A,DAIHEN,2021-09-07,2021-11-06,2019.0,300,230/121/22,55.0,12.0,19.0,0.0,7.0,0.0,0.0,151.0,764.0,10951.0,24890.0,0.0,0.0,177.0,177.0,177.0,177.0,1,raw_available,0.0,
GBK604205,NR2,KT3A,GBK604205,0,NR2KT3A,DAIHEN,2022-01-09,2022-02-12,2019.0,300,230/121/22,52.0,9.0,16.0,10.0,2.0,1.0,0.0,226.0,1036.0,7438.0,21721.0,1.0,1.0,257.0,255.0,257.0,257.0,1,raw_available,2.0,
GBK604205,NR2,KT3A,GBK604205,0,NR2KT3A,DAIHEN,2022-07-31,2022-08-14,2019.0,300,230/121/22,51.0,14.0,31.0,11.0,2.0,5.0,0.0,225.0,1249.0,4690.0,27280.0,1.0,3.0,278.0,274.0,278.0,278.0,1,raw_available,4.0,
GBK604205,NR2,KT3A,GBK604205,0,NR2KT3A,DAIHEN,2023-02-27,2023-03-11,2019.0,300,230/121/22,58.0,14.0,15.0,8.0,7.0,0.0,0.0,299.0,1281.0,13673.0,28481.0,0.0,2.0,331.0,329.0,331.0,331.0,1,raw_available,2.0,
GBK604205,NR2,KT3A,GBK604205,0,NR2KT3A,DAIHEN,2023-03-26,2023-04-08,2019.0,300,230/121/22,55.0,8.0,15.0,4.0,4.0,0.0,0.0,171.0,1015.0,12372.0,25185.0,0.0,0.0,194.0,194.0,194.0,194.0,1,raw_available,0.0,มีค่า%pf เพิ่มขึ้นหลังจากที่แก้ไขน้ำมันรั่วที่หัว bushing
GBK604205,NR2,KT3A,GBK604205,0,NR2KT3A,DAIHEN,2023-08-22,2023-10-09,2019.0,300,230/121/22,53.0,11.0,10.0,26.0,3.0,2.0,0.0,187.0,935.0,15600.0,23220.0,2.0,2.0,232.0,228.0,232.0,232.0,1,raw_available,4.0,
GBK604205,NR2,KT3A,GBK604205,0,NR2KT3A,DAIHEN,2024-02-26,2024-04-07,2019.0,300,230/121/22,52.0,8.0,18.0,7.0,0.0,2.0,0.0,359.0,1675.0,3166.0,28504.0,0.0,0.0,386.0,386.0,386.0,386.0,1,raw_available,0.0,
GBK604901,RB2,KT1A,GBK604901,0,RB2KT1A,DAIHEN,2021-06-26,2021-09-05,2019.0,300,230/115,53.0,16.0,14.0,0.0,0.0,0.0,0.0,62.0,428.0,6564.0,23725.0,0.0,0.0,76.0,76.0,76.0,76.0,1,raw_available,0.0,
GBK604901,RB2,KT1A,GBK604901,0,RB2KT1A,DAIHEN,2022-06-26,2022-07-02,2019.0,300,230/115,57.0,7.0,28.0,3.0,2.0,5.0,0.0,107.0,1168.0,6820.0,30570.0,1.0,1.0,147.0,145.0,147.0,147.0,1,raw_available,2.0,
GBK604901,RB2,KT1A,GBK604901,0,RB2KT1A,DAIHEN,2022-12-23,2023-01-15,2019.0,300,230/115,50.0,9.0,39.0,7.0,6.0,1.0,0.0,187.0,1167.0,11863.0,36301.0,2.0,4.0,246.0,240.0,246.0,246.0,1,raw_available,6.0,
GBK604901,RB2,KT1A,GBK604901,0,RB2KT1A,DAIHEN,2023-06-16,2023-06-23,2019.0,300,230/115,55.0,8.0,50.0,13.0,2.0,0.0,0.0,192.0,1509.0,4549.0,30378.0,3.0,4.0,264.0,257.0,264.0,264.0,1,raw_available,7.0,
GBK604901,RB2,KT1A,GBK604901,0,RB2KT1A,DAIHEN,2024-02-02,2024-02-04,2019.0,300,230/115,57.0,18.0,68.0,16.0,7.0,21.0,0.0,225.0,1654.0,1610.0,18210.0,8.0,2.0,347.0,337.0,347.0,347.0,1,raw_available,10.0,
GBK604902,RB2,KT4A,GBK604902,0,RB2KT4A,DAIHEN,2021-06-26,2021-09-07,2019.0,300,230/115,53.0,14.0,11.0,0.0,0.0,0.0,0.0,53.0,284.0,5339.0,20257.0,0.0,0.0,64.0,64.0,64.0,64.0,1,raw_available,0.0,
GBK604902,RB2,KT4A,GBK604902,0,RB2KT4A,DAIHEN,2023-12-16,2024-01-29,2019.0,300,230/115,30.0,17.0,22.0,0.0,4.0,2.0,0.0,144.0,493.0,11721.0,41099.0,1.0,6.0,179.0,172.0,179.0,179.0,1,raw_available,7.0,
GBK604902,RB2,KT4A,GBK604902,0,RB2KT4A,DAIHEN,2024-06-22,2024-06-28,2019.0,300,230/115,52.0,6.0,16.0,7.0,16.0,2.0,0.0,210.0,846.0,5007.0,28803.0,1.0,22.0,274.0,251.0,274.0,274.0,1,raw_available,23.0,
GBK604903,RB2,KT5A,GBK604903,0,RB2KT5A,DAIHEN,2021-06-26,2021-09-07,2020.0,300,230/115,46.0,15.0,11.0,0.0,6.0,0.0,0.0,68.0,309.0,5178.0,20730.0,0.0,0.0,85.0,85.0,85.0,85.0,1,raw_available,0.0,
GBK604903,RB2,KT5A,GBK604903,0,RB2KT5A,DAIHEN,2022-06-26,2022-07-02,2020.0,300,230/115,56.0,5.0,27.0,2.0,1.0,0.0,0.0,101.0,962.0,6690.0,30150.0,1.0,1.0,133.0,131.0,133.0,133.0,1,raw_available,2.0,
GBK604903,RB2,KT5A,GBK604903,0,RB2KT5A,DAIHEN,2022-12-23,2023-01-15,2020.0,300,230/115,50.0,9.0,43.0,4.0,2.0,1.0,0.0,171.0,965.0,13358.0,38539.0,2.0,2.0,225.0,221.0,225.0,225.0,1,raw_available,4.0,
GBK604903,RB2,KT5A,GBK604903,0,RB2KT5A,DAIHEN,2023-06-16,2023-06-23,2020.0,300,230/115,53.0,12.0,61.0,14.0,2.0,0.0,0.0,192.0,1206.0,4352.0,32089.0,3.0,2.0,274.0,269.0,274.0,274.0,1,raw_available,5.0,
GBK604903,RB2,KT5A,GBK604903,0,RB2KT5A,DAIHEN,2023-12-16,2024-01-29,2020.0,300,230/115,52.0,17.0,42.0,8.0,4.0,2.0,0.0,339.0,2184.0,11114.0,33230.0,4.0,4.0,403.0,395.0,403.0,403.0,1,raw_available,8.0,
GBK604903,RB2,KT5A,GBK604903,0,RB2KT5A,DAIHEN,2024-06-22,2024-06-28,2020.0,300,230/115,54.0,7.0,50.0,10.0,3.0,2.0,0.0,241.0,1931.0,7389.0,32233.0,7.0,0.0,313.0,306.0,313.0,313.0,1,raw_available,7.0,
H67440-02,PC,KT3A,H67440-02,0,PCKT3A,ALSTHOM,2021-06-05,2021-08-16,1995.0,25,115/22,55.0,30.0,13.0,12.0,26.0,13.0,0.0,161.0,1596.0,5998.0,30804.0,0.0,0.0,225.0,225.0,225.0,225.0,1,raw_available,0.0,
H67440-02,PC,KT3A,H67440-02,0,PCKT3A,ALSTHOM,2022-01-09,2022-01-16,1995.0,25,115/22,40.0,11.0,34.0,5.0,22.0,4.0,0.0,36.0,2288.0,3746.0,30813.0,3.0,18.0,122.0,101.0,122.0,122.0,1,raw_available,21.0,
H67440-02,PC,KT3A,H67440-02,0,PCKT3A,ALSTHOM,2023-01-09,2023-01-09,1995.0,25,115/22,50.0,15.0,20.0,16.0,19.0,4.0,0.0,164.0,2226.0,14344.0,46321.0,4.0,11.0,238.0,223.0,238.0,238.0,1,raw_available,15.0,
H67440-02,PC,KT3A,H67440-02,0,PCKT3A,ALSTHOM,2023-03-11,2023-03-17,1995.0,25,115/22,50.0,14.0,13.0,19.0,23.0,3.0,0.0,204.0,2566.0,4877.0,32432.0,0.0,5.0,267.0,262.0,267.0,267.0,1,raw_available,5.0,
H67440-02,PC,KT3A,H67440-02,0,PCKT3A,ALSTHOM,2024-02-04,2024-02-24,1995.0,25,115/22,53.0,16.0,8.0,22.0,23.0,4.0,0.0,157.0,2435.0,13170.0,34550.0,13.0,16.0,243.0,214.0,243.0,243.0,1,raw_available,29.0,
H67440-03,TE,KT1A,H67440-03,0,TEKT1A,ALSTHOM,2019-05-17,2019-06-07,1995.0,25,115/22,57.0,16.0,2.0,230.0,219.0,10.0,0.0,160.0,1270.0,4890.0,51440.0,0.0,102.0,723.0,621.0,723.0,723.0,1,raw_available,102.0,
H67440-03,TE,KT1A,H67440-03,0,TEKT1A,ALSTHOM,2019-11-10,2019-12-26,1995.0,25,115/22,-49.0,,11.0,97.0,210.0,67.0,0.0,217.0,2155.0,9811.0,72427.0,0.0,88.0,690.0,602.0,690.0,690.0,1,raw_available,88.0,
H67440-03,TE,KT1A,H67440-03,0,TEKT1A,ALSTHOM,2020-05-16,2020-06-05,1995.0,25,115/22,48.0,13.0,17.0,176.0,282.0,8.0,0.0,248.0,1622.0,1977.0,81673.0,0.0,138.0,869.0,731.0,869.0,869.0,1,raw_available,138.0,
H67440-03,TE,KT1A,H67440-03,0,TEKT1A,ALSTHOM,2022-03-13,2022-03-19,1995.0,25,115/22,60.0,20.0,12.0,0.0,252.0,8.0,0.0,203.0,2179.0,8712.0,68397.0,0.0,77.0,552.0,475.0,552.0,552.0,1,raw_available,77.0,
H67440-03,TE,KT1A,H67440-03,0,TEKT1A,ALSTHOM,2023-04-20,2023-04-29,1995.0,25,115/22,60.0,15.0,11.0,134.0,257.0,4.0,0.0,243.0,2502.0,3487.0,85003.0,12.0,163.0,824.0,649.0,824.0,824.0,1,raw_available,175.0,
H67440-03,TE,KT1A,H67440-03,0,TEKT1A,ALSTHOM,2024-04-07,2024-04-20,1995.0,25,115/22,59.0,12.0,12.0,159.0,276.0,7.0,0.0,257.0,2406.0,7260.0,89110.0,12.0,153.0,876.0,711.0,876.0,876.0,1,raw_available,165.0,
H67440-05,PA2,KT4A,H67440-05,0,PA2KT4A,ALSTHOM,2020-01-16,2020-02-07,1995.0,25,115/22,56.0,11.0,39.0,92.0,214.0,0.0,0.0,277.0,2968.0,9520.0,93990.0,27.0,151.0,800.0,622.0,800.0,800.0,1,raw_available,178.0,
H67440-05,PA2,KT4A,H67440-05,0,PA2KT4A,ALSTHOM,2021-01-23,2021-03-26,1995.0,25,115/22,51.0,18.0,32.0,100.0,160.0,0.0,0.0,280.0,3000.0,3580.0,66260.0,0.0,126.0,698.0,572.0,698.0,698.0,1,raw_available,126.0,
H67440-05,PA2,KT4A,H67440-05,0,PA2KT4A,ALSTHOM,2022-01-08,2022-01-14,1995.0,25,115/22,55.0,8.0,5.0,73.0,194.0,0.0,0.0,161.0,3665.0,9580.0,85180.0,8.0,0.0,441.0,433.0,441.0,441.0,1,raw_available,8.0,
H67440-05,PA2,KT4A,H67440-05,0,PA2KT4A,ALSTHOM,2022-08-20,2022-09-02,1995.0,25,115/22,70.0,13.0,11.0,86.0,239.0,2.0,0.0,182.0,3743.0,3470.0,84920.0,11.0,171.0,702.0,520.0,702.0,702.0,1,raw_available,182.0,
H67440-05,PA2,KT4A,H67440-05,0,PA2KT4A,ALSTHOM,2023-02-26,2023-03-04,1995.0,25,115/22,0.0,13.0,8.0,101.0,284.0,2.0,0.0,162.0,3624.0,4320.0,78070.0,13.0,217.0,787.0,557.0,787.0,787.0,1,raw_available,230.0,
H67440-05,PA2,KT4A,H67440-05,0,PA2KT4A,ALSTHOM,2024-02-12,2024-02-25,1995.0,25,115/22,0.0,10.0,19.0,105.0,319.0,6.0,0.0,159.0,3502.0,15166.0,79809.0,19.0,184.0,811.0,608.0,811.0,811.0,1,raw_available,203.0,
H67440-06,PC,KT1A,H67440-06,0,PCKT1A,ALSTHOM,2020-01-19,2020-01-26,1995.0,25,115/22,52.0,5.0,54.0,111.0,216.0,0.0,0.0,250.0,2478.0,7921.0,49022.0,0.0,167.0,798.0,631.0,798.0,798.0,1,raw_available,167.0,
H67440-06,PC,KT1A,H67440-06,0,PCKT1A,ALSTHOM,2020-02-17,2020-05-09,1995.0,25,115/22,55.0,36.0,11.0,98.0,236.0,7.0,0.0,276.0,2120.0,5414.0,48301.0,0.0,154.0,782.0,628.0,782.0,782.0,1,raw_available,154.0,research
H67440-06,PC,KT1A,H67440-06,0,PCKT1A,ALSTHOM,2022-01-09,2022-01-16,1995.0,25,115/22,56.0,7.0,28.0,2.0,15.0,1.0,0.0,16.0,1152.0,3713.0,20422.0,0.0,14.0,76.0,62.0,76.0,76.0,1,raw_available,14.0,
H67440-06,PC,KT1A,H67440-06,0,PCKT1A,ALSTHOM,2023-01-09,2023-01-15,1995.0,25,115/22,50.0,9.0,25.0,14.0,18.0,1.0,0.0,117.0,1578.0,7944.0,33758.0,0.0,11.0,186.0,175.0,186.0,186.0,1,raw_available,11.0,
H67440-06,PC,KT1A,H67440-06,0,PCKT1A,ALSTHOM,2023-03-11,2023-03-17,1995.0,25,115/22,55.0,8.0,14.0,16.0,16.0,0.0,0.0,105.0,1553.0,4910.0,19552.0,0.0,6.0,157.0,151.0,157.0,157.0,1,raw_available,6.0,
H67440-06,PC,KT1A,H67440-06,0,PCKT1A,ALSTHOM,2024-02-04,2024-02-24,1995.0,25,115/22,57.0,10.0,18.0,15.0,20.0,1.0,0.0,141.0,2167.0,12148.0,32816.0,2.0,12.0,209.0,195.0,209.0,209.0,1,raw_available,14.0,
N407924,KLM,KT1A,N407924,0,KLMKT1A,TRAFO UNION,2019-01-12,2019-03-07,1999.0,200,230/115/22,52.0,17.0,23.0,4.0,2.0,0.0,0.0,429.0,2280.0,8201.0,48090.0,1.0,3.0,462.0,458.0,462.0,462.0,1,raw_available,4.0,
N407924,KLM,KT1A,N407924,0,KLMKT1A,TRAFO UNION,2020-01-23,2020-02-07,1999.0,200,230/115/22,59.0,8.0,23.0,5.0,10.0,0.0,0.0,220.0,1803.0,23420.0,66584.0,92.0,10.0,360.0,258.0,360.0,360.0,1,raw_available,102.0,
N407924,KLM,KT1A,N407924,0,KLMKT1A,TRAFO UNION,2021-01-25,2021-03-16,1999.0,200,230/115/22,66.0,11.0,29.0,0.0,20.0,0.0,0.0,476.0,3562.0,7459.0,33596.0,0.0,0.0,525.0,525.0,525.0,525.0,1,raw_available,0.0,
N407924,KLM,KT1A,N407924,0,KLMKT1A,TRAFO UNION,2021-12-19,2022-01-29,1999.0,200,230/115/22,60.0,14.0,46.0,4.0,7.0,0.0,0.0,423.0,4767.0,4429.0,35724.0,0.0,7.0,487.0,480.0,487.0,487.0,1,raw_available,7.0,
N407924,KLM,KT1A,N407924,0,KLMKT1A,TRAFO UNION,2022-07-15,2022-07-22,1999.0,200,230/115/22,70.0,9.0,38.0,7.0,4.0,0.0,0.0,452.0,5841.0,3075.0,38762.0,0.0,10.0,511.0,501.0,511.0,511.0,1,raw_available,10.0,
N407924,KLM,KT1A,N407924,0,KLMKT1A,TRAFO UNION,2023-03-04,2023-03-12,1999.0,200,230/115/22,40.0,6.0,25.0,8.0,5.0,0.0,0.0,602.0,5908.0,2910.0,33490.0,8.0,10.0,658.0,640.0,658.0,658.0,1,raw_available,18.0,
N407924,KLM,KT1A,N407924,0,KLMKT1A,TRAFO UNION,2023-08-05,2023-08-12,1999.0,200,230/115/22,54.0,6.0,14.0,21.0,6.0,2.0,0.0,607.0,6048.0,10478.0,27386.0,3.0,9.0,662.0,650.0,662.0,662.0,1,raw_available,12.0,
N407924,KLM,KT1A,N407924,0,KLMKT1A,TRAFO UNION,2024-04-29,2024-05-04,1999.0,200,230/115/22,64.0,13.0,22.0,29.0,9.0,1.0,0.0,589.0,5110.0,5700.0,26720.0,18.0,18.0,686.0,650.0,686.0,686.0,1,raw_available,36.0,
N407926,KLM,KT2A,N407926,0,KLMKT2A,TRAFO UNION,2019-01-12,2019-03-07,1999.0,200,230/115/22,55.0,17.0,19.0,9.0,4.0,0.0,0.0,432.0,3178.0,7888.0,45709.0,2.0,4.0,470.0,464.0,470.0,470.0,1,raw_available,6.0,
N407926,KLM,KT2A,N407926,0,KLMKT2A,TRAFO UNION,2020-01-23,2020-02-03,1999.0,200,230/115/22,60.0,8.0,49.0,12.0,8.0,0.0,0.0,689.0,4629.0,6587.0,55352.0,15.0,13.0,786.0,758.0,786.0,786.0,1,raw_available,28.0,
N407926,KLM,KT2A,N407926,0,KLMKT2A,TRAFO UNION,2021-01-25,2021-03-16,1999.0,200,230/115/22,65.0,10.0,30.0,0.0,40.0,0.0,0.0,511.0,5661.0,5291.0,31537.0,0.0,0.0,581.0,581.0,581.0,581.0,1,raw_available,0.0,
N407926,KLM,KT2A,N407926,0,KLMKT2A,TRAFO UNION,2021-12-19,2022-01-29,1999.0,200,230/115/22,60.0,10.0,44.0,5.0,6.0,0.0,0.0,530.0,7296.0,3717.0,35803.0,0.0,7.0,592.0,585.0,592.0,592.0,1,raw_available,7.0,
N407926,KLM,KT2A,N407926,0,KLMKT2A,TRAFO UNION,2022-07-15,2022-07-22,1999.0,200,230/115/22,68.0,16.0,33.0,9.0,5.0,0.0,0.0,414.0,7825.0,4328.0,41964.0,0.0,10.0,471.0,461.0,471.0,471.0,1,raw_available,10.0,
N407926,KLM,KT2A,N407926,0,KLMKT2A,TRAFO UNION,2023-08-03,2023-08-12,1999.0,200,230/115/22,60.0,9.0,21.0,23.0,7.0,3.0,0.0,547.0,7966.0,14365.0,32395.0,3.0,11.0,615.0,601.0,615.0,615.0,1,raw_available,14.0,
N407926,KLM,KT2A,N407926,0,KLMKT2A,TRAFO UNION,2024-04-29,2024-05-04,1999.0,200,230/115/22,68.0,9.0,23.0,36.0,10.0,2.0,0.0,563.0,7018.0,7260.0,29740.0,31.0,19.0,684.0,634.0,684.0,684.0,1,raw_available,50.0,
N407928,KLM,KT3A,N407928,0,KLMKT3A,TRAFO UNION,2019-01-12,2019-03-07,1999.0,200,230/115/22,53.0,17.0,14.0,5.0,4.0,1.0,0.0,390.0,1586.0,11261.0,42570.0,1.0,3.0,418.0,414.0,418.0,418.0,1,raw_available,4.0,
N407928,KLM,KT3A,N407928,0,KLMKT3A,TRAFO UNION,2020-01-23,2020-02-03,1999.0,200,230/115/22,59.0,6.0,52.0,8.0,8.0,1.0,0.0,574.0,2317.0,9574.0,63042.0,19.0,9.0,671.0,643.0,671.0,671.0,1,raw_available,28.0,
N407928,KLM,KT3A,N407928,0,KLMKT3A,TRAFO UNION,2021-01-25,2021-03-16,1999.0,200,230/115/22,62.0,8.0,31.0,0.0,36.0,0.0,0.0,489.0,2627.0,6070.0,34824.0,0.0,0.0,556.0,556.0,556.0,556.0,1,raw_available,0.0,
N407928,KLM,KT3A,N407928,0,KLMKT3A,TRAFO UNION,2021-12-19,2022-01-29,1999.0,200,230/115/22,60.0,8.0,52.0,4.0,4.0,1.0,0.0,491.0,3391.0,3566.0,35145.0,1.0,5.0,558.0,552.0,558.0,558.0,1,raw_available,6.0,
N407928,KLM,KT3A,N407928,0,KLMKT3A,TRAFO UNION,2022-06-10,2022-07-07,1999.0,200,230/115/22,41.0,,33.0,5.0,3.0,0.0,0.0,418.0,3242.0,5594.0,42431.0,0.0,8.0,467.0,459.0,467.0,467.0,1,raw_available,8.0,Lightning HV phase A ระเบิด .
N407928,KLM,KT3A,N407928,0,KLMKT3A,TRAFO UNION,2022-06-10,2022-07-07,1999.0,200,230/115/22,,11.0,33.0,5.0,3.0,19.0,0.0,417.0,3241.0,5590.0,42430.0,6.0,8.0,491.0,477.0,491.0,491.0,1,raw_available,14.0,
N407928,KLM,KT3A,N407928,0,KLMKT3A,TRAFO UNION,2022-07-15,2022-07-22,1999.0,200,230/115/22,62.0,10.0,32.0,6.0,3.0,0.0,0.0,450.0,3725.0,4551.0,39635.0,0.0,9.0,500.0,491.0,500.0,500.0,1,raw_available,9.0,
N407928,KLM,KT3A,N407928,0,KLMKT3A,TRAFO UNION,2023-08-03,2023-08-12,1999.0,200,230/115/22,60.0,5.0,20.0,19.0,5.0,1.0,0.0,538.0,4260.0,13406.0,28387.0,2.0,8.0,593.0,583.0,593.0,593.0,1,raw_available,10.0,
N407928,KLM,KT3A,N407928,0,KLMKT3A,TRAFO UNION,2024-04-29,2024-05-04,1999.0,200,230/115/22,60.0,9.0,16.0,22.0,5.0,1.0,0.0,564.0,4758.0,6300.0,26400.0,11.0,9.0,628.0,608.0,628.0,628.0,1,raw_available,20.0,
N407930,BWN,KT2A,N407930,0,BWNKT2A,TRAFO UNION,2019-03-30,2019-04-05,2006.0,200,230/115/22,55.0,14.0,13.0,4.0,4.0,0.0,0.0,465.0,1027.0,7013.0,45538.0,0.0,0.0,486.0,486.0,486.0,486.0,1,raw_available,0.0,
N407930,BWN,KT2A,N407930,0,BWNKT2A,TRAFO UNION,2021-05-23,2021-07-20,2006.0,200,230/115/22,68.0,23.0,16.0,0.0,6.0,0.0,0.0,387.0,1937.0,5949.0,35091.0,0.0,0.0,409.0,409.0,409.0,409.0,1,raw_available,0.0,
N407930,BWN,KT2A,N407930,0,BWNKT2A,TRAFO UNION,2022-05-12,2022-05-20,2006.0,200,230/115/22,62.0,9.0,35.0,7.0,5.0,14.0,0.0,300.0,2332.0,3265.0,43441.0,0.0,10.0,371.0,361.0,371.0,371.0,1,raw_available,10.0,
N407930,BWN,KT2A,N407930,0,BWNKT2A,TRAFO UNION,2022-12-16,2023-01-07,2006.0,200,230/115/22,54.0,5.0,26.0,8.0,2.0,0.0,0.0,493.0,2696.0,7812.0,30859.0,0.0,5.0,534.0,529.0,534.0,534.0,1,raw_available,5.0,
N407930,BWN,KT2A,N407930,0,BWNKT2A,TRAFO UNION,2023-06-24,2023-06-29,2006.0,200,230/115/22,60.0,7.0,22.0,19.0,4.0,1.0,0.0,541.0,3278.0,6958.0,46224.0,0.0,4.0,591.0,587.0,591.0,591.0,1,raw_available,4.0,
N407930,BWN,KT2A,N407930,0,BWNKT2A,TRAFO UNION,2024-03-10,2024-04-09,2006.0,200,230/115/22,55.0,7.0,24.0,26.0,9.0,28.0,0.0,576.0,4132.0,7986.0,37584.0,52.0,15.0,730.0,663.0,730.0,730.0,1,raw_available,67.0,
N408032,SNO,KT1A,N408032,0,SNOKT1A,TRAFO UNION,2019-05-24,2019-08-09,2008.0,300,230/121/22,68.0,13.0,24.0,10.0,2.0,0.0,0.0,341.0,3518.0,6498.0,41612.0,0.0,3.0,380.0,377.0,380.0,380.0,1,raw_available,3.0,
N408032,SNO,KT1A,N408032,0,SNOKT1A,TRAFO UNION,2019-11-03,2019-12-06,2008.0,300,230/121/22,70.0,11.0,27.0,21.0,0.0,0.0,0.0,416.0,5495.0,5704.0,36648.0,0.0,0.0,464.0,464.0,464.0,464.0,1,raw_available,0.0,
N408032,SNO,KT1A,N408032,0,SNOKT1A,TRAFO UNION,2020-06-06,2020-08-04,2008.0,300,230/121/22,68.0,9.0,21.0,0.0,0.0,0.0,0.0,262.0,4138.0,9230.0,32185.0,0.0,0.0,283.0,283.0,283.0,283.0,1,raw_available,0.0,
N408032,SNO,KT1A,N408032,0,SNOKT1A,TRAFO UNION,2020-11-21,2020-11-30,2008.0,300,230/121/22,69.0,14.0,14.0,0.0,3.0,0.0,0.0,280.0,5211.0,6631.0,43897.0,2.0,7.0,306.0,297.0,306.0,306.0,1,raw_available,9.0,
N408032,SNO,KT1A,N408032,0,SNOKT1A,TRAFO UNION,2021-06-13,2021-08-28,2008.0,300,230/121/22,65.0,13.0,20.0,10.0,5.0,0.0,0.0,270.0,4180.0,7405.0,31835.0,0.0,0.0,305.0,305.0,305.0,305.0,1,raw_available,0.0,
N408032,SNO,KT1A,N408032,0,SNOKT1A,TRAFO UNION,2021-11-14,2021-11-20,2008.0,300,230/121/22,64.0,7.0,4.0,9.0,7.0,0.0,0.0,794.0,5476.0,6160.0,37470.0,0.0,3.0,817.0,814.0,817.0,817.0,1,raw_available,3.0,
N408032,SNO,KT1A,N408032,0,SNOKT1A,TRAFO UNION,2022-05-26,2022-05-30,2008.0,300,230/121/22,62.0,7.0,26.0,10.0,9.0,2.0,0.0,352.0,6226.0,4205.0,31098.0,0.0,0.0,399.0,399.0,399.0,399.0,1,raw_available,0.0,
N408032,SNO,KT1A,N408032,0,SNOKT1A,TRAFO UNION,2022-11-25,2022-11-28,2008.0,300,230/121/22,60.0,4.0,27.0,19.0,5.0,1.0,0.0,350.0,6220.0,5836.0,39146.0,2.0,12.0,416.0,402.0,416.0,416.0,1,raw_available,14.0,
N408032,SNO,KT1A,N408032,0,SNOKT1A,TRAFO UNION,2023-05-20,2023-05-25,2008.0,300,230/121/22,60.0,5.0,18.0,19.0,4.0,0.0,0.0,368.0,6122.0,5873.0,37204.0,0.0,7.0,416.0,409.0,416.0,416.0,1,raw_available,7.0,
N408032,SNO,KT1A,N408032,0,SNOKT1A,TRAFO UNION,2023-11-27,2023-12-28,2008.0,300,230/121/22,60.0,8.0,13.0,21.0,6.0,1.0,0.0,362.0,6037.0,29250.0,42530.0,33.0,19.0,465.0,403.0,465.0,465.0,1,raw_available,62.0,
N408034,CHW,KT2A,N408034,0,CHWKT2A,TRAFO UNION,2019-05-27,2019-05-31,2009.0,300,230/121/22,65.0,8.0,30.0,3.0,1.0,1.0,0.0,331.0,2133.0,6428.0,32573.0,1.0,2.0,369.0,366.0,369.0,369.0,1,raw_available,3.0,
N408034,CHW,KT2A,N408034,0,CHWKT2A,TRAFO UNION,2019-11-10,2019-12-14,2009.0,300,230/121/22,60.0,10.0,28.0,0.0,1.0,0.0,0.0,264.0,2323.0,7552.0,33300.0,1.0,3.0,297.0,293.0,297.0,297.0,1,raw_available,4.0,
N408034,CHW,KT2A,N408034,0,CHWKT2A,TRAFO UNION,2020-11-08,2020-11-21,2009.0,300,230/121/22,66.0,6.0,23.0,4.0,1.0,0.0,0.0,157.0,1690.0,5523.0,39061.0,0.0,4.0,189.0,185.0,189.0,189.0,1,raw_available,4.0,
N408034,CHW,KT2A,N408034,0,CHWKT2A,TRAFO UNION,2021-06-12,2021-08-16,2009.0,300,230/121/22,70.0,16.0,22.0,0.0,8.0,0.0,0.0,288.0,2888.0,8967.0,31193.0,0.0,0.0,318.0,318.0,318.0,318.0,1,raw_available,0.0,
N408034,CHW,KT2A,N408034,0,CHWKT2A,TRAFO UNION,2021-11-07,2021-11-18,2009.0,300,230/121/22,60.0,,18.0,5.0,2.0,0.0,0.0,399.0,5062.0,4690.0,23420.0,7.0,10.0,441.0,424.0,441.0,441.0,1,raw_available,17.0,
N408034,CHW,KT2A,N408034,0,CHWKT2A,TRAFO UNION,2022-05-27,2022-06-03,2009.0,300,230/121/22,61.0,7.0,36.0,7.0,3.0,5.0,0.0,289.0,4538.0,5919.0,31334.0,6.0,9.0,375.0,340.0,375.0,375.0,1,raw_available,35.0,
N408034,CHW,KT2A,N408034,0,CHWKT2A,TRAFO UNION,2022-11-25,2022-11-28,2009.0,300,230/121/22,60.0,3.0,25.0,12.0,2.0,0.0,0.0,359.0,4770.0,5372.0,25239.0,0.0,4.0,402.0,398.0,402.0,402.0,1,raw_available,4.0,
N408034,CHW,KT2A,N408034,0,CHWKT2A,TRAFO UNION,2023-05-18,2023-05-22,2009.0,300,230/121/22,65.0,9.0,23.0,18.0,2.0,0.0,0.0,379.0,4919.0,3090.0,28270.0,5.0,8.0,435.0,422.0,435.0,435.0,1,raw_available,13.0,
N408034,CHW,KT2A,N408034,0,CHWKT2A,TRAFO UNION,2023-11-06,2023-12-16,2009.0,300,230/121/22,66.0,24.0,10.0,1.0,1.0,0.0,0.0,29.0,1430.0,6017.0,57454.0,0.0,3.0,44.0,41.0,44.0,44.0,1,raw_available,3.0,
N408034,CHW,KT2A,N408034,0,CHWKT2A,TRAFO UNION,2024-06-04,2024-06-07,2009.0,300,230/121/22,65.0,5.0,23.0,13.0,3.0,0.0,0.0,324.0,4793.0,6212.0,32132.0,0.0,1.0,364.0,363.0,364.0,364.0,1,raw_available,1.0,
N408036,RPS,KT1A,N408036,0,RPSKT1A,TRAFO UNION,2019-05-18,2019-05-24,2009.0,300,230,48.0,23.0,19.0,6.0,9.0,0.0,0.0,345.0,2569.0,8512.0,42218.0,0.0,0.0,379.0,379.0,379.0,379.0,1,raw_available,0.0,
N408036,RPS,KT1A,N408036,0,RPSKT1A,TRAFO UNION,2019-11-01,2019-11-08,2009.0,300,230,54.0,10.0,22.0,13.0,8.0,0.0,0.0,388.0,2928.0,5547.0,36240.0,0.0,0.0,431.0,431.0,431.0,431.0,1,raw_available,0.0,
N408036,RPS,KT1A,N408036,0,RPSKT1A,TRAFO UNION,2020-05-26,2020-06-01,2009.0,300,230,60.0,9.0,22.0,0.0,7.0,0.0,0.0,355.0,2653.0,6828.0,29108.0,0.0,0.0,384.0,384.0,384.0,384.0,1,raw_available,0.0,
N408036,RPS,KT1A,N408036,0,RPSKT1A,TRAFO UNION,2020-11-23,2020-11-29,2009.0,300,230,58.0,6.0,14.0,0.0,3.0,0.0,0.0,400.0,3069.0,8438.0,38519.0,0.0,8.0,425.0,417.0,425.0,425.0,1,raw_available,8.0,
N408036,RPS,KT1A,N408036,0,RPSKT1A,TRAFO UNION,2021-05-21,2021-07-12,2009.0,300,230,62.0,14.0,15.0,82.0,92.0,22.0,0.0,371.0,5024.0,8391.0,30766.0,0.0,22.0,604.0,582.0,604.0,604.0,1,raw_available,22.0,
N408036,RPS,KT1A,N408036,0,RPSKT1A,TRAFO UNION,2021-11-23,2021-12-10,2009.0,300,230,48.0,18.0,27.0,16.0,3.0,0.0,0.0,445.0,4559.0,5844.0,43466.0,0.0,10.0,501.0,491.0,501.0,501.0,1,raw_available,10.0,
N408036,RPS,KT1A,N408036,0,RPSKT1A,TRAFO UNION,2022-05-30,2022-06-04,2009.0,300,230,56.0,13.0,13.0,11.0,3.0,0.0,0.0,523.0,4435.0,7060.0,46692.0,5.0,8.0,563.0,550.0,563.0,563.0,1,raw_available,13.0,
N408036,RPS,KT1A,N408036,0,RPSKT1A,TRAFO UNION,2022-12-12,2022-12-15,2009.0,300,230,60.0,16.0,12.0,21.0,3.0,0.0,0.0,510.0,4681.0,5090.0,34780.0,17.0,9.0,572.0,546.0,572.0,572.0,1,raw_available,26.0,
N408036,RPS,KT1A,N408036,0,RPSKT1A,TRAFO UNION,2023-05-18,2023-05-29,2009.0,300,230,60.0,10.0,20.0,8.0,3.0,0.0,0.0,521.0,5683.0,3290.0,34650.0,19.0,13.0,584.0,552.0,584.0,584.0,1,raw_available,32.0,
N408036,RPS,KT1A,N408036,0,RPSKT1A,TRAFO UNION,2023-11-16,2023-12-16,2009.0,300,230,56.0,9.0,32.0,10.0,3.0,0.0,0.0,445.0,4851.0,9238.0,40812.0,0.0,11.0,501.0,490.0,501.0,501.0,1,raw_available,11.0,
N408177,CHW,KT1A,N408177,0,CHWKT1A,SIEMENS,2019-05-27,2019-05-31,2009.0,300,230/121/22,65.0,8.0,23.0,12.0,8.0,2.0,0.0,517.0,3481.0,6571.0,44596.0,2.0,6.0,570.0,562.0,570.0,570.0,1,raw_available,8.0,
N408177,CHW,KT1A,N408177,0,CHWKT1A,SIEMENS,2019-11-10,2019-12-14,2009.0,300,230/121/22,60.0,11.0,13.0,9.0,9.0,0.0,0.0,445.0,3445.0,11064.0,51685.0,2.0,8.0,486.0,476.0,486.0,486.0,1,raw_available,10.0,
N408177,CHW,KT1A,N408177,0,CHWKT1A,SIEMENS,2020-11-08,2020-11-21,2009.0,300,230/121/22,,8.0,32.0,11.0,0.0,0.0,0.0,450.0,2594.0,5174.0,52016.0,0.0,0.0,0.0,493.0,0.0,0.0,1,raw_available,-493.0,
N408177,CHW,KT1A,N408177,0,CHWKT1A,SIEMENS,2021-06-12,2021-08-16,2009.0,300,230/121/22,70.0,12.0,21.0,12.0,12.0,28.0,0.0,881.0,5182.0,7212.0,57935.0,0.0,0.0,954.0,954.0,954.0,954.0,1,raw_available,0.0,
N408177,CHW,KT1A,N408177,0,CHWKT1A,SIEMENS,2021-11-07,2021-11-18,2009.0,300,230/121/22,60.0,,8.0,8.0,10.0,0.0,0.0,741.0,7342.0,5400.0,46900.0,5.0,14.0,786.0,767.0,786.0,786.0,1,raw_available,19.0,
N408177,CHW,KT1A,N408177,0,CHWKT1A,SIEMENS,2022-05-27,2022-06-03,2009.0,300,230/121/22,60.0,7.0,23.0,10.0,11.0,16.0,0.0,806.0,6088.0,5025.0,63842.0,2.0,22.0,890.0,866.0,890.0,890.0,1,raw_available,24.0,
N408177,CHW,KT1A,N408177,0,CHWKT1A,SIEMENS,2022-11-25,2022-11-28,2009.0,300,230/121/22,60.0,4.0,18.0,20.0,11.0,0.0,0.0,1081.0,6296.0,8454.0,62570.0,0.0,4.0,1134.0,1130.0,1134.0,1134.0,1,raw_available,4.0,
N408177,CHW,KT1A,N408177,0,CHWKT1A,SIEMENS,2023-05-18,2023-05-22,2009.0,300,230/121/22,65.0,7.0,11.0,33.0,10.0,0.0,0.0,1024.0,6389.0,8650.0,70870.0,0.0,15.0,1093.0,1078.0,1093.0,1093.0,1,raw_available,15.0,
N408177,CHW,KT1A,N408177,0,CHWKT1A,SIEMENS,2023-11-06,2023-12-15,2009.0,300,230/121/22,66.0,10.0,2.0,5.0,6.0,5.0,0.0,272.0,3019.0,9205.0,75242.0,19.0,7.0,316.0,290.0,316.0,316.0,1,raw_available,26.0,
N408177,CHW,KT1A,N408177,0,CHWKT1A,SIEMENS,2024-06-04,2024-06-07,2009.0,300,230/121/22,65.0,5.0,21.0,15.0,6.0,7.0,0.0,931.0,7435.0,9993.0,57714.0,0.0,0.0,980.0,980.0,980.0,980.0,1,raw_available,0.0,
N422375,RPS,KT2A,N422375,0,RPSKT2A,SIEMENS,2023-05-18,2023-05-29,2009.0,200,230,60.0,10.0,23.0,7.0,3.0,0.0,0.0,403.0,5209.0,2050.0,33480.0,0.0,8.0,444.0,436.0,444.0,444.0,1,raw_available,8.0,
N422375,RPS,KT2A,N422375,0,RPSKT2A,SIEMENS,2023-11-16,2023-12-16,2009.0,200,230,60.0,6.0,40.0,9.0,3.0,1.0,0.0,573.0,5329.0,7307.0,39174.0,0.0,6.0,632.0,626.0,632.0,632.0,1,raw_available,6.0,
PHTKT2A,PHT,KT2A,xxxx1,1,PHTKT2A,DAIHEN,2024-02-22,2024-03-02,2024.0,300,230,30.0,5.0,4.0,0.0,0.0,0.0,0.0,5.0,43.0,3581.0,8508.0,0.0,0.0,9.0,9.0,9.0,9.0,1,raw_available,0.0,
PHTKT3A,PHT,KT3A,xxxx2,1,PHTKT3A,DAIHEN,2024-02-22,2024-03-02,2024.0,300,230,30.0,6.0,2.0,0.0,0.0,0.0,0.0,8.0,68.0,4437.0,11290.0,0.0,0.0,10.0,10.0,10.0,10.0,1,raw_available,0.0,
S 251385,AT1,KT7A,S 251385,0,AT1KT7A,TRAFO UNION,2019-01-12,2019-03-08,1988.0,200,230/115/11,57.0,19.0,57.0,18.0,15.0,0.0,0.0,486.0,2807.0,11268.0,52354.0,0.0,18.0,594.0,576.0,594.0,594.0,1,raw_available,18.0,
S 251385,AT1,KT7A,S 251385,0,AT1KT7A,TRAFO UNION,2020-01-23,2020-02-09,1988.0,200,230/115/11,57.0,13.0,31.0,4.0,10.0,0.0,0.0,134.0,1612.0,12000.0,53000.0,0.0,35.0,214.0,179.0,214.0,214.0,1,raw_available,35.0,
S 251385,AT1,KT7A,S 251385,0,AT1KT7A,TRAFO UNION,2020-09-14,2020-09-22,1988.0,200,230/115/11,,11.0,48.0,14.0,11.0,3.0,0.0,525.0,1977.0,6267.0,55897.0,11.0,20.0,632.0,601.0,632.0,632.0,1,raw_available,31.0,research
S 251385,AT1,KT7A,S 251385,0,AT1KT7A,TRAFO UNION,2021-01-23,2021-02-01,1988.0,200,230/115/11,56.0,11.0,49.0,8.0,11.0,0.0,0.0,445.0,4189.0,6330.0,14597.0,19.0,27.0,559.0,513.0,559.0,559.0,1,raw_available,46.0,
S 251385,AT1,KT7A,S 251385,0,AT1KT7A,TRAFO UNION,2021-11-28,2021-12-03,1988.0,200,230/115/11,53.0,14.0,38.0,8.0,11.0,0.0,0.0,626.0,5448.0,5755.0,60771.0,20.0,28.0,731.0,683.0,731.0,731.0,1,raw_available,48.0,repeat
S 251385,AT1,KT7A,S 251385,0,AT1KT7A,TRAFO UNION,2022-02-18,2022-03-10,1988.0,200,230/115/11,59.0,9.0,38.0,25.0,12.0,7.0,0.0,825.0,4506.0,3912.0,74968.0,12.0,20.0,939.0,907.0,939.0,939.0,1,raw_available,32.0,
S 251385,AT1,KT7A,S 251385,0,AT1KT7A,TRAFO UNION,2022-07-29,2022-08-07,1988.0,200,230/115/11,56.0,18.0,35.0,0.0,14.0,2.0,0.0,648.0,3585.0,9028.0,62934.0,4.0,8.0,711.0,699.0,711.0,711.0,1,raw_available,12.0,
S 251385,AT1,KT7A,S 251385,0,AT1KT7A,TRAFO UNION,2023-02-25,2023-03-10,1988.0,200,230/115/11,55.0,13.0,28.0,7.0,8.0,1.0,0.0,701.0,3861.0,6884.0,75301.0,0.0,8.0,753.0,745.0,753.0,753.0,1,raw_available,8.0,
S 251385,AT1,KT7A,S 251385,0,AT1KT7A,TRAFO UNION,2023-07-13,2023-08-05,1988.0,200,230/115/11,55.0,16.0,20.0,22.0,8.0,1.0,0.0,700.0,3552.0,12540.0,52850.0,20.0,22.0,793.0,751.0,793.0,793.0,1,raw_available,42.0,
S 251385,AT1,KT7A,S 251385,0,AT1KT7A,TRAFO UNION,2024-01-26,2024-02-23,1988.0,200,230/115/11,54.0,14.0,5.0,8.0,5.0,1.0,0.0,668.0,3506.0,14815.0,53080.0,15.0,14.0,716.0,687.0,716.0,716.0,1,raw_available,29.0,
S.251386,BPL,KT2A,S.251386,0,BPLKT2A,TRAFO UNION,2019-04-12,2019-04-12,1994.0,200,220/115/11,,,26.0,106.0,186.0,8.0,0.0,279.0,5094.0,8452.0,48128.0,0.0,89.0,694.0,605.0,694.0,694.0,1,raw_available,89.0,
S.251386,BPL,KT2A,S.251386,0,BPLKT2A,TRAFO UNION,2019-07-27,2019-08-30,1994.0,200,220/115/11,60.0,18.0,16.0,83.0,156.0,6.0,0.0,207.0,4443.0,7349.0,40805.0,0.0,117.0,585.0,468.0,585.0,585.0,1,raw_available,117.0,
S.251386,BPL,KT2A,S.251386,0,BPLKT2A,TRAFO UNION,2019-11-14,2019-11-28,1994.0,200,220/115/11,67.0,14.0,20.0,94.0,188.0,8.0,0.0,252.0,4910.0,12909.0,50351.0,0.0,0.0,562.0,562.0,562.0,562.0,1,raw_available,0.0,
S.251386,BPL,KT2A,S.251386,0,BPLKT2A,TRAFO UNION,2020-05-15,2020-05-29,1994.0,200,220/115/11,70.0,12.0,49.0,124.0,224.0,3.0,0.0,284.0,4991.0,8206.0,48285.0,29.0,177.0,890.0,684.0,890.0,890.0,1,raw_available,206.0,
S.251386,BPL,KT2A,S.251386,0,BPLKT2A,TRAFO UNION,2020-11-22,2020-12-04,1994.0,200,220/115/11,60.0,8.0,21.0,102.0,190.0,3.0,0.0,319.0,5536.0,5001.0,50623.0,0.0,115.0,750.0,635.0,750.0,750.0,1,raw_available,115.0,
S.251386,BPL,KT2A,S.251386,0,BPLKT2A,TRAFO UNION,2021-11-14,2021-12-11,1994.0,200,220/115/11,60.0,9.0,3.0,66.0,180.0,0.0,0.0,206.0,4666.0,13060.0,55940.0,25.0,168.0,648.0,455.0,648.0,648.0,1,raw_available,193.0,
S.251386,BPL,KT2A,S.251386,0,BPLKT2A,TRAFO UNION,2022-05-28,2022-06-02,1994.0,200,220/115/11,,16.0,12.0,90.0,207.0,8.0,0.0,333.0,6595.0,11501.0,76354.0,70.0,14.0,734.0,650.0,734.0,734.0,1,raw_available,84.0,
S.251386,BPL,KT2A,S.251386,0,BPLKT2A,TRAFO UNION,2023-05-22,2023-05-26,1994.0,200,220/115/11,62.0,11.0,15.0,60.0,200.0,8.0,0.0,296.0,6438.0,9975.0,65521.0,8.0,127.0,714.0,579.0,714.0,714.0,1,raw_available,135.0,
S.251386,BPL,KT2A,S.251386,0,BPLKT2A,TRAFO UNION,2023-11-26,2023-12-21,1994.0,200,220/115/11,60.0,16.0,22.0,100.0,199.0,7.0,0.0,247.0,4659.0,20310.0,65263.0,5.0,124.0,704.0,575.0,704.0,704.0,1,raw_available,129.0,
S251401,LPR,KT2A,S251401,0,LPRKT2A,TRAFO UNION,2019-05-06,2019-05-25,1994.0,200,220/69,75.0,14.0,48.0,17.0,9.0,4.0,0.0,642.0,3597.0,7007.0,32989.0,10.0,19.0,749.0,720.0,749.0,749.0,1,raw_available,29.0,
S251401,LPR,KT2A,S251401,0,LPRKT2A,TRAFO UNION,2019-09-23,2019-09-27,1994.0,200,220/69,63.0,,18.0,7.0,6.0,0.0,0.0,208.0,1720.0,10785.0,42210.0,0.0,20.0,259.0,239.0,259.0,259.0,1,raw_available,20.0,Tx.tripมีน้ำมันรั่วซึมที่Bushing 11kVV
S251401,LPR,KT2A,S251401,0,LPRKT2A,TRAFO UNION,2019-11-13,2019-12-14,1994.0,200,220/69,65.0,14.0,21.0,5.0,7.0,2.0,0.0,279.0,2572.0,17962.0,72472.0,10.0,18.0,342.0,314.0,342.0,342.0,1,raw_available,28.0,
S251401,LPR,KT2A,S251401,0,LPRKT2A,TRAFO UNION,2020-11-09,2020-11-22,1994.0,200,220/69,62.0,14.0,31.0,5.0,7.0,0.0,0.0,176.0,1576.0,12220.0,180870.0,50.0,18.0,287.0,219.0,287.0,287.0,1,raw_available,68.0,
S251401,LPR,KT2A,S251401,0,LPRKT2A,TRAFO UNION,2021-06-12,2021-08-16,1994.0,200,220/69,60.0,15.0,28.0,0.0,15.0,9.0,0.0,375.0,2583.0,17989.0,63365.0,0.0,0.0,427.0,427.0,427.0,427.0,1,raw_available,0.0,
S251401,LPR,KT2A,S251401,0,LPRKT2A,TRAFO UNION,2021-11-07,2021-11-18,1994.0,200,220/69,60.0,,31.0,5.0,9.0,0.0,0.0,499.0,5593.0,4270.0,63090.0,19.0,21.0,584.0,544.0,584.0,584.0,1,raw_available,40.0,
S251401,LPR,KT2A,S251401,0,LPRKT2A,TRAFO UNION,2022-05-27,2022-06-03,1994.0,200,220/69,68.0,19.0,32.0,4.0,7.0,1.0,0.0,319.0,3795.0,16084.0,66354.0,14.0,15.0,392.0,363.0,392.0,392.0,1,raw_available,29.0,
S251401,LPR,KT2A,S251401,0,LPRKT2A,TRAFO UNION,2022-11-17,2022-11-28,1994.0,200,220/69,62.0,16.0,34.0,5.0,8.0,0.0,0.0,335.0,3485.0,15790.0,62870.0,3.0,16.0,401.0,382.0,401.0,401.0,1,raw_available,19.0,
S251401,LPR,KT2A,S251401,0,LPRKT2A,TRAFO UNION,2023-05-18,2023-05-22,1994.0,200,220/69,60.0,7.0,24.0,10.0,5.0,1.0,0.0,386.0,3670.0,9820.0,52890.0,0.0,14.0,440.0,426.0,440.0,440.0,1,raw_available,14.0,
S251401,LPR,KT2A,S251401,0,LPRKT2A,TRAFO UNION,2023-08-11,2023-08-11,1994.0,200,220/69,60.0,10.0,43.0,4.0,9.0,3.0,0.0,462.0,4118.0,13307.0,78853.0,0.0,16.0,537.0,521.0,537.0,537.0,1,raw_available,16.0,มี Fault ที่ MEA ระยะทางไม่เกิน 1 กม.
S251401,LPR,KT2A,S251401,0,LPRKT2A,TRAFO UNION,2023-11-19,2023-12-23,1994.0,200,220/69,60.0,14.0,60.0,17.0,14.0,11.0,0.0,654.0,5919.0,8283.0,77184.0,14.0,30.0,800.0,756.0,800.0,800.0,1,raw_available,44.0,
T200762,UR-P,KT1A,T200762,0,UR-PKT1A,SIEMENS,2019-07-11,2019-08-11,1993.0,5,115/22,46.0,21.0,7.0,0.0,0.0,10.0,0.0,148.0,1520.0,21778.0,60767.0,0.0,0.0,165.0,165.0,165.0,165.0,1,raw_available,0.0,
T200762,UR-P,KT1A,T200762,0,UR-PKT1A,SIEMENS,2020-06-05,2020-07-05,1993.0,5,115/22,46.0,22.0,0.0,0.0,0.0,11.0,0.0,183.0,1454.0,21051.0,77246.0,2.0,0.0,196.0,194.0,196.0,196.0,1,raw_available,2.0,
T200762,UR-P,KT1A,T200762,0,UR-PKT1A,SIEMENS,2021-05-09,2021-07-11,1993.0,5,115/22,46.0,21.0,22.0,1.0,0.0,7.0,0.0,153.0,3183.0,24840.0,79420.0,0.0,0.0,183.0,183.0,183.0,183.0,1,raw_available,0.0,
T200762,UR-P,KT1A,T200762,0,UR-PKT1A,SIEMENS,2022-03-28,2022-04-02,1993.0,5,115/22,46.0,21.0,8.0,61.0,0.0,13.0,0.0,159.0,1520.0,37967.0,66708.0,0.0,0.0,241.0,241.0,241.0,241.0,1,raw_available,0.0,
T200762,UR-P,KT1A,T200762,0,UR-PKT1A,SIEMENS,2023-06-01,2023-06-10,1993.0,5,115/22,46.0,17.0,8.0,2.0,10.0,0.0,0.0,194.0,1648.0,35860.0,63953.0,0.0,0.0,214.0,214.0,214.0,214.0,1,raw_available,0.0,
T933002,PK1,KT2A,T933002,0,PK1KT2A,HYUNDAI,2019-09-09,2019-11-23,2007.0,50,115/33/11,54.0,29.0,15.0,33.0,70.0,0.0,0.0,0.0,0.0,9850.0,49420.0,0.0,59.0,177.0,118.0,177.0,177.0,1,raw_available,59.0,
T933002,PK1,KT2A,T933002,0,PK1KT2A,HYUNDAI,2020-09-12,2020-11-15,2007.0,50,115/33/11,54.0,11.0,13.0,43.0,116.0,0.0,0.0,15.0,1769.0,8385.0,44938.0,31.0,0.0,218.0,187.0,218.0,218.0,1,raw_available,31.0,
T933002,PK1,KT2A,T933002,0,PK1KT2A,HYUNDAI,2021-09-17,2021-11-17,2007.0,50,115/33/11,48.0,14.0,9.0,34.0,83.0,0.0,0.0,14.0,1516.0,11669.0,42565.0,0.0,16.0,156.0,140.0,156.0,156.0,1,raw_available,16.0,
T933002,PK1,KT2A,T933002,0,PK1KT2A,HYUNDAI,2022-09-19,2022-10-08,2007.0,50,115/33/11,51.0,9.0,14.0,40.0,96.0,3.0,0.0,15.0,1983.0,5023.0,40856.0,13.0,48.0,229.0,168.0,229.0,229.0,1,raw_available,61.0,
T933002,PK1,KT2A,T933002,0,PK1KT2A,HYUNDAI,2023-09-16,2023-10-29,2007.0,50,115/33/11,49.0,5.0,4.0,60.0,96.0,3.0,0.0,22.0,2298.0,8532.0,55216.0,0.0,79.0,264.0,185.0,264.0,264.0,1,raw_available,79.0,
T933027,RA,KT2A,T933027,0,RAKT2A,HYUNDAI,2019-09-22,2019-11-22,2008.0,50,115/33/11,,24.0,8.0,40.0,50.0,0.0,0.0,0.0,0.0,8490.0,49190.0,0.0,29.0,127.0,98.0,127.0,127.0,1,raw_available,29.0,
T933027,RA,KT2A,T933027,0,RAKT2A,HYUNDAI,2020-09-07,2020-10-11,2008.0,50,115/33/11,38.0,15.0,7.0,38.0,78.0,0.0,0.0,26.0,623.0,4615.0,35731.0,0.0,10.0,159.0,149.0,159.0,159.0,1,raw_available,10.0,
T933027,RA,KT2A,T933027,0,RAKT2A,HYUNDAI,2021-09-10,2021-11-16,2008.0,50,115/33/11,33.0,14.0,27.0,36.0,76.0,5.0,0.0,326.0,3157.0,8625.0,67890.0,0.0,7.0,477.0,470.0,477.0,477.0,1,raw_available,7.0,
T933027,RA,KT2A,T933027,0,RAKT2A,HYUNDAI,2022-09-25,2022-10-08,2008.0,50,115/33/11,60.0,10.0,26.0,52.0,62.0,1.0,0.0,360.0,3204.0,8490.0,53620.0,10.0,41.0,552.0,501.0,552.0,552.0,1,raw_available,51.0,
T933027,RA,KT2A,T933027,0,RAKT2A,HYUNDAI,2023-09-22,2023-11-17,2008.0,50,115/33/11,56.0,14.0,11.0,50.0,61.0,7.0,0.0,312.0,3297.0,8628.0,50913.0,66.0,43.0,550.0,441.0,550.0,550.0,1,raw_available,109.0,
T943016,HY2,KT2A,T943016,0,HY2KT2A,HYUNDAI,2019-07-11,2019-09-05,2008.0,50,115/33,54.0,32.0,9.0,34.0,73.0,2.0,0.0,16.0,637.0,11162.0,45196.0,0.0,53.0,187.0,134.0,187.0,187.0,1,raw_available,53.0,
T943016,HY2,KT2A,T943016,0,HY2KT2A,HYUNDAI,2020-07-12,2020-08-24,2008.0,50,115/33,,20.0,11.0,33.0,110.0,0.0,0.0,13.0,891.0,6144.0,46254.0,0.0,28.0,195.0,167.0,195.0,195.0,1,raw_available,28.0,
T943016,HY2,KT2A,T943016,0,HY2KT2A,HYUNDAI,2021-08-07,2021-11-15,2008.0,50,115/33,52.0,17.0,7.0,34.0,85.0,0.0,0.0,17.0,1392.0,5860.0,45320.0,12.0,83.0,238.0,143.0,238.0,238.0,1,raw_available,95.0,
T943016,HY2,KT2A,T943016,0,HY2KT2A,HYUNDAI,2023-08-14,2023-11-02,2008.0,50,115/33,54.0,19.0,12.0,54.0,128.0,3.0,0.0,24.0,1261.0,6052.0,55237.0,0.0,72.0,293.0,221.0,293.0,293.0,1,raw_available,72.0,
T943017,HY2,KT1A,T943017,0,HY2KT1A,HYUNDAI,2019-07-11,2019-09-05,2008.0,50,115/33,52.0,25.0,15.0,48.0,91.0,8.0,0.0,116.0,851.0,4567.0,49511.0,0.0,56.0,334.0,278.0,334.0,334.0,1,raw_available,56.0,
T943017,HY2,KT1A,T943017,0,HY2KT1A,HYUNDAI,2020-07-12,2020-08-24,2008.0,50,115/33,,22.0,25.0,45.0,60.0,2.0,0.0,66.0,468.0,4444.0,42773.0,0.0,55.0,253.0,198.0,253.0,253.0,1,raw_available,55.0,
T943017,HY2,KT1A,T943017,0,HY2KT1A,HYUNDAI,2021-08-07,2021-11-15,2008.0,50,115/33,49.0,26.0,4.0,50.0,97.0,3.0,0.0,92.0,1323.0,2830.0,57450.0,28.0,109.0,383.0,246.0,383.0,383.0,1,raw_available,137.0,
T943017,HY2,KT1A,T943017,0,HY2KT1A,HYUNDAI,2023-08-14,2023-11-02,2008.0,50,115/33,49.0,18.0,11.0,75.0,172.0,10.0,0.0,124.0,1091.0,5046.0,72593.0,0.0,92.0,484.0,392.0,484.0,484.0,1,raw_available,92.0,
T943037,SUK,KT1A,T943037,0,SUKKT1A,HYUNDAI,2019-08-24,2019-10-18,2009.0,50,115/33/11,55.0,25.0,11.0,30.0,87.0,1.0,0.0,11.0,329.0,9896.0,46705.0,0.0,66.0,206.0,140.0,206.0,206.0,1,raw_available,66.0,
T943037,SUK,KT1A,T943037,0,SUKKT1A,HYUNDAI,2020-07-18,2020-08-24,2009.0,50,115/33/11,52.0,16.0,7.0,31.0,82.0,2.0,0.0,23.0,551.0,6828.0,46031.0,0.0,68.0,213.0,145.0,213.0,213.0,1,raw_available,68.0,
T943037,SUK,KT1A,T943037,0,SUKKT1A,HYUNDAI,2021-07-11,2021-11-04,2009.0,50,115/33/11,52.0,20.0,7.0,29.0,111.0,0.0,0.0,17.0,577.0,6296.0,39452.0,0.0,13.0,177.0,164.0,177.0,177.0,1,raw_available,13.0,
T943037,SUK,KT1A,T943037,0,SUKKT1A,HYUNDAI,2022-07-03,2022-07-25,2009.0,50,115/33/11,49.0,11.0,11.0,29.0,112.0,2.0,0.0,32.0,684.0,5182.0,42903.0,0.0,36.0,222.0,186.0,222.0,222.0,1,raw_available,36.0,
T943037,SUK,KT1A,T943037,0,SUKKT1A,HYUNDAI,2023-08-26,2023-11-18,2009.0,50,115/33/11,53.0,25.0,10.0,23.0,80.0,2.0,0.0,33.0,1046.0,10920.0,35350.0,3.0,77.0,228.0,148.0,228.0,228.0,1,raw_available,80.0,
T943038,KN,KT1A,T943038,0,KNKT1A,HYUNDAI,2019-11-10,2019-12-22,2008.0,50,115/33/11,55.0,9.0,13.0,32.0,85.0,0.0,0.0,20.0,953.0,8400.0,45580.0,0.0,66.0,216.0,150.0,216.0,216.0,1,raw_available,66.0,
T943038,KN,KT1A,T943038,0,KNKT1A,HYUNDAI,2020-04-05,2020-04-11,2008.0,50,115/33/11,40.0,9.0,7.0,36.0,77.0,0.0,0.0,20.0,896.0,2846.0,33547.0,0.0,20.0,160.0,140.0,160.0,160.0,1,raw_available,20.0,หลังจาก Tx. Diff Relay ทำงาน เนื่องจากเกิด Flash ด้าน 33 KV
T943038,KN,KT1A,T943038,0,KNKT1A,HYUNDAI,2020-11-03,2020-11-28,2008.0,50,115/33/11,47.0,11.0,21.0,36.0,76.0,21.0,0.0,28.0,934.0,6397.0,52309.0,15.0,56.0,253.0,182.0,253.0,253.0,1,raw_available,71.0,
T943038,KN,KT1A,T943038,0,KNKT1A,HYUNDAI,2021-12-18,2022-01-10,2008.0,50,115/33/11,48.0,15.0,2.0,32.0,86.0,5.0,0.0,28.0,953.0,3697.0,43662.0,14.0,68.0,235.0,153.0,235.0,235.0,1,raw_available,82.0,Cold standby
T943038,KN,KT1A,T943038,0,KNKT1A,HYUNDAI,2022-12-03,2023-01-13,2008.0,50,115/33/11,32.0,4.0,2.0,32.0,83.0,5.0,0.0,14.0,795.0,4060.0,41870.0,13.0,60.0,209.0,136.0,209.0,209.0,1,raw_available,73.0,
T943038,KN,KT1A,T943038,0,KNKT1A,HYUNDAI,2023-11-09,2024-01-23,2008.0,50,115/33/11,30.0,11.0,7.0,50.0,112.0,9.0,0.0,21.0,790.0,5840.0,45376.0,13.0,69.0,281.0,199.0,281.0,281.0,1,raw_available,82.0,
UD3KT1A,UD3,KT1A,xxxx3,1,UD3KT1A,DAIHEN,2024-03-31,2024-04-20,2023.0,300,230,34.0,14.0,1.0,1.0,0.0,0.0,0.0,8.0,264.0,4967.0,51632.0,0.0,0.0,10.0,10.0,10.0,10.0,1,raw_available,0.0,
UD3KT2A,UD3,KT2A,xxxx4,1,UD3KT2A,DAIHEN,2024-03-31,2024-04-20,2023.0,300,230,34.0,12.0,2.0,1.0,0.0,0.0,0.0,5.0,118.0,2867.0,21046.0,0.0,0.0,8.0,8.0,8.0,8.0,1,raw_available,0.0,
UD3KT3A,UD3,KT3A,xxxx5,1,UD3KT3A,DAIHEN,2024-04-01,2024-04-20,2023.0,300,230,34.0,14.0,2.0,1.0,0.0,0.0,0.0,10.0,170.0,2911.0,36432.0,0.0,0.0,13.0,13.0,13.0,13.0,1,raw_available,0.0,
