LOC,NAME,CODETX,MFG,SER,KV,MVA,YEAR_Energized,Sample Day,Tested day,O2,N2,CO2,CO,H2,CH4,C2H2,C2H4,C2H6,C3H6,C3H8,TCG,TEMP,WATER,NB,
KTL,KT1A,KTLKT1A,VOLTA WERKE,60539-003,115/22,25,1993,11/12/2023,14/12/2023,9731,34141,1038,186,133,76,98,47,23,22,12,597,34,10,หลัง TRIP เมื่อวันที่ 10/12/52 (15.30),
PHG,KT1A,PHGKT1A,JEUMONT,92199,230/115/22,200,1995,14/09/2019,14/09/2019,2914,22736,2546,147,750,388,954,386,85,95,19,2824,28,7,Bushing LowSide Phase.C ระเบิด,
BLG,KT1A,BLGKT1A,ELIN,535959,107/34.85,8,1977,06/09/2019,18/10/2019,9622,50112,5741,401,17,21,95,47,14,21,0,616,58,26,-,
BLG,KT1A,BLGKT1A,ELIN,535959,107/34.85,8,1977,26/06/2023,17/07/2023,19995,55072,7760,36,7,1,9,8,3,2,7,73,38,17,ค่า p.f สูง,
SR2,KT1A,SR2KT1A,MITSUBISHI,573077,115/22,40,1998,10/02/2020,22/02/2020,4125,23868,2565,113,302,278,893,276,557,73,335,2827,-,23,Research เก็บน้ำมันก่อนที่จะทำการตัดกระดาษ,
BK,KT3A,BKKT3A,ABB,7853996,230/72.5/22,300,2012,04/08/2021,04/08/2021,3026,21868,5268,1019,148,158,82,165,20,112,8,1712,,8,Bouchholz relay Trip(พบสาย Lead Bushing Neutral ขาดลง tank),
BK,KT3A,BKKT3A,ABB,7853996,230/72.5/22,300,2012,03/08/2021,04/08/2021,11898,68012,3855,1514,273,54,80,114,19,84,2,2140,,8,Buchholz and Sudden pressure RelayTrip,
BK,KT3A,BKKT3A,ABB,7853996,230/72.5/22,300,2012,07/11/2021,19/11/2021,32554,58384,1828,123,7,0,8,19,9,0,0,166,49,5,,
BLG,KT1A,BLGKT1A,ELIN,535959,107/34.85,8,1977,28/07/2023,18/11/2023,23270,37090,5053,72,10,4,8,19,3,5,3,124,33,27,,
BLG,KT1A,BLGKT1A,ELIN,535959,107/34.85,8,1977,25/07/2020,24/08/2020,13847,58351,12451,208,533,13,65,33,0,13,2,867,63,32,,
PDG,KT1AB,PDGKT1AB,TOSHIBA,01900068,525/230/22,333.3,2015,09/07/2021,09/07/2021,8928,30297,1648,345,2537,1207,612,851,78,186,0,5816,,6,เนื่องจาก BUSHING KT1AB ระเบิด,
KB2,KT1A,KB2KT1A,JEUMONT,92198,230/115/22,200,1995,22/09/2019,27/09/2019,8658,38241,2187,141,571,2469,60,3394,557,1800,143,9135,74,14,-,
BN,KT3A,BNKT3A,ABB,103827,230/69,200,2008,12/05/2019,25/05/2019,7237,42914,5378,1085,15,72,6,43,21,40,0,1282,68,12,-,
NCO,KT2AA,NCOKT2AA,JEUMONT,94440,525/230/22,200,2003,24/06/2019,24/06/2019,6054,26457,2457,124,6,17,6,2,12,2,5,174,-,6,-,
LE,KT1A,LEKT1A,RADE KONCAR,338028,115/22,50,2004,04/04/2019,07/04/2019,7348,44065,0,0,704,174,586,219,12,54,0,1749,40,8,"Tx.trip Buchholz relay,transformer diff.relayมีน้ำมันไหลออกที่pressure relief device.",
KB2,KT1A,KB2KT1A,JEUMONT,92198,230/115/22,200,1995,11/03/2019,18/03/2019,9304,31757,1873,118,484,1541,57,2079,387,1050,97,5813,68,13,-,
BLG,KT2A,BLGKT2A,ELIN,535956,107/34.85,8,1977,06/04/2019,05/07/2019,13330,45288,2146,373,41,8,56,24,2,11,0,515,66,29,-,
SA1,KT4A,SA1KT4A,DAIHEN,5BK013202,230/121/22,200,2006,28/09/2020,28/09/2020,6478,44257,4798,120,66,70,5,6,145,0,80,459,80,8,,
TTK,KT3AC,TTKKT3AC,JEUMONT,95770,500,200,2008,24/04/2021,04/06/2021,4790,41340,3830,371,91,121,5,180,26,107,10,911,59,12,,
TTK,KT3AC,TTKKT3AC,JEUMONT,95770,500,200,2008,19/06/2021,21/06/2021,3832,39405,7436,934,51,229,5,291,32,147,0,1689,55,12,,
KB2,KT1A,KB2KT1A,JEUMONT,92198,230/115/22,200,1995,05/10/2019,06/10/2019,10321,45227,2047,138,250,1820,47,2734,459,1441,131,7020,70,11,oil temperature alarm,
CT,KT4A,CTKT4A,ABB,504005,230/121/21,200,2018,16/06/2023,22/06/2023,6208,46790,414,27,44,0,43,16,4,9,557,700,58,7,,
HY2,KT4A,HY2KT4A,JEUMONT SCHENI,94170,230/121/33,200,2002,11/11/2019,12/11/2019,4973,43787,5845,520,141,147,42,81,44,54,17,1046,58,25,Fault Trip มี Bushing เสียหาย,
BN,KT3A,BNKT3A,ABB,103827,230/69,200,2008,04/11/2019,14/12/2019,11420,62697,5078,1063,10,57,4,38,24,51,0,1247,66,9,-,
BN,KT3A,BNKT3A,ABB,103827,230/69,200,2008,03/06/2020,03/07/2020,9249,51994,5123,1255,16,63,4,40,28,0,0,1406,68,11,,
SA1,KT4A,SA1KT4A,DAIHEN,5BK013202,230/121/22,200,2006,29/09/2020,29/09/2020,7745,41773,4752,118,56,66,4,5,163,0,79,491,,9,เก็บครั้งที่2และทดสอบครั้งที่2,
SA1,KT4A,SA1KT4A,DAIHEN,5BK013202,230/121/22,200,2006,02/10/2020,02/10/2020,6423,33747,5664,133,53,67,4,8,166,0,109,540,42,12,หลังจ่าย No Load ประมาณ 2 วัน,
BLG,KT2A,BLGKT2A,ELIN,535956,107/34.85,8,1977,06/09/2019,18/10/2019,12926,47571,2138,450,23,9,38,26,0,14,1,561,-64,24,-,
BLG,KT2A,BLGKT2A,ELIN,535956,107/34.85,8,1977,25/07/2020,24/08/2020,10863,53477,1683,197,38,0,37,15,6,0,59,352,67,16,,
SR2,KT1A,SR2KT1A,MITSUBISHI,573077,115/22,40,1998,18/03/2020,18/03/2020,3636,39804,2305,52,112,92,363,89,259,19,124,1110,58,20,"ตามผล C2H2
C2H2",
LE,KT1A,LEKT1A,RADE KONCAR,338028,115/22,50,2004,05/04/2019,07/04/2019,10372,46921,0,0,302,76,340,135,9,37,0,899,40,8,"Tx.tripBuchholz relay,transformer diff.relayมีน้ำมันไหลออกที่pressure relief device.,เก็บน้ำมันที่buchholz relay.",
PHG,KT1A,PHGKT1A,JEUMONT,92199,230/115/22,200,1995,22/09/2019,27/09/2019,8569,40105,2269,146,449,378,340,434,78,193,15,2033,-,10,-,
SR2,KT1A,SR2KT1A,MITSUBISHI,573077,115/22,40,1998,20/03/2020,21/03/2020,5253,50568,2013,49,78,76,320,70,226,0,118,937,62,21,ตามผล C2H2,
NBL,KT1A,NBLKT1A,MITSUBISHI,574412,115/22,25,2000,29/04/2023,14/05/2023,5725,51561,2080,163,92,87,31,9,169,0,94,645,28,7,เกิด Fault ที่ห้อง OLTC และ ชำรุดเสียหาย หลัง O/H OLTC แล้วประมาณ 1 ปี.,
BN,KT3A,BNKT3A,ABB,103827,230/69,200,2008,21/11/2020,30/11/2017,8570,62498,6035,1503,9,51,3,33,20,43,0,1662,66,7,,
KK1,KT1A,KK1KT1A,MEIDEN,8P9097T1,115/22/11,50,2004,10/02/2023,10/03/2023,8937,60489,2215,138,57,80,3,5,231,8,115,637,57,10,,
NP-P,KT1A,NP-PKT1A,OSAKA,5A0493001,115/22,10,1985,24/02/2020,29/03/2020,6805,35716,1005,138,72,52,3,10,63,17,38,393,29,21,,
SA1,KT4A,SA1KT4A,DAIHEN,5BK013202,230/121/22,200,2006,04/10/2020,05/10/2020,4822,29054,5230,122,52,73,3,6,167,0,91,514,56,4,หลังจ่าย Load ประมาณ2วัน,
SB,KT3A,SBKT3A,SCHORCH,275050119601,230/115,300,2011,03/04/2020,05/04/2020,10344,51938,4062,682,9,12,3,1,7,2,6,722,60,6,ตามผล 7 วัน หม้อแปลงรับ Fault จาก กฟน.,
SKA,KT1A,SKAKT1A,MITSUBISHI,9912790102,115/22,50,2014,12/03/2020,27/03/2020,12726,43265,1128,370,12,4,3,0,2,0,0,391,48,17,,
SR2,KT1A,SR2KT1A,MITSUBISHI,573077,115/22,40,1998,07/03/2020,14/03/2020,4423,53453,2046,54,85,80,296,90,235,19,119,978,62,23,ตามผลเนื่องจากพบC2H2,
BLG,KT2A,BLGKT2A,ELIN,535956,107/34.85,8,1977,13/01/2024,09/04/2024,23524,85953,4815,606,9,9,29,36,2,7,1,699,0,19,,
KTL,KT1A,KTLKT1A,VOLTA WERKE,60539-003,115/22,25,1993,28/04/2022,20/05/2022,7949,40744,1588,291,148,92,27,50,72,5,14,699,34,10,หลัง Bushing Phase A ระเบิด,
SR2,KT1A,SR2KT1A,MITSUBISHI,573077,115/22,40,1998,18/06/2022,24/06/2022,7248,68524,708,50,52,42,25,17,66,11,42,305,58,19,,
BLG,KT2A,BLGKT2A,ELIN,535956,107/34.85,8,1977,28/07/2023,18/11/2023,33550,53850,4137,552,3,17,24,27,2,6,2,633,0,27,,
KTL,KT1A,KTLKT1A,VOLTA WERKE,60539-003,115/22,25,1993,19/12/2023,25/12/2023,8843,27425,429,26,21,11,24,14,9,9,8,122,34,8,ทดสอบหลังทำการ Hot Oil Purify,
SR2,KT1A,SR2KT1A,MITSUBISHI,573077,115/22,40,1998,15/12/2021,20/12/2021,2800,67471,2365,135,58,55,23,6,66,9,36,388,56,21,repeat,
KTL,KT1A,KTLKT1A,VOLTA WERKE,60539-003,115/22,25,1993,23/12/2023,29/12/2023,20054,49554,669,37,16,16,21,15,10,11,7,133,50,12,ทดสอบหลังนำเข้าใช้งาน 24 ชั่วโมง(เปลี่ยน BUSHING ใหม่),
TTK,KT3AC,TTKKT3AC,JEUMONT,95770,500,200,2008,31/08/2021,04/09/2021,4156,37295,7483,872,38,219,2.8,267,24,149,0,1571.8,51,,ตามผล Overheat,
SKA,KT1A,SKAKT1A,MITSUBISHI,9912790102,115/22,50,2014,04/11/2020,06/11/2020,9953,39393,1503,523,17,6,2.6,2,2,1,0,553.6,38,4,เทีบยผล DGA On Line,
SKA,KT1A,SKAKT1A,MITSUBISHI,9912790102,115/22,50,2014,29/01/2021,25/04/2021,26334,71629,1196,314,13,3,2.4,2,3,0,0,337.4,39,27,,
PKC,KT2A,PKCKT2A,MITSUBISHI,9912790104,115/22/11,50,2015,16/03/2020,28/03/2020,6934,39834,1257,502,17,4,2.2,0,3,0,4,532.2,41,8,,
PKC,KT2A,PKCKT2A,MITSUBISHI,9912790104,115/22/11,50,2015,01/02/2021,25/04/2021,19787,49326,1410,471,24,0,2.1,4,1,0,0,502.1,39,22,,
KTL,KT1A,KTLKT1A,VOLTA WERKE,60539-003,115/22,25,1993,19/01/2024,27/01/2024,5214,15216,157,15,35,1,2,1,3,0,5,62,46,8,หลังสับจ่าย Load เมิ่อวันที่ 15/01/53,
KTL,KT1A,KTLKT1A,VOLTA WERKE,60539-003,115/22,25,1993,28/01/2024,09/02/2024,18235,50854,315,23,16,1,2,1,0,1,1,45,25,9,ทดสอบหลังจากการแก้ไข BUSHING H2 ร้อนผิดปกติ,
NCO,KT2AA,NCOKT2AA,JEUMONT,94440,525/230/22,200,2003,24/06/2019,24/06/2019,4779,25413,2679,136,12,18,2,3,12,3,6,192,-,6,-,
NCO,KT2AA,NCOKT2AA,JEUMONT,94440,525/230/22,200,2003,07/07/2019,18/07/2019,7657,26586,2397,126,9,16,2,5,17,8,4,187,57,6,-,
NP-P,KT1A,NP-PKT1A,OSAKA,5A0493001,115/22,10,1985,27/06/2020,04/08/2020,3903,41565,1835,162,29,30,2,14,42,6,19,304,41,29,,
NP-P,KT1A,NP-PKT1A,OSAKA,5A0493001,115/22,10,1985,22/02/2021,21/05/2021,7434,44723,719,116,30,38,2,17,53,6,23,285,39,29,,
PKC,KT2A,PKCKT2A,MITSUBISHI,9912790104,115/22/11,50,2015,03/11/2020,06/11/2020,11917,45423,1804,615,14,6,2,2,2,0,1,642,56,6,เทีบยผล DGA On Line,
SA1,KT2A,SA1KT2A,DAIHEN,5BK013201,230/121/22,200,2006,17/04/2020,17/04/2020,3763,31948,6921,174,79,73,2,8,150,0,17,503,,9,Trip Buchholtz relay,
SA1,KT2A,SA1KT2A,DAIHEN,5BK013201,230/121/22,200,2006,19/04/2020,21/04/2020,3567,58919,7086,197,76,82,2,5,154,0,83,599,,9,,
SB,KT5A,SBKT5A,ABB,103917,230/72/11,300,2011,06/06/2019,28/07/2019,7254,39685,1700,326,28,163,2,161,79,101,8,868,56,9,-,
TTK,KT3AC,TTKKT3AC,JEUMONT,95770,500,200,2008,18/12/2021,18/01/2022,3881,36042,7755,893,40,231,2,276,49,145,0,1636,52,10,,
TTK,KT3AC,TTKKT3AC,JEUMONT,95770,500,200,2008,15/01/2024,20/01/2024,2902,37401,8096,962,36,126,2,160,38,105,15,1444,55,6,Bushing ความชื้นสูง,
NR2,KT2A,NR2KT2A,RADE KONCAR,338026,115/22,50,2004,26/05/2019,03/08/2019,8553,50400,13191,654,41,28,18,3,0,9,4,757,58,13,ตามผล1เดือนหลังเติมน้ามันเข้าทางradiator.,
NP-P,KT1A,NP-PKT1A,OSAKA,5A0493001,115/22,10,1985,10/05/2024,13/05/2024,2870,20145,2419,272,56,54,17,33,82,10,24,548,32,12,,
BK,KT3A,BKKT3A,ABB,7853996,230/72.5/22,300,2012,10/09/2021,11/09/2021,21758,55534,1023,134,16,8,16,25,8,55,1,263,,8,ตามผลหลังซ่อม Bushing เสียหายแล้วนำกลับเข้าใช้งาน,
KTL,KT1A,KTLKT1A,VOLTA WERKE,60539-003,115/22,25,1993,15/12/2023,17/12/2023,6796,23818,1222,205,173,132,153,78,38,24,19,822,34,8,หลัง TRIP เมื่อวันที่ 10/12/52 (15.30 น.),
BK,KT3A,BKKT3A,ABB,7853996,230/72.5/22,300,2012,09/08/2021,10/08/2021,15682,44744,1177,79,17,11,14,22,6,43,0,192,,6,หลังซ่อมและทำน้ำมัน,
BLG,KT1A,BLGKT1A,ELIN,535959,107/34.85,8,1977,15/07/2022,24/07/2022,5763,81193,20231,273,49,2,14,18,14,0,0,370,54,40,ไม่ได้ออกผลขอเก็บตัวอย่างใหม่,
BLG,KT2A,BLGKT2A,ELIN,535956,107/34.85,8,1977,06/04/2019,26/08/2019,16541,54793,3180,516,43,20,125,22,0,0,0,726,66,27,-,
NCO,KT2AA,NCOKT2AA,JEUMONT,94440,525/230/22,200,2003,08/03/2019,08/03/2019,6140,50588,4608,442,112,108,120,42,76,21,48,969,60,8,Tx.Trip with buchholz relay phase A.,
NP-P,KT1A,NP-PKT1A,OSAKA,5A0493001,115/22,10,1985,20/07/2019,19/08/2019,5289,31713,1942,175,34,31,12,16,47,0,0,315,41,19,-,
BLG,KT1A,BLGKT1A,ELIN,535959,107/34.85,8,1977,06/04/2019,30/06/2019,12665,46542,6023,371,22,24,115,50,5,16,0,603,58,35,-,
BLG,KT1A,BLGKT1A,ELIN,535959,107/34.85,8,1977,02/02/2019,07/04/2019,10115,46333,5105,319,10,3,100,45,11,15,0,503,47,34,-,
TTK,KT3AC,TTKKT3AC,JEUMONT,95770,500,200,2008,13/02/2022,18/02/2022,2322,27688,7346,907,80,359,1.9,270,46,125,0,1788.9,44,6,ตามผล Overheat  High temp,
YT,KT3A,YTKT3A,ABB,504006,230,200,2018,09/05/2020,18/05/2020,2424,17841,591,93,176,641,1.8,579,176,343,42,2051.8,65,10,,
NCO,KT2AA,NCOKT2AA,JEUMONT,94440,525/230/22,200,2003,25/06/2019,25/06/2019,2934,27604,2326,131,8,18,1.7,2,11,2,5,178.7,-,10,-,
PKC,KT2A,PKCKT2A,MITSUBISHI,9912790104,115/22/11,50,2015,17/03/2019,08/04/2019,8597,49004,1226,491,14,2,1.6,1,1,0,0,510.6,50,10,-,
TTK,KT3AC,TTKKT3AC,JEUMONT,95770,500,200,2008,10/04/2022,22/04/2022,7615,35418,5960,598,9,175,1.6,190,35,110,11,1129.6,50,10,ตามผล,
YT,KT3A,YTKT3A,ABB,504006,230,200,2018,25/05/2020,29/05/2020,2339,21312,623,103,184,699,1.4,591,178,353,79,2188.4,61,10,,
YT,KT3A,YTKT3A,ABB,504006,230,200,2018,08/06/2020,19/06/2020,3445,18084,694,99,151,576,1.4,522,158,351,45,1903.4,70,8,Increased load,
SKA,KT1A,SKAKT1A,MITSUBISHI,9912790102,115/22,50,2014,16/03/2019,26/04/2019,8092,37317,1025,335,20,4,1.3,0,6,0,0,366.3,45,14,-,
YT,KT3A,YTKT3A,ABB,504006,230,200,2018,07/06/2020,19/06/2020,3892,19242,686,98,146,579,1.3,527,160,360,46,1917.3,66,8,Increased load about 120MW,
YT,KT3A,YTKT3A,ABB,504006,230,200,2018,13/02/2024,18/03/2024,15321,31514,3724,562,11,78,1.3,128,53,236,21,1090.3,66,13,,
YT,KT3A,YTKT3A,ABB,504006,230,200,2018,23/06/2020,06/07/2020,2902,15661,734,136,153,591,1.2,521,155,335,41,1933.2,64,7,,
BN,KT3A,BNKT3A,ABB,103827,230/69,200,2008,21/05/2021,21/06/2021,9032,59531,6372,1050,31,32,1,15,17,18,6,1170,66,13,,
BN,KT3A,BNKT3A,ABB,103827,230/69,200,2008,15/11/2021,21/11/2021,7392,38921,5373,813,7,30,1,14,17,14,5,901,56,4,,
HY2,KT4A,HY2KT4A,JEUMONT SCHENI,94170,230/121/33,200,2002,03/12/2019,07/12/2019,5614,48876,411,40,10,6,1,2,2,0,0,55,30,15,หลังเปิดหม้อแปลงและทำน้ำมัน,
KTL,KT1A,KTLKT1A,VOLTA WERKE,60539-003,115/22,25,1993,13/03/2019,08/04/2019,8118,46086,811,131,28,7,1,7,14,4,7,199,50,12,-,
PA2,KT2A,PA2KT2A,ABB,103729,230,200,2008,23/08/2023,24/08/2023,6274,44349,4798,1311,23,14,1,3,2,4,1,1359,0,5,หม้อแปลงมีเสียงดัง,
SA1,KT2A,SA1KT2A,DAIHEN,5BK013201,230/121/22,200,2006,20/03/2020,10/04/2020,11327,48328,4945,118,32,218,1,5,146,0,68,588,,9,,
SA1,KT2A,SA1KT2A,DAIHEN,5BK013201,230/121/22,200,2006,18/05/2020,05/06/2020,3215,46373,3500,151,70,80,1,4,142,0,75,523,62,16,,
SA1,KT4A,SA1KT4A,DAIHEN,5BK013202,230/121/22,200,2006,20/03/2020,10/04/2020,9419,36259,4418,107,34,66,1,4,162,0,73,447,,9,,
SA1,KT4A,SA1KT4A,DAIHEN,5BK013202,230/121/22,200,2006,19/04/2020,21/04/2020,3468,58425,5730,142,37,75,1,5,171,0,92,523,,9,,
SB,KT5A,SBKT5A,ABB,103917,230/72/11,300,2011,21/11/2021,10/12/2021,10530,49833,2384,588,37,171,1,179,95,144,21,1236,52,18,,
NCO,KT1AC,NCOKT1AC,JEUMONT,94429,525/230/22,200,2003,24/06/2019,24/06/2019,5853,31679,4611,435,8,22,0.8,4,4,3,5,481.8,-,9,-,
NCO,KT1AC,NCOKT1AC,JEUMONT,94429,525/230/22,200,2003,24/06/2019,25/06/2019,5222,31949,4710,468,7,23,0.8,4,4,3,3,512.8,-,4,ครั้ง2,
PHG,KT1A,PHGKT1A,JEUMONT,92199,230/115/22,200,1995,16/11/2023,14/12/2023,35285,76077,4016,416,14,19,0.8,40,7,14,0,510.8,60,24,,
POT,KT2A,POTKT2A,MITSUBISHI,9912790101,115/22,50,2013,10/03/2019,08/04/2019,12047,45671,902,395,12,2,0.8,1,2,1,2,415.8,41,16,-,
POT,KT2A,POTKT2A,MITSUBISHI,9912790101,115/22,50,2013,05/11/2020,06/11/2020,10457,41090,1450,520,18,4,0.8,1,1,0,0,544.8,34,4,เทีบยผล DGA On Line,
POT,KT2A,POTKT2A,MITSUBISHI,9912790101,115/22,50,2013,23/06/2021,27/06/2021,12277,46306,1763,620,23,4,0.8,0.7,0.9,0.4,0.2,650,,7,,
NCO,KT1AC,NCOKT1AC,JEUMONT,94429,525/230/22,200,2003,24/06/2019,24/06/2019,4377,29376,4486,446,11,22,0.7,4,4,3,3,493.7,-,-,-,
PHG,KT1A,PHGKT1A,JEUMONT,92199,230/115/22,200,1995,11/02/2024,16/02/2024,38526,79972,4479,510,13,19,0.7,44,8,29,5,628.7,50,20,,
KK1,KT1A,KK1KT1A,MEIDEN,8P9097T1,115/22/11,50,2004,18/04/2021,23/04/2021,17982,74816,2821,124,48,62,0.6,2,256,0,135,627.6,64,6,ตามผล C2H2,
KK1,KT3A,KK1KT3A,MITSUBISHI,8134150101,230/115/22,200,1995,18/04/2021,23/04/2021,18179,77783,2422,795,22,355,0.6,6,692,0,694,3064.6,63,7,ตามผล C2H2,
SB,KT3A,SBKT3A,SCHORCH,275050119601,230/115,300,2011,28/03/2020,29/03/2020,2737,37762,4850,729,44,16,0.5,1,5,2,7,804.5,60,15,มี Fault มาจากกฟน.ด้าน Low Side.ของหม้อแปลง(24/03/49),
YT,KT3A,YTKT3A,ABB,504006,230,200,2018,30/07/2020,12/09/2020,7873,21650,559,78,142,481,0.5,449,139,313,0,1602.5,56,15,,
PDG,KT3A,PDGKT3A,MITSUBISHI,9374750103,230/115/22,200,2007,30/08/2021,31/08/2021,3440,13414,394,15,5,3,0.4,1,1,0,1,26.4,30,7,หลังทดสอบทางไฟฟ้า,
CT,KT3A,CTKT3A,ABB,504004,230/121/22,200,2018,29/08/2020,11/09/2020,6551,21409,649,92,19,26,0.3,28,8,20,0,193.3,58,5,,
KB2,KT1A,KB2KT1A,JEUMONT,92198,230/115/22,200,1995,11/10/2020,11/10/2020,12315,29489,211,38,2,0,0.3,2.3,0.3,2.1,0,45,,4,หลังทดสอบ High Voltage Test,
KK1,KT1A,KK1KT1A,MEIDEN,8P9097T1,115/22/11,50,2004,05/02/2021,09/03/2021,22485,72806,1686,112,13,64,0.3,2,170,0,103,464.3,55,7,,
KK1,KT3A,KK1KT3A,MITSUBISHI,8134150101,230/115/22,200,1995,05/02/2021,08/03/2021,6518,65187,2044,81,10,247,0.3,4,629,0,619,1590.3,52,26,,
KB2,KT1A,KB2KT1A,JEUMONT,92198,230/115/22,200,1995,16/10/2020,16/10/2020,16162,39791,236,17,1,0,0.2,2,0.3,3,0,23.5,,14,หลังซ่อม ทำ No Load 24 ช.ม เนื่องจากกระแสมีค่าสูงผิดปกติ,
KK1,KT3A,KK1KT3A,MITSUBISHI,8134150101,230/115/22,200,1995,28/03/2021,09/04/2021,4940,71174,1563,86,24,314,0.2,7,639,0,639,1709.2,61,13,ตามผล,
YT,KT3A,YTKT3A,ABB,504006,230,200,2018,16/10/2020,25/10/2020,3471,33020,336,50,15,23,0.2,79,31,113,0,311.2,62,11,ตามผลทุก 1 สัปดาห์,
YT,KT3A,YTKT3A,ABB,504006,230,200,2018,24/10/2020,07/11/2020,11294,36692,362,55,2,18,0.2,78,30,113,0,296.2,58,9,ตามผลทุก 1 สัปดาห์,
PDG,KT3A,PDGKT3A,MITSUBISHI,9374750103,230/115/22,200,2007,04/09/2021,04/09/2021,3900,15160,556,23,11,1,0.1,2,3,5,2,47.1,,9,ตามผลซ้ำหลังทดสอบทางไฟฟ้า,
YT,KT3A,YTKT3A,ABB,504006,230,200,2018,10/10/2020,12/10/2020,8873,30722,259,41,3,22,0.1,82,33,122,0,303.1,56,10,ตามผลทุก 1 สัปดาห์,
AN,KT1A,ANKT1A,ABB,52013,115/22,50,2007,25/05/2020,30/05/2020,5405,55119,1851,202,10,16,0,2,1,2,1,234,47,10,,234
AN,KT1A,ANKT1A,ABB,52013,115/22,50,2007,26/02/2021,20/05/2021,16174,64807,684,121,14,10,0,2,2,2,1,152,46,38,,
AN,KT1A,ANKT1A,ABB,52013,115/22,50,2007,04/02/2022,19/02/2022,10316,46537,1196,163,9,9,0,2,2,1,2,184,48,17,-,
AN,KT1A,ANKT1A,ABB,52013,115/22,50,2007,03/02/2023,18/02/2023,10547,46745,2075,243,13,15,0,3,3,3,2,282,45,6,,
AN,KT1A,ANKT1A,ABB,52013,115/22,50,2007,02/02/2024,08/03/2024,5642,30749,2084,200,16,10,0,15,3,14,2,260,49,11,,
AN,KT2A,ANKT2A,DAIHEN,EDP011904,115/22/11,50,2013,28/02/2020,04/04/2020,11354,68371,1004,617,27,4,0,2,2,0,3,655,49,15,,
AN,KT2A,ANKT2A,DAIHEN,EDP011904,115/22/11,50,2013,26/02/2021,21/05/2021,14386,65964,854,544,42,7,0,8,2,6,3,612,50,29,,
AN,KT2A,ANKT2A,DAIHEN,EDP011904,115/22/11,50,2013,04/02/2022,18/02/2022,11005,70904,1439,684,40,3,0,2,1,3,2,735,43,16,,
AN,KT2A,ANKT2A,DAIHEN,EDP011904,115/22/11,50,2013,03/02/2023,16/02/2023,10570,56560,1642,592,14,3,0,5,1,28,3,646,46,6,,
AN,KT2A,ANKT2A,DAIHEN,EDP011904,115/22/11,50,2013,02/02/2024,08/03/2024,19766,47492,1625,641,17,8,0,12,2,4,5,689,50,10,,
AP,KT1A,APKT1A,ASEA,28122,230/115/11,200,1989,17/11/2019,14/12/2019,16223,66531,3015,400,26,48,0,17,10,25,0,526,60,15,-,
AP,KT1A,APKT1A,ASEA,28122,230/115/11,200,1989,19/06/2020,05/07/2020,7629,74966,4752,725,9,71,0,47,15,26,6,899,57,21,,
AP,KT1A,APKT1A,ASEA,28122,230/115/11,200,1989,25/01/2021,23/03/2021,8180,89930,4752,750,18,102,0,0,15,0,9,894,50,23,,
AP,KT1A,APKT1A,ASEA,28122,230/115/11,200,1989,17/04/2021,12/06/2021,12690,89900,4956,427,49,69,0,19,11,33,8,616,57,10,,
AP,KT1A,APKT1A,ASEA,28122,230/115/11,200,1989,01/07/2022,02/07/2022,5484,64556,6394,794,15,36,0,46,26,8,2,927,69,8,,
AP,KT1A,APKT1A,ASEA,28122,230/115/11,200,1989,08/07/2022,14/07/2022,8830,88250,6667,767,16,80,0,22,16,35,11,947,50,12,,
AP,KT1A,APKT1A,ASEA,28122,230/115/11,200,1989,19/03/2023,07/04/2023,9300,75320,6685,751,9,87,0,24,16,35,12,934,54,19,,
AP,KT1A,APKT1A,ASEA,28122,230/115/11,200,1989,07/09/2023,10/10/2023,13780,57890,6768,753,7,91,0,34,15,30,10,940,56,13,,
AP,KT1A,APKT1A,ASEA,28122,230/115/11,200,1989,30/05/2024,31/05/2024,12370,44744,6539,658,13,79,0,48,11,26,8,843,53,12,,
AP,KT2A,APKT2A,TOSHIBA,89900048,230/115/11,200,2005,17/11/2019,14/12/2019,20934,60881,3358,147,21,14,0,0,6,0,0,188,72,21,-,
AP,KT2A,APKT2A,TOSHIBA,89900048,230/115/11,200,2005,17/04/2020,12/06/2021,42430,235790,5353,151,55,24,0,0,8,0,4,242,68,14,,
AP,KT2A,APKT2A,TOSHIBA,89900048,230/115/11,200,2005,19/06/2020,05/07/2020,4008,43356,5767,330,41,21,0,0,0,4,4,400,70,18,,
AP,KT2A,APKT2A,TOSHIBA,89900048,230/115/11,200,2005,25/01/2021,21/03/2021,7100,95970,6000,400,43,32,0,0,10,0,5,90,62,19,,
AP,KT2A,APKT2A,TOSHIBA,89900048,230/115/11,200,2005,08/07/2022,14/07/2022,7330,68500,6078,418,58,32,0,0,12,6,7,533,70,21,,
AP,KT2A,APKT2A,TOSHIBA,89900048,230/115/11,200,2005,19/03/2023,07/04/2023,8110,52980,6294,431,38,35,0,0,12,6,7,529,61,20,,
AP,KT2A,APKT2A,TOSHIBA,89900048,230/115/11,200,2005,07/09/2023,10/10/2023,11910,43880,6431,438,41,40,0,1,12,6,7,545,65,21,,
AP,KT3A,APKT3A,ABB,57031,115/22,50,2011,17/11/2019,14/12/2019,22472,63915,1003,282,17,1,0,0,0,0,0,300,46,9,-,
AP,KT3A,APKT3A,ABB,57031,115/22,50,2011,19/06/2020,05/07/2020,13322,70115,1274,436,5,5,0,1,0,2,0,449,35,13,,
AP,KT3A,APKT3A,ABB,57031,115/22,50,2011,25/01/2021,26/03/2021,20020,58380,0,160,31,0,0,0,1,4,0,196,48,14,,
AP,KT3A,APKT3A,ABB,57031,115/22,50,2011,19/03/2023,07/04/2023,25570,68190,2341,279,5,2,0,0,0,2,0,288,49,9,,
AP,KT4A,APKT4A,MITSUBISHI,573078,115/22,40,1999,17/11/2019,14/12/2019,11532,53926,2020,70,29,59,0,0,219,0,148,525,62,20,-,
AP,KT4A,APKT4A,MITSUBISHI,573078,115/22,40,1999,23/01/2020,23/01/2020,3128,39156,3338,140,32,94,0,0,586,0,115,967,,18,research,
AP,KT4A,APKT4A,MITSUBISHI,573078,115/22,40,1999,10/02/2020,01/03/2020,2513,37051,2740,112,44,82,0,0,261,0,170,669,58,17,,
AP,KT4A,APKT4A,MITSUBISHI,573078,115/22,40,1999,19/06/2020,05/07/2020,4431,42556,2231,84,16,69,0,6,208,0,114,497,44,26,,
AP,KT4A,APKT4A,MITSUBISHI,573078,115/22,40,1999,25/01/2021,21/03/2021,6420,50210,2300,90,33,70,0,0,166,17,126,502,57,17,,
AP,KT4A,APKT4A,MITSUBISHI,573078,115/22,40,1999,29/11/2021,03/12/2021,6023,46054,3290,20,50,25,0,6,296,0,150,547,58,15,repeat,
AP,KT4A,APKT4A,MITSUBISHI,573078,115/22,40,1999,08/07/2022,14/07/2022,3360,47950,3055,57,55,71,0,2,237,15,147,584,,17,,
AP,KT4A,APKT4A,MITSUBISHI,573078,115/22,40,1999,19/03/2023,07/04/2023,7390,50440,4316,59,24,66,0,2,217,16,161,545,60,22,,
AP,KT5A,APKT5A,EBG,145496,115/22,13,2007,17/11/2019,14/12/2019,10147,61062,3329,1066,25,4,0,0,0,0,0,1095,48,8,-,
AP,KT5A,APKT5A,EBG,145496,115/22,13,2007,19/06/2020,05/07/2020,2934,61432,4065,1338,17,10,0,0,0,0,0,1365,60,11,,
AP,KT5A,APKT5A,EBG,145496,115/22,13,2007,25/01/2021,21/03/2021,6570,79950,1400,20,25,15,0,0,2,56,3,121,40,13,,
AP,KT5A,APKT5A,EBG,145496,115/22,13,2007,08/07/2022,14/07/2022,6600,69760,2652,648,31,4,0,0,2,6,3,694,42,11,,
AP,KT5A,APKT5A,EBG,145496,115/22,13,2007,19/03/2023,07/04/2023,6830,60910,3874,764,24,5,0,0,2,7,4,806,42,10,,
AP,KT6A,APKT6A,ABB,103710,230/115/22,200,2007,17/11/2019,14/12/2019,18887,51574,1895,221,29,6,0,0,0,0,0,256,62,23,-,
AP,KT6A,APKT6A,ABB,103710,230/115/22,200,2007,19/06/2020,05/07/2020,6900,47305,3862,578,19,4,0,1,0,4,0,606,60,17,,
AP,KT6A,APKT6A,ABB,103710,230/115/22,200,2007,25/01/2021,21/03/2021,12730,50620,4000,600,30,0,0,0,0,0,0,630,58,17,,
AP,KT6A,APKT6A,ABB,103710,230/115/22,200,2007,17/04/2021,12/06/2021,13000,56000,4031,667,51,1,0,0,1,0,0,720,62,17,,
AP,KT6A,APKT6A,ABB,103710,230/115/22,200,2007,02/07/2022,07/07/2022,7620,16180,140,2,1,0,0,0,0,0,0,3,,13,ทดสอบก่อนนำเข้าใช้งาน,
AP,KT6A,APKT6A,ABB,103710,230/115/22,200,2007,19/03/2023,07/04/2023,10070,26000,3301,90,6,1,0,0,0,3,0,100,55,14,,
AP,KT6A,APKT6A,ABB,103710,230/115/22,200,2007,07/09/2023,10/10/2023,15020,14340,3516,97,8,15,0,0,0,0,0,120,58,12,,
AT1,KT10A,AT1KT10A,TOSHIBA,91900008,220/115/22,200,2005,12/01/2019,08/03/2019,11950,41445,3842,133,78,88,0,4,196,0,139,638,56,23,-,
AT1,KT10A,AT1KT10A,TOSHIBA,91900008,220/115/22,200,2005,23/01/2020,09/02/2020,12500,45000,4474,146,27,44,0,0,150,0,153,520,59,16,,
AT1,KT10A,AT1KT10A,TOSHIBA,91900008,220/115/22,200,2005,23/01/2021,31/01/2021,5840,80270,5212,90,62,80,0,0,173,85,136,626,56,16,,
AT1,KT10A,AT1KT10A,TOSHIBA,91900008,220/115/22,200,2005,18/02/2022,10/03/2022,4517,39146,5411,137,66,74,0,5,240,0,136,658,54,12,,
AT1,KT10A,AT1KT10A,TOSHIBA,91900008,220/115/22,200,2005,29/07/2022,07/08/2022,5344,38345,4502,125,56,51,0,6,212,0,115,565,56,18,,
AT1,KT10A,AT1KT10A,TOSHIBA,91900008,220/115/22,200,2005,25/02/2023,10/03/2023,3164,42379,4727,122,42,69,0,2,162,2,121,520,55,14,,
AT1,KT10A,AT1KT10A,TOSHIBA,91900008,220/115/22,200,2005,13/07/2023,05/08/2023,3140,62690,4291,122,43,70,0,1,163,2,126,527,55,16,,
AT1,KT10A,AT1KT10A,TOSHIBA,91900008,220/115/22,200,2005,26/01/2024,23/02/2024,11399,48276,3435,106,29,72,0,7,356,14,177,761,50,12,,
AT1,KT2AA,AT1KT2AA,ASEA,5899719,220/69/11,33,1980,11/01/2019,08/03/2019,9128,42526,6382,689,285,68,0,69,12,10,2,1135,50,24,-,
AT1,KT2AA,AT1KT2AA,ASEA,5899719,220/69/11,33,1980,23/01/2020,07/02/2020,6127,30990,6400,650,421,70,0,42,6,11,5,1205,60,25,,
AT1,KT2AB,AT1KT2AB,ASEA,5899717,220/69/11,33,1980,11/01/2019,10/03/2019,8253,41677,3200,225,131,49,0,22,12,4,5,448,54,25,-,
AT1,KT2AB,AT1KT2AB,ASEA,5899717,220/69/11,33,1980,23/01/2020,07/02/2020,6820,70400,6786,610,272,114,0,20,22,32,14,1084,60,20,,
AT1,KT2AC,AT1KT2AC,ASEA,5899718,220/69/11,33,1980,11/01/2019,08/03/2019,8128,4128,5067,332,250,96,0,26,24,0,0,728,36,25,-,
AT1,KT2AC,AT1KT2AC,ASEA,5899718,220/69/11,33,1980,23/01/2020,07/02/2020,27320,41000,2675,112,38,49,0,30,35,15,0,279,41,20,,
AT1,KT3A,AT1KT3A,MITSUBISHI,9711292101,230/115,200,2013,18/02/2022,10/03/2022,8707,27784,1439,221,18,4,0,0,1,1,1,246,60,8,,
AT1,KT3A,AT1KT3A,MITSUBISHI,9711292101,230/115,200,2013,29/07/2022,07/08/2022,3921,24030,1717,280,15,0,0,0,3,0,0,298,61,11,,
AT1,KT3A,AT1KT3A,MITSUBISHI,9711292101,230/115,200,2013,26/02/2023,10/03/2023,8352,36824,1782,286,6,3,0,1,2,0,1,299,62,12,,
AT1,KT3A,AT1KT3A,MITSUBISHI,9711292101,230/115,200,2013,13/07/2023,05/08/2023,8040,23510,1806,284,7,14,0,0,2,12,1,320,0,8,,
AT1,KT3A,AT1KT3A,MITSUBISHI,9711292101,230/115,200,2013,26/01/2024,19/02/2024,16534,47267,1630,275,8,6,0,0,5,1,7,302,56,15,,
AT1,KT7A,AT1KT7A,TRAFO UNION,S 251385,230/115/11,200,1988,12/01/2019,08/03/2019,11268,52354,2807,486,57,18,0,0,15,0,18,594,57,19,-,
AT1,KT7A,AT1KT7A,TRAFO UNION,S 251385,230/115/11,200,1988,23/01/2020,09/02/2020,12000,53000,1612,134,31,4,0,0,10,0,35,214,57,13,,
AT1,KT7A,AT1KT7A,TRAFO UNION,S 251385,230/115/11,200,1988,14/09/2020,22/09/2020,6267,55897,1977,525,48,14,0,3,11,11,20,632,,11,research,
AT1,KT7A,AT1KT7A,TRAFO UNION,S 251385,230/115/11,200,1988,23/01/2021,01/02/2021,6330,14597,4189,445,49,8,0,0,11,19,27,559,56,11,,
AT1,KT7A,AT1KT7A,TRAFO UNION,S 251385,230/115/11,200,1988,28/11/2021,03/12/2021,5755,60771,5448,626,38,8,0,0,11,20,28,731,53,14,repeat,
AT1,KT7A,AT1KT7A,TRAFO UNION,S 251385,230/115/11,200,1988,18/02/2022,10/03/2022,3912,74968,4506,825,38,25,0,7,12,12,20,939,59,9,,
AT1,KT7A,AT1KT7A,TRAFO UNION,S 251385,230/115/11,200,1988,29/07/2022,07/08/2022,9028,62934,3585,648,35,0,0,2,14,4,8,711,56,18,,
AT1,KT7A,AT1KT7A,TRAFO UNION,S 251385,230/115/11,200,1988,25/02/2023,10/03/2023,6884,75301,3861,701,28,7,0,1,8,0,8,753,55,13,,
AT1,KT7A,AT1KT7A,TRAFO UNION,S 251385,230/115/11,200,1988,13/07/2023,05/08/2023,12540,52850,3552,700,20,22,0,1,8,20,22,793,55,16,,
AT1,KT7A,AT1KT7A,TRAFO UNION,S 251385,230/115/11,200,1988,26/01/2024,23/02/2024,14815,53080,3506,668,5,8,0,1,5,15,14,716,54,14,,
AT1,KT8A,AT1KT8A,MEIDENSHA,5F9907T1,115/69/22,25,1992,11/01/2019,10/03/2019,9174,41600,1049,67,43,17,0,4,43,0,33,207,44,22,-,
AT2,KT1A,AT2KT1A,TRAFO UNION,8251593,220/115/22,200,1996,15/02/2019,02/03/2019,10672,41813,3455,160,18,85,0,2,237,0,175,677,65,18,-,
AT2,KT1A,AT2KT1A,TRAFO UNION,8251593,220/115/22,200,1996,08/02/2020,14/03/2020,9322,67902,3159,103,10,69,0,0,221,0,109,512,60,14,,
AT2,KT1A,AT2KT1A,TRAFO UNION,8251593,220/115/22,200,1996,13/02/2021,26/04/2021,4980,70000,2584,90,56,99,0,2,215,16,197,675,66,20,,
AT2,KT1A,AT2KT1A,TRAFO UNION,8251593,220/115/22,200,1996,19/02/2022,10/03/2022,6196,60991,4596,153,26,53,0,5,275,0,165,677,67,12,,
AT2,KT1A,AT2KT1A,TRAFO UNION,8251593,220/115/22,200,1996,27/08/2022,03/09/2022,2271,64379,4390,155,8,88,0,4,230,0,147,632,72,13,,
AT2,KT1A,AT2KT1A,TRAFO UNION,8251593,220/115/22,200,1996,29/01/2023,05/02/2023,8751,72266,5000,216,53,109,0,8,262,0,169,817,70,11,สี 2.5,
AT2,KT1A,AT2KT1A,TRAFO UNION,8251593,220/115/22,200,1996,17/08/2023,02/09/2023,11847,70514,2800,152,26,107,0,7,217,17,135,661,74,21,,
AT2,KT1A,AT2KT1A,TRAFO UNION,8251593,220/115/22,200,1996,18/11/2023,18/11/2023,3025,71036,4616,220,57,126,0,61,306,0,155,925,48,20,Sampling point at bottom valve (Test after Tx. Diff),
AT2,KT1A,AT2KT1A,TRAFO UNION,8251593,220/115/22,200,1996,18/11/2023,18/11/2023,2597,70132,4734,224,59,126,0,12,304,0,146,871,48,9,Sampling point at middle valve (Test after Tx. Diff),
AT2,KT1A,AT2KT1A,TRAFO UNION,8251593,220/115/22,200,1996,08/02/2024,24/02/2024,14631,73139,6475,279,24,90,0,19,318,18,220,968,70,10,,
AT2,KT3A,AT2KT3A,DAIHEN,5BK012301,230/115/22,200,2003,25/02/2019,02/03/2019,10453,41976,2502,195,69,77,0,9,100,0,50,500,58,16,-,
AT2,KT3A,AT2KT3A,DAIHEN,5BK012301,230/115/22,200,2003,08/02/2020,14/03/2020,9231,75782,1989,101,10,55,0,0,90,0,34,290,60,14,,
AT2,KT3A,AT2KT3A,DAIHEN,5BK012301,230/115/22,200,2003,20/02/2022,10/03/2022,3699,75384,5036,229,38,64,0,4,214,0,86,635,48,10,,
AT2,KT3A,AT2KT3A,DAIHEN,5BK012301,230/115/22,200,2003,27/08/2022,03/09/2022,2312,88459,4451,217,11,114,0,3,197,0,93,635,60,22,,
AT2,KT3A,AT2KT3A,DAIHEN,5BK012301,230/115/22,200,2003,29/01/2023,05/02/2023,12789,89921,4782,184,24,56,0,6,219,0,103,592,62,22,สี 2.5,
AT2,KT3A,AT2KT3A,DAIHEN,5BK012301,230/115/22,200,2003,17/08/2023,21/09/2023,3405,73058,3189,159,109,140,0,4,193,9,83,697,66,21,,
AT2,KT3A,AT2KT3A,DAIHEN,5BK012301,230/115/22,200,2003,08/02/2024,24/02/2024,8253,78838,6402,334,40,201,0,6,316,11,156,1064,60,11,,
AT2,KT4A,AT2KT4A,MEIDEN,8T9670T4,115/22,50,2013,15/02/2019,02/03/2019,15440,41727,1669,712,7,6,0,0,0,0,0,725,57,9,-,
AT2,KT4A,AT2KT4A,MEIDEN,8T9670T4,115/22,50,2013,13/02/2021,27/04/2021,17097,82417,3739,1666,10,7,0,7,4,2,3,1699,52,39,,
AT2,KT4A,AT2KT4A,MEIDEN,8T9670T4,115/22,50,2013,19/02/2022,10/03/2022,5317,70625,4606,1797,5,16,0,7,3,2,2,1832,47,11,,
AT2,KT4A,AT2KT4A,MEIDEN,8T9670T4,115/22,50,2013,29/01/2023,05/02/2023,9654,62498,3900,1690,8,11,0,7,0,0,0,1716,53,5,สี 2.5,
AT2,KT4A,AT2KT4A,MEIDEN,8T9670T4,115/22,50,2013,08/02/2024,24/02/2024,17719,70326,5054,2139,2,7,0,12,8,4,10,2182,56,8,,
AY1,KT1A,AY1KT1A,MEIDEN,8T9670T3,115/22,50,2013,10/01/2019,09/03/2019,9303,38169,1152,319,42,6,0,0,0,0,0,367,54,18,-,
AY1,KT1A,AY1KT1A,MEIDEN,8T9670T3,115/22,50,2013,25/01/2021,01/02/2021,5420,30250,3718,859,40,4,0,0,2,0,1,906,50,6,,
AY1,KT1A,AY1KT1A,MEIDEN,8T9670T3,115/22,50,2013,17/01/2022,08/02/2022,9860,66720,3778,767,4,4,0,1,2,0,2,780,48,11,,
AY1,KT1A,AY1KT1A,MEIDEN,8T9670T3,115/22,50,2013,10/02/2023,12/03/2023,13803,57168,4057,842,7,9,0,8,8,0,0,874,54,13,,
AY1,KT1A,AY1KT1A,MEIDEN,8T9670T3,115/22,50,2013,26/01/2024,25/02/2024,25908,68980,4250,872,14,9,0,10,10,3,2,920,57,6,,
AY1,KT2A,AY1KT2A,MEIDENSHA,8T9669T4,115/22,50,2011,24/03/2019,31/03/2019,8363,39690,4811,846,3,33,0,0,10,0,0,892,53,11,-,
AY1,KT2A,AY1KT2A,MEIDENSHA,8T9669T4,115/22,50,2011,12/03/2021,11/05/2021,9645,51990,3002,610,31,14,0,0,11,0,8,674,52,22,,
AY1,KT2A,AY1KT2A,MEIDENSHA,8T9669T4,115/22,50,2011,12/06/2021,05/09/2021,28615,76951,559,13,17,29,0,4,0,0,0,63,61,8,,
AY1,KT2A,AY1KT2A,MEIDENSHA,8T9669T4,115/22,50,2011,21/05/2022,22/05/2022,8100,14754,152,5,6,4,0,0,0,0,0,15,,10,ย้ายมาจาก  SN3-KT3A,
AY1,KT2A,AY1KT2A,MEIDENSHA,8T9669T4,115/22,50,2011,10/02/2023,12/03/2023,13987,29441,1702,202,5,1,0,2,5,0,0,215,51,14,,
AY1,KT2A,AY1KT2A,MEIDENSHA,8T9669T4,115/22,50,2011,26/01/2024,04/03/2024,15503,51632,845,57,1,3,0,1,1,5,2,70,53,5,,
AY2,KT1A,AY2KT1A,MEIDEN,8N5450T4,115/22,50,2012,28/02/2022,10/03/2022,6579,46664,1358,314,4,3,0,1,3,0,6,331,48,5,,
AY2,KT1A,AY2KT1A,MEIDEN,8N5450T4,115/22,50,2012,25/01/2024,25/02/2024,10192,66552,1577,354,7,9,0,2,6,0,3,381,52,4,,
AY2,KT2A,AY2KT2A,MEIDEN,8N5451T1,115/22,50,2012,28/02/2022,10/03/2022,7373,48683,1085,251,5,3,0,1,2,0,4,266,46,7,,
AY2,KT2A,AY2KT2A,MEIDEN,8N5451T1,115/22,50,2012,25/01/2024,04/02/2024,20720,73901,1687,911,3,1,0,2,7,1,2,927,50,5,,
AY2,KT3A,AY2KT3A,MITSUBISHI,558031,115/69/11,40,1986,28/02/2022,10/03/2022,2606,48634,1203,79,52,22,0,15,54,12,31,265,45,15,ย้ายมาจาก TK2-KT3A,
AY2,KT3A,AY2KT3A,MITSUBISHI,558031,115/69/11,40,1986,25/01/2024,02/03/2024,13629,70854,1582,89,5,44,0,61,82,45,50,376,49,14,,
BB,KT1A,BBKT1A,MEIDENSHA,5J8645T2,230/115/11,100,1991,08/12/2019,16/12/2019,8942,37042,1427,140,10,6,0,0,13,0,0,169,38,6,-,
BB,KT1A,BBKT1A,MEIDENSHA,5J8645T2,230/115/11,100,1991,26/07/2020,22/08/2020,6105,50207,882,53,28,8,0,0,17,1,10,117,39,18,,
BB,KT1A,BBKT1A,MEIDENSHA,5J8645T2,230/115/11,100,1991,27/12/2020,11/01/2021,5175,53845,1087,101,20,19,0,0,26,4,17,187,27,13,,
BB,KT1A,BBKT1A,MEIDENSHA,5J8645T2,230/115/11,100,1991,17/07/2021,09/10/2021,5895,38084,1211,134,14,11,0,0,38,0,0,197,38,23,,
BB,KT1A,BBKT1A,MEIDENSHA,5J8645T2,230/115/11,100,1991,11/12/2021,06/01/2022,5250,50770,1518,154,13,18,0,0,30,5,19,239,40,15,,
BB,KT1A,BBKT1A,MEIDENSHA,5J8645T2,230/115/11,100,1991,30/07/2022,04/08/2022,2505,66419,1431,143,4,18,0,3,44,2,23,237,38,10,,
BB,KT1A,BBKT1A,MEIDENSHA,5J8645T2,230/115/11,100,1991,22/01/2023,27/01/2023,16065,53247,1017,117,10,6,0,3,27,9,10,182,29,8,สีเบอร์ 2 .,
BB,KT1A,BBKT1A,MEIDENSHA,5J8645T2,230/115/11,100,1991,20/07/2023,06/08/2023,29770,53480,1215,128,8,8,0,14,17,8,18,201,40,11,,
BB,KT1A,BBKT1A,MEIDENSHA,5J8645T2,230/115/11,100,1991,18/01/2024,30/01/2024,36560,57820,1254,149,6,6,0,19,18,13,23,234,40,6,,
BB,KT2A,BBKT2A,OSAKA,3A431001,115/22,13,#VALUE!,19/07/2019,18/08/2019,4388,21315,1051,52,9,5,0,0,11,0,0,77,50,22,-,
BB,KT2A,BBKT2A,OSAKA,3A431001,115/22,13,#VALUE!,08/02/2020,09/05/2020,6776,39516,645,54,2,3,0,1,3,1,3,67,35,30,research,
BB,KT2A,BBKT2A,OSAKA,3A431001,115/22,13,#VALUE!,27/12/2020,12/01/2021,4499,38522,1177,61,22,9,0,0,5,1,4,102,33,19,,
BB,KT2A,BBKT2A,OSAKA,3A431001,115/22,13,#VALUE!,11/12/2021,06/01/2022,4267,24212,833,79,6,0,0,0,25,0,0,110,31,13,,
BB,KT2A,BBKT2A,OSAKA,3A431001,115/22,13,#VALUE!,22/01/2023,27/01/2023,6596,23958,992,81,8,8,0,0,11,9,8,125,32,10,สีเบอร์ 1.,
BB,KT3A,BBKT3A,OSAKA,3A430001,115/22,13,#VALUE!,11/12/2021,06/01/2022,6400,25560,837,72,5,6,0,0,6,2,8,99,38,16,,
BB,KT3A,BBKT3A,OSAKA,3A430001,115/22,13,#VALUE!,22/01/2023,27/01/2023,8556,25584,1063,94,8,2,0,0,5,0,0,109,30,11,สีเบอร์ 2,
BB,KT4A,BBKT4A,MEIDENSHA,5J8645T1,230/115/11,100,1991,08/12/2019,16/12/2019,5124,38719,1100,107,20,14,0,0,22,0,11,174,44,7,-,
BB,KT4A,BBKT4A,MEIDENSHA,5J8645T1,230/115/11,100,1991,26/07/2020,22/08/2020,5524,35107,616,34,23,6,0,0,15,2,9,89,43,8,,
BB,KT4A,BBKT4A,MEIDENSHA,5J8645T1,230/115/11,100,1991,27/12/2020,12/01/2021,6410,41956,1459,62,23,11,0,0,16,2,12,126,32,12,,
BB,KT4A,BBKT4A,MEIDENSHA,5J8645T1,230/115/11,100,1991,17/07/2021,09/10/2021,3839,23020,921,85,9,6,0,0,25,0,0,125,44,20,,
BB,KT4A,BBKT4A,MEIDENSHA,5J8645T1,230/115/11,100,1991,11/12/2021,06/01/2022,8160,36870,881,76,5,8,0,0,14,4,13,120,46,11,,
BB,KT4A,BBKT4A,MEIDENSHA,5J8645T1,230/115/11,100,1991,30/07/2022,04/08/2022,1773,20084,911,87,3,8,0,1,23,0,14,136,43,8,,
BB,KT4A,BBKT4A,MEIDENSHA,5J8645T1,230/115/11,100,1991,22/01/2023,27/01/2023,2615,20113,1031,106,29,12,0,2,26,0,16,191,34,10,สีเบอร์ 2 .,
BB,KT4A,BBKT4A,MEIDENSHA,5J8645T1,230/115/11,100,1991,20/07/2023,07/08/2023,13587,34751,1080,113,13,12,0,1,21,2,13,175,47,8,,
BB,KT4A,BBKT4A,MEIDENSHA,5J8645T1,230/115/11,100,1991,18/01/2024,30/01/2024,32760,60150,1007,101,8,17,0,4,31,8,23,192,47,9,,
BBG,KT2A,BBGKT2A,MEIDEN,8T9670T2,115/22,50,2011,15/11/2019,30/11/2019,13960,66913,3798,743,6,20,0,11,15,0,0,795,75,8,-,
BBG,KT2A,BBGKT2A,MEIDEN,8T9670T2,115/22,50,2011,08/04/2022,22/04/2022,3232,51994,3503,568,3,2,0,4,5,8,3,593,71,10,,
BBG,KT2A,BBGKT2A,MEIDEN,8T9670T2,115/22,50,2011,22/10/2022,29/10/2022,12302,50038,3327,521,6,1,0,3,5,3,5,544,65,13,,
BBG,KT2A,BBGKT2A,MEIDEN,8T9670T2,115/22,50,2011,21/05/2023,26/05/2023,8030,61050,3451,542,2,25,0,3,4,0,3,579,56,5,,
BBG,KT2A,BBGKT2A,MEIDEN,8T9670T2,115/22,50,2011,09/03/2024,09/04/2024,15049,59140,3729,622,8,15,0,10,7,4,5,671,60,7,,
BBG,KT3A,BBGKT3A,MEIDEN,8T9670T1,115/22,50,2011,15/11/2019,30/11/2019,8823,66047,4508,1086,7,14,0,0,9,0,0,1116,62,11,-,
BBG,KT3A,BBGKT3A,MEIDEN,8T9670T1,115/22,50,2011,08/04/2022,21/04/2022,11795,69152,5102,876,4,7,0,0,3,0,2,892,68,9,,
BBG,KT3A,BBGKT3A,MEIDEN,8T9670T1,115/22,50,2011,22/10/2022,29/10/2022,11873,63094,4720,902,7,1,0,6,7,3,2,928,60,10,,
BBG,KT3A,BBGKT3A,MEIDEN,8T9670T1,115/22,50,2011,21/05/2023,26/05/2023,10100,69730,4904,983,2,30,0,3,4,4,0,1026,54,6,,
BBG,KT3A,BBGKT3A,MEIDEN,8T9670T1,115/22,50,2011,09/03/2024,09/04/2024,18760,84036,3288,829,23,20,0,8,5,4,3,892,60,15,,
BDN,KT1A,BDNKT1A,MEIDEN,8P8745T1,115/33/11,50,2004,01/11/2019,26/12/2019,9470,69300,3766,168,32,112,0,0,366,0,232,910,29,18,-,
BDN,KT1A,BDNKT1A,MEIDEN,8P8745T1,115/33/11,50,2004,31/10/2020,29/11/2020,12083,64952,3954,172,22,213,0,0,388,0,245,1040,60,32,,
BDN,KT1A,BDNKT1A,MEIDEN,8P8745T1,115/33/11,50,2004,31/10/2021,23/11/2021,4220,27070,3233,85,3,30,0,0,119,15,122,374,56,9,,
BDN,KT1A,BDNKT1A,MEIDEN,8P8745T1,115/33/11,50,2004,08/12/2022,13/01/2023,2810,35500,2682,99,3,47,0,0,153,13,143,458,69,9,,
BDN,KT1A,BDNKT1A,MEIDEN,8P8745T1,115/33/11,50,2004,19/11/2023,25/01/2024,8203,44426,2680,127,18,60,0,3,232,6,119,565,48,15,,
BDN,KT2A,BDNKT2A,MEIDEN,8P8745T2,115/33/11,50,2004,01/11/2019,26/12/2019,21000,61020,2281,58,30,44,0,0,214,0,181,527,58,18,-,
BDN,KT2A,BDNKT2A,MEIDEN,8P8745T2,115/33/11,50,2004,31/10/2020,29/11/2020,16164,69507,3186,74,23,64,0,0,248,0,201,610,65,11,,
BDN,KT2A,BDNKT2A,MEIDEN,8P8745T2,115/33/11,50,2004,12/11/2021,23/11/2021,2390,36420,4198,144,8,88,0,0,313,30,209,792,56,11,,
BDN,KT2A,BDNKT2A,MEIDEN,8P8745T2,115/33/11,50,2004,08/12/2022,13/01/2023,11941,54573,5963,184,8,98,0,1,384,9,211,895,52,12,,
BDN,KT2A,BDNKT2A,MEIDEN,8P8745T2,115/33/11,50,2004,19/11/2023,23/01/2024,5793,46627,4429,164,15,75,0,4,302,13,152,725,55,21,,
BGS,KT1A,BGSKT1A,MEIDEN,8R8404T1,115/22,50,2007,15/09/2019,21/09/2019,15794,42214,1581,163,19,66,0,0,281,0,244,773,67,10,-,
BGS,KT1A,BGSKT1A,MEIDEN,8R8404T1,115/22,50,2007,22/01/2021,13/02/2021,17582,53798,1372,160,25,54,0,0,238,0,209,686,64,13,,
BGS,KT1A,BGSKT1A,MEIDEN,8R8404T1,115/22,50,2007,18/10/2021,17/11/2021,6098,43642,2781,215,21,95,0,1,315,0,313,960,61,10,,
BGS,KT1A,BGSKT1A,MEIDEN,8R8404T1,115/22,50,2007,03/03/2023,12/03/2023,2467,58273,1889,242,21,121,0,4,394,3,314,1099,34,10,,
BGS,KT1A,BGSKT1A,MEIDEN,8R8404T1,115/22,50,2007,02/02/2024,24/02/2024,13020,42400,1963,256,16,177,0,6,553,56,441,1505,62,9,,
BI1,KT1A,BI1KT1A,MEIDEN,8P9087T1,115/22,50,2004,14/03/2019,30/03/2019,6662,36789,2152,94,28,67,0,0,222,0,83,494,60,11,-,
BI1,KT1A,BI1KT1A,MEIDEN,8P9087T1,115/22,50,2004,12/02/2021,02/04/2021,9970,40000,2250,96,29,70,0,0,180,0,89,464,53,19,,
BI1,KT1A,BI1KT1A,MEIDEN,8P9087T1,115/22,50,2004,18/03/2022,01/04/2022,6865,47128,2459,84,9,113,0,4,298,0,128,636,55,10,,
BI1,KT1A,BI1KT1A,MEIDEN,8P9087T1,115/22,50,2004,24/03/2023,01/04/2023,6070,50410,4660,104,14,88,0,2,260,7,150,625,54,10,หม้อแปลงไม่ได้ใช้งาน วัดทางไฟฟ้าผิดปกติ,
BI1,KT2A,BI1KT2A,MEIDEN,8P9090T1,115/22,50,2004,14/03/2019,01/04/2019,6713,35695,1541,137,11,19,0,0,9,0,0,176,59,10,-,
BI1,KT2A,BI1KT2A,MEIDEN,8P9090T1,115/22,50,2004,12/02/2021,26/04/2021,9790,47330,805,130,30,45,0,0,14,0,21,240,58,13,,
BI1,KT2A,BI1KT2A,MEIDEN,8P9090T1,115/22,50,2004,18/03/2022,01/04/2022,6782,32985,1644,263,2,85,0,2,25,3,17,397,57,10,,
BI1,KT2A,BI1KT2A,MEIDEN,8P9090T1,115/22,50,2004,24/03/2023,03/04/2023,2060,39470,3544,239,4,55,0,1,22,7,12,340,58,11,,
BI1,KT2A,BI1KT2A,MEIDEN,8P9090T1,115/22,50,2004,15/03/2024,19/04/2024,8483,51603,1684,237,21,70,0,4,28,5,18,383,54,10,,
BI2,KT1A,BI2KT1A,FUJI,AQ69008T1-1,230/115/22,200,2007,14/03/2019,30/03/2019,7662,46789,2512,134,8,37,0,0,212,0,87,478,71,13,-,
BI2,KT1A,BI2KT1A,FUJI,AQ69008T1-1,230/115/22,200,2007,21/03/2020,04/04/2020,5990,50000,1636,105,90,89,0,0,303,155,217,959,62,18,,
BI2,KT1A,BI2KT1A,FUJI,AQ69008T1-1,230/115/22,200,2007,20/03/2021,09/05/2021,5476,53744,1585,87,57,67,0,2,206,0,190,609,60,19,,
BI2,KT1A,BI2KT1A,FUJI,AQ69008T1-1,230/115/22,200,2007,29/04/2022,08/05/2022,4385,94293,2892,81,52,58,0,1,229,0,170,591,61,7,,
BI2,KT1A,BI2KT1A,FUJI,AQ69008T1-1,230/115/22,200,2007,09/09/2022,02/10/2022,2265,60853,1509,80,61,60,0,2,201,0,148,552,63,14,,
BI2,KT1A,BI2KT1A,FUJI,AQ69008T1-1,230/115/22,200,2007,23/01/2023,23/01/2023,1710,60880,1632,52,26,45,0,1,180,105,148,557,38,8,,
BI2,KT1A,BI2KT1A,FUJI,AQ69008T1-1,230/115/22,200,2007,25/03/2023,03/04/2023,2220,40040,1590,46,13,34,0,0,147,109,135,484,64,12,,
BI2,KT1A,BI2KT1A,FUJI,AQ69008T1-1,230/115/22,200,2007,15/10/2023,14/12/2023,8971,60962,2941,71,14,52,0,7,251,1,155,551,62,18,,
BI2,KT1A,BI2KT1A,FUJI,AQ69008T1-1,230/115/22,200,2007,23/03/2024,20/04/2024,12615,62306,2049,71,16,40,0,8,217,3,126,481,62,17,,
BI2,KT2A,BI2KT2A,MITSUBISHI,9711290105,230/121/21,200,2012,03/11/2020,21/11/2020,4090,50460,1954,108,16,19,0,0,9,0,7,159,61,11,,
BI2,KT2A,BI2KT2A,MITSUBISHI,9711290105,230/121/21,200,2012,07/02/2022,18/03/2022,13348,76411,889,4,1,1,0,0,3,0,6,15,,8,,
BI2,KT2A,BI2KT2A,MITSUBISHI,9711290105,230/121/21,200,2012,11/02/2023,25/02/2023,32271,73110,1337,82,13,5,0,0,6,0,7,113,32,21,,
BI2,KT2A,BI2KT2A,MITSUBISHI,9711290105,230/121/21,200,2012,16/05/2023,21/05/2023,6973,17506,43,2,0,2,0,6,1,6,1,18,36,14,ย้ายมาจากโรงไฟฟ้าลานกระบือ-KG11B (ทดสอบก่อนจ่ายไฟ),
BI2,KT2A,BI2KT2A,MITSUBISHI,9711290105,230/121/21,200,2012,15/10/2023,14/12/2023,7179,24258,3349,188,3,3,0,1,2,0,1,198,64,13,,
BI2,KT2A,BI2KT2A,MITSUBISHI,9711290105,230/121/21,200,2012,23/03/2024,20/04/2024,2732,27559,2782,181,7,3,0,0,3,0,0,194,60,18,,
BI2,KT2A,BI2KT2A,MITSUBISHI,9711290105,230/121/21,200,2012,14/05/2024,18/05/2024,12890,23974,149,8,0,0,0,0,0,0,0,8,30,5,ก่อนทดสอบ HIGH VOLTAGE,
BI2,KT2A,BI2KT2A,MITSUBISHI,9711290105,230/121/21,200,2012,25/05/2024,26/05/2024,13058,30030,172,7,0,0,0,0,0,6,1,14,0,9,หลังทดสอบ HIGH VOLTAGE,
BI2,KT3A,BI2KT3A,ABB,103730,230/115/22,200,2008,14/03/2019,01/04/2019,6500,48244,6872,1007,18,77,0,58,39,10,9,1218,61,15,-,
BI2,KT3A,BI2KT3A,ABB,103730,230/115/22,200,2008,21/03/2020,04/04/2020,4600,6967,2033,608,65,183,0,41,63,263,25,1248,60,8,,
BI2,KT3A,BI2KT3A,ABB,103730,230/115/22,200,2008,20/03/2021,09/05/2021,5783,54144,3010,472,36,164,0,40,58,17,50,837,58,11,,
BI2,KT3A,BI2KT3A,ABB,103730,230/115/22,200,2008,16/03/2022,01/04/2022,16391,79315,4085,376,5,155,0,49,47,69,12,713,56,11,,
BI2,KT3A,BI2KT3A,ABB,103730,230/115/22,200,2008,09/09/2022,02/10/2022,3328,80704,3431,518,19,170,0,51,47,77,15,897,56,16,,
BI2,KT3A,BI2KT3A,ABB,103730,230/115/22,200,2008,23/01/2023,23/01/2023,9252,75485,7788,1110,26,122,0,59,54,73,18,1462,40,6,,
BI2,KT3A,BI2KT3A,ABB,103730,230/115/22,200,2008,25/03/2023,03/04/2023,4190,73470,6346,874,35,141,0,34,48,17,20,1169,60,9,,
BI2,KT3A,BI2KT3A,ABB,103730,230/115/22,200,2008,15/10/2023,14/12/2023,15493,75449,9461,892,45,159,0,38,62,72,18,1286,58,17,,
BI2,KT3A,BI2KT3A,ABB,103730,230/115/22,200,2008,23/03/2024,20/04/2024,9339,54566,6618,876,24,86,0,49,51,53,5,1144,60,20,,
BI2,KT4A,BI2KT4A,DAIHEN,5BK014001,230,200,2011,14/03/2019,30/03/2019,8310,36018,2585,146,15,27,0,0,66,0,25,279,74,14,-,
BI2,KT4A,BI2KT4A,DAIHEN,5BK014001,230,200,2011,21/03/2020,04/04/2020,5980,51370,1628,108,79,59,0,0,123,15,79,463,70,15,,
BI2,KT4A,BI2KT4A,DAIHEN,5BK014001,230,200,2011,20/03/2021,09/05/2021,7869,51304,1895,115,35,47,0,0,118,0,92,407,66,20,,
BI2,KT4A,BI2KT4A,DAIHEN,5BK014001,230,200,2011,29/04/2022,08/05/2022,4387,54750,3378,111,51,45,0,0,114,2,72,419,57,7,,
BI2,KT4A,BI2KT4A,DAIHEN,5BK014001,230,200,2011,09/09/2022,02/10/2022,3096,55521,2462,136,44,50,0,0,124,0,72,426,62,15,,
BI2,KT4A,BI2KT4A,DAIHEN,5BK014001,230,200,2011,23/01/2023,23/01/2023,9198,51435,4254,195,81,59,0,3,145,6,71,560,38,12,,
BI2,KT4A,BI2KT4A,DAIHEN,5BK014001,230,200,2011,25/03/2023,03/04/2023,4160,48360,4152,154,38,61,0,0,126,3,87,469,72,10,,
BI2,KT4A,BI2KT4A,DAIHEN,5BK014001,230,200,2011,15/10/2023,14/12/2023,11195,53328,5979,198,32,64,0,4,150,1,74,523,68,17,,
BI2,KT4A,BI2KT4A,DAIHEN,5BK014001,230,200,2011,23/03/2024,20/04/2024,14193,63335,4916,193,16,66,0,36,181,3,83,578,69,17,,
BK,KT1A,BKKT1A,ABB,7853301,230/72.5/11,200,2006,18/05/2019,24/05/2019,9583,43329,3290,781,17,10,0,0,4,0,0,812,57,13,-,
BK,KT1A,BKKT1A,ABB,7853301,230/72.5/11,200,2006,01/11/2019,08/11/2019,16432,63495,3425,805,23,12,0,0,4,0,0,844,56,13,-,
BK,KT1A,BKKT1A,ABB,7853301,230/72.5/11,200,2006,25/05/2020,01/06/2020,21333,56728,3955,794,22,12,0,0,5,0,0,833,53,8,,
BK,KT1A,BKKT1A,ABB,7853301,230/72.5/11,200,2006,27/11/2020,25/12/2020,15664,64211,4201,811,38,15,0,1,2,0,1,868,60,14,,
BK,KT1A,BKKT1A,ABB,7853301,230/72.5/11,200,2006,07/11/2021,12/11/2021,13433,46275,4316,941,26,0,0,0,7,0,0,974,56,10,,
BK,KT1A,BKKT1A,ABB,7853301,230/72.5/11,200,2006,26/05/2022,02/06/2022,15135,52528,4581,1113,23,4,0,2,5,0,0,1147,50,11,,
BK,KT1A,BKKT1A,ABB,7853301,230/72.5/11,200,2006,15/12/2022,06/01/2023,12960,56260,6797,1207,20,8,0,0,3,0,2,1240,55,8,,
BK,KT1A,BKKT1A,ABB,7853301,230/72.5/11,200,2006,29/05/2023,02/06/2023,12204,70351,6909,1229,29,9,0,3,6,8,1,1285,60,7,,
BK,KT1A,BKKT1A,ABB,7853301,230/72.5/11,200,2006,06/11/2023,15/12/2023,23300,69012,5771,913,24,15,0,3,5,8,2,970,62,6,,
BK,KT2A,BKKT2A,ABB,7853302,230/72.5/11,200,2006,18/05/2019,24/05/2019,12824,46215,4250,785,17,11,0,0,5,0,0,818,57,19,-,
BK,KT2A,BKKT2A,ABB,7853302,230/72.5/11,200,2006,01/11/2019,08/11/2019,20021,64457,4473,818,23,22,0,0,4,0,0,867,56,10,-,
BK,KT2A,BKKT2A,ABB,7853302,230/72.5/11,200,2006,25/05/2020,01/06/2020,18255,56441,4005,918,19,15,0,0,5,0,3,960,55,8,,
BK,KT2A,BKKT2A,ABB,7853302,230/72.5/11,200,2006,27/11/2020,25/12/2020,17205,62518,4183,962,44,19,0,2,2,0,1,1030,60,15,,
BK,KT2A,BKKT2A,ABB,7853302,230/72.5/11,200,2006,07/11/2021,19/11/2021,13435,44609,3910,914,35,0,0,0,10,0,0,959,56,9,,
BK,KT2A,BKKT2A,ABB,7853302,230/72.5/11,200,2006,26/05/2022,02/06/2022,16613,49164,4508,1093,31,7,0,2,6,0,0,1139,60,11,,
BK,KT2A,BKKT2A,ABB,7853302,230/72.5/11,200,2006,15/12/2022,06/01/2023,11130,51560,6516,1275,28,9,0,0,3,0,1,1316,56,10,,
BK,KT2A,BKKT2A,ABB,7853302,230/72.5/11,200,2006,29/05/2023,02/06/2023,9911,59717,6074,1197,33,9,0,4,5,6,1,1255,51,9,,
BK,KT2A,BKKT2A,ABB,7853302,230/72.5/11,200,2006,06/11/2023,15/12/2023,27392,74625,4456,852,25,15,0,0,4,6,2,904,62,9,,
BK,KT3A,BKKT3A,ABB,7853996,230/72.5/22,300,2012,07/02/2019,09/02/2019,7494,54605,4773,1455,14,44,0,33,10,43,0,1599,64,6,มีเสียงดังผิดปกติ,
BK,KT3A,BKKT3A,ABB,7853996,230/72.5/22,300,2012,18/05/2019,24/05/2019,8265,48709,6081,1431,18,47,0,42,18,67,0,1623,65,13,-,
BK,KT3A,BKKT3A,ABB,7853996,230/72.5/22,300,2012,01/11/2019,08/11/2019,7354,61859,6389,1506,27,80,0,67,16,89,0,1785,66,5,-,
BK,KT3A,BKKT3A,ABB,7853996,230/72.5/22,300,2012,25/05/2020,01/06/2020,13726,53663,4953,1271,18,45,0,34,15,0,0,1383,62,6,,
BK,KT3A,BKKT3A,ABB,7853996,230/72.5/22,300,2012,27/11/2020,25/12/2020,9661,51218,5411,1433,38,57,0,41,21,65,5,1660,67,11,,
BK,KT3A,BKKT3A,ABB,7853996,230/72.5/22,300,2012,26/05/2022,02/06/2022,33392,62286,2122,152,13,30,0,13,7,12,0,227,60,9,,
BK,KT3A,BKKT3A,ABB,7853996,230/72.5/22,300,2012,15/12/2022,06/01/2022,29090,69390,3376,167,3,2,0,3,3,15,3,196,50,9,,
BK,KT3A,BKKT3A,ABB,7853996,230/72.5/22,300,2012,29/05/2023,02/06/2023,25106,63204,4377,218,6,1,0,10,3,37,3,278,60,8,,
BK,KT3A,BKKT3A,ABB,7853996,230/72.5/22,300,2012,06/11/2023,15/12/2023,34825,75100,3997,681,7,12,0,0,5,45,5,755,48,8,,
BK,KT4A,BKKT4A,ABB,7853997,230/72.5/22,300,2012,07/02/2019,09/02/2019,9054,41825,5078,1529,11,12,0,3,4,28,0,1587,58,5,-,
BK,KT4A,BKKT4A,ABB,7853997,230/72.5/22,300,2012,18/05/2019,24/05/2019,6442,49081,6060,1452,15,18,0,5,7,31,0,1528,60,19,-,
BK,KT4A,BKKT4A,ABB,7853997,230/72.5/22,300,2012,01/11/2019,08/11/2019,8480,62304,6398,1528,18,17,0,3,4,35,0,1605,60,7,-,
BK,KT4A,BKKT4A,ABB,7853997,230/72.5/22,300,2012,25/05/2020,01/06/2020,9124,54214,4449,1257,22,19,0,1,7,28,6,1340,59,8,,
BK,KT4A,BKKT4A,ABB,7853997,230/72.5/22,300,2012,27/11/2020,25/12/2020,10863,61922,5164,1483,31,21,0,3,4,21,4,1567,63,11,,
BK,KT4A,BKKT4A,ABB,7853997,230/72.5/22,300,2012,07/11/2021,19/11/2021,12025,56924,5414,1400,14,16,0,0,11,0,0,1441,46,9,,
BK,KT4A,BKKT4A,ABB,7853997,230/72.5/22,300,2012,26/05/2022,02/06/2022,15425,54783,5606,1422,11,7,0,5,7,26,0,1478,62,10,,
BK,KT4A,BKKT4A,ABB,7853997,230/72.5/22,300,2012,15/12/2022,06/01/2023,11920,69210,8065,1873,14,12,0,0,5,22,5,1931,44,7,,
BK,KT4A,BKKT4A,ABB,7853997,230/72.5/22,300,2012,29/05/2023,02/06/2023,9932,63123,7614,1773,19,13,0,4,5,66,6,1886,54,5,,
BK,KT4A,BKKT4A,ABB,7853997,230/72.5/22,300,2012,06/11/2023,15/12/2023,43753,77216,7634,1726,8,2,0,7,2,42,5,1792,53,9,,
BKN,KT1A,BKNKT1A,MITSUBISHI,558035,115/22/11,25,2000,08/02/2019,12/05/2019,9797,43237,1826,209,14,23,0,2,24,3,11,286,61,24,-,
BKN,KT1A,BKNKT1A,MITSUBISHI,558035,115/22/11,25,2000,13/03/2020,10/05/2020,6381,49773,873,132,20,38,0,2,47,0,28,267,,22,research,
BKN,KT1A,BKNKT1A,MITSUBISHI,558035,115/22/11,25,2000,10/04/2020,17/05/2020,9284,53567,914,146,15,35,0,0,38,0,29,263,51,28,,
BKN,KT1A,BKNKT1A,MITSUBISHI,558035,115/22/11,25,2000,09/02/2021,24/05/2021,8211,56329,2289,177,53,63,0,5,66,13,63,440,58,35,,
BKN,KT1A,BKNKT1A,MITSUBISHI,558035,115/22/11,25,2000,22/01/2022,08/02/2022,3775,57803,1616,221,50,34,0,4,63,0,20,392,57,13,,
BKN,KT1A,BKNKT1A,MITSUBISHI,558035,115/22/11,25,2000,22/01/2023,03/02/2023,2507,73915,1851,240,53,51,0,2,66,15,41,468,56,10,,
BKN,KT1A,BKNKT1A,MITSUBISHI,558035,115/22/11,25,2000,19/01/2024,10/02/2024,6110,56940,1687,217,54,84,0,6,106,46,71,584,55,13,,
BKN,KT2A,BKNKT2A,VOLTA WERKE,60492-004,115/22,32,2000,08/02/2019,12/05/2019,7759,54478,1829,261,13,2,0,0,6,0,0,282,42,27,-,
BKN,KT2A,BKNKT2A,VOLTA WERKE,60492-004,115/22,32,2000,10/04/2020,17/05/2020,9116,59483,2345,565,11,8,0,0,3,0,4,591,28,16,,
BKN,KT2A,BKNKT2A,VOLTA WERKE,60492-004,115/22,32,2000,09/02/2021,25/05/2021,16254,65582,4305,635,17,7,0,3,0,2,2,666,32,24,,
BKN,KT2A,BKNKT2A,VOLTA WERKE,60492-004,115/22,32,2000,22/01/2022,06/02/2022,10856,56524,2938,323,11,4,0,1,2,2,2,345,33,10,,
BKN,KT2A,BKNKT2A,VOLTA WERKE,60492-004,115/22,32,2000,20/01/2023,03/02/2023,5824,53682,2529,298,8,5,0,2,2,2,2,319,26,8,,
BKN,KT2A,BKNKT2A,VOLTA WERKE,60492-004,115/22,32,2000,19/01/2024,10/02/2024,7160,44590,5218,2437,10,18,0,7,4,5,4,2485,29,10,,
BL,KT2A,BLKT2A,EBG,136702,115/22,50,2000,14/11/2019,30/11/2019,4956,38946,5656,279,87,56,0,0,132,0,76,630,67,13,-,
BL,KT2A,BLKT2A,EBG,136702,115/22,50,2000,29/05/2022,06/06/2022,3714,37873,7041,370,125,48,0,0,110,0,42,695,62,9,,
BL,KT2A,BLKT2A,EBG,136702,115/22,50,2000,17/11/2022,27/11/2022,7509,43415,6774,342,100,70,0,1,120,10,81,724,69,21,,
BL,KT2A,BLKT2A,EBG,136702,115/22,50,2000,03/06/2023,10/06/2023,8851,43749,6592,329,34,63,0,3,128,0,46,603,65,8,,
BL,KT3A,BLKT3A,MEIDENSHA,8S9483T3,115/22,50,2009,14/11/2019,30/11/2019,11280,49057,549,63,7,22,0,0,82,0,34,208,63,10,-,
BL,KT3A,BLKT3A,MEIDENSHA,8S9483T3,115/22,50,2009,29/05/2022,06/06/2022,5330,40713,1837,113,26,32,0,3,133,0,33,340,58,14,,
BL,KT3A,BLKT3A,MEIDENSHA,8S9483T3,115/22,50,2009,17/11/2022,25/11/2022,7134,49464,1773,132,21,51,0,3,135,0,72,414,59,7,,
BL,KT3A,BLKT3A,MEIDENSHA,8S9483T3,115/22,50,2009,03/06/2023,10/06/2023,6916,39770,1804,146,23,47,0,2,142,0,36,396,57,10,,
BLG,KT2A,BLGKT2A,ELIN,535956,107/34.85,8,1977,15/07/2022,24/07/2022,10540,71630,4695,608,59,4,0,8,3,7,88,777,,20,ไม่ได้ออกผลขอเก็บตัวอย่างใหม่,
BMN,KT1A,BMNKT1A,MEIDEN,8R8409T2,115/22,50,2007,18/01/2020,27/01/2020,6762,45049,846,53,30,43,0,1,203,21,185,536,48,9,,
BMN,KT1A,BMNKT1A,MEIDEN,8R8409T2,115/22,50,2007,06/06/2021,16/08/2021,14583,46823,850,77,13,54,0,16,291,0,85,536,51,33,,
BMN,KT1A,BMNKT1A,MEIDEN,8R8409T2,115/22,50,2007,08/01/2022,16/01/2022,4213,49144,1321,181,38,214,0,8,375,0,226,1042,52,10,,
BMN,KT1A,BMNKT1A,MEIDEN,8R8409T2,115/22,50,2007,05/03/2023,12/03/2023,3605,54027,1019,129,12,83,0,5,336,0,262,827,52,18,,
BMN,KT1A,BMNKT1A,MEIDEN,8R8409T2,115/22,50,2007,03/02/2024,24/02/2024,72800,39540,1261,120,17,143,0,10,532,49,394,1265,56,6,,
BMN,KT2A,BMNKT2A,MEIDEN,8R8409T1,115/22,50,2007,18/01/2020,26/01/2020,6794,38084,1239,165,42,190,0,15,758,81,703,1954,49,5,,
BMN,KT2A,BMNKT2A,MEIDEN,8R8409T1,115/22,50,2007,06/06/2021,16/08/2021,10646,60750,977,153,12,144,0,34,577,0,370,1290,51,26,,
BMN,KT2A,BMNKT2A,MEIDEN,8R8409T1,115/22,50,2007,08/01/2022,16/01/2022,4449,73062,1452,251,32,254,0,25,848,0,596,2006,53,7,,
BMN,KT2A,BMNKT2A,MEIDEN,8R8409T1,115/22,50,2007,05/03/2023,12/03/2023,2664,75851,1053,244,7,184,0,26,679,24,602,1766,46,9,,
BMN,KT2A,BMNKT2A,MEIDEN,8R8409T1,115/22,50,2007,03/02/2024,24/02/2024,5750,52810,1323,215,10,308,0,31,1011,149,852,2576,57,8,,
BN,KT2A,BNKT2A,ABB,103826,230/69,200,2008,04/11/2019,14/12/2019,28150,76555,1921,341,6,6,0,3,0,3,0,359,40,25,-,
BN,KT2A,BNKT2A,ABB,103826,230/69,200,2008,05/12/2019,24/05/2019,10185,48997,1713,376,11,0,0,2,0,0,0,389,40,10,de-energize.,
BN,KT2A,BNKT2A,ABB,103826,230/69,200,2008,03/06/2020,03/07/2020,27393,62374,1831,423,12,0,0,8,4,0,0,447,42,14,,
BN,KT2A,BNKT2A,ABB,103826,230/69,200,2008,21/11/2020,30/11/2020,29264,72753,1795,361,4,0,0,0,4,3,0,372,,9,,
BN,KT2A,BNKT2A,ABB,103826,230/69,200,2008,21/05/2021,15/06/2021,12940,65687,1752,351,7,3,0,8,0,2,0,371,40,10,De-energize .,
BN,KT2A,BNKT2A,ABB,103826,230/69,200,2008,15/11/2021,21/11/2021,16655,45462,1833,368,2,1,0,1,1,1,1,375,40,6,De-Energize,
BN,KT2A,BNKT2A,ABB,103826,230/69,200,2008,30/05/2022,13/06/2022,30697,63264,2023,278,9,78,0,5,6,0,0,376,63,9,,
BN,KT2A,BNKT2A,ABB,103826,230/69,200,2008,26/11/2022,28/11/2022,32652,60401,1797,278,10,3,0,4,1,4,2,302,56,5,,
BN,KT2A,BNKT2A,ABB,103826,230/69,200,2008,19/05/2023,22/05/2023,27340,66270,1989,254,4,1,0,2,0,1,0,262,40,6,De Energize,
BN,KT2A,BNKT2A,ABB,103826,230/69,200,2008,24/11/2023,25/12/2023,40970,78204,1909,228,21,1,0,3,1,4,3,261,58,16,,
BN,KT3A,BNKT3A,ABB,103827,230/69,200,2008,30/05/2022,04/06/2022,8484,47781,4255,1037,14,35,0,37,25,20,10,1178,42,10,,
BN,KT3A,BNKT3A,ABB,103827,230/69,200,2008,26/11/2022,28/11/2022,6654,42045,4718,1263,21,68,0,31,22,27,7,1439,60,4,,
BN,KT3A,BNKT3A,ABB,103827,230/69,200,2008,19/05/2023,25/05/2023,9067,59494,3453,851,17,64,0,35,20,42,5,1034,58,6,,
BN,KT3A,BNKT3A,ABB,103827,230/69,200,2008,24/11/2023,25/12/2023,15255,57457,5782,1173,25,57,0,52,28,49,6,1390,58,10,,
BN,KT4A,BNKT4A,DAIHEN,5BK012901,230/115/22,200,2004,12/05/2019,25/05/2019,5560,31091,2644,206,36,15,0,2,10,2,3,274,58,20,-,
BN,KT4A,BNKT4A,DAIHEN,5BK012901,230/115/22,200,2004,04/11/2019,14/12/2019,18092,47423,1991,113,16,9,0,1,12,1,6,158,54,22,-,
BN,KT4A,BNKT4A,DAIHEN,5BK012901,230/115/22,200,2004,03/06/2020,03/07/2020,6542,27929,2705,182,33,17,0,0,21,0,0,253,,12,,
BN,KT4A,BNKT4A,DAIHEN,5BK012901,230/115/22,200,2004,21/11/2020,30/11/2020,7706,26761,2559,166,25,18,0,3,14,0,0,226,56,12,,
BN,KT4A,BNKT4A,DAIHEN,5BK012901,230/115/22,200,2004,18/05/2021,21/06/2021,6779,39048,2489,134,33,25,0,0,14,0,7,213,58,14,,
BN,KT4A,BNKT4A,DAIHEN,5BK012901,230/115/22,200,2004,15/11/2021,21/11/2021,4286,26968,3351,157,21,33,0,0,24,6,12,253,54,7,,
BN,KT4A,BNKT4A,DAIHEN,5BK012901,230/115/22,200,2004,30/05/2022,04/06/2022,7733,29648,3138,178,23,21,0,2,30,0,0,254,54,10,,
BN,KT4A,BNKT4A,DAIHEN,5BK012901,230/115/22,200,2004,26/11/2022,28/11/2022,7650,28837,2922,180,34,36,0,2,32,10,17,311,56,6,,
BN,KT4A,BNKT4A,DAIHEN,5BK012901,230/115/22,200,2004,19/05/2023,25/05/2023,6139,38748,3322,223,48,42,0,5,38,2,20,378,61,9,,
BN,KT4A,BNKT4A,DAIHEN,5BK012901,230/115/22,200,2004,24/11/2023,25/12/2023,8371,37112,3297,196,71,45,0,9,39,4,48,412,51,11,,
BN,KT6A,BNKT6A,ASEA,7200157,230/115/11,200,1994,12/05/2019,25/05/2019,9004,47115,2339,356,21,40,0,61,13,42,0,533,60,16,-,
BN,KT6A,BNKT6A,ASEA,7200157,230/115/11,200,1994,04/11/2019,13/12/2019,8567,41772,2413,420,37,54,0,92,15,55,0,673,60,14,-,
BN,KT6A,BNKT6A,ASEA,7200157,230/115/11,200,1994,03/06/2020,03/07/2020,10653,40264,2387,383,25,44,0,63,18,0,0,533,60,13,,
BN,KT6A,BNKT6A,ASEA,7200157,230/115/11,200,1994,21/11/2020,30/11/2020,7610,38699,2650,422,29,42,0,65,42,25,0,625,60,8,,
BN,KT6A,BNKT6A,ASEA,7200157,230/115/11,200,1994,18/05/2021,21/06/2021,7231,41735,2379,391,46,47,0,69,10,35,4,602,61,14,,
BN,KT6A,BNKT6A,ASEA,7200157,230/115/11,200,1994,15/11/2021,21/11/2021,8752,43172,3410,361,20,51,0,111,13,56,5,617,60,7,,
BN,KT6A,BNKT6A,ASEA,7200157,230/115/11,200,1994,30/05/2022,04/06/2022,7662,45848,2968,579,33,31,0,65,18,43,8,777,60,18,,
BN,KT6A,BNKT6A,ASEA,7200157,230/115/11,200,1994,26/11/2022,28/11/2022,6723,43541,3039,623,36,45,0,69,17,27,0,817,62,9,,
BN,KT6A,BNKT6A,ASEA,7200157,230/115/11,200,1994,19/05/2023,25/05/2023,9578,62250,2925,638,31,48,0,56,13,51,5,842,53,28,,
BN,KT6A,BNKT6A,ASEA,7200157,230/115/11,200,1994,24/11/2023,25/12/2023,13016,59197,3759,624,46,49,0,86,21,51,6,883,50,15,,
BN,KT7A,BNKT7A,FUJI,AG69095T121,230/69/11,200,1997,12/05/2019,25/05/2019,6083,47224,1678,104,47,60,0,14,152,0,80,457,60,13,-,
BN,KT7A,BNKT7A,FUJI,AG69095T121,230/69/11,200,1997,04/11/2019,13/12/2019,10721,43512,2281,128,69,55,0,4,91,0,62,409,55,15,-,
BN,KT7A,BNKT7A,FUJI,AG69095T121,230/69/11,200,1997,03/06/2020,03/07/2020,5806,35645,1652,90,57,54,0,14,164,0,64,443,58,8,,
BN,KT7A,BNKT7A,FUJI,AG69095T121,230/69/11,200,1997,21/11/2020,30/11/2020,4568,34405,1668,89,58,58,0,14,177,46,20,462,60,9,,
BN,KT7A,BNKT7A,FUJI,AG69095T121,230/69/11,200,1997,18/05/2021,21/06/2021,4386,46351,1542,87,55,51,0,7,148,4,43,395,55,13,,
BN,KT7A,BNKT7A,FUJI,AG69095T121,230/69/11,200,1997,15/11/2021,21/11/2021,3149,33915,2279,73,36,50,0,6,162,3,108,438,55,5,,
BN,KT7A,BNKT7A,FUJI,AG69095T121,230/69/11,200,1997,30/05/2022,04/06/2022,6486,51641,1739,84,43,46,0,15,178,0,45,411,51,24,,
BN,KT7A,BNKT7A,FUJI,AG69095T121,230/69/11,200,1997,26/11/2022,28/11/2022,8684,36723,1788,88,38,61,0,12,176,57,80,512,51,5,,
BN,KT7A,BNKT7A,FUJI,AG69095T121,230/69/11,200,1997,19/05/2023,25/05/2023,4435,43658,1522,117,59,71,0,16,187,5,87,542,46,10,,
BN,KT7A,BNKT7A,FUJI,AG69095T121,230/69/11,200,1997,24/11/2023,25/12/2023,8600,41744,2549,161,74,77,0,16,130,7,16,481,50,12,,
BN,KT8A,BNKT8A,FUJI,AG69095T221,230/69/11,200,1998,12/05/2019,25/05/2019,4257,40662,2776,165,72,63,0,13,85,0,43,441,58,13,-,
BN,KT8A,BNKT8A,FUJI,AG69095T221,230/69/11,200,1998,04/11/2019,14/12/2019,10432,50742,1548,74,38,47,0,13,183,0,81,436,55,44,-,
BN,KT8A,BNKT8A,FUJI,AG69095T221,230/69/11,200,1998,03/06/2020,03/07/2020,719534824,34824,2456,142,97,68,0,13,97,0,34,451,52,12,,
BN,KT8A,BNKT8A,FUJI,AG69095T221,230/69/11,200,1998,21/11/2020,30/11/2020,6466,40534,2673,139,51,44,0,11,91,0,49,385,54,9,,
BN,KT8A,BNKT8A,FUJI,AG69095T221,230/69/11,200,1998,18/05/2021,21/06/2021,5196,39558,2532,118,69,59,0,6,94,7,65,418,51,11,,
BN,KT8A,BNKT8A,FUJI,AG69095T221,230/69/11,200,1998,15/11/2021,21/11/2021,4786,31487,3099,100,43,53,0,4,93,0,71,364,50,6,,
BN,KT8A,BNKT8A,FUJI,AG69095T221,230/69/11,200,1998,30/05/2022,04/06/2022,7290,36363,3278,128,68,52,0,14,104,6,31,403,51,6,,
BN,KT8A,BNKT8A,FUJI,AG69095T221,230/69/11,200,1998,26/11/2022,28/11/2022,9107,34793,3281,133,68,55,0,14,106,79,71,526,48,6,,
BN,KT8A,BNKT8A,FUJI,AG69095T221,230/69/11,200,1998,11/03/2023,20/03/2023,4649,32241,2561,155,91,60,0,15,132,0,43,496,51,10,,
BN,KT8A,BNKT8A,FUJI,AG69095T221,230/69/11,200,1998,19/05/2023,25/05/2023,5108,43292,2301,165,73,41,0,15,111,7,55,467,50,5,,
BN,KT8A,BNKT8A,FUJI,AG69095T221,230/69/11,200,1998,24/11/2023,25/12/2023,7895,44637,2176,152,70,74,0,18,219,5,92,630,45,55,,
BNN,KT1A,BNNKT1A,MEIDEN,8T9792T1,115/22/11,50,2012,29/03/2019,18/04/2019,9759,47592,2800,1069,7,13,0,0,0,0,0,1089,54,16,-,
BNN,KT1A,BNNKT1A,MEIDEN,8T9792T1,115/22/11,50,2012,29/03/2020,25/05/2020,12930,67660,1625,888,27,9,0,0,3,0,1,928,55,11,,
BNN,KT1A,BNNKT1A,MEIDEN,8T9792T1,115/22/11,50,2012,17/01/2021,12/02/2021,8685,61327,2810,977,33,9,0,0,8,0,8,1035,54,13,,
BNN,KT1A,BNNKT1A,MEIDEN,8T9792T1,115/22/11,50,2012,05/03/2022,27/03/2022,13056,60475,2776,1027,5,0,0,0,0,0,0,1032,48,10,,
BNN,KT1A,BNNKT1A,MEIDEN,8T9792T1,115/22/11,50,2012,03/03/2023,18/03/2023,17486,62456,3080,1107,7,10,0,8,16,0,0,1148,56,11,,
BNN,KT1A,BNNKT1A,MEIDEN,8T9792T1,115/22/11,50,2012,03/03/2024,07/04/2024,16921,36032,1307,264,1,3,0,2,0,1,0,271,57,7,,
BNN,KT2A,BNNKT2A,MEIDEN,8T9792T2,115/22/11,50,2012,29/03/2019,21/04/2019,12985,45228,2018,920,10,7,0,5,8,0,11,961,51,11,-,
BNN,KT2A,BNNKT2A,MEIDEN,8T9792T2,115/22/11,50,2012,29/03/2020,25/05/2020,14880,72550,1577,927,49,8,0,0,2,0,2,988,53,12,,
BNN,KT2A,BNNKT2A,MEIDEN,8T9792T2,115/22/11,50,2012,17/01/2021,12/02/2021,9112,61160,3214,1000,33,8,0,0,2,0,2,1045,52,12,,
BNN,KT2A,BNNKT2A,MEIDEN,8T9792T2,115/22/11,50,2012,05/03/2022,27/03/2022,17556,61887,2613,912,5,0,0,5,0,0,0,922,46,9,,
BNN,KT2A,BNNKT2A,MEIDEN,8T9792T2,115/22/11,50,2012,03/03/2023,17/03/2023,19126,62830,3010,1014,5,16,0,8,7,0,0,1050,53,15,,
BNN,KT2A,BNNKT2A,MEIDEN,8T9792T2,115/22/11,50,2012,03/03/2024,07/04/2024,19138,34398,1133,189,2,2,0,2,0,1,0,196,55,8,,
BP1,KT1A,BP1KT1A,OSAKA,5BA158903,115/22,25,1989,11/03/2019,20/03/2019,13338,37766,3679,318,12,67,0,10,103,0,54,564,54,42,-,
BP1,KT1A,BP1KT1A,OSAKA,5BA158903,115/22,25,1989,21/03/2019,30/03/2019,7436,39032,4879,335,15,70,0,7,91,0,31,549,50,16,-,
BP1,KT1A,BP1KT1A,OSAKA,5BA158903,115/22,25,1989,08/06/2019,13/06/2019,5630,20460,845,52,4,8,0,1,23,0,27,115,40,10,หลังแก้ไขOFF LOAD TAP CHANGER.,
BP1,KT1A,BP1KT1A,OSAKA,5BA158903,115/22,25,1989,20/02/2021,02/04/2021,7890,38006,1015,67,40,0,0,0,22,20,21,170,50,16,,
BP1,KT1A,BP1KT1A,OSAKA,5BA158903,115/22,25,1989,07/02/2022,10/03/2022,5035,48874,2081,142,21,34,0,28,28,10,18,281,54,11,,
BP1,KT1A,BP1KT1A,OSAKA,5BA158903,115/22,25,1989,12/02/2023,12/03/2023,8497,30808,2958,221,12,9,0,14,18,0,0,274,57,14,,
BP1,KT1A,BP1KT1A,OSAKA,5BA158903,115/22,25,1989,25/02/2024,21/03/2024,11005,46048,2709,289,22,11,0,21,23,9,25,400,54,10,,
BP1,KT2A,BP1KT2A,VOLTA WERKE,60545-003,115/22,25,1993,11/03/2019,21/06/2019,4761,44859,3913,253,13,123,0,7,266,0,209,871,59,31,-,
BP1,KT2A,BP1KT2A,VOLTA WERKE,60545-003,115/22,25,1993,21/03/2019,01/04/2019,7220,48174,4187,275,7,91,0,7,222,0,132,734,52,16,-,
BP1,KT2A,BP1KT2A,VOLTA WERKE,60545-003,115/22,25,1993,10/02/2020,23/02/2020,8284,44791,3246,289,34,190,0,0,395,0,304,1212,,11,,
BP1,KT2A,BP1KT2A,VOLTA WERKE,60545-003,115/22,25,1993,20/02/2021,26/04/2021,19330,45000,2038,78,29,89,0,2,229,25,242,694,52,24,,
BP1,KT2A,BP1KT2A,VOLTA WERKE,60545-003,115/22,25,1993,07/02/2022,07/03/2022,9082,55867,3817,197,9,97,0,7,282,0,133,725,52,15,,
BP1,KT2A,BP1KT2A,VOLTA WERKE,60545-003,115/22,25,1993,12/02/2023,12/03/2023,6336,57268,4599,280,9,140,0,0,333,0,177,939,54,16,,
BP1,KT2A,BP1KT2A,VOLTA WERKE,60545-003,115/22,25,1993,25/02/2024,21/03/2024,7166,72646,4765,292,7,161,0,0,343,0,231,1034,54,8,,
BP2,KT4A,BP2KT4A,MITSUBISHI,573074,115/22,40,1998,11/04/2019,21/06/2019,11098,47027,7689,131,34,127,0,7,346,0,166,811,69,34,-,
BP2,KT4A,BP2KT4A,MITSUBISHI,573074,115/22,40,1998,22/05/2021,03/08/2021,15975,60311,6081,108,30,97,0,7,355,0,119,716,72,23,,
BP2,KT4A,BP2KT4A,MITSUBISHI,573074,115/22,40,1998,28/05/2022,05/06/2022,6560,56760,4946,61,79,72,0,42,282,11,183,730,68,25,,
BP2,KT4A,BP2KT4A,MITSUBISHI,573074,115/22,40,1998,12/05/2023,09/06/2023,5384,43889,5263,135,117,116,0,8,469,5,109,959,78,24,,
BP2,KT4A,BP2KT4A,MITSUBISHI,573074,115/22,40,1998,24/05/2024,02/06/2024,4953,39642,6945,166,148,265,0,13,715,62,483,1852,68,23,,
BP2,KT5A,BP2KT5A,FUJI,A1Z69040T2,230/115,200,2008,09/11/2019,30/11/2019,10320,55439,3002,164,27,49,0,5,171,0,73,489,67,9,-,
BP2,KT5A,BP2KT5A,FUJI,A1Z69040T2,230/115,200,2008,17/05/2020,05/06/2020,5495,56129,2878,151,25,62,0,4,215,0,159,616,66,12,,
BP2,KT5A,BP2KT5A,FUJI,A1Z69040T2,230/115,200,2008,22/05/2021,03/08/2021,7202,60689,2573,152,25,67,0,4,283,0,84,615,75,22,,
BP2,KT5A,BP2KT5A,FUJI,A1Z69040T2,230/115,200,2008,28/05/2022,05/06/2022,4770,96900,2491,95,36,63,0,3,263,480,183,1123,55,11,,
BP2,KT5A,BP2KT5A,FUJI,A1Z69040T2,230/115,200,2008,18/11/2022,04/12/2022,4150,72379,2558,160,24,110,0,6,406,11,306,1023,53,8,,
BP2,KT5A,BP2KT5A,FUJI,A1Z69040T2,230/115,200,2008,12/05/2023,09/06/2023,3790,71350,2599,148,28,81,0,6,357,2,168,790,52,9,,
BP2,KT5A,BP2KT5A,FUJI,A1Z69040T2,230/115,200,2008,12/11/2023,29/12/2023,7620,92628,2849,160,24,105,0,8,470,0,226,993,56,10,,
BP2,KT5A,BP2KT5A,FUJI,A1Z69040T2,230/115,200,2008,24/05/2024,02/06/2024,8710,98932,2526,158,29,128,0,13,523,13,249,1113,52,6,,
BP2,KT6A,BP2KT6A,MITSUBISHI,573073,115/22,40,1998,11/04/2019,21/06/2019,8595,47211,5404,135,44,127,0,9,384,0,216,915,59,22,-,
BP2,KT6A,BP2KT6A,MITSUBISHI,573073,115/22,40,1998,22/05/2021,03/08/2021,10795,54466,3971,104,38,82,0,8,320,0,115,667,60,23,,
BP2,KT6A,BP2KT6A,MITSUBISHI,573073,115/22,40,1998,28/05/2022,05/06/2022,3850,61880,3299,69,86,76,0,31,296,14,185,757,61,22,,
BP2,KT6A,BP2KT6A,MITSUBISHI,573073,115/22,40,1998,12/05/2023,09/06/2023,4806,42220,4180,121,92,116,0,11,397,0,110,847,65,20,,
BP2,KT6A,BP2KT6A,MITSUBISHI,573073,115/22,40,1998,24/05/2024,02/06/2024,10152,59688,4371,138,48,134,0,20,584,12,248,1184,62,17,,
BPI,KT1A,BPIKT1A,RADE KONCAR,338033,115/22,50,2005,01/04/2019,19/04/2019,4691,50982,4730,547,24,28,0,7,13,0,0,619,37,12,-,
BPI,KT1A,BPIKT1A,RADE KONCAR,338033,115/22,50,2005,02/05/2020,01/06/2020,10210,49512,3784,412,31,62,0,15,16,26,6,568,39,15,,
BPI,KT1A,BPIKT1A,RADE KONCAR,338033,115/22,50,2005,20/01/2021,29/01/2021,6192,50424,6010,530,30,20,0,8,12,0,4,604,,8,,
BPI,KT1A,BPIKT1A,RADE KONCAR,338033,115/22,50,2005,10/03/2022,27/03/2022,4931,48976,4580,664,21,0,0,29,27,0,0,741,38,15,,
BPI,KT1A,BPIKT1A,RADE KONCAR,338033,115/22,50,2005,10/03/2023,17/03/2023,7018,65424,5665,762,42,48,0,33,23,31,8,947,60,10,,
BPI,KT1A,BPIKT1A,RADE KONCAR,338033,115/22,50,2005,08/03/2024,08/04/2024,7316,44416,5583,843,18,37,0,34,0,16,0,948,60,6,,
BPI,KT2A,BPIKT2A,EKARAT-DAIHEN,EDP011203,115/22/11,50,2011,01/04/2019,19/04/2019,7592,42123,1940,690,39,0,0,0,18,0,0,747,60,9,-,
BPI,KT2A,BPIKT2A,EKARAT-DAIHEN,EDP011203,115/22/11,50,2011,02/05/2020,01/06/2020,9454,41201,1096,680,42,4,0,0,2,0,3,731,54,10,,
BPI,KT2A,BPIKT2A,EKARAT-DAIHEN,EDP011203,115/22/11,50,2011,20/01/2021,05/02/2021,6301,57961,2603,762,38,3,0,0,1,0,3,807,32,11,,
BPI,KT2A,BPIKT2A,EKARAT-DAIHEN,EDP011203,115/22/11,50,2011,10/03/2022,27/03/2022,7936,49319,2492,916,26,0,0,6,0,0,0,948,52,12,,
BPI,KT2A,BPIKT2A,EKARAT-DAIHEN,EDP011203,115/22/11,50,2011,10/03/2023,17/03/2023,8668,62645,2800,1027,48,8,0,8,2,7,4,1104,52,9,,
BPI,KT2A,BPIKT2A,EKARAT-DAIHEN,EDP011203,115/22/11,50,2011,08/03/2024,08/04/2024,14488,66086,3344,1154,21,64,0,18,71,7,5,1340,53,7,,
BPK,KT1A,BPKKT1A,FUJI,AQ69061T41,230/115/22,200,1995,20/01/2019,26/01/2019,9716,47912,1697,173,10,45,0,7,116,0,102,453,45,24,-,
BPK,KT1A,BPKKT1A,FUJI,AQ69061T41,230/115/22,200,1995,07/11/2019,24/11/2019,15150,73010,1566,170,64,67,0,10,153,162,118,744,55,11,-,
BPK,KT1A,BPKKT1A,FUJI,AQ69061T41,230/115/22,200,1995,22/12/2020,09/01/2021,13785,52036,2587,179,62,79,0,2,141,34,110,607,,9,research,
BPK,KT1A,BPKKT1A,FUJI,AQ69061T41,230/115/22,200,1995,24/05/2021,13/06/2021,4444,61463,2240,153,51,34,0,0,94,1,58,391,55,12,,
BPK,KT1A,BPKKT1A,FUJI,AQ69061T41,230/115/22,200,1995,15/05/2022,09/06/2022,2823,34550,1909,212,18,73,0,2,145,0,65,515,58,13,,
BPK,KT1A,BPKKT1A,FUJI,AQ69061T41,230/115/22,200,1995,11/07/2022,14/07/2022,10131,40301,1844,194,52,34,0,6,150,0,49,485,54,10,TEST AFTER TRANSFORMER TRIP.,
BPK,KT1A,BPKKT1A,FUJI,AQ69061T41,230/115/22,200,1995,19/11/2022,25/11/2022,6376,42454,1722,191,17,69,0,8,156,9,96,546,47,8,,
BPK,KT1A,BPKKT1A,FUJI,AQ69061T41,230/115/22,200,1995,04/06/2023,10/06/2023,6315,36163,1886,184,57,63,0,5,149,255,38,751,51,6,,
BPK,KT1A,BPKKT1A,FUJI,AQ69061T41,230/115/22,200,1995,23/06/2024,30/06/2024,8432,46249,3083,200,34,74,0,9,177,10,99,603,60,10,,
BPK,KT4A,BPKKT4A,DAIHEN,5BK012201,230/115,200,2003,20/01/2019,26/01/2019,9421,51662,1203,81,34,47,0,4,182,0,129,477,40,23,-,
BPK,KT4A,BPKKT4A,DAIHEN,5BK012201,230/115,200,2003,07/11/2019,24/11/2019,16280,68050,1300,85,28,41,0,0,198,0,135,487,42,19,-,
BPK,KT4A,BPKKT4A,DAIHEN,5BK012201,230/115,200,2003,24/05/2021,13/06/2021,10353,54760,1539,102,43,45,0,2,190,0,123,505,51,13,,
BPK,KT4A,BPKKT4A,DAIHEN,5BK012201,230/115,200,2003,15/05/2022,09/06/2022,3349,46417,1700,160,15,51,0,0,229,0,120,575,46,11,,
BPK,KT4A,BPKKT4A,DAIHEN,5BK012201,230/115,200,2003,19/11/2022,27/11/2022,11970,62690,893,35,7,34,0,1,157,2,110,346,40,12,,
BPK,KT4A,BPKKT4A,DAIHEN,5BK012201,230/115,200,2003,04/06/2023,10/06/2023,2673,41152,1676,92,31,64,0,3,242,30,55,517,40,8,,
BPK,KT4A,BPKKT4A,DAIHEN,5BK012201,230/115,200,2003,23/06/2024,30/06/2024,6701,53728,2216,123,25,68,0,4,296,0,128,644,44,8,,
BPK,KT5A,BPKKT5A,MEIDENSHA,8R8395T1,115/22,50,2008,14/11/2019,24/11/2019,5400,31570,1700,180,18,20,0,10,22,68,16,334,57,10,-,
BPK,KT5A,BPKKT5A,MEIDENSHA,8R8395T1,115/22,50,2008,15/05/2022,09/06/2022,5481,27580,2349,218,27,23,0,0,23,0,17,308,57,16,,
BPK,KT5A,BPKKT5A,MEIDENSHA,8R8395T1,115/22,50,2008,19/11/2022,27/11/2022,7877,33784,1652,186,2,19,0,2,16,4,12,241,47,9,,
BPK,KT5A,BPKKT5A,MEIDENSHA,8R8395T1,115/22,50,2008,04/06/2023,10/06/2023,3803,23972,2458,216,14,22,0,3,25,92,10,382,50,10,,
BPK,KT5A,BPKKT5A,MEIDENSHA,8R8395T1,115/22,50,2008,23/06/2024,30/06/2024,8093,38283,3507,277,23,35,0,3,38,5,25,406,70,16,,
BPL,KT1A,BPLKT1A,MITSUBISHI,7312504701,220/69/11,200,1987,31/05/2019,30/06/2019,6194,35212,3691,166,128,18,0,0,28,0,18,358,45,20,-,
BPL,KT1A,BPLKT1A,MITSUBISHI,7312504701,220/69/11,200,1987,14/11/2019,25/11/2019,8330,56160,3781,200,38,13,0,0,18,0,15,284,45,20,-,
BPL,KT1A,BPLKT1A,MITSUBISHI,7312504701,220/69/11,200,1987,15/05/2020,29/05/2020,2954,43992,3245,162,69,27,0,0,33,10,28,229,50,16,,
BPL,KT1A,BPLKT1A,MITSUBISHI,7312504701,220/69/11,200,1987,22/11/2020,04/12/2020,3178,37750,2361,72,28,4,0,0,23,2,13,142,64,11,,
BPL,KT1A,BPLKT1A,MITSUBISHI,7312504701,220/69/11,200,1987,24/05/2021,12/07/2021,4888,38807,4259,202,37,5,0,0,49,0,0,293,59,14,,
BPL,KT1A,BPLKT1A,MITSUBISHI,7312504701,220/69/11,200,1987,14/11/2021,11/12/2021,14910,54750,3375,175,4,15,0,0,23,8,21,246,52,23,,
BPL,KT1A,BPLKT1A,MITSUBISHI,7312504701,220/69/11,200,1987,28/05/2022,02/06/2022,4604,42356,3386,163,60,29,0,3,26,11,19,311,,11,,
BPL,KT1A,BPLKT1A,MITSUBISHI,7312504701,220/69/11,200,1987,22/05/2023,26/05/2023,9047,56767,3423,178,59,18,0,0,13,0,19,287,51,17,,
BPL,KT1A,BPLKT1A,MITSUBISHI,7312504701,220/69/11,200,1987,26/11/2023,21/12/2023,7697,47808,2440,85,89,22,0,29,4,20,0,249,48,16,,
BPL,KT2A,BPLKT2A,TRAFO UNION,S.251386,220/115/11,200,1994,12/04/2019,12/04/2019,8452,48128,5094,279,26,106,0,8,186,0,89,694,-,-,-,
BPL,KT2A,BPLKT2A,TRAFO UNION,S.251386,220/115/11,200,1994,27/07/2019,30/08/2019,7349,40805,4443,207,16,83,0,6,156,0,117,585,60,18,-,
BPL,KT2A,BPLKT2A,TRAFO UNION,S.251386,220/115/11,200,1994,14/11/2019,28/11/2019,12909,50351,4910,252,20,94,0,8,188,0,0,562,67,14,-,
BPL,KT2A,BPLKT2A,TRAFO UNION,S.251386,220/115/11,200,1994,15/05/2020,29/05/2020,8206,48285,4991,284,49,124,0,3,224,29,177,890,70,12,,
BPL,KT2A,BPLKT2A,TRAFO UNION,S.251386,220/115/11,200,1994,22/11/2020,04/12/2020,5001,50623,5536,319,21,102,0,3,190,0,115,750,60,8,,
BPL,KT2A,BPLKT2A,TRAFO UNION,S.251386,220/115/11,200,1994,14/11/2021,11/12/2021,13060,55940,4666,206,3,66,0,0,180,25,168,648,60,9,,
BPL,KT2A,BPLKT2A,TRAFO UNION,S.251386,220/115/11,200,1994,28/05/2022,02/06/2022,11501,76354,6595,333,12,90,0,8,207,70,14,734,,16,,
BPL,KT2A,BPLKT2A,TRAFO UNION,S.251386,220/115/11,200,1994,22/05/2023,26/05/2023,9975,65521,6438,296,15,60,0,8,200,8,127,714,62,11,,
BPL,KT2A,BPLKT2A,TRAFO UNION,S.251386,220/115/11,200,1994,26/11/2023,21/12/2023,20310,65263,4659,247,22,100,0,7,199,5,124,704,60,16,,
BPL,KT3A,BPLKT3A,FUJI,AV69020T2,220/115/11,200,2003,31/05/2019,29/06/2019,9368,37738,2863,93,33,44,0,5,144,0,76,395,54,19,-,
BPL,KT3A,BPLKT3A,FUJI,AV69020T2,220/115/11,200,2003,14/11/2019,25/11/2019,6490,53580,2900,95,18,52,0,0,186,0,128,479,-,14,-,
BPL,KT3A,BPLKT3A,FUJI,AV69020T2,220/115/11,200,2003,15/05/2020,31/05/2020,26694,43964,1124,140,10,0,0,0,0,0,0,150,60,10,,
BPL,KT3A,BPLKT3A,FUJI,AV69020T2,220/115/11,200,2003,20/12/2020,22/12/2020,8985,49792,3988,134,48,51,0,0,158,0,116,507,38,7,,
BPL,KT3A,BPLKT3A,FUJI,AV69020T2,220/115/11,200,2003,14/11/2021,11/12/2021,18690,55750,3030,128,2,28,0,0,151,37,136,482,50,14,,
BPL,KT3A,BPLKT3A,FUJI,AV69020T2,220/115/11,200,2003,28/05/2022,02/06/2022,6873,44252,4766,137,14,75,0,5,205,60,121,617,,9,,
BPL,KT3A,BPLKT3A,FUJI,AV69020T2,220/115/11,200,2003,22/05/2023,26/05/2023,5060,35974,5124,203,35,59,0,7,130,3,71,508,53,8,,
BPL,KT3A,BPLKT3A,FUJI,AV69020T2,220/115/11,200,2003,26/11/2023,21/12/2023,9913,49271,4031,95,36,67,0,3,239,0,106,546,32,10,,
BPL,KT4A,BPLKT4A,TOSHIBA,91900005,220/69/11,200,2004,27/07/2019,30/08/2019,6953,47355,6106,184,49,173,0,91,299,92,203,1091,69,23,-,
BPL,KT4A,BPLKT4A,TOSHIBA,91900005,220/69/11,200,2004,14/11/2019,28/11/2019,6180,42511,6980,187,110,200,0,95,311,55,186,1144,62,83,-,
BPL,KT4A,BPLKT4A,TOSHIBA,91900005,220/69/11,200,2004,15/05/2020,29/05/2020,5064,49852,6036,179,305,331,0,263,513,207,393,2191,60,38,,
BPL,KT4A,BPLKT4A,TOSHIBA,91900005,220/69/11,200,2004,22/11/2020,04/12/2020,4764,48620,7148,206,469,238,0,101,374,99,214,1701,60,42,,
BPL,KT4A,BPLKT4A,TOSHIBA,91900005,220/69/11,200,2004,24/05/2021,12/07/2021,8817,48609,7401,204,49,161,0,104,374,137,216,1245,60,16,,
BPL,KT4A,BPLKT4A,TOSHIBA,91900005,220/69/11,200,2004,14/11/2021,11/12/2021,12800,55570,7275,181,63,100,0,37,273,134,269,1057,62,21,,
BPL,KT4A,BPLKT4A,TOSHIBA,91900005,220/69/11,200,2004,28/05/2022,02/06/2022,3280,45509,7314,224,55,255,0,113,386,174,269,1476,,26,,
BPL,KT4A,BPLKT4A,TOSHIBA,91900005,220/69/11,200,2004,07/06/2023,09/06/2023,5540,40447,6647,210,34,182,0,89,366,49,134,1064,55,25,,
BPL,KT4A,BPLKT4A,TOSHIBA,91900005,220/69/11,200,2004,26/11/2023,21/12/2023,10926,52115,8350,232,50,209,0,98,353,61,238,1241,58,40,,
BPL,KT5A,BPLKT5A,JEUMONT,95401,220/115/22,200,2009,31/05/2019,29/06/2019,10832,39579,4684,285,22,65,0,6,86,0,47,511,58,27,-,
BPL,KT5A,BPLKT5A,JEUMONT,95401,220/115/22,200,2009,14/11/2019,28/11/2019,19760,65170,4981,290,17,66,0,3,106,16,83,581,58,12,-,
BPL,KT5A,BPLKT5A,JEUMONT,95401,220/115/22,200,2009,15/05/2020,29/05/2020,6071,43716,4679,294,72,129,0,4,137,44,105,785,54,13,,
BPL,KT5A,BPLKT5A,JEUMONT,95401,220/115/22,200,2009,20/12/2020,22/12/2020,6392,50216,4607,399,52,96,0,0,105,0,75,727,52,10,,
BPL,KT5A,BPLKT5A,JEUMONT,95401,220/115/22,200,2009,24/05/2021,11/07/2021,7260,41010,4671,167,33,52,0,0,46,26,36,360,62,12,,
BPL,KT5A,BPLKT5A,JEUMONT,95401,220/115/22,200,2009,14/11/2021,11/12/2021,7490,38180,4699,245,7,57,0,0,89,16,86,500,58,9,,
BPL,KT5A,BPLKT5A,JEUMONT,95401,220/115/22,200,2009,28/05/2022,02/06/2022,5770,40714,7509,512,23,70,0,10,129,12,79,835,,9,,
BPL,KT5A,BPLKT5A,JEUMONT,95401,220/115/22,200,2009,22/05/2023,26/05/2023,4477,36863,7157,436,36,61,0,18,123,12,70,756,55,8,,
BPL,KT5A,BPLKT5A,JEUMONT,95401,220/115/22,200,2009,26/11/2023,21/12/2023,9605,38115,7255,369,46,107,0,17,150,0,84,773,58,12,,
BPL,KT6A,BPLKT6A,TAKAOKA,8946849,230/72/11,200,2009,31/05/2019,29/06/2019,7322,43686,1705,231,13,7,0,11,6,0,0,268,36,21,-,
BPL,KT6A,BPLKT6A,TAKAOKA,8946849,230/72/11,200,2009,14/11/2019,28/11/2019,19500,72870,1710,240,12,7,0,10,5,0,0,274,52,15,-,
BPL,KT6A,BPLKT6A,TAKAOKA,8946849,230/72/11,200,2009,15/05/2020,29/05/2020,12701,70352,1425,435,46,7,0,10,6,11,8,523,34,15,,
BPL,KT6A,BPLKT6A,TAKAOKA,8946849,230/72/11,200,2009,20/12/2020,22/12/2020,12674,50597,1934,533,40,6,0,9,5,9,7,609,27,7,De-energize .,
BPL,KT6A,BPLKT6A,TAKAOKA,8946849,230/72/11,200,2009,24/05/2021,12/07/2021,28756,55871,3262,285,15,4,0,6,3,11,62,386,,26,,
BPL,KT6A,BPLKT6A,TAKAOKA,8946849,230/72/11,200,2009,14/11/2021,11/12/2021,15750,51150,2021,244,2,3,0,5,3,10,6,273,62,11,,
BPL,KT6A,BPLKT6A,TAKAOKA,8946849,230/72/11,200,2009,28/05/2022,02/06/2022,9807,72184,3980,586,13,18,0,14,5,5,6,647,,12,,
BPL,KT6A,BPLKT6A,TAKAOKA,8946849,230/72/11,200,2009,22/05/2023,26/05/2023,7225,75094,3329,550,16,9,0,24,5,5,6,615,0,10,,
BPL,KT6A,BPLKT6A,TAKAOKA,8946849,230/72/11,200,2009,26/11/2023,24/12/2023,23679,78585,2896,616,23,8,0,23,6,5,7,688,30,21,,
BPL,KT7A,BPLKT7A,TAKAOKA,8946786,220/72/11,200,2009,11/02/2019,14/02/2019,4780,38973,3058,655,13,10,0,1,2,2,2,685,44,18,Tx.tripด้วย relay 87k,
BPL,KT7A,BPLKT7A,TAKAOKA,8946786,220/72/11,200,2009,31/05/2019,29/06/2019,8170,42280,3218,556,15,9,0,0,0,0,0,580,57,17,-,
BPL,KT7A,BPLKT7A,TAKAOKA,8946786,220/72/11,200,2009,14/11/2019,25/11/2019,16610,60610,3250,570,13,15,0,0,0,0,0,598,54,12,-,
BPL,KT7A,BPLKT7A,TAKAOKA,8946786,220/72/11,200,2009,15/05/2020,29/05/2020,7186,35110,3284,504,32,5,0,0,2,0,2,545,34,11,De-Energize,
BPL,KT7A,BPLKT7A,TAKAOKA,8946786,220/72/11,200,2009,22/11/2020,04/12/2020,5166,36519,3001,710,15,0,0,0,3,3,6,737,34,8,,
BPL,KT7A,BPLKT7A,TAKAOKA,8946786,220/72/11,200,2009,24/05/2021,11/07/2021,24340,83390,3980,410,29,5,0,0,1,0,3,448,34,26,,
BPL,KT7A,BPLKT7A,TAKAOKA,8946786,220/72/11,200,2009,14/11/2021,11/12/2021,17060,46750,2862,249,2,3,0,0,2,28,5,289,30,18,,
BPL,KT7A,BPLKT7A,TAKAOKA,8946786,220/72/11,200,2009,28/05/2022,02/06/2022,8127,40476,4867,677,19,12,0,2,5,6,9,730,,9,,
BPL,KT7A,BPLKT7A,TAKAOKA,8946786,220/72/11,200,2009,22/05/2023,26/05/2023,8425,51986,4256,606,26,13,0,2,3,2,5,657,53,11,,
BPL,KT7A,BPLKT7A,TAKAOKA,8946786,220/72/11,200,2009,26/11/2023,21/12/2023,14427,51361,4389,822,37,16,0,6,6,3,8,898,48,10,,
BR,KT1A,BRKT1A,RADEKONCAR,338029,115/22,50,2004,23/03/2019,18/04/2019,8295,41639,6189,810,14,49,0,54,56,0,49,1032,57,17,-,
BR,KT1A,BRKT1A,RADEKONCAR,338029,115/22,50,2004,22/03/2020,25/05/2020,8290,51580,6703,851,35,123,0,21,50,0,17,1097,57,15,,
BR,KT1A,BRKT1A,RADEKONCAR,338029,115/22,50,2004,11/01/2021,05/02/2021,5741,62477,7798,814,25,108,0,15,37,12,13,1024,50,8,,
BR,KT1A,BRKT1A,RADEKONCAR,338029,115/22,50,2004,28/02/2022,27/03/2022,14790,77260,5281,508,12,51,0,14,31,37,12,665,45,12,,
BR,KT1A,BRKT1A,RADEKONCAR,338029,115/22,50,2004,21/02/2023,04/03/2023,7863,56673,7034,1245,10,68,0,40,45,62,11,1481,40,8,After Buchholz alarm & TX. Pres Relief Dev.alarm,
BR,KT1A,BRKT1A,RADEKONCAR,338029,115/22,50,2004,25/02/2023,12/03/2023,12886,45291,6996,1113,11,56,0,38,36,34,8,1296,56,11,,
BR,KT1A,BRKT1A,RADEKONCAR,338029,115/22,50,2004,24/02/2024,08/04/2024,12481,52099,7526,1021,4,3,0,55,43,58,13,1197,55,11,,
BR,KT2A,BRKT2A,ABB,52009,115/22/11,50,2007,23/03/2019,21/04/2019,8149,38953,1408,164,12,53,0,0,22,0,0,251,53,15,-,
BR,KT2A,BRKT2A,ABB,52009,115/22/11,50,2007,22/03/2020,25/05/2020,7520,46660,1095,165,28,87,0,0,29,0,14,323,43,18,,
BR,KT2A,BRKT2A,ABB,52009,115/22/11,50,2007,11/01/2021,01/02/2021,6532,51974,1765,98,18,60,0,0,21,0,11,208,45,8,,
BR,KT2A,BRKT2A,ABB,52009,115/22/11,50,2007,28/02/2022,27/03/2022,5775,37174,1502,168,15,0,0,0,32,0,0,215,36,14,,
BR,KT2A,BRKT2A,ABB,52009,115/22/11,50,2007,25/02/2023,11/03/2023,8205,46345,4598,229,5,61,0,1,25,0,12,333,56,17,,
BR,KT2A,BRKT2A,ABB,52009,115/22/11,50,2007,24/02/2024,08/04/2024,8547,41725,2080,250,4,102,0,4,37,7,19,423,48,13,,
BSP,KT1A,BSPKT1A,ABB,103724,230/115,200,2007,19/10/2019,25/11/2019,9210,32696,1484,516,13,0,0,0,0,0,0,529,54,11,-,
BSP,KT1A,BSPKT1A,ABB,103724,230/115,200,2007,26/04/2020,03/05/2020,4758,27173,1628,680,47,9,0,0,13,0,7,756,44,8,,
BSP,KT1A,BSPKT1A,ABB,103724,230/115,200,2007,18/04/2021,07/06/2021,23900,48120,735,190,57,4,0,0,2,0,1,254,50,30,,
BSP,KT1A,BSPKT1A,ABB,103724,230/115,200,2007,21/05/2022,26/05/2022,6050,34273,1697,572,7,8,0,1,6,0,0,594,48,9,,
BSP,KT1A,BSPKT1A,ABB,103724,230/115,200,2007,16/10/2022,27/01/2023,38713,67474,1699,566,5,2,0,0,0,0,0,573,53,13,,
BSP,KT1A,BSPKT1A,ABB,103724,230/115,200,2007,20/01/2023,02/02/2023,5150,39140,1692,564,4,9,0,0,7,0,0,584,50,10,,
BSP,KT1A,BSPKT1A,ABB,103724,230/115,200,2007,23/04/2023,08/05/2023,12071,48427,1502,495,3,7,0,0,0,0,0,505,48,10,,
BSP,KT1A,BSPKT1A,ABB,103724,230/115,200,2007,13/10/2023,11/12/2023,19790,29180,1529,416,3,7,0,2,1,48,0,477,54,16,,
BSP,KT1A,BSPKT1A,ABB,103724,230/115,200,2007,20/04/2024,27/04/2024,8581,27654,1988,745,12,5,0,0,0,0,0,762,54,5,,
BSP,KT2A,BSPKT2A,ABB,103725,230/115,200,2007,19/10/2019,24/11/2019,10533,38361,1250,463,20,7,0,0,0,23,0,513,56,10,-,
BSP,KT2A,BSPKT2A,ABB,103725,230/115,200,2007,26/04/2020,03/05/2020,2357,29768,1839,737,28,9,0,0,6,0,3,783,46,7,,
BSP,KT2A,BSPKT2A,ABB,103725,230/115,200,2007,18/04/2021,07/06/2021,16040,50130,880,208,46,3,0,0,1,1,1,260,52,20,,
BSP,KT2A,BSPKT2A,ABB,103725,230/115,200,2007,21/05/2022,26/05/2022,5690,33937,1678,516,10,2,0,0,0,0,0,528,54,5,,
BSP,KT2A,BSPKT2A,ABB,103725,230/115,200,2007,16/10/2022,27/01/2023,37645,66899,1680,516,5,2,0,0,0,0,0,523,0,14,,
BSP,KT2A,BSPKT2A,ABB,103725,230/115,200,2007,20/01/2023,02/02/2023,4440,39160,1655,524,4,4,0,0,1,28,0,561,51,10,,
BSP,KT2A,BSPKT2A,ABB,103725,230/115,200,2007,23/04/2023,07/05/2023,6337,43937,1785,596,5,6,0,1,1,1,1,611,50,14,,
BSP,KT2A,BSPKT2A,ABB,103725,230/115,200,2007,13/10/2023,05/12/2023,12737,43178,1870,556,17,5,0,1,2,9,0,590,57,12,,
BSP,KT2A,BSPKT2A,ABB,103725,230/115,200,2007,20/04/2024,27/04/2024,6084,28326,1896,626,11,5,0,0,10,0,0,652,52,4,,
BSP,KT3A,BSPKT3A,MITSUBISHI,573082,115/22,25,2007,18/04/2021,08/06/2021,7648,49000,2400,120,43,19,0,1,131,6,116,436,50,24,,
BSP,KT3A,BSPKT3A,MITSUBISHI,573082,115/22,25,2007,21/05/2022,26/05/2022,9169,49702,2425,116,7,54,0,8,324,0,89,598,45,12,,
BSP,KT3A,BSPKT3A,MITSUBISHI,573082,115/22,25,2007,20/01/2023,02/02/2023,2680,57280,2477,184,4,90,0,5,321,20,191,815,45,10,,
BSP,KT3A,BSPKT3A,MITSUBISHI,573082,115/22,25,2007,23/04/2023,07/05/2023,2374,61675,2634,179,5,97,0,18,325,21,170,815,44,15,,
BSP,KT3A,BSPKT3A,MITSUBISHI,573082,115/22,25,2007,20/04/2024,27/04/2024,5747,46111,2520,164,9,111,0,9,457,0,171,921,52,3,,
BSP,KT4AA,BSPKT4AA,ABB NORWAY,103798,139.43/16,100,2008,19/10/2019,25/11/2019,13235,44348,1814,687,6,0,0,6,0,0,0,699,48,12,-,
BSP,KT4AA,BSPKT4AA,ABB NORWAY,103798,139.43/16,100,2008,26/04/2020,03/05/2020,7715,43582,2095,951,21,9,0,0,4,0,8,993,54,20,,
BSP,KT4AA,BSPKT4AA,ABB NORWAY,103798,139.43/16,100,2008,24/05/2020,02/06/2020,8273,33481,1748,687,11,0,0,5,0,0,0,703,,7,,
BSP,KT4AA,BSPKT4AA,ABB NORWAY,103798,139.43/16,100,2008,18/04/2021,11/06/2021,19510,73560,1589,414,59,3,0,1,1,0,3,481,56,15,,
BSP,KT4AA,BSPKT4AA,ABB NORWAY,103798,139.43/16,100,2008,21/05/2022,26/05/2022,13980,42131,2019,769,8,3,0,5,6,0,0,791,50,8,,
BSP,KT4AA,BSPKT4AA,ABB NORWAY,103798,139.43/16,100,2008,16/10/2022,27/01/2023,37134,66550,2073,766,5,4,0,5,1,0,0,781,52,14,,
BSP,KT4AA,BSPKT4AA,ABB NORWAY,103798,139.43/16,100,2008,20/01/2023,02/02/2023,7850,45440,2179,738,2,6,0,2,2,194,5,949,45,10,,
BSP,KT4AA,BSPKT4AA,ABB NORWAY,103798,139.43/16,100,2008,23/04/2023,07/05/2023,8727,49923,2092,592,4,7,0,4,3,0,0,610,50,15,,
BSP,KT4AA,BSPKT4AA,ABB NORWAY,103798,139.43/16,100,2008,13/10/2023,11/12/2023,10570,35880,2166,607,5,13,0,21,5,0,0,651,44,18,,
BSP,KT4AA,BSPKT4AA,ABB NORWAY,103798,139.43/16,100,2008,09/06/2024,28/06/2024,14051,58631,4119,1044,6,12,0,9,4,8,13,1096,49,4,,
BSP,KT4AB,BSPKT4AB,ABB NORWAY,103799,139.43/16,100,2008,19/10/2019,25/11/2019,17855,47401,1941,609,7,0,0,6,0,0,0,622,50,20,-,
BSP,KT4AB,BSPKT4AB,ABB NORWAY,103799,139.43/16,100,2008,26/04/2020,03/05/2020,6148,39685,2478,952,14,7,0,5,3,2,8,991,54,11,,
BSP,KT4AB,BSPKT4AB,ABB NORWAY,103799,139.43/16,100,2008,24/05/2020,01/06/2020,0,0,908,497,0,6,0,1,2,0,6,512,,10,"เครื่องไม่สามารถรายงานผลของ O2, N2, H2 ได้",
BSP,KT4AB,BSPKT4AB,ABB NORWAY,103799,139.43/16,100,2008,18/04/2021,07/06/2021,17930,62930,1496,370,40,3,0,1,1,0,3,418,56,17,,
BSP,KT4AB,BSPKT4AB,ABB NORWAY,103799,139.43/16,100,2008,21/05/2022,27/05/2022,9660,38926,2599,795,9,4,0,6,4,0,0,818,50,13,,
BSP,KT4AB,BSPKT4AB,ABB NORWAY,103799,139.43/16,100,2008,16/10/2022,27/01/2023,41029,65708,2556,761,7,1,0,5,3,3,3,783,53,16,,
BSP,KT4AB,BSPKT4AB,ABB NORWAY,103799,139.43/16,100,2008,20/01/2023,02/02/2023,7270,45770,2573,774,3,6,0,3,3,0,0,789,45,13,,
BSP,KT4AB,BSPKT4AB,ABB NORWAY,103799,139.43/16,100,2008,23/04/2023,07/05/2023,8141,51418,2911,922,3,11,0,9,3,7,5,960,52,13,,
BSP,KT4AB,BSPKT4AB,ABB NORWAY,103799,139.43/16,100,2008,13/10/2023,11/12/2023,17410,33220,2936,939,4,13,0,13,4,10,5,988,44,12,,
BSP,KT4AB,BSPKT4AB,ABB NORWAY,103799,139.43/16,100,2008,19/04/2024,27/04/2024,8225,34399,2873,1007,8,10,0,6,0,0,0,1031,52,5,,
BSP,KT4AC,BSPKT4AC,ABB NORWAY,103800,139.43/16,100,2008,19/10/2019,25/11/2019,12219,45047,1780,512,5,3,0,5,0,7,4,536,50,17,-,
BSP,KT4AC,BSPKT4AC,ABB NORWAY,103800,139.43/16,100,2008,26/04/2020,03/05/2020,6817,39629,2204,975,22,8,0,0,4,0,7,1016,54,11,,
BSP,KT4AC,BSPKT4AC,ABB NORWAY,103800,139.43/16,100,2008,24/05/2020,01/06/2020,0,0,864,539,0,8,0,1,4,0,6,558,,8,"เครื่องไม่สามารถรายงานผลของ O2, N2, H2 ได้",
BSP,KT4AC,BSPKT4AC,ABB NORWAY,103800,139.43/16,100,2008,18/04/2021,07/06/2021,1309,5178,1125,383,23,4,0,0,1,0,0,411,56,12,,
BSP,KT4AC,BSPKT4AC,ABB NORWAY,103800,139.43/16,100,2008,21/05/2022,26/05/2022,13407,39720,1926,710,8,4,0,4,7,0,0,733,50,14,,
BSP,KT4AC,BSPKT4AC,ABB NORWAY,103800,139.43/16,100,2008,16/10/2022,27/01/2023,36230,63652,1937,697,5,4,0,1,2,4,2,715,52,12,,
BSP,KT4AC,BSPKT4AC,ABB NORWAY,103800,139.43/16,100,2008,20/01/2023,02/02/2023,10800,49760,1978,706,2,6,0,3,2,0,0,719,45,9,,
BSP,KT4AC,BSPKT4AC,ABB NORWAY,103800,139.43/16,100,2008,23/04/2023,07/05/2023,13882,57915,1806,707,2,7,0,5,2,7,5,735,50,13,,
BSP,KT4AC,BSPKT4AC,ABB NORWAY,103800,139.43/16,100,2008,13/10/2023,05/12/2023,17019,52795,2477,817,17,9,0,5,3,10,5,866,44,11,,
BSP,KT4AC,BSPKT4AC,ABB NORWAY,103800,139.43/16,100,2008,19/04/2024,27/04/2024,9303,35010,2723,898,7,10,0,5,0,0,0,920,52,4,,
BSP2,KT1AA,BSP2KT1AA,TMT&D,04900004,500,333.33,2018,27/04/2020,03/05/2020,6349,26053,721,119,5,2,0,0,1,0,1,128,54,14,,
BSP2,KT1AA,BSP2KT1AA,TMT&D,04900004,500,333.33,2018,19/04/2021,11/06/2021,16370,37240,667,79,46,1,0,0,1,0,0,127,62,19,,
BSP2,KT1AA,BSP2KT1AA,TMT&D,04900004,500,333.33,2018,20/08/2021,11/11/2021,21989,43834,209,25,9,0,0,0,0,0,0,34,56,12,,
BSP2,KT1AA,BSP2KT1AA,TMT&D,04900004,500,333.33,2018,23/04/2022,06/05/2022,12944,51337,913,56,12,2,0,0,8,0,0,78,55,13,,
BSP2,KT1AA,BSP2KT1AA,TMT&D,04900004,500,333.33,2018,16/10/2022,27/01/2023,36005,59136,922,53,6,1,0,0,0,0,0,60,55,17,,
BSP2,KT1AA,BSP2KT1AA,TMT&D,04900004,500,333.33,2018,22/04/2023,07/05/2023,3804,24534,943,64,6,5,0,0,0,0,0,75,56,18,,
BSP2,KT1AA,BSP2KT1AA,TMT&D,04900004,500,333.33,2018,16/10/2023,11/12/2023,12930,23700,977,146,8,6,0,3,1,5,1,170,54,20,,
BSP2,KT1AA,BSP2KT1AA,TMT&D,04900004,500,333.33,2018,17/02/2024,04/03/2024,21640,37850,791,0,0,0,0,0,0,0,0,0,0,0,,
BSP2,KT1AA,BSP2KT1AA,TMT&D,04900004,500,333.33,2018,20/04/2024,27/04/2024,5462,32059,1707,180,7,9,0,1,4,18,6,225,60,9,,
BSP2,KT1AB,BSP2KT1AB,TMT&D,04900005,500,333.33,2018,27/04/2020,03/05/2020,4693,19728,734,116,7,2,0,0,1,0,1,127,56,10,,
BSP2,KT1AB,BSP2KT1AB,TMT&D,04900005,500,333.33,2018,19/04/2021,11/06/2021,23880,38350,728,89,48,1,0,0,1,0,0,139,64,26,,
BSP2,KT1AB,BSP2KT1AB,TMT&D,04900005,500,333.33,2018,20/08/2021,11/11/2021,12480,21138,170,13,8,0,0,0,0,0,0,21,,8,,
BSP2,KT1AB,BSP2KT1AB,TMT&D,04900005,500,333.33,2018,23/04/2022,06/05/2022,6345,23376,900,56,10,3,0,0,10,0,0,79,56,7,,
BSP2,KT1AB,BSP2KT1AB,TMT&D,04900005,500,333.33,2018,16/10/2022,27/01/2023,10378,23170,902,53,5,1,0,0,0,1,1,61,0,8,,
BSP2,KT1AB,BSP2KT1AB,TMT&D,04900005,500,333.33,2018,22/04/2023,07/05/2023,17205,48596,933,58,2,5,0,0,1,0,0,66,55,16,,
BSP2,KT1AB,BSP2KT1AB,TMT&D,04900005,500,333.33,2018,16/10/2023,11/12/2023,7600,22350,1053,84,5,9,0,23,7,6,1,135,55,15,,
BSP2,KT1AB,BSP2KT1AB,TMT&D,04900005,500,333.33,2018,20/04/2024,27/04/2024,4744,29945,1190,139,9,3,0,0,0,0,0,151,60,6,,
BSP2,KT1AC,BSP2KT1AC,TMT&D,04900006,500,333.33,2018,27/04/2020,03/05/2020,4405,15418,637,121,5,6,0,0,6,0,4,142,54,15,,
BSP2,KT1AC,BSP2KT1AC,TMT&D,04900006,500,333.33,2018,19/04/2021,07/06/2021,14500,37240,525,72,47,1,0,0,0,0,5,125,64,14,,
BSP2,KT1AC,BSP2KT1AC,TMT&D,04900006,500,333.33,2018,20/08/2021,11/11/2021,13308,21763,171,11,9,0,0,0,0,0,0,20,,9,,
BSP2,KT1AC,BSP2KT1AC,TMT&D,04900006,500,333.33,2018,23/04/2022,06/05/2022,4548,20463,624,34,11,4,0,2,2,0,2,55,55,11,,
BSP2,KT1AC,BSP2KT1AC,TMT&D,04900006,500,333.33,2018,23/07/2022,31/07/2022,10045,31365,947,41,7,1,0,3,1,2,7,62,56,13,,
BSP2,KT1AC,BSP2KT1AC,TMT&D,04900006,500,333.33,2018,16/10/2022,27/01/2023,36392,60957,914,42,5,1,0,0,0,0,0,48,55,15,,
BSP2,KT1AC,BSP2KT1AC,TMT&D,04900006,500,333.33,2018,22/04/2023,07/05/2023,14385,34327,910,51,3,3,0,0,0,0,0,57,56,16,,
BSP2,KT1AC,BSP2KT1AC,TMT&D,04900006,500,333.33,2018,16/10/2023,11/12/2023,8680,21290,926,63,5,9,0,19,7,5,1,109,54,18,,
BSP2,KT1AC,BSP2KT1AC,TMT&D,04900006,500,333.33,2018,20/04/2024,27/04/2024,8334,25121,1663,179,7,7,0,1,2,14,3,213,60,8,,
BWN,KT1A,BWNKT1A,DAIHEN,5BK012801,230/121/22,200,2009,30/03/2019,07/04/2019,9310,40264,1094,80,16,23,0,0,21,0,0,140,51,12,-,
BWN,KT1A,BWNKT1A,DAIHEN,5BK012801,230/121/22,200,2009,23/05/2021,20/07/2021,7334,38842,3049,123,38,30,0,0,46,0,0,237,71,18,,
BWN,KT1A,BWNKT1A,DAIHEN,5BK012801,230/121/22,200,2009,12/05/2022,20/05/2022,5758,50354,3181,85,73,34,0,16,48,0,27,283,70,5,,
BWN,KT1A,BWNKT1A,DAIHEN,5BK012801,230/121/22,200,2009,16/12/2022,06/01/2023,4611,40493,4366,145,45,41,0,0,54,0,30,315,55,6,,
BWN,KT1A,BWNKT1A,DAIHEN,5BK012801,230/121/22,200,2009,24/06/2023,29/06/2023,5281,32885,3750,128,20,44,0,1,54,2,38,287,66,7,,
BWN,KT1A,BWNKT1A,DAIHEN,5BK012801,230/121/22,200,2009,10/03/2024,10/04/2024,5337,41308,3789,134,8,41,0,11,87,89,65,435,60,10,,
BWN,KT2A,BWNKT2A,TRAFO UNION,N407930,230/115/22,200,2006,30/03/2019,05/04/2019,7013,45538,1027,465,13,4,0,0,4,0,0,486,55,14,-,
BWN,KT2A,BWNKT2A,TRAFO UNION,N407930,230/115/22,200,2006,23/05/2021,20/07/2021,5949,35091,1937,387,16,0,0,0,6,0,0,409,68,23,,
BWN,KT2A,BWNKT2A,TRAFO UNION,N407930,230/115/22,200,2006,12/05/2022,20/05/2022,3265,43441,2332,300,35,7,0,14,5,0,10,371,62,9,,
BWN,KT2A,BWNKT2A,TRAFO UNION,N407930,230/115/22,200,2006,16/12/2022,07/01/2023,7812,30859,2696,493,26,8,0,0,2,0,5,534,54,5,,
BWN,KT2A,BWNKT2A,TRAFO UNION,N407930,230/115/22,200,2006,24/06/2023,29/06/2023,6958,46224,3278,541,22,19,0,1,4,0,4,591,60,7,,
BWN,KT2A,BWNKT2A,TRAFO UNION,N407930,230/115/22,200,2006,10/03/2024,09/04/2024,7986,37584,4132,576,24,26,0,28,9,52,15,730,55,7,,
BWN,KT3A,BWNKT3A,FUJI,A1E69002T3-1,230/115,200,2011,30/03/2019,07/04/2019,9152,43102,1857,527,17,5,0,0,8,0,0,557,49,15,-,
BWN,KT3A,BWNKT3A,FUJI,A1E69002T3-1,230/115,200,2011,23/05/2021,20/07/2021,9063,43450,3462,670,21,0,0,0,5,0,0,696,62,15,,
BWN,KT3A,BWNKT3A,FUJI,A1E69002T3-1,230/115,200,2011,12/05/2022,20/05/2022,5584,49651,3479,459,39,7,0,18,4,27,12,566,60,10,,
BWN,KT3A,BWNKT3A,FUJI,A1E69002T3-1,230/115,200,2011,16/12/2022,06/01/2023,7048,42360,5897,801,18,6,0,0,4,0,12,841,50,14,,
BWN,KT3A,BWNKT3A,FUJI,A1E69002T3-1,230/115,200,2011,24/06/2023,29/06/2023,7479,48229,6023,896,24,24,0,0,5,0,8,957,60,6,,
BWN,KT3A,BWNKT3A,FUJI,A1E69002T3-1,230/115,200,2011,10/03/2024,11/04/2024,7312,42486,4690,592,7,22,0,3,7,56,28,715,54,10,,
BWN,KT4A,BWNKT4A,DAIHEN,5BK014062,230,200,2010,23/05/2021,20/07/2021,7284,35242,1905,164,19,12,0,0,21,0,0,216,61,15,,
BWN,KT4A,BWNKT4A,DAIHEN,5BK014062,230,200,2010,12/05/2022,20/05/2022,5624,44425,2057,94,29,18,0,24,27,2,0,194,62,5,,
BWN,KT4A,BWNKT4A,DAIHEN,5BK014062,230,200,2010,16/12/2022,06/01/2023,7618,38432,3121,131,13,20,0,0,29,2,17,212,52,14,,
BWN,KT4A,BWNKT4A,DAIHEN,5BK014062,230,200,2010,24/06/2023,29/06/2023,5968,40887,2516,184,22,35,0,1,43,1,0,286,58,6,,
BWN,KT4A,BWNKT4A,DAIHEN,5BK014062,230,200,2010,10/03/2024,09/04/2024,8012,43096,3180,214,20,52,0,75,113,62,45,581,56,7,,
CA,KT1A,CAKT1A,MEIDEN,8R8394T1,115/22,50,2009,18/01/2019,08/03/2019,8217,41902,681,77,13,58,0,7,217,0,151,523,66,27,-,
CA,KT1A,CAKT1A,MEIDEN,8R8394T1,115/22,50,2009,15/01/2021,31/01/2021,5840,144690,1483,63,22,106,0,3,457,33,322,1006,,12,,
CA,KT1A,CAKT1A,MEIDEN,8R8394T1,115/22,50,2009,21/01/2022,05/02/2022,8510,75410,1504,73,15,89,0,4,398,16,341,936,50,22,,
CA,KT1A,CAKT1A,MEIDEN,8R8394T1,115/22,50,2009,20/01/2023,27/01/2023,6737,74082,1574,119,33,165,0,11,617,19,379,1343,48,8,,
CA,KT1A,CAKT1A,MEIDEN,8R8394T1,115/22,50,2009,18/01/2024,30/01/2024,8497,84943,1465,131,14,174,0,14,719,21,379,1452,48,10,,
CA,KT2A,CAKT2A,MEIDEN,8P9095T2,115/22,50,2006,18/01/2019,08/03/2019,7512,41843,1517,93,21,53,0,0,128,0,57,352,49,20,-,
CA,KT2A,CAKT2A,MEIDEN,8P9095T2,115/22,50,2006,13/02/2021,01/03/2021,7024,84917,1961,162,5,72,0,4,202,0,96,541,52,17,,
CA,KT2A,CAKT2A,MEIDEN,8P9095T2,115/22,50,2006,20/01/2022,05/02/2022,7800,86740,2134,150,1,59,0,1,156,41,116,524,48,12,,
CA,KT2A,CAKT2A,MEIDEN,8P9095T2,115/22,50,2006,20/01/2023,27/01/2023,7056,89458,2246,188,18,118,0,7,256,6,121,714,47,6,,
CA,KT2A,CAKT2A,MEIDEN,8P9095T2,115/22,50,2006,18/01/2024,30/01/2024,10007,94218,1662,176,3,103,0,9,236,12,114,653,44,8,,
CB,KT1A,CBKT1A,MEIDEN,8P9089T1,115/22,50,2004,08/11/2019,24/11/2019,7520,62670,4800,180,18,122,0,0,493,35,306,1154,24,10,-,
CB,KT1A,CBKT1A,MEIDEN,8P9089T1,115/22,50,2004,20/05/2022,06/06/2022,5479,46278,3532,65,11,24,0,4,145,0,54,303,65,10,,
CB,KT1A,CBKT1A,MEIDEN,8P9089T1,115/22,50,2004,15/12/2022,06/01/2023,5691,31604,4152,61,3,31,0,19,119,2,113,348,50,8,,
CB,KT1A,CBKT1A,MEIDEN,8P9089T1,115/22,50,2004,20/05/2023,26/05/2023,4369,34642,3591,81,2,42,0,2,150,5,158,440,54,11,,
CB,KT1A,CBKT1A,MEIDEN,8P9089T1,115/22,50,2004,22/04/2024,24/04/2024,6130,26260,4307,93,204,118,0,6,324,88,284,1117,45,7,,
CB,KT2A,CBKT2A,MEIDEN,8R8408T1,115/22,50,2007,08/11/2019,24/11/2019,4350,33520,1300,192,10,68,0,0,125,36,88,519,62,9,-,
CB,KT2A,CBKT2A,MEIDEN,8R8408T1,115/22,50,2007,20/05/2022,06/06/2022,6971,21619,3456,132,7,25,0,0,66,0,19,249,68,13,,
CB,KT2A,CBKT2A,MEIDEN,8R8408T1,115/22,50,2007,15/12/2022,06/01/2023,5551,24895,3291,84,3,23,0,0,42,0,34,186,57,10,,
CB,KT2A,CBKT2A,MEIDEN,8R8408T1,115/22,50,2007,20/05/2023,26/05/2023,4245,25726,2852,82,1,35,0,1,62,0,42,223,58,7,,
CB,KT2A,CBKT2A,MEIDEN,8R8408T1,115/22,50,2007,22/04/2024,24/04/2024,5780,23900,3481,152,4,88,0,4,151,17,121,537,64,7,,
CBD,KT1A,CBDKT1A,ABB,57015,115/22,50,2015,10/04/2022,17/04/2022,21958,54390,3811,718,9,2,0,6,7,0,0,742,60,10,,
CBD,KT1A,CBDKT1A,ABB,57015,115/22,50,2015,07/10/2022,03/11/2022,14776,32001,3068,797,9,4,0,5,3,0,0,818,49,15,,
CBD,KT1A,CBDKT1A,ABB,57015,115/22,50,2015,28/05/2023,03/06/2023,15876,69588,3804,864,5,4,0,6,3,2,1,885,50,5,,
CBD,KT1A,CBDKT1A,ABB,57015,115/22,50,2015,18/05/2024,03/06/2024,36880,50610,3808,826,5,11,0,8,1,25,0,876,49,12,,
CBD,KT2A,CBDKT2A,ABB,57016,115/22,50,2015,19/10/2019,11/11/2019,19820,56382,1651,331,47,0,0,11,0,0,0,389,44,12,-,
CBD,KT2A,CBDKT2A,ABB,57016,115/22,50,2015,10/04/2022,17/04/2022,14755,50878,3344,781,12,4,0,14,4,0,0,815,48,6,,
CBD,KT2A,CBDKT2A,ABB,57016,115/22,50,2015,07/10/2022,03/11/2022,20999,54576,2395,788,7,4,0,11,6,0,0,816,40,18,,
CBD,KT2A,CBDKT2A,ABB,57016,115/22,50,2015,18/03/2023,25/03/2023,28227,58722,2519,672,4,10,0,27,9,0,0,722,40,6,,
CBD,KT2A,CBDKT2A,ABB,57016,115/22,50,2015,28/05/2023,03/06/2023,11011,67644,3060,850,4,6,0,14,6,6,2,888,40,15,,
CBD,KT2A,CBDKT2A,ABB,57016,115/22,50,2015,18/05/2024,03/06/2024,36680,51900,3483,714,3,20,0,18,6,25,5,791,48,15,,
CC,KT1A,CCKT1A,MITSUBISHI,573076,115/22,40,1998,23/01/2020,03/02/2020,2108,69204,5998,237,71,236,0,17,543,38,301,1443,68,22,,
CC,KT1A,CCKT1A,MITSUBISHI,573076,115/22,40,1998,22/01/2022,28/01/2022,3264,52248,4838,196,80,99,0,0,291,0,176,842,72,18,,
CC,KT1A,CCKT1A,MITSUBISHI,573076,115/22,40,1998,07/07/2022,14/07/2022,4580,55950,4517,167,89,97,0,1,296,8,178,836,57,18,,
CC,KT1A,CCKT1A,MITSUBISHI,573076,115/22,40,1998,15/01/2023,20/01/2023,4361,41600,4639,177,88,132,0,10,366,26,182,981,,10,,
CC,KT1A,CCKT1A,MITSUBISHI,573076,115/22,40,1998,04/03/2023,12/03/2023,3236,49665,4706,180,77,112,0,6,306,8,189,878,57,16,โครงการวิจัยหม้อแปลง,
CC,KT2A,CCKT2A,MITSUBISHI,573075,115/22,40,1998,23/01/2020,03/02/2020,3297,45621,2720,207,44,28,0,0,39,11,59,388,66,22,,
CC,KT2A,CCKT2A,MITSUBISHI,573075,115/22,40,1998,21/05/2021,06/06/2021,6800,26290,2800,220,37,1,0,0,0,0,0,258,,20,หลังทดสอบทางไฟฟ้า,
CC,KT2A,CCKT2A,MITSUBISHI,573075,115/22,40,1998,22/01/2022,28/01/2022,2373,22795,2291,207,44,15,0,0,18,0,10,294,65,25,,
CC,KT2A,CCKT2A,MITSUBISHI,573075,115/22,40,1998,07/07/2022,14/07/2022,4980,37110,2463,244,55,18,0,14,28,6,16,381,72,21,,
CC,KT2A,CCKT2A,MITSUBISHI,573075,115/22,40,1998,15/01/2023,20/01/2023,4229,21271,3102,271,81,39,0,3,51,12,25,482,54,12,,
CC,KT3A,CCKT3A,MITSUBISHI,573071,115/22,40,1998,23/01/2020,03/02/2020,1859,47165,3592,151,56,76,0,10,276,89,134,792,74,9,,
CC,KT3A,CCKT3A,MITSUBISHI,573071,115/22,40,1998,22/01/2022,28/01/2022,5384,53081,3281,89,15,43,0,1,155,0,97,400,30,14,,
CC,KT3A,CCKT3A,MITSUBISHI,573071,115/22,40,1998,15/01/2023,20/01/2023,5358,35047,3932,124,15,53,0,7,183,63,49,494,,5,Tx. COLD STANDBY,
CHW,KT1A,CHWKT1A,SIEMENS,N408177,230/121/22,300,2009,27/05/2019,31/05/2019,6571,44596,3481,517,23,12,0,2,8,2,6,570,65,8,-,
CHW,KT1A,CHWKT1A,SIEMENS,N408177,230/121/22,300,2009,10/11/2019,14/12/2019,11064,51685,3445,445,13,9,0,0,9,2,8,486,60,11,-,
CHW,KT1A,CHWKT1A,SIEMENS,N408177,230/121/22,300,2009,08/11/2020,21/11/2020,5174,52016,2594,450,32,11,0,0,0,0,0,0,,8,,
CHW,KT1A,CHWKT1A,SIEMENS,N408177,230/121/22,300,2009,12/06/2021,16/08/2021,7212,57935,5182,881,21,12,0,28,12,0,0,954,70,12,,
CHW,KT1A,CHWKT1A,SIEMENS,N408177,230/121/22,300,2009,07/11/2021,18/11/2021,5400,46900,7342,741,8,8,0,0,10,5,14,786,60,,,
CHW,KT1A,CHWKT1A,SIEMENS,N408177,230/121/22,300,2009,27/05/2022,03/06/2022,5025,63842,6088,806,23,10,0,16,11,2,22,890,60,7,,
CHW,KT1A,CHWKT1A,SIEMENS,N408177,230/121/22,300,2009,25/11/2022,28/11/2022,8454,62570,6296,1081,18,20,0,0,11,0,4,1134,60,4,,
CHW,KT1A,CHWKT1A,SIEMENS,N408177,230/121/22,300,2009,18/05/2023,22/05/2023,8650,70870,6389,1024,11,33,0,0,10,0,15,1093,65,7,,
CHW,KT1A,CHWKT1A,SIEMENS,N408177,230/121/22,300,2009,06/11/2023,15/12/2023,9205,75242,3019,272,2,5,0,5,6,19,7,316,66,10,,
CHW,KT1A,CHWKT1A,SIEMENS,N408177,230/121/22,300,2009,04/06/2024,07/06/2024,9993,57714,7435,931,21,15,0,7,6,0,0,980,65,5,,
CHW,KT2A,CHWKT2A,TRAFO UNION,N408034,230/121/22,300,2009,27/05/2019,31/05/2019,6428,32573,2133,331,30,3,0,1,1,1,2,369,65,8,-,
CHW,KT2A,CHWKT2A,TRAFO UNION,N408034,230/121/22,300,2009,10/11/2019,14/12/2019,7552,33300,2323,264,28,0,0,0,1,1,3,297,60,10,-,
CHW,KT2A,CHWKT2A,TRAFO UNION,N408034,230/121/22,300,2009,08/11/2020,21/11/2020,5523,39061,1690,157,23,4,0,0,1,0,4,189,66,6,,
CHW,KT2A,CHWKT2A,TRAFO UNION,N408034,230/121/22,300,2009,12/06/2021,16/08/2021,8967,31193,2888,288,22,0,0,0,8,0,0,318,70,16,,
CHW,KT2A,CHWKT2A,TRAFO UNION,N408034,230/121/22,300,2009,07/11/2021,18/11/2021,4690,23420,5062,399,18,5,0,0,2,7,10,441,60,,,
CHW,KT2A,CHWKT2A,TRAFO UNION,N408034,230/121/22,300,2009,27/05/2022,03/06/2022,5919,31334,4538,289,36,7,0,5,3,6,9,375,61,7,,
CHW,KT2A,CHWKT2A,TRAFO UNION,N408034,230/121/22,300,2009,25/11/2022,28/11/2022,5372,25239,4770,359,25,12,0,0,2,0,4,402,60,3,,
CHW,KT2A,CHWKT2A,TRAFO UNION,N408034,230/121/22,300,2009,18/05/2023,22/05/2023,3090,28270,4919,379,23,18,0,0,2,5,8,435,65,9,,
CHW,KT2A,CHWKT2A,TRAFO UNION,N408034,230/121/22,300,2009,06/11/2023,16/12/2023,6017,57454,1430,29,10,1,0,0,1,0,3,44,66,24,,
CHW,KT2A,CHWKT2A,TRAFO UNION,N408034,230/121/22,300,2009,04/06/2024,07/06/2024,6212,32132,4793,324,23,13,0,0,3,0,1,364,65,5,,
CHW,KT3A,CHWKT3A,ABB,7128901702,230,300,2023,26/06/2023,29/06/2023,7449,11612,112,18,11,0,0,0,0,0,0,29,30,6,,
CHW,KT3A,CHWKT3A,ABB,7128901702,230,300,2023,15/01/2024,02/02/2024,25989,43294,306,42,14,0,0,0,0,0,0,56,50,6,,
CHW,KT3A,CHWKT3A,ABB,7128901702,230,300,2023,04/06/2024,07/06/2024,6299,30777,787,120,19,2,0,5,0,0,0,146,60,3,,
CLB-P,KT2A,CLB-PKT2A,SAVIGLIANO,60423,115/22,12,2004,22/09/2019,20/10/2019,5596,24478,1313,75,7,5,0,0,14,0,5,106,-,20,-,
CLB-P,KT2A,CLB-PKT2A,SAVIGLIANO,60423,115/22,12,2004,25/05/2020,16/06/2020,3726,37923,2214,146,54,21,0,13,12,13,6,265,,38,,
CM1,KT1A,CM1KT1A,MEIDEN,8P8744T1,115/22,50,2004,23/09/2019,27/09/2019,5811,60321,2893,116,8,122,0,0,421,0,247,914,58,12,-,
CM1,KT1A,CM1KT1A,MEIDEN,8P8744T1,115/22,50,2004,22/03/2020,17/05/2020,2839,60990,2952,119,2,137,0,4,445,0,204,911,57,10,,
CM1,KT1A,CM1KT1A,MEIDEN,8P8744T1,115/22,50,2004,10/04/2021,21/10/2021,4136,72361,2262,22,5,20,0,3,505,0,228,783,,21,,
CM1,KT1A,CM1KT1A,MEIDEN,8P8744T1,115/22,50,2004,10/06/2022,19/06/2022,2745,73156,2463,72,5,101,0,25,379,8,226,816,61,17,,
CM1,KT1A,CM1KT1A,MEIDEN,8P8744T1,115/22,50,2004,03/04/2023,04/06/2023,3793,69197,3229,95,2,65,0,7,388,5,185,747,56,14,,
CM1,KT1A,CM1KT1A,MEIDEN,8P8744T1,115/22,50,2004,08/03/2024,26/05/2024,10574,63068,4363,129,2,184,0,9,649,94,439,1506,,18,,
CM1,KT2A,CM1KT2A,MEIDEN,8P8744T2,115/22,50,2004,23/09/2019,27/09/2019,7342,53401,3461,121,15,90,0,0,275,0,157,658,55,11,-,
CM1,KT2A,CM1KT2A,MEIDEN,8P8744T2,115/22,50,2004,22/03/2020,17/05/2020,2222,51659,4343,127,17,108,0,0,279,0,134,665,61,10,,
CM1,KT2A,CM1KT2A,MEIDEN,8P8744T2,115/22,50,2004,10/04/2021,09/10/2021,13477,53404,3925,131,12,71,0,0,253,0,116,583,,21,,
CM1,KT2A,CM1KT2A,MEIDEN,8P8744T2,115/22,50,2004,10/06/2022,20/06/2022,15093,61902,2820,91,5,41,0,11,153,3,115,419,66,15,,
CM1,KT2A,CM1KT2A,MEIDEN,8P8744T2,115/22,50,2004,03/04/2023,04/06/2023,10303,64584,4471,149,10,46,0,1,246,6,126,584,61,13,,
CM1,KT2A,CM1KT2A,MEIDEN,8P8744T2,115/22,50,2004,08/03/2024,26/05/2024,14416,68000,5782,184,13,102,0,4,337,5,153,798,,33,,
CM2,KT1A,CM2KT1A,MEIDEN,8R8398T1,115/22,50,2007,21/10/2019,29/11/2019,6843,44317,2922,268,18,92,0,2,299,76,245,1000,65,9,-,
CM2,KT1A,CM2KT1A,MEIDEN,8R8398T1,115/22,50,2007,27/03/2020,16/05/2020,2564,53378,3060,282,8,192,0,0,457,0,329,1268,65,9,,
CM2,KT1A,CM2KT1A,MEIDEN,8R8398T1,115/22,50,2007,10/04/2021,21/10/2021,4354,59854,2309,297,18,270,0,3,416,0,255,1259,,31,,
CM2,KT1A,CM2KT1A,MEIDEN,8R8398T1,115/22,50,2007,09/06/2022,19/06/2022,6279,5935,2573,235,4,109,0,22,305,71,244,990,,12,,
CM2,KT1A,CM2KT1A,MEIDEN,8R8398T1,115/22,50,2007,03/04/2023,04/06/2023,9990,61591,2718,219,7,123,0,12,344,10,224,939,53,9,,
CM2,KT1A,CM2KT1A,MEIDEN,8R8398T1,115/22,50,2007,08/02/2024,26/05/2024,7424,62656,3580,374,3,166,0,4,456,12,266,1281,,11,,
CM2,KT2A,CM2KT2A,MEIDEN,8R8406T1,115/22,50,2007,27/03/2020,27/03/2020,7016,52519,2880,284,10,187,0,0,535,0,423,1439,43,7,,
CM2,KT2A,CM2KT2A,MEIDEN,8R8406T1,115/22,50,2007,10/04/2021,09/10/2021,14211,53974,1828,274,6,113,0,0,403,0,253,1049,,19,,
CM2,KT2A,CM2KT2A,MEIDEN,8R8406T1,115/22,50,2007,09/06/2022,20/06/2022,16115,63617,1758,258,2,76,0,13,298,70,286,1003,74,11,,
CM2,KT2A,CM2KT2A,MEIDEN,8R8406T1,115/22,50,2007,03/04/2023,09/06/2023,17698,71717,2715,269,4,180,0,7,529,8,346,1343,57,12,,
CM2,KT2A,CM2KT2A,MEIDEN,8R8406T1,115/22,50,2007,08/02/2024,26/05/2024,2462,30911,2811,211,5,177,0,8,605,0,432,1438,,10,,
CM3,KT1A,CM3KT1A,FUJI,AN69003T2,115/22,50,1998,20/03/2020,16/05/2020,4508,80257,1704,64,32,78,0,3,332,0,183,692,58,11,,
CM3,KT1A,CM3KT1A,FUJI,AN69003T2,115/22,50,1998,11/04/2021,22/10/2021,14241,69760,1394,59,34,89,0,8,271,0,121,582,,13,,
CM3,KT1A,CM3KT1A,FUJI,AN69003T2,115/22,50,1998,11/06/2022,19/06/2022,5556,73401,1547,61,9,56,0,12,267,3,148,556,54,12,,
CM3,KT1A,CM3KT1A,FUJI,AN69003T2,115/22,50,1998,03/04/2023,05/06/2023,9410,72068,1608,63,4,58,0,14,276,4,137,556,53,16,,
CM3,KT1A,CM3KT1A,FUJI,AN69003T2,115/22,50,1998,21/01/2024,26/05/2024,3551,44502,2130,80,61,73,0,10,391,0,179,794,49,12,,
CM3,KT2A,CM3KT2A,MEIDEN,8P9092T1,115/22,50,2004,20/03/2020,16/05/2020,7863,48725,2756,128,42,130,0,0,311,0,170,781,64,16,,
CM3,KT2A,CM3KT2A,MEIDEN,8P9092T1,115/22,50,2004,10/04/2021,21/10/2021,11171,60485,2092,15,20,15,0,2,253,0,126,431,,22,,
CM3,KT2A,CM3KT2A,MEIDEN,8P9092T1,115/22,50,2004,11/06/2022,19/06/2022,5713,61804,2522,86,26,78,0,14,218,20,131,573,64,13,,
CM3,KT2A,CM3KT2A,MEIDEN,8P9092T1,115/22,50,2004,03/04/2023,11/06/2023,29787,72583,2857,109,1,84,0,5,201,4,68,472,60,8,,
CM3,KT2A,CM3KT2A,MEIDEN,8P9092T1,115/22,50,2004,26/02/2024,26/05/2024,7280,51619,1228,52,5,11,0,2,25,0,28,123,53,15,,
CM3,KT3A,CM3KT3A,TRAFO UNION,407920,230/115/22,200,2007,22/03/2020,16/05/2020,7905,45701,3179,538,20,9,0,0,11,0,4,582,60,11,,
CM3,KT3A,CM3KT3A,TRAFO UNION,407920,230/115/22,200,2007,05/10/2020,13/11/2020,8897,32264,2851,372,20,0,0,0,43,0,0,435,,15,,
CM3,KT3A,CM3KT3A,TRAFO UNION,407920,230/115/22,200,2007,21/04/2021,21/10/2021,19395,70101,1619,36,21,2,0,16,5,21,5,106,,27,,
CM3,KT3A,CM3KT3A,TRAFO UNION,407920,230/115/22,200,2007,01/10/2021,12/11/2021,5227,32828,3723,454,23,0,0,0,9,0,0,486,62,10,,
CM3,KT3A,CM3KT3A,TRAFO UNION,407920,230/115/22,200,2007,11/02/2023,22/02/2023,4130,39080,2063,244,12,6,0,0,3,10,8,283,,8,ทดสอบหลัง replace bushing ด้าน 230 kv 3 เฟส,
CM3,KT3A,CM3KT3A,TRAFO UNION,407920,230/115/22,200,2007,24/03/2023,31/03/2023,3275,31596,4761,385,15,6,0,0,3,10,15,434,0,4,,
CM3,KT3A,CM3KT3A,TRAFO UNION,407920,230/115/22,200,2007,03/04/2023,05/06/2023,8921,46353,4882,396,10,6,0,0,3,9,13,437,60,12,,
CM3,KT3A,CM3KT3A,TRAFO UNION,407920,230/115/22,200,2007,24/09/2023,10/10/2023,12394,36092,3598,358,10,7,0,1,2,5,4,387,0,6,,
CM3,KT3A,CM3KT3A,TRAFO UNION,407920,230/115/22,200,2007,21/01/2024,26/05/2024,6379,42383,4400,469,14,14,0,2,7,2,9,517,45,11,,
CM3,KT4A,CM3KT4A,TRAFO UNION,407922,230/115/22,200,2007,20/03/2020,16/05/2020,6584,54542,2961,579,10,10,0,0,5,0,11,615,59,10,,
CM3,KT4A,CM3KT4A,TRAFO UNION,407922,230/115/22,200,2007,05/10/2020,13/11/2020,9235,32257,2812,386,14,0,0,0,0,0,0,400,,9,,
CM3,KT4A,CM3KT4A,TRAFO UNION,407922,230/115/22,200,2007,11/04/2021,21/10/2021,9944,57653,2646,83,23,2,0,4,4,1,6,123,,11,,
CM3,KT4A,CM3KT4A,TRAFO UNION,407922,230/115/22,200,2007,01/10/2021,12/11/2021,3460,27355,3593,481,15,0,0,0,7,0,0,503,58,10,,
CM3,KT4A,CM3KT4A,TRAFO UNION,407922,230/115/22,200,2007,03/04/2023,04/06/2023,4058,37080,5049,571,12,6,0,1,6,1,7,604,60,10,,
CM3,KT4A,CM3KT4A,TRAFO UNION,407922,230/115/22,200,2007,24/09/2023,10/10/2023,11152,26015,2864,399,7,9,0,0,3,1,7,426,0,8,,
CM3,KT4A,CM3KT4A,TRAFO UNION,407922,230/115/22,200,2007,21/01/2024,26/05/2024,6864,45418,5164,587,11,16,0,6,7,2,11,640,,12,,
CM3,KT5A,CM3KT5A,MITSUBISHI,9812811102,230/115/22,200,2013,20/03/2020,16/05/2020,14662,66875,1529,191,8,5,0,0,10,0,10,224,60,12,,
CM3,KT5A,CM3KT5A,MITSUBISHI,9812811102,230/115/22,200,2013,05/10/2020,13/11/2020,13368,37828,1738,158,8,0,0,0,51,0,0,217,,9,,
CM3,KT5A,CM3KT5A,MITSUBISHI,9812811102,230/115/22,200,2013,12/04/2021,21/10/2021,24358,81627,1182,5,14,5,0,0,7,2,6,39,,27,,
CM3,KT5A,CM3KT5A,MITSUBISHI,9812811102,230/115/22,200,2013,01/10/2021,12/11/2021,5723,32587,2573,292,6,0,0,0,12,0,0,310,58,10,,
CM3,KT5A,CM3KT5A,MITSUBISHI,9812811102,230/115/22,200,2013,03/04/2023,11/06/2023,28140,67405,2491,275,3,21,0,1,12,1,8,321,67,13,,
CM3,KT5A,CM3KT5A,MITSUBISHI,9812811102,230/115/22,200,2013,24/09/2023,10/10/2023,14125,31048,2622,233,2,7,0,0,8,1,8,259,0,5,,
CM3,KT5A,CM3KT5A,MITSUBISHI,9812811102,230/115/22,200,2013,21/01/2024,26/05/2024,9667,54172,3867,413,2,18,0,1,19,3,21,477,,14,,
CP,KT1A,CPKT1A,MEIDEN,8R8410T1,115/22,50,2008,22/11/2019,23/12/2019,16670,72760,1355,107,20,83,0,1,327,80,264,882,54,11,-,
CP,KT1A,CPKT1A,MEIDEN,8R8410T1,115/22,50,2008,09/11/2020,28/11/2020,7762,73495,1621,126,42,81,0,3,223,69,180,724,53,12,,
CP,KT1A,CPKT1A,MEIDEN,8R8410T1,115/22,50,2008,02/11/2021,22/11/2021,4465,40315,1633,161,22,108,0,6,361,0,107,765,64,11,,
CP,KT1A,CPKT1A,MEIDEN,8R8410T1,115/22,50,2008,28/11/2022,08/01/2023,4991,41428,1631,168,21,115,0,5,354,211,196,1070,59,13,,
CP,KT1A,CPKT1A,MEIDEN,8R8410T1,115/22,50,2008,24/11/2023,27/01/2024,7577,63962,1631,207,31,142,0,2,400,13,251,1046,58,17,,
CP,KT2A,CPKT2A,MEIDEN,8R8410T2,115/22,50,2008,10/02/2019,11/02/2019,2826,48024,2145,275,26,115,0,5,279,0,164,864,34,7,เนื่องจาก Trip ด้วย Diff. Relay เมื่อ 28 ต.ค 47,
CP,KT2A,CPKT2A,MEIDEN,8R8410T2,115/22,50,2008,22/11/2019,26/12/2019,5610,59630,3019,366,34,161,0,0,434,96,317,1408,59,10,-,
CP,KT2A,CPKT2A,MEIDEN,8R8410T2,115/22,50,2008,09/11/2020,27/11/2020,6408,56553,3166,387,40,105,0,2,313,85,237,1169,58,13,,
CP,KT2A,CPKT2A,MEIDEN,8R8410T2,115/22,50,2008,02/11/2021,22/11/2021,4820,42400,2924,193,13,109,0,0,324,104,273,1016,64,11,,
CP,KT2A,CPKT2A,MEIDEN,8R8410T2,115/22,50,2008,28/11/2022,13/01/2023,3330,50390,2422,192,13,109,0,2,323,83,269,991,60,8,,
CP,KT2A,CPKT2A,MEIDEN,8R8410T2,115/22,50,2008,24/11/2023,27/01/2024,9399,47023,1875,194,28,103,0,5,340,12,197,879,62,15,,
CP,KT3A,CPKT3A,NATIONAL,110-73311,115-5.6,60,2001,30/03/2019,06/07/2019,13052,53950,399,6,4,0,0,0,0,0,0,10,40,31,หม้อแปลงไม่ได้ใช้งาน เนื่องจาก SVS เสีย,
CP,KT3A,CPKT3A,NATIONAL,110-73311,115-5.6,60,2001,17/04/2022,25/04/2022,4260,47610,2432,530,9,2,0,1,1,3,3,549,30,11,ก่อนนำระบบ SVS เข้าใช้งานหลังจากหยุดใช้งานมาหลายปี,
CP,KT3A,CPKT3A,NATIONAL,110-73311,115-5.6,60,2001,28/11/2022,13/01/2023,21169,71375,2484,898,18,5,0,1,3,6,5,936,,17,,
CP,KT3A,CPKT3A,NATIONAL,110-73311,115-5.6,60,2001,24/11/2023,27/01/2024,16936,62804,2782,733,6,7,0,1,2,2,4,755,45,20,,
CP,KT4A,CPKT4A,FUJI,A1Z69040T4-2,230/115,200,2007,26/03/2019,19/04/2019,4992,34939,1901,103,31,29,0,0,112,0,39,314,57,18,-,
CP,KT4A,CPKT4A,FUJI,A1Z69040T4-2,230/115,200,2007,30/08/2019,28/09/2019,8491,42765,1822,98,17,12,0,4,110,0,68,309,55,22,-,
CP,KT4A,CPKT4A,FUJI,A1Z69040T4-2,230/115,200,2007,06/04/2020,18/05/2020,8615,57294,1265,82,11,39,0,0,136,0,95,363,34,18,ก่อนย้าย,
CP,KT4A,CPKT4A,FUJI,A1Z69040T4-2,230/115,200,2007,03/05/2021,24/07/2021,14050,24937,559,38,10,0,0,0,16,0,0,64,49,21,,
CP,KT4A,CPKT4A,FUJI,A1Z69040T4-2,230/115,200,2007,01/11/2021,23/11/2021,4390,14530,1135,49,4,9,0,0,16,35,10,123,47,18,,
CP,KT4A,CPKT4A,FUJI,A1Z69040T4-2,230/115,200,2007,08/05/2022,15/05/2022,4473,17333,931,69,44,6,0,1,24,0,2,146,49,15,,
CP,KT4A,CPKT4A,FUJI,A1Z69040T4-2,230/115,200,2007,28/11/2022,08/01/2023,12425,23896,1070,74,8,2,0,2,2,0,0,88,60,18,,
CP,KT4A,CPKT4A,FUJI,A1Z69040T4-2,230/115,200,2007,28/11/2022,13/01/2023,5460,22420,894,46,11,9,0,0,21,27,12,126,60,9,,
CP,KT4A,CPKT4A,FUJI,A1Z69040T4-2,230/115,200,2007,29/04/2023,18/05/2023,20910,47660,800,47,5,13,0,2,2,34,25,128,50,8,,
CP,KT4A,CPKT4A,FUJI,A1Z69040T4-2,230/115,200,2007,24/11/2023,27/01/2024,13139,30454,913,67,22,10,0,2,40,2,35,178,43,20,,
CP,KT5A,CPKT5A,TOSHIBA,91900019,230/121/22,200,2005,26/03/2019,19/04/2019,5260,32834,4035,157,23,13,0,0,26,0,0,219,60,19,-,
CP,KT5A,CPKT5A,TOSHIBA,91900019,230/121/22,200,2005,30/08/2019,28/09/2019,10917,43891,3769,163,11,11,0,1,9,2,5,202,52,26,-,
CP,KT5A,CPKT5A,TOSHIBA,91900019,230/121/22,200,2005,19/03/2020,24/03/2020,21513,61264,897,19,14,7,0,0,6,0,3,49,33,21,ทดสอบก่อนรื้อและย้ายไปที่ สฟ.กาญจนบุรี,
CP,KT5A,CPKT5A,TOSHIBA,91900019,230/121/22,200,2005,03/05/2021,24/07/2021,9174,17176,629,36,8,0,0,0,0,0,0,44,49,18,,
CP,KT5A,CPKT5A,TOSHIBA,91900019,230/121/22,200,2005,01/11/2021,22/11/2021,6080,15960,1204,47,1,0,0,0,0,0,0,48,49,16,,
CP,KT5A,CPKT5A,TOSHIBA,91900019,230/121/22,200,2005,08/05/2022,15/05/2022,6176,15181,1274,75,8,1,0,0,0,0,0,84,51,14,,
CP,KT5A,CPKT5A,TOSHIBA,91900019,230/121/22,200,2005,29/04/2023,18/05/2023,17003,64416,1162,94,1,1,0,5,1,1,4,107,53,17,,
CP,KT5A,CPKT5A,TOSHIBA,91900019,230/121/22,200,2005,24/11/2023,26/01/2024,13042,30277,1273,98,15,1,0,2,1,0,1,118,46,15,,
CPA,KT1A,CPAKT1A,ABB,56043,115/22,50,2011,02/02/2019,12/05/2019,7183,48161,1218,301,10,0,0,0,0,0,0,311,43,23,-,
CPA,KT1A,CPAKT1A,ABB,56043,115/22,50,2011,02/04/2020,09/05/2020,16630,51241,1630,691,46,15,0,10,14,19,17,812,45,12,,
CPA,KT1A,CPAKT1A,ABB,56043,115/22,50,2011,02/08/2020,25/08/2020,12321,48905,1829,437,25,2,0,0,1,0,0,465,43,,ตามผล Single phase Impedance เกิน 2%,
CPA,KT1A,CPAKT1A,ABB,56043,115/22,50,2011,06/02/2021,20/05/2021,22404,58999,648,296,13,2,0,3,0,0,0,314,41,27,,
CPA,KT1A,CPAKT1A,ABB,56043,115/22,50,2011,15/01/2022,12/02/2022,12442,60017,2381,799,3,7,0,5,1,1,3,819,39,14,,
CPA,KT1A,CPAKT1A,ABB,56043,115/22,50,2011,13/01/2023,04/02/2023,24306,64387,2325,788,24,5,0,5,1,1,1,825,32,10,,
CPA,KT1A,CPAKT1A,ABB,56043,115/22,50,2011,12/01/2024,11/02/2024,32920,44650,2343,798,3,6,0,8,1,28,1,845,41,20,,
CPA,KT2A,CPAKT2A,ABB,56044,115/22,50,2010,02/02/2019,12/05/2019,10374,48462,1340,316,8,0,0,0,0,0,0,324,44,22,-,
CPA,KT2A,CPAKT2A,ABB,56044,115/22,50,2010,02/04/2020,08/05/2020,7726,48851,3022,193,119,112,0,6,270,35,148,883,45,24,,
CPA,KT2A,CPAKT2A,ABB,56044,115/22,50,2010,06/02/2021,24/05/2021,20581,60876,3257,494,54,3,0,1,1,1,1,555,40,25,,
CPA,KT2A,CPAKT2A,ABB,56044,115/22,50,2010,15/01/2022,08/02/2022,18543,61584,2436,456,5,2,0,0,1,0,1,465,39,11,,
CPA,KT2A,CPAKT2A,ABB,56044,115/22,50,2010,13/01/2023,04/02/2023,16967,57905,1274,455,3,2,0,3,1,1,1,466,32,5,,
CPA,KT2A,CPAKT2A,ABB,56044,115/22,50,2010,12/01/2024,11/02/2024,35020,43530,1588,441,5,5,0,6,1,12,1,471,41,12,,
CR,KT1A,CRKT1A,MEIDEN,8P9089T1,115/22,50,2010,04/04/2020,18/04/2020,9917,69237,845,110,32,34,0,0,16,0,0,192,,13,,
CR,KT1A,CRKT1A,MEIDEN,8P9089T1,115/22,50,2010,18/06/2022,20/06/2022,14083,68204,1464,115,12,42,0,17,30,6,17,239,,13,,
CR,KT1A,CRKT1A,MEIDEN,8P9089T1,115/22,50,2010,01/06/2023,10/06/2023,5603,43271,3059,271,8,66,0,3,52,2,14,416,,12,,
CR,KT1A,CRKT1A,MEIDEN,8P9089T1,115/22,50,2010,28/04/2024,26/05/2024,3195,21680,2965,260,9,52,0,5,59,0,36,421,58,10,,
CR,KT2A,CRKT2A,MEIDEN,8R8396T2,115/22,50,2007,04/04/2020,18/04/2020,3204,44035,934,116,47,60,0,0,0,0,0,223,,8,,
CR,KT2A,CRKT2A,MEIDEN,8R8396T2,115/22,50,2007,21/06/2021,30/08/2021,7077,45997,2088,142,9,47,0,0,95,0,11,304,,13,,
CR,KT2A,CRKT2A,MEIDEN,8R8396T2,115/22,50,2007,18/06/2022,20/06/2022,3981,47772,1733,107,18,63,0,22,106,36,72,424,,8,,
CR,KT2A,CRKT2A,MEIDEN,8R8396T2,115/22,50,2007,01/06/2023,10/06/2023,5395,44786,5366,311,13,114,0,5,170,4,55,672,,15,,
CR,KT2A,CRKT2A,MEIDEN,8R8396T2,115/22,50,2007,28/04/2024,26/05/2024,5428,43244,2429,128,6,35,0,4,103,0,74,350,60,11,,
CR,KT4A,CRKT4A,FUJI,A1E69002T4-1,230/115/22,200,2012,04/04/2020,12/04/2020,8457,64115,1285,374,48,7,0,0,3,0,0,432,,13,,
CR,KT4A,CRKT4A,FUJI,A1E69002T4-1,230/115/22,200,2012,21/06/2021,29/08/2021,18828,56817,1264,295,14,0,0,0,27,0,0,336,,14,,
CR,KT4A,CRKT4A,FUJI,A1E69002T4-1,230/115/22,200,2012,14/12/2021,18/12/2021,3497,32268,2521,630,20,6,0,0,3,0,6,665,,8,,
CR,KT4A,CRKT4A,FUJI,A1E69002T4-1,230/115/22,200,2012,18/06/2022,20/06/2022,4786,47752,1061,352,31,4,0,10,3,32,6,438,,6,,
CR,KT4A,CRKT4A,FUJI,A1E69002T4-1,230/115/22,200,2012,23/07/2023,24/07/2023,5789,37341,2446,849,63,6,0,2,4,0,11,935,0,7,,
CR,KT4A,CRKT4A,FUJI,A1E69002T4-1,230/115/22,200,2012,25/09/2023,01/10/2023,12416,51184,2643,1038,31,10,0,2,5,6,7,1099,30,6,,
CR,KT4A,CRKT4A,FUJI,A1E69002T4-1,230/115/22,200,2012,28/04/2024,27/05/2024,12082,33267,2337,910,21,11,0,4,0,0,0,946,50,11,,
CR,KT5A,CRKT5A,FUJI,A1E69002T4-2,230/115/22,200,2012,04/04/2020,12/04/2020,3698,44845,1309,435,58,7,0,0,4,0,0,504,,10,,
CR,KT5A,CRKT5A,FUJI,A1E69002T4-2,230/115/22,200,2012,21/06/2021,29/08/2021,13345,60395,1283,286,11,0,0,0,8,0,0,305,,15,,
CR,KT5A,CRKT5A,FUJI,A1E69002T4-2,230/115/22,200,2012,14/12/2021,18/12/2021,3028,32249,2472,607,20,6,0,0,5,0,7,645,,8,,
CR,KT5A,CRKT5A,FUJI,A1E69002T4-2,230/115/22,200,2012,18/06/2022,20/06/2022,5276,47991,1013,320,29,4,0,11,3,53,5,425,,6,,
CR,KT5A,CRKT5A,FUJI,A1E69002T4-2,230/115/22,200,2012,23/07/2023,24/07/2023,5208,38853,2509,834,30,6,0,2,4,0,10,886,0,6,,
CR,KT5A,CRKT5A,FUJI,A1E69002T4-2,230/115/22,200,2012,25/09/2023,29/09/2023,9314,44891,2717,1025,28,16,0,2,4,7,23,1105,30,6,,
CR,KT5A,CRKT5A,FUJI,A1E69002T4-2,230/115/22,200,2012,28/04/2024,27/05/2024,6332,40571,2334,816,23,8,0,6,0,0,0,853,51,6,,
CT,KT1A,CTKT1A,MEIDEN,8P9088T1,115/22,50,2004,15/03/2020,22/03/2020,5936,65684,4158,131,41,155,0,0,612,0,385,1324,51,12,,
CT,KT1A,CTKT1A,MEIDEN,8P9088T1,115/22,50,2004,13/03/2022,19/03/2022,4983,65524,4967,142,8,105,0,0,473,0,312,1040,65,12,,
CT,KT1A,CTKT1A,MEIDEN,8P9088T1,115/22,50,2004,09/09/2022,16/09/2022,5082,75984,4701,119,9,112,0,4,508,0,339,1091,47,8,,
CT,KT1A,CTKT1A,MEIDEN,8P9088T1,115/22,50,2004,16/06/2023,22/06/2023,6504,55232,3045,78,31,147,0,5,563,796,96,1716,52,8,,
CT,KT1A,CTKT1A,MEIDEN,8P9088T1,115/22,50,2004,09/03/2024,20/04/2024,7432,77442,3811,88,10,181,0,8,749,13,355,1404,48,12,,
CT,KT2A,CTKT2A,MEIDEN,8P9088T2,115/22,50,2004,15/03/2020,22/03/2020,10397,47483,4084,134,50,172,0,0,558,0,347,1261,61,17,,
CT,KT2A,CTKT2A,MEIDEN,8P9088T2,115/22,50,2004,13/03/2022,19/03/2022,7115,60994,4364,145,7,171,0,2,485,0,196,1006,71,13,,
CT,KT2A,CTKT2A,MEIDEN,8P9088T2,115/22,50,2004,09/09/2022,16/09/2022,4308,64513,4554,139,9,94,0,5,355,9,234,845,62,11,,
CT,KT2A,CTKT2A,MEIDEN,8P9088T2,115/22,50,2004,16/06/2023,22/06/2023,6807,19776,3588,98,9,119,0,9,389,61,104,789,67,4,,
CT,KT2A,CTKT2A,MEIDEN,8P9088T2,115/22,50,2004,09/03/2024,20/04/2024,9597,56583,3912,107,7,143,0,9,467,15,272,1020,69,10,,
CT,KT3A,CTKT3A,ABB,504004,230/121/22,200,2018,11/11/2019,14/11/2019,21101,56266,305,7,0,5.4,0,0,0,2.1,2.2,16.7,60,12,,
CT,KT3A,CTKT3A,ABB,504004,230/121/22,200,2018,16/11/2019,22/11/2019,9790,26370,353,35,13,3,0,0,0,0,0,51,-,9,หลังใช้งานประมาณ 2 เดือน,
CT,KT3A,CTKT3A,ABB,504004,230/121/22,200,2018,21/12/2019,31/01/2020,7044,22049,381,58,16,28,0,28,8,20,4,162,48,,,
CT,KT3A,CTKT3A,ABB,504004,230/121/22,200,2018,15/03/2020,22/03/2020,10224,31302,326,73,28,39,0,48,10,24,2,224,59,16,,
CT,KT3A,CTKT3A,ABB,504004,230/121/22,200,2018,13/03/2021,03/05/2021,5540,24280,419,63,47,0,0,0,11,38,4,163,60,15,,
CT,KT3A,CTKT3A,ABB,504004,230/121/22,200,2018,13/03/2022,19/03/2022,6495,28184,506,85,24,32,0,42,12,33,5,233,63,6,,
CT,KT3A,CTKT3A,ABB,504004,230/121/22,200,2018,09/09/2022,16/09/2022,5317,24948,497,64,42,47,0,49,18,46,6,272,60,8,หลังเติม Passivator .,
CT,KT3A,CTKT3A,ABB,504004,230/121/22,200,2018,16/06/2023,22/06/2023,4898,20373,2497,467,37,61,0,57,25,4,7,658,61,7,,
CT,KT3A,CTKT3A,ABB,504004,230/121/22,200,2018,13/10/2023,20/10/2023,24973,44519,3058,274,18,53,0,43,19,49,21,477,56,10,,
CT,KT3A,CTKT3A,ABB,504004,230/121/22,200,2018,09/03/2024,20/04/2024,9129,34036,3884,328,42,83,0,83,46,57,19,658,65,16,,
CT,KT4A,CTKT4A,ABB,504005,230/121/21,200,2018,11/11/2019,14/11/2019,5392,23480,497,54,7,1,0,1,0,1,0,64,60,16,,
CT,KT4A,CTKT4A,ABB,504005,230/121/21,200,2018,16/11/2019,22/11/2019,9160,25730,467,26,16,25,0,31,7,0,0,105,-,55,หลังใช้งานประมาณ 2 เดือน,
CT,KT4A,CTKT4A,ABB,504005,230/121/21,200,2018,21/12/2019,31/01/2020,6430,20202,376,71,8,3,0,2,1,1,0,86,48,,,
CT,KT4A,CTKT4A,ABB,504005,230/121/21,200,2018,14/02/2020,28/02/2020,13559,34240,625,82,15,22,0,8,0,0,0,127,54,14,,
CT,KT4A,CTKT4A,ABB,504005,230/121/21,200,2018,15/03/2020,22/03/2020,4475,41847,432,86,12,35,0,48,9,27,2,219,59,25,,
CT,KT4A,CTKT4A,ABB,504005,230/121/21,200,2018,13/03/2021,02/05/2021,3400,23190,652,92,41,0,0,0,18,80,6,237,64,20,,
CT,KT4A,CTKT4A,ABB,504005,230/121/21,200,2018,13/03/2022,19/03/2022,9821,35628,775,107,23,32,0,45,11,37,4,259,64,18,,
CT,KT4A,CTKT4A,ABB,504005,230/121/21,200,2018,09/09/2022,16/09/2022,4569,20762,761,97,39,41,0,46,14,44,4,285,60,8,หลังเติม Passivator .,
CT,KT4A,CTKT4A,ABB,504005,230/121/21,200,2018,13/10/2023,22/10/2023,32409,63325,1862,208,13,34,0,60,15,38,0,368,56,12,,
CT,KT4A,CTKT4A,ABB,504005,230/121/21,200,2018,09/03/2024,20/04/2024,6809,28816,1774,327,40,53,0,58,17,36,7,538,65,13,,
CTG,KT1A,CTGKT1A,FUJI,AN69003T3-1,115/22,25,2000,23/03/2020,16/05/2020,8497,43926,2592,102,9,54,0,0,179,0,115,459,68,12,,
CTG,KT1A,CTGKT1A,FUJI,AN69003T3-1,115/22,25,2000,10/04/2021,21/10/2021,8360,60858,2050,214,16,254,0,0,181,0,81,746,,30,,
CTG,KT1A,CTGKT1A,FUJI,AN69003T3-1,115/22,25,2000,11/06/2022,19/06/2022,6486,57392,1979,68,6,44,0,19,144,6,88,375,63,19,,
CTG,KT1A,CTGKT1A,FUJI,AN69003T3-1,115/22,25,2000,03/04/2023,11/06/2023,36000,66087,2150,76,1,0,0,2,155,2,55,291,54,15,,
CTG,KT2A,CTGKT2A,VOLTA WERKE,60546-001,115/22,25,1994,23/03/2020,16/05/2020,2498,54193,3391,145,12,99,0,14,177,26,109,582,70,7,,
CTG,KT2A,CTGKT2A,VOLTA WERKE,60546-001,115/22,25,1994,10/04/2021,21/10/2021,6218,54196,1747,228,53,234,0,23,177,0,91,806,,19,,
CTG,KT2A,CTGKT2A,VOLTA WERKE,60546-001,115/22,25,1994,11/06/2022,19/06/2022,4018,71374,1653,194,34,54,0,29,99,21,76,507,68,11,,
CTG,KT2A,CTGKT2A,VOLTA WERKE,60546-001,115/22,25,1994,03/04/2023,04/06/2023,7487,70359,2015,264,40,24,0,20,118,19,90,575,56,15,,
CTG,KT2A,CTGKT2A,VOLTA WERKE,60546-001,115/22,25,1994,23/03/2024,26/05/2024,4560,73857,3288,418,66,62,0,30,110,33,94,813,56,30,,
CTN,KT1A,CTNKT1A,MEIDEN,8R9911T6,115/22,50,2008,14/02/2020,09/03/2020,4770,53080,528,76,47,58,0,2,222,29,172,606,50,11,,
CTN,KT1A,CTNKT1A,MEIDEN,8R9911T6,115/22,50,2008,27/02/2022,07/03/2022,8768,40222,693,61,11,42,0,6,191,0,79,390,59,9,,
CTN,KT1A,CTNKT1A,MEIDEN,8R9911T6,115/22,50,2008,25/08/2022,03/09/2022,2243,56270,785,82,6,53,0,6,237,0,156,540,58,12,,
CTN,KT1A,CTNKT1A,MEIDEN,8R9911T6,115/22,50,2008,11/03/2023,16/03/2023,4312,52234,804,103,53,66,0,7,251,0,152,632,54,5,,
CTN,KT1A,CTNKT1A,MEIDEN,8R9911T6,115/22,50,2008,24/04/2023,28/04/2023,4266,50274,735,82,21,52,0,8,201,10,170,544,55,15,,
CTN,KT1A,CTNKT1A,MEIDEN,8R9911T6,115/22,50,2008,17/02/2024,19/02/2024,14486,31341,593,46,16,7,0,1,16,1,9,96,54,10,,
CTN,KT2A,CTNKT2A,MEIDEN,8R9911T7,115/22,50,2008,14/02/2020,09/03/2020,6500,59990,722,76,43,57,0,2,226,0,174,578,58,11,,
CTN,KT2A,CTNKT2A,MEIDEN,8R9911T7,115/22,50,2008,27/02/2022,07/03/2022,9704,46177,1201,102,19,53,0,4,225,0,0,403,65,12,,
CTN,KT2A,CTNKT2A,MEIDEN,8R9911T7,115/22,50,2008,25/08/2022,03/09/2022,8269,61389,1282,125,9,69,0,5,274,0,171,653,60,8,,
CTN,KT2A,CTNKT2A,MEIDEN,8R9911T7,115/22,50,2008,11/03/2023,16/03/2023,5058,57952,1329,153,22,82,0,6,294,0,187,744,55,6,,
CTN,KT2A,CTNKT2A,MEIDEN,8R9911T7,115/22,50,2008,21/04/2023,26/04/2023,5786,55441,1208,139,17,62,0,9,223,1,187,638,55,13,,
CTN,KT2A,CTNKT2A,MEIDEN,8R9911T7,115/22,50,2008,25/01/2024,16/02/2024,5295,49805,749,86,4,19,0,2,39,13,31,194,58,13,,
CYP,KT1A,CYPKT1A,MEIDEN,8P9097T2,115/22/11,50,2012,08/05/2019,09/05/2019,6891,23055,378,33,8,1,0,0,0,0,0,42,-,13,หลังซ่อม กม-สส,
CYP,KT1A,CYPKT1A,MEIDEN,8P9097T2,115/22/11,50,2012,29/08/2019,28/09/2019,9616,33112,478,74,9,0,0,1,2,0,6,92,58,21,ย้ายมาจาก KK1-KT2A,
CYP,KT1A,CYPKT1A,MEIDEN,8P9097T2,115/22/11,50,2012,30/03/2020,26/05/2020,10701,23600,1589,107,26,0,0,0,0,0,0,133,54,19,,
CYP,KT1A,CYPKT1A,MEIDEN,8P9097T2,115/22/11,50,2012,18/01/2021,12/02/2021,6215,33374,2788,107,53,22,0,0,5,0,3,190,56,14,,
CYP,KT1A,CYPKT1A,MEIDEN,8P9097T2,115/22/11,50,2012,06/03/2022,27/03/2022,9287,24739,3280,159,37,0,0,0,14,0,0,210,49,11,,
CYP,KT1A,CYPKT1A,MEIDEN,8P9097T2,115/22/11,50,2012,03/03/2023,18/03/2023,5561,27529,4045,242,76,28,0,0,20,0,11,377,55,10,,
CYP,KT1A,CYPKT1A,MEIDEN,8P9097T2,115/22/11,50,2012,04/03/2024,08/04/2024,3711,19584,4425,243,52,28,0,0,0,0,0,323,64,22,,
CYP,KT2A,CYPKT2A,FUJI,A1Z69040T1-2,230/115/22,200,2007,30/03/2019,18/04/2019,5652,29687,794,85,36,17,0,14,81,0,19,252,60,19,-,
CYP,KT2A,CYPKT2A,FUJI,A1Z69040T1-2,230/115/22,200,2007,29/08/2019,28/09/2019,8054,38914,668,74,22,15,0,2,53,0,34,200,53,16,-,
CYP,KT2A,CYPKT2A,FUJI,A1Z69040T1-2,230/115/22,200,2007,30/03/2020,26/05/2020,10653,46788,221,1,0,0,0,0,0,0,0,1,50,21,,
CYP,KT2A,CYPKT2A,FUJI,A1Z69040T1-2,230/115/22,200,2007,31/07/2020,25/08/2020,5042,36617,312,67,26,2,0,0,2,0,1,98,52,,,
CYP,KT2A,CYPKT2A,FUJI,A1Z69040T1-2,230/115/22,200,2007,18/01/2021,08/02/2021,6876,39988,297,46,31,7,0,0,5,0,3,92,51,6,,
CYP,KT2A,CYPKT2A,FUJI,A1Z69040T1-2,230/115/22,200,2007,09/09/2021,11/11/2021,6466,37804,724,22,39,2,0,1,11,0,8,83,51,12,,
CYP,KT2A,CYPKT2A,FUJI,A1Z69040T1-2,230/115/22,200,2007,06/03/2022,27/03/2022,8681,28625,588,82,19,0,0,0,15,0,0,116,42,7,,
CYP,KT2A,CYPKT2A,FUJI,A1Z69040T1-2,230/115/22,200,2007,31/07/2022,14/08/2022,5670,34110,617,91,24,9,0,0,13,26,8,171,54,20,,
CYP,KT2A,CYPKT2A,FUJI,A1Z69040T1-2,230/115/22,200,2007,03/03/2023,18/03/2023,5767,34832,793,122,23,15,0,0,20,0,0,180,50,12,,
CYP,KT2A,CYPKT2A,FUJI,A1Z69040T1-2,230/115/22,200,2007,25/08/2023,10/10/2023,14650,36540,877,135,12,23,0,2,17,1,10,200,52,18,,
CYP,KT2A,CYPKT2A,FUJI,A1Z69040T1-2,230/115/22,200,2007,04/03/2024,08/04/2024,8320,40055,803,162,20,15,0,0,0,0,0,197,53,13,,
CYP,KT3A,CYPKT3A,ABB,52010,115/22/11,50,2007,30/03/2019,18/04/2019,3578,34962,3313,246,18,15,0,0,52,0,0,331,53,15,-,
CYP,KT3A,CYPKT3A,ABB,52010,115/22/11,50,2007,30/03/2020,26/05/2020,7943,35506,3197,209,29,13,0,0,5,0,0,256,45,13,,
CYP,KT3A,CYPKT3A,ABB,52010,115/22/11,50,2007,18/01/2021,01/02/2021,3586,50412,4120,160,34,30,0,0,5,0,2,231,52,8,,
CYP,KT3A,CYPKT3A,ABB,52010,115/22/11,50,2007,06/03/2022,27/03/2022,9050,47590,2762,119,13,16,0,0,4,2,3,157,38,6,,
CYP,KT3A,CYPKT3A,ABB,52010,115/22/11,50,2007,03/03/2023,18/03/2023,6265,40387,3702,265,26,22,0,0,7,0,0,320,45,16,,
CYP,KT3A,CYPKT3A,ABB,52010,115/22/11,50,2007,04/03/2024,08/04/2024,5299,33977,3507,284,18,13,0,0,0,0,0,315,50,12,,
CYP,KT4A,CYPKT4A,TOSHIBA,98900017,230/121/22,200,2012,30/03/2019,18/04/2019,4339,33001,2346,479,26,7,0,2,24,0,0,538,57,20,-,
CYP,KT4A,CYPKT4A,TOSHIBA,98900017,230/121/22,200,2012,29/08/2019,28/09/2019,4662,34938,2428,557,20,10,0,0,6,0,5,598,52,14,-,
CYP,KT4A,CYPKT4A,TOSHIBA,98900017,230/121/22,200,2012,30/03/2020,26/05/2020,5033,51749,2317,480,21,4,0,3,0,1,2,511,50,22,,
CYP,KT4A,CYPKT4A,TOSHIBA,98900017,230/121/22,200,2012,31/07/2020,25/08/2020,4419,50527,2757,484,37,5,0,0,2,0,3,531,51,,,
CYP,KT4A,CYPKT4A,TOSHIBA,98900017,230/121/22,200,2012,18/01/2021,05/02/2021,2801,43344,3444,509,29,6,0,0,3,10,3,560,48,11,,
CYP,KT4A,CYPKT4A,TOSHIBA,98900017,230/121/22,200,2012,06/03/2022,27/03/2022,3941,33315,3099,635,23,0,0,0,7,0,0,665,42,15,,
CYP,KT4A,CYPKT4A,TOSHIBA,98900017,230/121/22,200,2012,31/07/2022,14/08/2022,5930,43680,3245,668,24,6,0,21,3,12,5,739,52,18,,
CYP,KT4A,CYPKT4A,TOSHIBA,98900017,230/121/22,200,2012,03/03/2023,18/03/2023,6376,32976,3478,748,16,8,0,4,0,0,0,776,40,14,,
CYP,KT4A,CYPKT4A,TOSHIBA,98900017,230/121/22,200,2012,25/08/2023,09/10/2023,15830,31750,3658,759,10,47,0,12,6,5,5,844,52,15,,
CYP,KT4A,CYPKT4A,TOSHIBA,98900017,230/121/22,200,2012,23/12/2023,08/01/2024,8765,41668,3859,761,37,9,0,2,2,2,3,816,72,15,,
CYP,KT4A,CYPKT4A,TOSHIBA,98900017,230/121/22,200,2012,04/03/2024,08/04/2024,7169,32558,3052,722,14,11,0,5,0,0,0,752,53,15,,
DBN,KT1A,DBNKT1A,TOSHIBA,890900043,115/22,25,2003,14/02/2019,02/03/2019,7397,41798,5732,118,64,196,0,8,596,0,302,1284,53,24,-,
DBN,KT1A,DBNKT1A,TOSHIBA,890900043,115/22,25,2003,14/02/2021,26/04/2021,28470,42300,2415,35,44,124,0,4,489,53,493,1242,53,28,,
DBN,KT1A,DBNKT1A,TOSHIBA,890900043,115/22,25,2003,07/02/2022,07/03/2022,6066,60048,6287,170,77,107,0,13,788,0,494,1649,57,22,,
DBN,KT1A,DBNKT1A,TOSHIBA,890900043,115/22,25,2003,23/03/2023,06/04/2023,7396,45012,5292,144,33,67,0,1,243,13,318,819,54,19,,
DBN,KT2A,DBNKT2A,MEIDEN,8P8747T2,115/22,25,2004,14/02/2019,02/03/2019,8321,44210,1944,140,41,121,0,8,263,0,133,706,51,10,-,
DBN,KT2A,DBNKT2A,MEIDEN,8P8747T2,115/22,25,2004,14/02/2021,27/04/2021,15850,60172,1706,150,34,158,0,8,349,6,176,881,48,24,,
DBN,KT2A,DBNKT2A,MEIDEN,8P8747T2,115/22,25,2004,07/02/2022,07/03/2022,5910,54550,2046,171,44,131,0,8,378,0,168,900,60,10,,
DBN,KT2A,DBNKT2A,MEIDEN,8P8747T2,115/22,25,2004,23/03/2023,06/04/2023,6537,39389,1606,135,15,22,0,0,57,2,60,291,59,10,,
DBN,KT2A,DBNKT2A,MEIDEN,8P8747T2,115/22,25,2004,17/02/2024,17/03/2024,7816,24880,1730,138,21,33,0,0,96,0,66,354,56,12,,
DBN,KT3A,DBNKT3A,OSAKA,5A1587001,115/69/22,25,1990,14/02/2019,02/03/2019,11722,41985,2250,174,41,68,0,17,187,56,128,671,53,21,-,
DBN,KT3A,DBNKT3A,OSAKA,5A1587001,115/69/22,25,1990,10/02/2020,22/02/2020,13741,44911,2214,315,54,135,0,7,279,0,178,968,,15,,
DBN,KT3A,DBNKT3A,OSAKA,5A1587001,115/69/22,25,1990,14/02/2021,26/04/2021,27930,50000,1642,101,0,72,0,8,174,36,152,543,52,21,,
DBN,KT3A,DBNKT3A,OSAKA,5A1587001,115/69/22,25,1990,07/02/2022,07/03/2022,7068,83763,3771,210,21,55,0,18,280,0,160,744,58,16,,
DBN,KT3A,DBNKT3A,OSAKA,5A1587001,115/69/22,25,1990,23/03/2023,06/04/2023,7468,34339,2464,191,9,20,0,1,31,2,30,284,57,17,,
DBN,KT3A,DBNKT3A,OSAKA,5A1587001,115/69/22,25,1990,17/02/2024,17/03/2024,7059,27453,2482,194,13,17,0,7,42,0,23,296,55,25,,
HH,KT1A,HHKT1A,ABB,103727,230/115/22,200,2007,19/01/2019,09/03/2019,8299,41410,634,150,13,4,0,0,0,0,0,167,50,25,-,
HH,KT1A,HHKT1A,ABB,103727,230/115/22,200,2007,17/01/2020,07/02/2020,9390,33249,700,164,13,4,0,1,1,0,0,183,56,13,,
HH,KT1A,HHKT1A,ABB,103727,230/115/22,200,2007,26/07/2020,02/08/2020,6196,33213,1263,319,20,5,0,1,1,1,0,347,54,10,,
HH,KT1A,HHKT1A,ABB,103727,230/115/22,200,2007,17/01/2021,31/01/2021,8630,47790,1177,163,29,4,0,0,1,21,1,219,54,10,,
HH,KT1A,HHKT1A,ABB,103727,230/115/22,200,2007,28/02/2022,10/03/2022,9461,30032,1370,304,10,5,0,1,1,0,0,321,56,6,,
HH,KT1A,HHKT1A,ABB,103727,230/115/22,200,2007,28/07/2022,07/08/2022,8820,35920,1302,308,15,3,0,0,1,20,0,347,57,10,,
HH,KT1A,HHKT1A,ABB,103727,230/115/22,200,2007,21/01/2023,02/02/2023,7900,31170,1389,324,10,3,0,0,0,0,0,337,48,7,,
HH,KT1A,HHKT1A,ABB,103727,230/115/22,200,2007,29/07/2023,05/08/2023,8790,20150,1893,340,12,16,0,0,0,25,0,393,56,5,,
HH,KT1A,HHKT1A,ABB,103727,230/115/22,200,2007,10/02/2024,24/02/2024,8735,31324,1439,359,17,5,0,0,1,1,1,384,55,9,,
HH,KT3A,HHKT3A,FUJI,A1E69002T1,230/115/22,200,2007,19/01/2019,09/03/2019,8225,41495,994,368,14,8,0,0,0,0,0,390,44,17,-,
HH,KT3A,HHKT3A,FUJI,A1E69002T1,230/115/22,200,2007,17/01/2020,07/02/2020,8500,45000,1735,676,41,4,0,0,3,0,0,724,47,10,,
HH,KT3A,HHKT3A,FUJI,A1E69002T1,230/115/22,200,2007,26/07/2020,02/08/2020,18399,59719,1478,388,9,4,0,0,2,0,4,407,46,15,,
HH,KT3A,HHKT3A,FUJI,A1E69002T1,230/115/22,200,2007,17/01/2021,31/01/2021,7020,95060,2177,510,34,6,0,0,4,40,6,600,48,13,,
HH,KT3A,HHKT3A,FUJI,A1E69002T1,230/115/22,200,2007,28/02/2022,10/03/2022,6125,43163,2437,680,25,13,0,1,2,0,0,721,50,8,,
HH,KT3A,HHKT3A,FUJI,A1E69002T1,230/115/22,200,2007,28/07/2022,07/08/2022,7330,46420,2539,691,15,3,0,8,2,33,4,756,47,11,,
HH,KT3A,HHKT3A,FUJI,A1E69002T1,230/115/22,200,2007,21/01/2023,02/02/2023,7810,45240,2623,683,9,5,0,0,2,18,3,720,42,5,,
HH,KT3A,HHKT3A,FUJI,A1E69002T1,230/115/22,200,2007,29/07/2023,05/08/2023,10170,33870,2665,688,10,5,0,0,2,27,7,739,49,6,,
HH,KT3A,HHKT3A,FUJI,A1E69002T1,230/115/22,200,2007,10/02/2024,24/02/2024,7727,48361,2146,831,17,7,0,0,2,1,6,864,50,7,,
HY1,KT1A,HY1KT1A,MEIDEN,8P9102T1,115/33/11,50,2004,07/07/2019,05/09/2019,13023,50018,2368,133,15,68,0,0,222,0,110,548,59,25,-,
HY1,KT1A,HY1KT1A,MEIDEN,8P9102T1,115/33/11,50,2004,12/07/2020,24/08/2020,13879,47126,2252,103,10,65,0,0,235,0,73,486,53,20,,
HY1,KT1A,HY1KT1A,MEIDEN,8P9102T1,115/33/11,50,2004,21/06/2021,27/06/2021,7334,65081,2931,141,16,94,0,2,282,0,139,674,,11,หลังเกิด Bouchholz Relay Trip,
HY1,KT1A,HY1KT1A,MEIDEN,8P9102T1,115/33/11,50,2004,02/08/2021,15/11/2021,12545,58541,2317,131,11,71,0,0,281,0,56,550,56,16,,
HY1,KT1A,HY1KT1A,MEIDEN,8P9102T1,115/33/11,50,2004,08/07/2022,24/07/2022,7680,59770,2454,164,23,45,0,13,295,10,142,692,54,11,,
HY1,KT1A,HY1KT1A,MEIDEN,8P9102T1,115/33/11,50,2004,09/07/2023,18/11/2023,6145,41623,2239,97,18,57,0,3,217,4,164,560,59,18,,
HY1,KT2A,HY1KT2A,MEIDEN,8P9102T2,115/33/11,50,2004,07/07/2019,05/09/2019,10088,60369,1544,100,4,64,0,2,209,0,114,493,59,24,-,
HY1,KT2A,HY1KT2A,MEIDEN,8P9102T2,115/33/11,50,2004,12/07/2020,24/08/2020,10486,58035,2157,107,8,68,0,2,217,0,112,514,51,19,,
HY1,KT2A,HY1KT2A,MEIDEN,8P9102T2,115/33/11,50,2004,02/08/2021,15/11/2021,15689,61137,2107,103,10,62,0,0,249,0,51,475,62,20,,
HY1,KT2A,HY1KT2A,MEIDEN,8P9102T2,115/33/11,50,2004,08/07/2022,25/07/2022,6600,66206,2852,124,14,58,0,4,285,0,92,577,59,13,,
HY1,KT2A,HY1KT2A,MEIDEN,8P9102T2,115/33/11,50,2004,09/07/2023,18/11/2023,7296,48886,2823,106,11,65,0,3,228,4,165,582,63,19,,
HY2,KT1A,HY2KT1A,HYUNDAI,T943017,115/33,50,2008,11/07/2019,05/09/2019,4567,49511,851,116,15,48,0,8,91,0,56,334,52,25,-,
HY2,KT1A,HY2KT1A,HYUNDAI,T943017,115/33,50,2008,12/07/2020,24/08/2020,4444,42773,468,66,25,45,0,2,60,0,55,253,,22,,
HY2,KT1A,HY2KT1A,HYUNDAI,T943017,115/33,50,2008,07/08/2021,15/11/2021,2830,57450,1323,92,4,50,0,3,97,28,109,383,49,26,,
HY2,KT1A,HY2KT1A,HYUNDAI,T943017,115/33,50,2008,14/08/2023,02/11/2023,5046,72593,1091,124,11,75,0,10,172,0,92,484,49,18,,
HY2,KT2A,HY2KT2A,HYUNDAI,T943016,115/33,50,2008,11/07/2019,05/09/2019,11162,45196,637,16,9,34,0,2,73,0,53,187,54,32,-,
HY2,KT2A,HY2KT2A,HYUNDAI,T943016,115/33,50,2008,12/07/2020,24/08/2020,6144,46254,891,13,11,33,0,0,110,0,28,195,,20,,
HY2,KT2A,HY2KT2A,HYUNDAI,T943016,115/33,50,2008,07/08/2021,15/11/2021,5860,45320,1392,17,7,34,0,0,85,12,83,238,52,17,,
HY2,KT2A,HY2KT2A,HYUNDAI,T943016,115/33,50,2008,14/08/2023,02/11/2023,6052,55237,1261,24,12,54,0,3,128,0,72,293,54,19,,
HY2,KT3A,HY2KT3A,JEUMONT SCHNEI,94169,230/121/33,200,2002,26/01/2019,07/04/2019,10988,43129,2223,314,23,8,0,2,10,5,13,375,51,35,-,
HY2,KT3A,HY2KT3A,JEUMONT SCHNEI,94169,230/121/33,200,2002,25/03/2019,25/08/2019,6473,41898,2797,366,12,14,0,0,30,0,20,442,56,24,-,
HY2,KT3A,HY2KT3A,JEUMONT SCHNEI,94169,230/121/33,200,2002,13/07/2019,05/09/2019,6943,35884,4190,433,38,26,0,0,17,0,0,514,50,29,-,
HY2,KT3A,HY2KT3A,JEUMONT SCHNEI,94169,230/121/33,200,2002,11/11/2019,12/11/2019,4433,36487,5308,433,36,31,0,0,35,0,22,557,60,20,-,
HY2,KT3A,HY2KT3A,JEUMONT SCHNEI,94169,230/121/33,200,2002,05/04/2020,15/05/2020,12481,46834,4250,405,23,24,0,0,15,0,0,467,55,22,,
HY2,KT3A,HY2KT3A,JEUMONT SCHNEI,94169,230/121/33,200,2002,12/07/2020,24/08/2020,13247,48305,3663,360,18,20,0,0,20,0,0,418,,26,,
HY2,KT3A,HY2KT3A,JEUMONT SCHNEI,94169,230/121/33,200,2002,07/08/2021,15/11/2021,10521,41145,4777,444,16,25,0,0,36,0,3,524,55,21,,
HY2,KT3A,HY2KT3A,JEUMONT SCHNEI,94169,230/121/33,200,2002,30/01/2022,14/02/2022,5439,33239,2017,190,10,0,0,0,4,0,0,204,56,11,,
HY2,KT3A,HY2KT3A,JEUMONT SCHNEI,94169,230/121/33,200,2002,10/07/2022,24/07/2022,11370,55790,2851,197,4,4,0,0,3,1,2,211,56,13,,
HY2,KT3A,HY2KT3A,JEUMONT SCHNEI,94169,230/121/33,200,2002,20/01/2023,11/03/2023,5581,31228,2856,268,10,12,0,0,9,0,0,299,50,20,,
HY2,KT3A,HY2KT3A,JEUMONT SCHNEI,94169,230/121/33,200,2002,14/08/2023,02/11/2023,7772,39504,3018,291,13,17,0,1,13,0,8,343,58,13,,
HY2,KT3A,HY2KT3A,JEUMONT SCHNEI,94169,230/121/33,200,2002,19/02/2024,09/04/2024,11328,36697,3207,295,10,10,0,0,5,0,6,326,57,20,,
HY2,KT4A,HY2KT4A,JEUMONT SCHENI,94170,230/121/33,200,2002,26/01/2019,07/04/2019,2707,44555,4109,434,32,58,0,23,32,0,0,579,56,39,-,
HY2,KT4A,HY2KT4A,JEUMONT SCHENI,94170,230/121/33,200,2002,25/03/2019,26/08/2019,12825,48850,3503,388,15,53,0,19,46,25,26,572,57,27,-,
HY2,KT4A,HY2KT4A,JEUMONT SCHENI,94170,230/121/33,200,2002,13/07/2019,05/09/2019,8748,43627,3245,343,25,51,0,22,22,27,14,504,58,32,-,
HY2,KT4A,HY2KT4A,JEUMONT SCHENI,94170,230/121/33,200,2002,05/01/2020,09/02/2020,14541,45548,985,73,7,0,0,0,0,0,0,80,57,24,ตามผลหลังจากซ่อมแล้วใช้งาน,
HY2,KT4A,HY2KT4A,JEUMONT SCHENI,94170,230/121/33,200,2002,05/04/2020,15/05/2020,14183,45085,2485,293,12,12,0,7,0,0,0,324,60,19,,
HY2,KT4A,HY2KT4A,JEUMONT SCHENI,94170,230/121/33,200,2002,12/07/2020,24/08/2020,18472,50939,2418,219,6,10,0,3,0,3,2,243,,24,,
HY2,KT4A,HY2KT4A,JEUMONT SCHENI,94170,230/121/33,200,2002,03/08/2020,13/09/2020,26523,59658,1899,111,2,8,0,4,0,3,1,129,53,22,Research,
HY2,KT4A,HY2KT4A,JEUMONT SCHENI,94170,230/121/33,200,2002,07/08/2021,15/11/2021,6450,40210,5893,372,7,15,0,0,8,6,5,413,62,7,,
HY2,KT4A,HY2KT4A,JEUMONT SCHENI,94170,230/121/33,200,2002,30/01/2022,14/02/2022,5020,42539,4794,443,15,19,0,5,23,0,0,505,61,12,,
HY2,KT4A,HY2KT4A,JEUMONT SCHENI,94170,230/121/33,200,2002,10/07/2022,24/07/2022,11092,45390,5064,465,16,8,0,4,14,0,0,507,60,14,,
HY2,KT4A,HY2KT4A,JEUMONT SCHENI,94170,230/121/33,200,2002,20/01/2023,11/03/2023,10042,34725,4812,483,9,7,0,0,4,0,0,503,54,12,,
HY2,KT4A,HY2KT4A,JEUMONT SCHENI,94170,230/121/33,200,2002,14/08/2023,02/11/2023,10959,46231,3548,424,14,9,0,7,4,3,5,466,63,13,,
HY2,KT4A,HY2KT4A,JEUMONT SCHENI,94170,230/121/33,200,2002,19/02/2024,09/04/2024,4638,33317,3449,326,14,13,0,0,0,0,0,353,60,15,,
HY2,KT5A,HY2KT5A,DAIHEN,5BK013801,230/115/33,200,2011,26/01/2019,07/04/2019,13633,48792,2124,103,11,31,0,0,70,0,20,235,62,21,-,
HY2,KT5A,HY2KT5A,DAIHEN,5BK013801,230/115/33,200,2011,13/07/2019,05/09/2019,4549,30931,2257,112,15,36,0,0,74,0,21,258,61,26,-,
HY2,KT5A,HY2KT5A,DAIHEN,5BK013801,230/115/33,200,2011,11/11/2019,12/11/2019,4891,39595,2801,118,15,46,0,0,86,0,35,300,-,8,-,
HY2,KT5A,HY2KT5A,DAIHEN,5BK013801,230/115/33,200,2011,05/04/2020,15/05/2020,13909,41179,2318,103,9,36,0,0,82,0,22,252,62,22,,
HY2,KT5A,HY2KT5A,DAIHEN,5BK013801,230/115/33,200,2011,12/07/2020,24/08/2020,6932,52121,1873,52,28,26,0,0,72,0,46,224,52,14,,
HY2,KT5A,HY2KT5A,DAIHEN,5BK013801,230/115/33,200,2011,07/08/2021,15/11/2021,14405,41653,2710,110,8,37,0,0,115,0,15,285,66,20,,
HY2,KT5A,HY2KT5A,DAIHEN,5BK013801,230/115/33,200,2011,30/01/2022,14/02/2022,4867,34059,3776,132,15,50,0,0,122,0,37,356,69,6,,
HY2,KT5A,HY2KT5A,DAIHEN,5BK013801,230/115/33,200,2011,10/07/2022,24/07/2022,4900,49120,4484,197,10,40,0,0,93,3,48,391,66,10,,
HY2,KT5A,HY2KT5A,DAIHEN,5BK013801,230/115/33,200,2011,20/01/2023,11/03/2023,7784,36613,4658,212,9,54,0,0,101,0,40,416,60,16,,
HY2,KT5A,HY2KT5A,DAIHEN,5BK013801,230/115/33,200,2011,14/08/2023,02/11/2023,9704,60892,3848,133,7,43,0,1,133,0,49,366,69,25,,
HY2,KT5A,HY2KT5A,DAIHEN,5BK013801,230/115/33,200,2011,19/02/2024,09/04/2024,8567,36704,4367,145,8,55,0,0,106,0,58,372,70,14,,
KA,KT1A,KAKT1A,VOLTA WERKE,60538-002,115/33,25,1993,18/03/2019,06/07/2019,11435,42104,929,155,18,31,0,3,60,0,32,299,50,25,-,
KA,KT1A,KAKT1A,VOLTA WERKE,60538-002,115/33,25,1993,15/09/2019,23/11/2019,5620,82960,0,0,39,42,0,0,89,0,61,231,34,21,-,
KA,KT1A,KAKT1A,VOLTA WERKE,60538-002,115/33,25,1993,11/09/2020,16/11/2020,8042,69739,1472,170,23,39,0,0,99,28,0,359,52,12,,
KA,KT1A,KAKT1A,VOLTA WERKE,60538-002,115/33,25,1993,20/09/2021,16/11/2021,3650,69000,1907,154,14,47,0,1,101,14,80,411,58,17,,
KA,KT1A,KAKT1A,VOLTA WERKE,60538-002,115/33,25,1993,16/09/2022,08/10/2022,2843,74301,1936,171,4,54,0,4,130,8,77,448,29,12,,
KA,KT1A,KAKT1A,VOLTA WERKE,60538-002,115/33,25,1993,07/10/2023,20/01/2023,11600,58550,2473,149,4,41,0,9,135,8,91,437,30,20,,
KA,KT2A,KAKT2A,VOLTA WERKE,60476-001,115/13/3.3,25,1993,18/03/2019,30/06/2019,9780,41359,1978,189,11,20,0,0,34,0,11,265,44,28,-,
KA,KT2A,KAKT2A,VOLTA WERKE,60476-001,115/13/3.3,25,1993,15/09/2019,22/11/2019,7710,39800,0,0,18,33,0,0,44,0,26,121,46,22,-,
KA,KT2A,KAKT2A,VOLTA WERKE,60476-001,115/13/3.3,25,1993,11/09/2020,15/11/2020,9090,54090,713,52,25,10,0,0,17,2,10,116,40,16,,
KA,KT2A,KAKT2A,VOLTA WERKE,60476-001,115/13/3.3,25,1993,20/09/2021,17/11/2021,11582,41795,2846,215,14,18,0,0,37,0,0,284,62,24,,
KA,KT2A,KAKT2A,VOLTA WERKE,60476-001,115/13/3.3,25,1993,16/09/2022,08/10/2022,18704,47566,2955,194,10,1,0,1,42,0,20,268,60,18,,
KA,KT2A,KAKT2A,VOLTA WERKE,60476-001,115/13/3.3,25,1993,07/10/2023,26/10/2023,10084,46494,3367,215,11,39,0,0,45,0,26,336,46,9,,
KA,KT3A,KAKT3A,MITSUBISHI,9816102102,230/121/33,200,1993,18/03/2019,30/06/2019,13080,45274,1281,299,7,0,0,0,7,0,0,313,50,31,-,
KA,KT3A,KAKT3A,MITSUBISHI,9816102102,230/121/33,200,1993,15/09/2019,22/11/2019,12370,48460,0,0,17,8,0,4,0,0,5,34,54,21,-,
KA,KT3A,KAKT3A,MITSUBISHI,9816102102,230/121/33,200,1993,14/06/2020,11/08/2020,10594,50262,2442,310,28,4,0,0,4,0,5,351,49,20,,
KA,KT3A,KAKT3A,MITSUBISHI,9816102102,230/121/33,200,1993,11/09/2020,15/11/2020,21780,40380,704,67,20,3,0,0,3,8,3,104,49,13,,
KA,KT3A,KAKT3A,MITSUBISHI,9816102102,230/121/33,200,1993,13/03/2021,23/05/2021,8512,57360,2331,284,3,10,0,1,3,3,7,311,54,12,,
KA,KT3A,KAKT3A,MITSUBISHI,9816102102,230/121/33,200,1993,20/09/2021,18/11/2021,7869,40674,1866,423,13,0,0,0,14,0,0,450,50,14,,
KA,KT3A,KAKT3A,MITSUBISHI,9816102102,230/121/33,200,1993,12/03/2022,25/04/2022,4316,36499,2801,442,2,7,0,0,6,2,4,463,50,7,,
KA,KT3A,KAKT3A,MITSUBISHI,9816102102,230/121/33,200,1993,16/09/2022,08/10/2022,9484,40919,2208,507,8,3,0,1,11,0,7,537,55,14,,
KA,KT3A,KAKT3A,MITSUBISHI,9816102102,230/121/33,200,1993,04/03/2023,09/04/2023,9054,43139,2361,571,7,8,0,0,9,0,0,595,50,6,,
KA,KT3A,KAKT3A,MITSUBISHI,9816102102,230/121/33,200,1993,07/10/2023,26/10/2023,14661,54673,2142,530,9,10,0,1,12,2,4,568,0,8,,
KA,KT3A,KAKT3A,MITSUBISHI,9816102102,230/121/33,200,1993,03/03/2024,09/04/2024,12280,39800,2968,547,4,21,0,56,16,90,10,744,52,14,,
KA,KT4A,KAKT4A,MITSUBISHI,9816102101,230/121/33,200,1993,18/03/2019,06/07/2019,11715,41561,998,298,3,5,0,1,4,1,3,315,55,21,-,
KA,KT4A,KAKT4A,MITSUBISHI,9816102101,230/121/33,200,1993,15/09/2019,23/11/2019,9830,47310,0,0,12,9,0,4,0,0,0,25,55,16,-,
KA,KT4A,KAKT4A,MITSUBISHI,9816102101,230/121/33,200,1993,24/04/2020,26/05/2020,17091,65481,821,203,32,5,0,0,5,0,6,251,60,21,,
KA,KT4A,KAKT4A,MITSUBISHI,9816102101,230/121/33,200,1993,11/09/2020,15/11/2020,12240,104890,940,120,17,4,0,0,4,138,3,286,57,11,,
KA,KT4A,KAKT4A,MITSUBISHI,9816102101,230/121/33,200,1993,13/03/2021,11/05/2021,3185,44721,1205,195,16,8,0,0,6,0,2,227,54,9,,
KA,KT4A,KAKT4A,MITSUBISHI,9816102101,230/121/33,200,1993,20/09/2021,17/11/2021,9276,41770,1761,422,5,0,0,0,9,0,0,436,49,18,,
KA,KT4A,KAKT4A,MITSUBISHI,9816102101,230/121/33,200,1993,12/03/2022,25/04/2022,5755,41257,2259,426,2,8,0,1,6,2,6,451,40,6,,
KA,KT4A,KAKT4A,MITSUBISHI,9816102101,230/121/33,200,1993,16/09/2022,08/10/2022,7826,40448,2122,509,7,2,0,1,13,0,7,539,58,7,,
KA,KT4A,KAKT4A,MITSUBISHI,9816102101,230/121/33,200,1993,04/03/2023,09/04/2023,7536,41565,2137,553,7,8,0,0,6,0,0,574,56,12,,
KA,KT4A,KAKT4A,MITSUBISHI,9816102101,230/121/33,200,1993,07/10/2023,26/10/2023,17066,56879,2233,476,7,10,0,1,7,2,6,509,40,11,,
KA,KT4A,KAKT4A,MITSUBISHI,9816102101,230/121/33,200,1993,03/03/2024,09/04/2024,8704,40810,1744,458,6,11,0,2,5,2,4,488,52,11,,
KB1,KT1A,KB1KT1A,MEIDENSHA,5F9902T2,115/22,25,1993,08/04/2019,21/06/2019,8003,37916,4410,161,8,49,0,7,128,0,77,430,55,24,-,
KB1,KT1A,KB1KT1A,MEIDENSHA,5F9902T2,115/22,25,1993,23/04/2021,11/06/2021,3440,77400,5868,135,49,43,0,0,96,32,78,433,58,19,,
KB1,KT1A,KB1KT1A,MEIDENSHA,5F9902T2,115/22,25,1993,24/04/2022,13/05/2022,2925,46392,3627,127,17,48,0,30,113,8,85,428,62,5,,
KB1,KT1A,KB1KT1A,MEIDENSHA,5F9902T2,115/22,25,1993,21/04/2023,06/05/2023,4720,42540,3600,120,7,57,0,5,115,27,94,425,55,9,,
KB1,KT1A,KB1KT1A,MEIDENSHA,5F9902T2,115/22,25,1993,29/04/2024,06/05/2024,2346,30799,5634,241,14,67,0,10,148,0,89,569,53,6,,
KB1,KT2A,KB1KT2A,MEIDEN,8R8405T1,115/22,50,2008,23/04/2021,11/06/2021,2710,26430,2697,155,44,128,0,2,317,19,261,926,63,10,,
KB1,KT2A,KB1KT2A,MEIDEN,8R8405T1,115/22,50,2008,24/04/2022,13/05/2022,5941,48848,1736,127,10,159,0,12,479,19,377,1183,62,9,,
KB1,KT2A,KB1KT2A,MEIDEN,8R8405T1,115/22,50,2008,21/04/2023,07/05/2023,3911,80200,2142,235,5,244,0,12,623,33,394,1546,60,10,,
KB1,KT2A,KB1KT2A,MEIDEN,8R8405T1,115/22,50,2008,29/04/2024,06/05/2024,3157,61696,2436,259,11,258,0,8,794,0,503,1833,63,5,,
KB1,KT3A,KB1KT3A,MITSUBISHI,556261,115/22,25,1985,08/04/2019,21/06/2019,10097,32587,1863,109,7,16,0,0,36,0,39,207,52,26,-,
KB1,KT3A,KB1KT3A,MITSUBISHI,556261,115/22,25,1985,20/06/2020,05/07/2020,9052,32264,1924,135,11,15,0,0,30,0,0,191,,13,research,
KB1,KT3A,KB1KT3A,MITSUBISHI,556261,115/22,25,1985,23/04/2021,11/06/2021,18420,45590,1263,51,43,10,0,0,14,2,11,131,54,26,,
KB1,KT3A,KB1KT3A,MITSUBISHI,556261,115/22,25,1985,04/06/2021,04/06/2021,3285,28142,214,37,6,13,0,3,26,4,23,112,30,13,เกิด Buchholz  trip,
KB1,KT3A,KB1KT3A,MITSUBISHI,556261,115/22,25,1985,24/04/2022,13/05/2022,10281,28336,1881,100,10,8,0,2,30,3,3,156,63,16,,
KB1,KT3A,KB1KT3A,MITSUBISHI,556261,115/22,25,1985,21/04/2023,07/05/2023,5996,37579,2008,134,3,17,0,5,32,3,30,224,48,22,,
KB1,KT3A,KB1KT3A,MITSUBISHI,556261,115/22,25,1985,29/04/2024,06/05/2024,4996,26799,2744,163,13,22,0,3,23,0,16,240,53,16,,
KB2,KT1A,KB2KT1A,JEUMONT,92198,230/115/22,200,1995,06/09/2020,11/09/2020,14513,31161,278,0,2,0,0,0,0,0,0,2,,14,ก่อนทดสอบ High Voltage,
KB2,KT1A,KB2KT1A,JEUMONT,92198,230/115/22,200,1995,27/07/2021,08/10/2021,11476,19943,163,4,6,0,0,0,0,0,0,6,,12,ก่อนนำเข้าใช้งาน,
KB2,KT1A,KB2KT1A,JEUMONT,92198,230/115/22,200,1995,08/04/2022,08/05/2022,20805,61458,622,52,12,1,0,1,0,2,0,68,70,14,,
KB2,KT1A,KB2KT1A,JEUMONT,92198,230/115/22,200,1995,01/10/2022,07/11/2022,26262,67190,1221,178,8,3,0,6,2,4,2,203,70,20,,
KB2,KT1A,KB2KT1A,JEUMONT,92198,230/115/22,200,1995,22/04/2023,07/05/2023,15819,70996,1892,321,16,5,0,10,3,7,2,364,65,18,,
KB2,KT1A,KB2KT1A,JEUMONT,92198,230/115/22,200,1995,08/09/2023,15/01/2023,28140,43570,1694,200,5,8,0,10,3,28,1,255,70,27,,
KB2,KT1A,KB2KT1A,JEUMONT,92198,230/115/22,200,1995,28/04/2024,06/05/2024,19660,55294,3121,584,19,9,0,13,0,0,0,625,63,8,,
KK1,KT1A,KK1KT1A,MEIDEN,8P9097T1,115/22/11,50,2004,12/02/2019,10/05/2019,11967,53665,2246,107,34,67,0,0,193,0,89,490,73,28,-,
KK1,KT1A,KK1KT1A,MEIDEN,8P9097T1,115/22/11,50,2004,06/02/2020,28/02/2020,7215,56694,1733,120,76,89,0,0,253,0,149,687,58,7,,
KK1,KT1A,KK1KT1A,MEIDEN,8P9097T1,115/22/11,50,2004,11/02/2022,31/03/2022,6977,50609,2662,116,53,69,0,2,218,17,62,319,54,6,,
KK1,KT1A,KK1KT1A,MEIDEN,8P9097T1,115/22/11,50,2004,03/08/2023,07/09/2023,11880,43620,2708,135,26,63,0,2,193,6,130,555,58,12,,
KK1,KT1A,KK1KT1A,MEIDEN,8P9097T1,115/22/11,50,2004,08/02/2024,18/03/2024,6041,45933,2191,133,37,76,0,5,230,8,110,599,59,10,,
KK1,KT2A,KK1KT2A,DAIHEN,EDP011902,115/22,50,2012,12/02/2019,10/05/2019,14658,49659,1353,401,17,2,0,3,0,2,0,425,49,13,-,
KK1,KT2A,KK1KT2A,DAIHEN,EDP011902,115/22,50,2012,06/02/2020,28/02/2020,9703,39157,1255,463,53,3,0,0,0,0,0,519,48,7,,
KK1,KT2A,KK1KT2A,DAIHEN,EDP011902,115/22,50,2012,05/02/2021,08/03/2021,10367,54273,1418,229,5,0,0,3,1,2,2,242,43,6,,
KK1,KT2A,KK1KT2A,DAIHEN,EDP011902,115/22,50,2012,11/02/2022,28/03/2022,11390,60890,1891,408,39,2,0,2,1,83,3,538,44,16,,
KK1,KT2A,KK1KT2A,DAIHEN,EDP011902,115/22,50,2012,10/02/2023,10/03/2023,13985,44255,1967,695,15,1,0,8,4,1,1,725,47,10,,
KK1,KT2A,KK1KT2A,DAIHEN,EDP011902,115/22,50,2012,08/02/2024,17/03/2024,15166,46667,1936,681,17,7,0,10,2,5,3,725,49,9,,
KK1,KT3A,KK1KT3A,MITSUBISHI,8134150101,230/115/22,200,1995,12/02/2019,12/05/2019,8929,58151,1473,56,10,168,0,5,453,0,448,1140,58,14,-,
KK1,KT3A,KK1KT3A,MITSUBISHI,8134150101,230/115/22,200,1995,02/06/2019,22/06/2019,4763,42859,1978,80,10,233,0,5,505,0,456,1289,40,19,Tx.trip sudden pressure relay.,
KK1,KT3A,KK1KT3A,MITSUBISHI,8134150101,230/115/22,200,1995,02/09/2019,28/09/2019,9021,48377,1837,82,34,251,0,4,648,0,717,1736,55,21,-,
KK1,KT3A,KK1KT3A,MITSUBISHI,8134150101,230/115/22,200,1995,07/02/2020,28/02/2020,12352,66293,1099,43,44,174,0,0,548,0,804,1613,51,14,,
KK1,KT3A,KK1KT3A,MITSUBISHI,8134150101,230/115/22,200,1995,22/08/2020,12/09/2020,7266,69405,1503,59,11,198,0,4,519,0,526,1317,50,18,,
KK1,KT3A,KK1KT3A,MITSUBISHI,8134150101,230/115/22,200,1995,12/09/2021,08/11/2021,34050,64650,1063,19,7,57,0,0,298,0,92,473,55,17,,
KK1,KT3A,KK1KT3A,MITSUBISHI,8134150101,230/115/22,200,1995,11/02/2022,31/03/2022,10713,63724,2133,65,8,172,0,9,534,0,103,891,55,8,,
KK1,KT3A,KK1KT3A,MITSUBISHI,8134150101,230/115/22,200,1995,03/08/2022,14/08/2022,9240,85960,2628,81,8,176,0,2,484,40,614,1405,55,17,,
KK1,KT3A,KK1KT3A,MITSUBISHI,8134150101,230/115/22,200,1995,10/02/2023,09/03/2023,13534,80557,1897,68,2,236,0,5,658,0,698,1667,0,10,,
KK1,KT3A,KK1KT3A,MITSUBISHI,8134150101,230/115/22,200,1995,03/08/2023,08/09/2023,8750,56850,2738,91,5,178,0,2,483,22,621,1402,56,13,,
KK1,KT3A,KK1KT3A,MITSUBISHI,8134150101,230/115/22,200,1995,08/02/2024,18/03/2024,7977,58589,2136,80,22,229,0,6,634,25,606,1602,0,15,,
KK1,KT4A,KK1KT4A,MITSUBISHI,8134150102,230/115/22,200,1995,12/02/2019,10/05/2019,6406,62718,1397,48,12,154,0,4,382,0,373,973,56,23,-,
KK1,KT4A,KK1KT4A,MITSUBISHI,8134150102,230/115/22,200,1995,02/09/2019,28/09/2019,14324,61373,1608,45,5,158,0,4,459,0,507,1178,54,29,-,
KK1,KT4A,KK1KT4A,MITSUBISHI,8134150102,230/115/22,200,1995,07/02/2020,28/02/2020,9234,71606,1352,55,40,212,0,0,548,0,667,1522,56,10,,
KK1,KT4A,KK1KT4A,MITSUBISHI,8134150102,230/115/22,200,1995,13/03/2020,10/05/2020,7715,57665,1468,58,10,176,0,4,466,0,477,1191,,14,research,
KK1,KT4A,KK1KT4A,MITSUBISHI,8134150102,230/115/22,200,1995,22/08/2020,12/09/2020,6964,50003,1186,43,8,99,0,3,301,0,371,825,51,15,,
KK1,KT4A,KK1KT4A,MITSUBISHI,8134150102,230/115/22,200,1995,05/02/2021,09/03/2021,12047,61321,763,0,7,0,0,0,212,0,209,428,53,24,,
KK1,KT4A,KK1KT4A,MITSUBISHI,8134150102,230/115/22,200,1995,12/09/2021,08/11/2021,28145,55758,1000,18,5,44,0,0,202,0,75,344,55,15,,
KK1,KT4A,KK1KT4A,MITSUBISHI,8134150102,230/115/22,200,1995,11/02/2022,31/03/2022,7274,43085,1776,40,8,88,0,7,320,0,69,532,56,14,,
KK1,KT4A,KK1KT4A,MITSUBISHI,8134150102,230/115/22,200,1995,03/08/2022,14/08/2022,7700,55960,1868,57,6,77,0,1,354,26,395,916,58,13,,
KK1,KT4A,KK1KT4A,MITSUBISHI,8134150102,230/115/22,200,1995,10/02/2023,10/03/2023,4368,43862,1603,52,8,125,0,0,330,0,351,866,57,14,,
KK1,KT4A,KK1KT4A,MITSUBISHI,8134150102,230/115/22,200,1995,03/08/2023,09/09/2023,4242,48361,1685,58,11,142,0,13,395,33,369,1021,58,16,,
KK1,KT4A,KK1KT4A,MITSUBISHI,8134150102,230/115/22,200,1995,08/02/2024,19/03/2024,5509,42374,1686,54,7,124,0,2,348,22,420,977,58,10,,
KK1,KT5A,KK1KT5A,FUJI,AV69020T1,230/115/22,200,1998,12/02/2019,12/05/2019,10185,46936,1001,74,40,46,0,6,164,0,75,405,55,23,-,
KK1,KT5A,KK1KT5A,FUJI,AV69020T1,230/115/22,200,1998,02/09/2019,28/09/2019,9504,37612,968,98,17,32,0,0,165,0,74,386,52,11,-,
KK1,KT5A,KK1KT5A,FUJI,AV69020T1,230/115/22,200,1998,07/02/2020,27/02/2020,4873,56165,1126,107,88,80,0,3,269,23,174,744,53,9,,
KK1,KT5A,KK1KT5A,FUJI,AV69020T1,230/115/22,200,1998,22/08/2020,12/09/2020,4974,51987,1057,86,50,56,0,8,203,0,111,514,51,8,,
KK1,KT5A,KK1KT5A,FUJI,AV69020T1,230/115/22,200,1998,05/02/2021,09/03/2021,5855,60407,906,74,48,40,0,2,290,24,134,612,51,10,,
KK1,KT5A,KK1KT5A,FUJI,AV69020T1,230/115/22,200,1998,12/09/2021,08/11/2021,18718,51470,1058,69,20,38,0,5,186,0,39,357,55,10,,
KK1,KT5A,KK1KT5A,FUJI,AV69020T1,230/115/22,200,1998,11/02/2022,28/03/2022,6989,46471,1317,81,34,155,0,8,252,0,121,651,54,15,,
KK1,KT5A,KK1KT5A,FUJI,AV69020T1,230/115/22,200,1998,03/08/2022,14/08/2022,4440,60760,1593,85,64,151,0,3,295,11,145,754,56,10,,
KK1,KT5A,KK1KT5A,FUJI,AV69020T1,230/115/22,200,1998,10/02/2023,10/03/2023,7602,48626,1319,96,33,67,0,4,233,0,116,549,56,12,,
KK1,KT5A,KK1KT5A,FUJI,AV69020T1,230/115/22,200,1998,03/08/2023,07/09/2023,9200,43630,1955,127,20,56,0,4,213,7,166,593,57,11,,
KK1,KT5A,KK1KT5A,FUJI,AV69020T1,230/115/22,200,1998,08/02/2024,18/03/2024,6622,47168,1399,102,27,67,0,7,257,8,139,607,61,8,,
KK1,KT6A,KK1KT6A,ABB,56040,115/22,50,2011,12/02/2019,10/05/2019,15566,47307,2440,640,9,0,0,0,0,0,0,649,42,23,-,
KK1,KT6A,KK1KT6A,ABB,56040,115/22,50,2011,06/02/2020,27/02/2020,13406,57064,2176,899,30,3,0,0,1,0,0,933,39,13,,
KK1,KT6A,KK1KT6A,ABB,56040,115/22,50,2011,05/02/2021,08/03/2021,12525,57886,1610,299,5,0,0,0,1,1,0,306,36,18,,
KK1,KT6A,KK1KT6A,ABB,56040,115/22,50,2011,11/02/2022,28/03/2022,10417,58073,3935,1178,6,10,0,4,1,1,1,1201,42,15,,
KK1,KT6A,KK1KT6A,ABB,56040,115/22,50,2011,10/02/2023,09/03/2023,20557,70820,3400,1141,20,8,0,6,1,2,3,1181,47,26,,
KK1,KT6A,KK1KT6A,ABB,56040,115/22,50,2011,08/02/2024,19/03/2024,12696,46842,4150,1198,7,9,0,10,1,18,1,1244,53,14,,
KK2,KT1A,KK2KT1A,MEIDEN,8T9796T1,115/22,50,2012,07/03/2019,27/04/2019,13673,54636,2148,638,7,17,0,0,4,0,0,666,53,24,-,
KK2,KT1A,KK2KT1A,MEIDEN,8T9796T1,115/22,50,2012,06/03/2020,28/03/2020,9936,51495,2434,724,6,16,0,0,5,0,6,757,67,10,,
KK2,KT1A,KK2KT1A,MEIDEN,8T9796T1,115/22,50,2012,19/02/2021,20/05/2021,16589,65207,1434,531,15,16,0,6,4,3,4,579,66,29,,
KK2,KT1A,KK2KT1A,MEIDEN,8T9796T1,115/22,50,2012,14/01/2022,08/02/2022,10118,63521,3623,870,12,0,0,6,5,0,0,893,54,14,,
KK2,KT1A,KK2KT1A,MEIDEN,8T9796T1,115/22,50,2012,12/01/2023,04/02/2023,9507,63123,3676,945,6,19,0,5,7,0,0,982,48,8,,
KK2,KT1A,KK2KT1A,MEIDEN,8T9796T1,115/22,50,2012,11/01/2024,11/02/2024,17516,45201,3587,969,12,10,0,2,2,3,2,1000,59,8,,
KK2,KT2A,KK2KT2A,MEIDEN,8T9796T2,115/22,50,2012,07/03/2019,27/04/2019,11531,60237,2640,889,10,12,0,4,0,0,0,915,50,20,-,
KK2,KT2A,KK2KT2A,MEIDEN,8T9796T2,115/22,50,2012,06/03/2020,26/03/2020,11003,67164,2666,896,6,13,0,0,4,0,3,922,63,9,,
KK2,KT2A,KK2KT2A,MEIDEN,8T9796T2,115/22,50,2012,19/02/2021,21/05/2021,21669,78804,2912,1029,7,13,0,5,3,2,3,462,61,18,,
KK2,KT2A,KK2KT2A,MEIDEN,8T9796T2,115/22,50,2012,06/06/2021,28/06/2021,11818,72224,3795,1217,11,17,0,5,0,3,4,1257,55,11,,
KK2,KT2A,KK2KT2A,MEIDEN,8T9796T2,115/22,50,2012,14/01/2022,11/02/2022,8577,80548,4023,1234,2,26,0,6,3,2,2,1275,54,10,,
KK2,KT2A,KK2KT2A,MEIDEN,8T9796T2,115/22,50,2012,12/01/2023,04/02/2023,12993,62572,3820,1004,9,13,0,7,5,0,0,1038,44,8,,
KK2,KT2A,KK2KT2A,MEIDEN,8T9796T2,115/22,50,2012,11/01/2024,11/02/2024,16470,27170,3933,1070,3,7,0,4,1,3,2,1090,58,9,,
KKC-P,KT3A,KKC-PKT3A,FUJI,AN69051T22,115/22,25,1998,08/02/2020,16/02/2020,19634,55348,285,15,1,2,0,0,0,0,0,18,35,15,หม้อแปลงย้ายมาจาก สฟ.กำแพงแสน,
KKC-P,KT3A,KKC-PKT3A,FUJI,AN69051T22,115/22,25,1998,16/01/2021,01/02/2021,3950,24330,685,49,37,10,0,0,5,2,2,105,46,11,,
KKC-P,KT3A,KKC-PKT3A,FUJI,AN69051T22,115/22,25,1998,24/01/2022,05/02/2022,2315,14873,934,104,2,15,0,2,14,2,5,144,46,18,,
KKC-P,KT3A,KKC-PKT3A,FUJI,AN69051T22,115/22,25,1998,21/01/2023,27/01/2023,3859,24988,988,122,2,21,0,2,29,2,17,195,48,8,,
KKC-P,KT3A,KKC-PKT3A,FUJI,AN69051T22,115/22,25,1998,19/01/2024,19/02/2024,9221,34373,990,111,2,31,0,3,34,3,17,201,43,14,,
KKC-P,KT3A,KKC-PKT3A,FUJI,AN69051T22,115/22,25,1998,21/05/2024,26/05/2024,11376,42791,1029,99,3,28,0,3,51,0,30,214,42,26,,
KL,KT1A,KLKT1A,DAIHEN,EDP011908,115/22/11,50,2013,19/04/2020,17/05/2020,11558,63227,1572,802,12,4,0,2,2,1,5,828,52,12,,
KL,KT1A,KLKT1A,DAIHEN,EDP011908,115/22/11,50,2013,20/02/2021,21/05/2021,10588,48287,1739,694,18,0,0,7,58,0,0,777,51,17,,
KL,KT1A,KLKT1A,DAIHEN,EDP011908,115/22/11,50,2013,29/01/2022,20/02/2022,10432,64407,1995,550,14,3,0,3,2,3,3,578,50,11,,
KL,KT1A,KLKT1A,DAIHEN,EDP011908,115/22/11,50,2013,27/01/2023,13/02/2023,7830,60470,2114,778,8,5,0,6,2,31,6,836,45,8,,
KL,KT1A,KLKT1A,DAIHEN,EDP011908,115/22/11,50,2013,26/01/2024,10/03/2024,8374,38378,2000,520,7,3,0,7,1,3,4,545,48,13,,
KL,KT2A,KLKT2A,DAIHEN,EDP011907,115/22/11,50,2013,19/04/2020,17/05/2020,13439,64905,1750,882,65,9,0,2,10,3,12,983,53,10,,
KL,KT2A,KLKT2A,DAIHEN,EDP011907,115/22/11,50,2013,13/10/2020,16/10/2020,4797,54671,2158,976,26,5,0,5,6,7,6,1031,50,7,หลังจาก Trip ด้วย Bouchholz relay,
KL,KT2A,KLKT2A,DAIHEN,EDP011907,115/22/11,50,2013,20/02/2021,14/06/2021,6097,54671,2052,358,40,5,0,3,4,5,6,421,54,9,,
KL,KT2A,KLKT2A,DAIHEN,EDP011907,115/22/11,50,2013,29/01/2022,20/02/2022,8947,63684,2145,599,7,6,0,3,6,2,7,630,50,7,,
KL,KT2A,KLKT2A,DAIHEN,EDP011907,115/22/11,50,2013,27/01/2023,13/02/2023,10846,63849,2703,1195,27,14,0,12,11,7,14,1280,48,8,,
KL,KT2A,KLKT2A,DAIHEN,EDP011907,115/22/11,50,2013,26/01/2024,09/03/2024,7193,47072,2529,1161,26,12,0,12,9,15,3,1238,50,9,,
KLA,KT1A,KLAKT1A,MEIDEN,8T9669T1,115/22,50,2013,16/03/2020,22/03/2020,10888,48166,4481,920,17,12,0,0,4,0,0,953,52,19,,
KLA,KT1A,KLAKT1A,MEIDEN,8T9669T1,115/22,50,2013,12/03/2022,20/03/2022,7036,54713,4340,1022,3,19,0,13,4,6,2,1069,58,15,,
KLA,KT1A,KLAKT1A,MEIDEN,8T9669T1,115/22,50,2013,09/09/2022,16/09/2022,12874,66972,4582,965,4,7,0,8,3,3,0,990,58,10,,
KLA,KT1A,KLAKT1A,MEIDEN,8T9669T1,115/22,50,2013,15/05/2023,20/05/2023,8770,55150,4957,981,2,27,0,29,5,6,4,1054,54,15,,
KLA,KT1A,KLAKT1A,MEIDEN,8T9669T1,115/22,50,2013,08/02/2024,25/02/2024,11161,50554,5234,1045,18,10,0,17,7,6,4,1107,63,13,,
KLA,KT2A,KLAKT2A,MEIDEN,8T9669T2,115/22,50,2013,16/03/2020,22/03/2020,7384,48229,4038,961,17,15,0,0,5,0,2,1000,54,10,,
KLA,KT2A,KLAKT2A,MEIDEN,8T9669T2,115/22,50,2013,12/03/2022,19/03/2022,11570,67470,3602,423,3,6,0,1,3,0,2,438,58,11,,
KLA,KT2A,KLAKT2A,MEIDEN,8T9669T2,115/22,50,2013,09/09/2022,16/09/2022,10253,77914,4129,849,4,8,0,3,5,0,3,872,53,9,,
KLA,KT2A,KLAKT2A,MEIDEN,8T9669T2,115/22,50,2013,22/04/2023,28/04/2023,10490,65160,4370,956,3,31,0,4,4,3,4,1005,48,13,,
KLA,KT2A,KLAKT2A,MEIDEN,8T9669T2,115/22,50,2013,08/02/2024,25/02/2024,12638,86874,4987,1024,7,16,0,12,6,4,5,1074,62,11,,
KLM,KT1A,KLMKT1A,TRAFO UNION,N407924,230/115/22,200,1999,12/01/2019,07/03/2019,8201,48090,2280,429,23,4,0,0,2,1,3,462,52,17,-,
KLM,KT1A,KLMKT1A,TRAFO UNION,N407924,230/115/22,200,1999,23/01/2020,07/02/2020,23420,66584,1803,220,23,5,0,0,10,92,10,360,59,8,,
KLM,KT1A,KLMKT1A,TRAFO UNION,N407924,230/115/22,200,1999,25/01/2021,16/03/2021,7459,33596,3562,476,29,0,0,0,20,0,0,525,66,11,,
KLM,KT1A,KLMKT1A,TRAFO UNION,N407924,230/115/22,200,1999,19/12/2021,29/01/2022,4429,35724,4767,423,46,4,0,0,7,0,7,487,60,14,,
KLM,KT1A,KLMKT1A,TRAFO UNION,N407924,230/115/22,200,1999,15/07/2022,22/07/2022,3075,38762,5841,452,38,7,0,0,4,0,10,511,70,9,,
KLM,KT1A,KLMKT1A,TRAFO UNION,N407924,230/115/22,200,1999,04/03/2023,12/03/2023,2910,33490,5908,602,25,8,0,0,5,8,10,658,40,6,,
KLM,KT1A,KLMKT1A,TRAFO UNION,N407924,230/115/22,200,1999,05/08/2023,12/08/2023,10478,27386,6048,607,14,21,0,2,6,3,9,662,54,6,,
KLM,KT1A,KLMKT1A,TRAFO UNION,N407924,230/115/22,200,1999,29/04/2024,04/05/2024,5700,26720,5110,589,22,29,0,1,9,18,18,686,64,13,,
KLM,KT2A,KLMKT2A,TRAFO UNION,N407926,230/115/22,200,1999,12/01/2019,07/03/2019,7888,45709,3178,432,19,9,0,0,4,2,4,470,55,17,-,
KLM,KT2A,KLMKT2A,TRAFO UNION,N407926,230/115/22,200,1999,23/01/2020,03/02/2020,6587,55352,4629,689,49,12,0,0,8,15,13,786,60,8,,
KLM,KT2A,KLMKT2A,TRAFO UNION,N407926,230/115/22,200,1999,25/01/2021,16/03/2021,5291,31537,5661,511,30,0,0,0,40,0,0,581,65,10,,
KLM,KT2A,KLMKT2A,TRAFO UNION,N407926,230/115/22,200,1999,19/12/2021,29/01/2022,3717,35803,7296,530,44,5,0,0,6,0,7,592,60,10,,
KLM,KT2A,KLMKT2A,TRAFO UNION,N407926,230/115/22,200,1999,15/07/2022,22/07/2022,4328,41964,7825,414,33,9,0,0,5,0,10,471,68,16,,
KLM,KT2A,KLMKT2A,TRAFO UNION,N407926,230/115/22,200,1999,03/08/2023,12/08/2023,14365,32395,7966,547,21,23,0,3,7,3,11,615,60,9,,
KLM,KT2A,KLMKT2A,TRAFO UNION,N407926,230/115/22,200,1999,29/04/2024,04/05/2024,7260,29740,7018,563,23,36,0,2,10,31,19,684,68,9,,
KLM,KT3A,KLMKT3A,TRAFO UNION,N407928,230/115/22,200,1999,12/01/2019,07/03/2019,11261,42570,1586,390,14,5,0,1,4,1,3,418,53,17,-,
KLM,KT3A,KLMKT3A,TRAFO UNION,N407928,230/115/22,200,1999,23/01/2020,03/02/2020,9574,63042,2317,574,52,8,0,1,8,19,9,671,59,6,,
KLM,KT3A,KLMKT3A,TRAFO UNION,N407928,230/115/22,200,1999,25/01/2021,16/03/2021,6070,34824,2627,489,31,0,0,0,36,0,0,556,62,8,,
KLM,KT3A,KLMKT3A,TRAFO UNION,N407928,230/115/22,200,1999,19/12/2021,29/01/2022,3566,35145,3391,491,52,4,0,1,4,1,5,558,60,8,,
KLM,KT3A,KLMKT3A,TRAFO UNION,N407928,230/115/22,200,1999,10/06/2022,07/07/2022,5594,42431,3242,418,33,5,0,0,3,0,8,467,41,,Lightning HV phase A ระเบิด .,
KLM,KT3A,KLMKT3A,TRAFO UNION,N407928,230/115/22,200,1999,10/06/2022,07/07/2022,5590,42430,3241,417,33,5,0,19,3,6,8,491,,11,,
KLM,KT3A,KLMKT3A,TRAFO UNION,N407928,230/115/22,200,1999,15/07/2022,22/07/2022,4551,39635,3725,450,32,6,0,0,3,0,9,500,62,10,,
KLM,KT3A,KLMKT3A,TRAFO UNION,N407928,230/115/22,200,1999,03/08/2023,12/08/2023,13406,28387,4260,538,20,19,0,1,5,2,8,593,60,5,,
KLM,KT3A,KLMKT3A,TRAFO UNION,N407928,230/115/22,200,1999,29/04/2024,04/05/2024,6300,26400,4758,564,16,22,0,1,5,11,9,628,60,9,,
KLM,KT4A,KLMKT4A,FUJI,AE62590T4,230/115/22,120,1997,15/07/2022,22/07/2022,6948,42495,1625,74,13,14,0,5,18,4,12,140,69,16,,
KLM,KT4A,KLMKT4A,FUJI,AE62590T4,230/115/22,120,1997,05/08/2023,12/08/2023,13447,27149,2176,79,10,18,0,2,24,3,18,154,61,10,,
KLM,KT4A,KLMKT4A,FUJI,AE62590T4,230/115/22,120,1997,29/04/2024,04/05/2024,8340,24940,2382,123,27,39,0,4,44,15,32,284,64,12,,
KN,KT1A,KNKT1A,HYUNDAI,T943038,115/33/11,50,2008,10/11/2019,22/12/2019,8400,45580,953,20,13,32,0,0,85,0,66,216,55,9,-,
KN,KT1A,KNKT1A,HYUNDAI,T943038,115/33/11,50,2008,05/04/2020,11/04/2020,2846,33547,896,20,7,36,0,0,77,0,20,160,40,9,หลังจาก Tx. Diff Relay ทำงาน เนื่องจากเกิด Flash ด้าน 33 KV,
KN,KT1A,KNKT1A,HYUNDAI,T943038,115/33/11,50,2008,03/11/2020,28/11/2020,6397,52309,934,28,21,36,0,21,76,15,56,253,47,11,,
KN,KT1A,KNKT1A,HYUNDAI,T943038,115/33/11,50,2008,18/12/2021,10/01/2022,3697,43662,953,28,2,32,0,5,86,14,68,235,48,15,Cold standby,
KN,KT1A,KNKT1A,HYUNDAI,T943038,115/33/11,50,2008,03/12/2022,13/01/2023,4060,41870,795,14,2,32,0,5,83,13,60,209,32,4,,
KN,KT1A,KNKT1A,HYUNDAI,T943038,115/33/11,50,2008,09/11/2023,23/01/2024,5840,45376,790,21,7,50,0,9,112,13,69,281,30,11,,
KN,KT2A,KNKT2A,OSAKA,5BK010701,230/121/33,100,1999,01/04/2019,05/07/2019,10443,46051,1986,152,10,65,0,1,102,0,54,384,46,21,-,
KN,KT2A,KNKT2A,OSAKA,5BK010701,230/121/33,100,1999,26/05/2019,25/07/2019,10840,42950,2569,137,7,64,0,0,108,0,29,345,44,24,-,
KN,KT2A,KNKT2A,OSAKA,5BK010701,230/121/33,100,1999,10/11/2019,23/12/2019,12720,50470,2720,155,12,74,0,0,141,0,96,478,41,14,-,
KN,KT2A,KNKT2A,OSAKA,5BK010701,230/121/33,100,1999,09/05/2020,31/05/2020,13247,52148,1662,122,15,102,0,0,174,26,114,553,57,24,,
KN,KT2A,KNKT2A,OSAKA,5BK010701,230/121/33,100,1999,03/11/2020,28/11/2020,16213,51682,1734,135,31,55,0,0,199,0,81,501,38,14,,
KN,KT2A,KNKT2A,OSAKA,5BK010701,230/121/33,100,1999,18/05/2021,24/07/2021,6255,38533,2518,144,8,66,0,0,126,0,34,378,43,15,,
KN,KT2A,KNKT2A,OSAKA,5BK010701,230/121/33,100,1999,18/12/2021,10/01/2022,4372,43258,3217,138,5,66,0,0,120,0,87,416,48,9,,
KN,KT2A,KNKT2A,OSAKA,5BK010701,230/121/33,100,1999,06/05/2022,15/05/2022,2494,32105,3909,152,7,41,0,2,132,0,34,368,47,9,,
KN,KT2A,KNKT2A,OSAKA,5BK010701,230/121/33,100,1999,02/12/2022,13/01/2023,10473,49749,3166,164,18,85,0,2,143,4,76,492,50,12,,
KN,KT2A,KNKT2A,OSAKA,5BK010701,230/121/33,100,1999,30/04/2023,15/05/2023,3180,42450,3224,165,5,93,0,0,135,4,91,493,54,8,,
KN,KT2A,KNKT2A,OSAKA,5BK010701,230/121/33,100,1999,09/12/2023,25/01/2024,11169,47990,3832,162,16,78,0,3,171,5,71,506,48,13,,
KN,KT3A,KNKT3A,MEIDEN,8T9791T1,115/22/11,50,2012,01/04/2019,26/08/2019,9172,44542,1460,110,10,0,0,0,0,0,0,120,57,23,-,
KN,KT3A,KNKT3A,MEIDEN,8T9791T1,115/22/11,50,2012,10/11/2019,26/12/2019,20750,67380,1503,736,24,6,0,0,0,0,0,766,30,24,-,
KN,KT3A,KNKT3A,MEIDEN,8T9791T1,115/22/11,50,2012,03/11/2020,28/11/2020,10426,43109,1778,764,29,7,0,1,2,1,1,805,48,14,,
KN,KT3A,KNKT3A,MEIDEN,8T9791T1,115/22/11,50,2012,18/12/2021,10/01/2022,9516,72728,3425,997,7,7,0,0,2,0,2,1015,44,13,,
KN,KT3A,KNKT3A,MEIDEN,8T9791T1,115/22/11,50,2012,02/12/2022,12/01/2023,9210,67450,3699,1199,5,8,0,0,2,4,1,1219,60,10,,
KN,KT3A,KNKT3A,MEIDEN,8T9791T1,115/22/11,50,2012,27/04/2023,19/05/2023,12225,63426,2890,930,2,8,0,2,1,5,1,949,38,13,,
KN,KT3A,KNKT3A,MEIDEN,8T9791T1,115/22/11,50,2012,09/11/2023,25/01/2024,15163,77975,3741,1353,7,16,0,4,3,1,2,1386,58,11,,
KN,KT4A,KNKT4A,TOSHIBA,88900013,230/121/33,100,2002,01/04/2019,05/07/2019,10804,46400,1718,320,9,3,0,4,1,1,2,340,51,25,-,
KN,KT4A,KNKT4A,TOSHIBA,88900013,230/121/33,100,2002,26/05/2019,25/07/2019,11946,35185,2253,315,6,0,0,0,0,0,0,321,51,21,-,
KN,KT4A,KNKT4A,TOSHIBA,88900013,230/121/33,100,2002,10/11/2019,22/12/2019,9580,38350,2987,475,20,3,0,0,0,0,0,498,46,24,-,
KN,KT4A,KNKT4A,TOSHIBA,88900013,230/121/33,100,2002,09/05/2020,31/05/2020,9021,37549,1611,395,14,4,0,0,2,2,3,420,62,17,,
KN,KT4A,KNKT4A,TOSHIBA,88900013,230/121/33,100,2002,03/11/2020,28/11/2020,8024,50367,1798,407,23,24,0,0,3,0,4,461,38,17,,
KN,KT4A,KNKT4A,TOSHIBA,88900013,230/121/33,100,2002,18/05/2021,24/07/2021,12011,61200,2679,526,43,21,0,4,3,8,4,609,47,17,,
KN,KT4A,KNKT4A,TOSHIBA,88900013,230/121/33,100,2002,18/11/2021,10/01/2022,6664,41087,3593,551,6,3,0,0,1,0,3,564,57,13,,
KN,KT4A,KNKT4A,TOSHIBA,88900013,230/121/33,100,2002,06/05/2022,15/05/2022,7304,33747,3594,591,12,2,0,5,3,0,0,613,49,10,,
KN,KT4A,KNKT4A,TOSHIBA,88900013,230/121/33,100,2002,03/12/2022,08/01/2023,10296,32601,3575,592,10,3,0,4,1,0,0,610,52,12,,
KN,KT4A,KNKT4A,TOSHIBA,88900013,230/121/33,100,2002,30/04/2023,15/05/2023,9140,27770,1745,44,1,1,0,1,1,1,2,51,54,19,,
KN,KT4A,KNKT4A,TOSHIBA,88900013,230/121/33,100,2002,09/12/2023,23/01/2024,10066,30438,2558,210,4,2,0,5,2,1,3,227,50,14,,
KNE,KT1AA,KNEKT1AA,SIEMENS,408525,230/122/122,116,2014,25/02/2019,07/04/2019,9492,44159,1210,323,8,0,0,1,3,2,4,341,51,25,-,
KNE,KT1AA,KNEKT1AA,SIEMENS,408525,230/122/122,116,2014,20/07/2019,30/08/2019,8322,41597,1771,451,7,9,0,1,9,1,4,482,60,24,-,
KNE,KT1AA,KNEKT1AA,SIEMENS,408525,230/122/122,116,2014,22/09/2019,07/10/2019,17040,58450,1686,394,13,12,0,0,0,0,0,419,48,7,-,
KNE,KT1AA,KNEKT1AA,SIEMENS,408525,230/122/122,116,2014,04/04/2020,15/05/2020,20004,59549,2492,419,9,0,0,0,0,0,0,428,60,23,,
KNE,KT1AA,KNEKT1AA,SIEMENS,408525,230/122/122,116,2014,02/08/2020,24/08/2020,6964,42783,3207,553,14,10,0,0,0,0,0,577,59,10,,
KNE,KT1AA,KNEKT1AA,SIEMENS,408525,230/122/122,116,2014,27/02/2021,29/05/2021,12358,51513,3203,375,21,4,0,0,1,0,5,406,30,5,,
KNE,KT1AA,KNEKT1AA,SIEMENS,408525,230/122/122,116,2014,09/08/2021,15/11/2021,12790,57470,4780,491,4,7,0,0,11,23,6,542,60,20,,
KNE,KT1AA,KNEKT1AA,SIEMENS,408525,230/122/122,116,2014,16/01/2022,08/02/2022,14958,54568,4009,815,5,12,0,0,8,1,3,844,,22,,
KNE,KT1AA,KNEKT1AA,SIEMENS,408525,230/122/122,116,2014,08/02/2022,14/02/2022,3027,35207,5030,869,7,20,0,1,5,1,2,905,40,10,Hydran detect 121 ppm,
KNE,KT1AA,KNEKT1AA,SIEMENS,408525,230/122/122,116,2014,11/07/2022,25/07/2022,3742,35767,5871,996,12,13,0,0,9,0,0,1030,46,9,,
KNE,KT1AA,KNEKT1AA,SIEMENS,408525,230/122/122,116,2014,25/02/2023,11/03/2023,13463,39399,5833,955,7,11,0,0,9,0,0,982,44,16,,
KNE,KT1AA,KNEKT1AA,SIEMENS,408525,230/122/122,116,2014,31/08/2023,30/10/2023,5760,42964,5929,966,7,12,0,30,43,2,3,1063,45,16,,
KNE,KT1AA,KNEKT1AA,SIEMENS,408525,230/122/122,116,2014,15/02/2024,10/04/2024,14318,39954,5297,864,8,11,0,9,17,5,9,923,41,13,,
KNE,KT1AB,KNEKT1AB,SIEMENS,408526,230/122/122,116,2014,25/02/2019,07/04/2019,10011,40478,1251,351,4,0,0,1,1,0,1,358,53,26,-,
KNE,KT1AB,KNEKT1AB,SIEMENS,408526,230/122/122,116,2014,20/07/2019,30/08/2019,7949,41128,1761,410,9,11,0,1,8,1,4,444,60,26,-,
KNE,KT1AB,KNEKT1AB,SIEMENS,408526,230/122/122,116,2014,22/09/2019,07/10/2019,17160,50670,1446,297,23,9,0,0,0,0,0,329,50,7,-,
KNE,KT1AB,KNEKT1AB,SIEMENS,408526,230/122/122,116,2014,04/04/2020,15/05/2020,9223,31221,2666,452,11,0,0,0,0,0,0,463,60,13,,
KNE,KT1AB,KNEKT1AB,SIEMENS,408526,230/122/122,116,2014,02/08/2020,24/08/2020,6950,39209,3258,540,12,8,0,1,9,14,9,593,59,9,,
KNE,KT1AB,KNEKT1AB,SIEMENS,408526,230/122/122,116,2014,27/02/2021,29/05/2021,13586,46496,3334,356,24,4,0,0,2,0,5,391,30,7,,
KNE,KT1AB,KNEKT1AB,SIEMENS,408526,230/122/122,116,2014,09/08/2021,15/11/2021,14413,38497,2947,445,7,0,0,0,36,0,0,488,63,22,,
KNE,KT1AB,KNEKT1AB,SIEMENS,408526,230/122/122,116,2014,16/01/2022,08/02/2022,3141,30617,5131,855,10,20,0,1,9,1,4,900,,14,,
KNE,KT1AB,KNEKT1AB,SIEMENS,408526,230/122/122,116,2014,08/02/2022,14/02/2022,3626,29050,5195,861,9,13,0,0,3,1,1,888,40,8,Hydran detect 132 ppm,
KNE,KT1AB,KNEKT1AB,SIEMENS,408526,230/122/122,116,2014,11/07/2022,25/07/2022,6157,36168,3963,647,12,2,0,1,11,0,0,673,48,10,,
KNE,KT1AB,KNEKT1AB,SIEMENS,408526,230/122/122,116,2014,25/02/2023,11/03/2023,10319,34498,3255,596,7,9,0,0,5,0,0,617,48,9,,
KNE,KT1AB,KNEKT1AB,SIEMENS,408526,230/122/122,116,2014,31/08/2023,30/10/2023,13351,44335,3296,605,15,10,0,0,5,2,3,640,50,29,,
KNE,KT1AB,KNEKT1AB,SIEMENS,408526,230/122/122,116,2014,15/02/2024,09/04/2024,4487,32577,3017,619,13,12,0,0,0,0,0,644,45,17,,
KNE,KT1AC,KNEKT1AC,SIEMENS,408527,230/122/122,116,2014,25/02/2019,07/04/2019,7613,39161,1076,334,7,0,0,1,0,0,0,342,51,26,-,
KNE,KT1AC,KNEKT1AC,SIEMENS,408527,230/122/122,116,2014,20/07/2019,30/08/2019,7591,45182,1704,448,6,11,0,1,5,1,2,474,65,31,-,
KNE,KT1AC,KNEKT1AC,SIEMENS,408527,230/122/122,116,2014,22/09/2019,07/10/2019,8590,53080,1467,370,22,10,0,0,0,0,0,402,53,5,-,
KNE,KT1AC,KNEKT1AC,SIEMENS,408527,230/122/122,116,2014,04/04/2020,15/05/2020,12037,35961,2196,440,11,0,0,0,0,0,0,451,62,19,,
KNE,KT1AC,KNEKT1AC,SIEMENS,408527,230/122/122,116,2014,02/08/2020,24/08/2020,5920,39819,2849,585,15,9,0,1,0,1,1,612,60,12,,
KNE,KT1AC,KNEKT1AC,SIEMENS,408527,230/122/122,116,2014,27/02/2021,29/05/2021,11817,40002,3123,408,29,3,0,0,2,0,4,446,35,5,,
KNE,KT1AC,KNEKT1AC,SIEMENS,408527,230/122/122,116,2014,09/08/2021,15/11/2021,14589,41324,2781,506,8,0,0,0,17,0,0,531,63,26,,
KNE,KT1AC,KNEKT1AC,SIEMENS,408527,230/122/122,116,2014,16/01/2022,08/02/2022,3240,35531,4624,906,9,20,0,1,8,1,3,948,,12,,
KNE,KT1AC,KNEKT1AC,SIEMENS,408527,230/122/122,116,2014,08/02/2022,14/02/2022,3170,36152,4687,908,9,14,0,1,3,1,1,937,46,9,Hydran detect 150 ppm,
KNE,KT1AC,KNEKT1AC,SIEMENS,408527,230/122/122,116,2014,11/07/2022,24/07/2022,7730,49680,4834,847,9,6,0,0,5,14,6,887,54,11,,
KNE,KT1AC,KNEKT1AC,SIEMENS,408527,230/122/122,116,2014,25/02/2023,11/03/2023,7298,38023,4895,894,10,18,0,2,16,0,8,948,50,14,,
KNE,KT1AC,KNEKT1AC,SIEMENS,408527,230/122/122,116,2014,31/08/2023,30/10/2023,5916,48754,4987,916,12,12,0,29,41,2,2,1014,52,24,,
KNE,KT1AC,KNEKT1AC,SIEMENS,408527,230/122/122,116,2014,15/02/2024,09/04/2024,9755,36593,4482,806,10,8,0,0,0,0,0,824,50,14,,
KNE,KT2A,KNEKT2A,MITSUBISHI,555272,230/115/33,66.66,2014,25/02/2019,07/04/2019,2235,30179,1704,62,27,28,0,2,66,0,35,220,42,23,-,
KNE,KT2A,KNEKT2A,MITSUBISHI,555272,230/115/33,66.66,2014,20/07/2019,30/08/2019,3393,51914,630,65,13,8,0,2,28,4,24,144,40,47,-,
KNE,KT2A,KNEKT2A,MITSUBISHI,555272,230/115/33,66.66,2014,02/08/2020,24/08/2020,2118,23646,1612,52,31,17,0,5,66,0,22,193,41,18,,
KNE,KT2A,KNEKT2A,MITSUBISHI,555272,230/115/33,66.66,2014,09/08/2021,15/11/2021,1250,31130,1656,64,24,29,0,1,85,17,73,293,42,30,,
KNE,KT2A,KNEKT2A,MITSUBISHI,555272,230/115/33,66.66,2014,11/07/2022,24/07/2022,3990,42780,1896,75,36,22,0,11,61,14,50,269,46,18,,
KNE,KT2A,KNEKT2A,MITSUBISHI,555272,230/115/33,66.66,2014,25/02/2023,11/03/2023,4902,33742,1977,79,32,30,0,1,66,0,33,241,40,18,,
KNE,KT2A,KNEKT2A,MITSUBISHI,555272,230/115/33,66.66,2014,31/08/2023,30/10/2023,2871,42353,2267,91,31,40,0,4,93,0,59,318,44,31,,
KNG,KT1A,KNGKT1A,MITSUBISHI,558034,115/22/11,25,1993,24/03/2019,19/04/2019,7608,27668,1176,98,47,23,0,0,87,0,14,269,48,19,-,
KNG,KT1A,KNGKT1A,MITSUBISHI,558034,115/22/11,25,1993,19/06/2020,06/07/2020,2491,27271,1204,127,60,40,0,6,48,11,24,316,51,13,,
KNG,KT1A,KNGKT1A,MITSUBISHI,558034,115/22/11,25,1993,13/01/2021,08/02/2021,4589,37288,1150,73,55,35,0,8,51,2,32,256,43,9,,
KNG,KT1A,KNGKT1A,MITSUBISHI,558034,115/22/11,25,1993,01/03/2022,27/03/2022,7944,28462,1166,113,44,0,0,0,75,0,18,250,44,14,,
KNG,KT1A,KNGKT1A,MITSUBISHI,558034,115/22/11,25,1993,27/02/2023,11/03/2023,3889,32241,5621,243,46,38,0,1,64,8,39,439,62,21,,
KNG,KT1A,KNGKT1A,MITSUBISHI,558034,115/22/11,25,1993,26/02/2024,08/04/2024,9497,32592,1592,250,22,53,0,6,87,11,50,479,55,16,,
KNG,KT2A,KNGKT2A,FUJI,AG69095T412,115/22/11,15,1993,24/03/2019,21/04/2019,8011,37299,1371,105,33,48,0,10,122,0,65,383,47,18,-,
KNG,KT2A,KNGKT2A,FUJI,AG69095T412,115/22/11,15,1993,23/03/2020,25/05/2020,15330,50000,958,94,67,67,0,4,176,0,99,507,63,17,,
KNG,KT2A,KNGKT2A,FUJI,AG69095T412,115/22/11,15,1993,03/01/2021,05/02/2021,5510,50476,1866,85,36,57,0,3,134,0,76,391,50,9,,
KNG,KT2A,KNGKT2A,FUJI,AG69095T412,115/22/11,15,1993,01/03/2022,27/03/2022,6851,33815,1518,121,30,0,0,9,154,0,40,354,49,18,,
KNG,KT2A,KNGKT2A,FUJI,AG69095T412,115/22/11,15,1993,27/02/2023,11/03/2023,5304,33095,3761,131,10,36,0,3,117,2,62,361,55,6,,
KNG,KT2A,KNGKT2A,FUJI,AG69095T412,115/22/11,15,1993,26/02/2024,08/04/2024,11498,32702,1370,156,15,57,0,9,184,7,83,511,61,17,,
KP,KT1A,KPKT1A,MEIDENSHA,8N5451T3,115/22,50,2012,21/04/2019,16/05/2019,10461,41192,2800,875,7,0,0,4,15,0,0,901,60,12,-,
KP,KT1A,KPKT1A,MEIDENSHA,8N5451T3,115/22,50,2012,21/03/2020,05/04/2020,12241,76965,1426,731,63,7,0,5,2,1,1,810,,12,,
KP,KT1A,KPKT1A,MEIDENSHA,8N5451T3,115/22,50,2012,13/03/2021,08/06/2021,11517,55087,1265,652,32,2,0,1,1,0,1,689,,14,,
KP,KT1A,KPKT1A,MEIDENSHA,8N5451T3,115/22,50,2012,28/04/2022,13/05/2022,18452,68867,1514,686,1,3,0,2,1,0,2,695,60,9,,
KP,KT1A,KPKT1A,MEIDENSHA,8N5451T3,115/22,50,2012,27/04/2023,07/05/2023,18816,84032,2084,715,0,9,0,0,2,0,2,728,57,7,,
KP,KT1A,KPKT1A,MEIDENSHA,8N5451T3,115/22,50,2012,12/05/2024,18/05/2024,13561,82156,3385,1334,4,13,0,43,14,3,5,1416,53,9,,
KP,KT2A,KPKT2A,MEIDENSHA,8N5449T2,115/22,50,2012,21/04/2019,16/05/2019,10848,51862,2958,1068,8,2,0,4,0,0,0,1082,55,15,-,
KP,KT2A,KPKT2A,MEIDENSHA,8N5449T2,115/22,50,2012,21/03/2020,07/04/2020,13054,71682,1277,715,36,5,0,5,2,2,4,769,54,12,,
KP,KT2A,KPKT2A,MEIDENSHA,8N5449T2,115/22,50,2012,13/03/2021,08/06/2021,10285,56741,1275,649,42,1,0,1,1,0,3,697,,18,,
KP,KT2A,KPKT2A,MEIDENSHA,8N5449T2,115/22,50,2012,28/04/2022,13/05/2022,19258,76153,1871,752,1,14,0,15,2,0,5,789,61,11,,
KP,KT2A,KPKT2A,MEIDENSHA,8N5449T2,115/22,50,2012,27/04/2023,06/05/2023,10601,77523,2230,771,3,7,0,7,2,0,5,795,59,7,,
KP,KT2A,KPKT2A,MEIDENSHA,8N5449T2,115/22,50,2012,12/05/2024,18/05/2024,14828,80302,3746,1575,3,13,0,49,19,3,10,1672,52,9,,
KS,KT1A,KSKT1A,EKARAT,EDP011305,115/22,50,2012,07/02/2019,02/03/2019,6441,47051,2645,804,53,19,0,9,0,0,0,885,46,25,-,
KS,KT1A,KSKT1A,EKARAT,EDP011305,115/22,50,2012,21/02/2021,02/04/2021,6500,50000,2700,800,29,0,0,0,3,0,0,832,50,16,,
KS,KT1A,KSKT1A,EKARAT,EDP011305,115/22,50,2012,06/02/2022,07/03/2022,7586,56355,3529,940,31,0,0,9,8,0,0,988,49,9,,
KS,KT1A,KSKT1A,EKARAT,EDP011305,115/22,50,2012,24/02/2023,10/03/2023,6173,68652,3568,975,17,10,0,7,5,2,8,1024,49,6,,
KS,KT1A,KSKT1A,EKARAT,EDP011305,115/22,50,2012,09/02/2024,16/02/2024,9579,66799,4392,1289,24,11,0,14,6,9,12,1365,52,11,,
KS,KT2A,KSKT2A,EKARAT,EDP011306,115/22,50,2012,07/02/2019,02/03/2019,8010,50681,1272,396,64,7,0,0,0,0,0,467,46,15,-,
KS,KT2A,KSKT2A,EKARAT,EDP011306,115/22,50,2012,21/02/2021,02/04/2021,8660,53000,1300,300,28,0,0,0,0,0,0,328,48,21,,
KS,KT2A,KSKT2A,EKARAT,EDP011306,115/22,50,2012,06/02/2022,07/03/2022,9199,53713,2603,638,26,0,0,12,11,0,0,687,47,11,,
KS,KT2A,KSKT2A,EKARAT,EDP011306,115/22,50,2012,19/03/2022,19/03/2022,6923,60212,3755,1387,29,12,0,11,2,4,3,1448,47,7,เนื่องจากมี Oil Flow relay ของห้อง OLTC ทำงาน,
KS,KT2A,KSKT2A,EKARAT,EDP011306,115/22,50,2012,24/02/2023,10/03/2023,4541,66715,3120,794,18,6,0,8,2,2,1,831,50,9,,
KS,KT2A,KSKT2A,EKARAT,EDP011306,115/22,50,2012,09/02/2024,24/02/2024,11529,69504,4228,1431,22,8,0,17,7,7,13,1505,48,9,,
KTL,KT1A,KTLKT1A,VOLTA WERKE,60539-003,115/22,25,1993,14/03/2020,29/03/2020,4523,37377,1136,244,36,36,0,9,33,0,0,358,48,9,,
KTL,KT1A,KTLKT1A,VOLTA WERKE,60539-003,115/22,25,1993,29/01/2021,23/04/2021,16881,42114,812,150,36,28,0,8,40,12,34,308,38,32,,
KTL,KT1A,KTLKT1A,VOLTA WERKE,60539-003,115/22,25,1993,17/02/2022,26/03/2022,14095,57341,1444,170,48,46,0,4,61,10,43,382,48,23,,
KTL,KT1A,KTLKT1A,VOLTA WERKE,60539-003,115/22,25,1993,30/07/2022,19/08/2022,5784,24443,281,34,13,9,0,2,6,5,9,78,51,9,หลังเปลี่ยน BUSHING 1 เดือน,
KTL,KT1A,KTLKT1A,VOLTA WERKE,60539-003,115/22,25,1993,16/02/2023,05/03/2023,4880,18279,857,108,24,18,0,5,12,3,11,181,53,8,,
KTL,KT1A,KTLKT1A,VOLTA WERKE,60539-003,115/22,25,1993,04/01/2024,06/01/2024,2768,10776,96,8,12,0,0,0,1,0,0,21,30,6,ก่อนนำเข้าใช้งาน หลังเปลี่ยน Bushing phase B และ C (ทำน้ำมันใหม่),
KTL,KT1A,KTLKT1A,VOLTA WERKE,60539-003,115/22,25,1993,16/02/2024,18/03/2024,7476,23967,521,53,5,2,0,1,4,1,6,72,51,19,,
KTL,KT2A,KTLKT2A,FUJI,AG69095T431,115/22/11,25,1998,13/03/2019,08/04/2019,7531,30963,762,112,18,0,0,3,11,0,6,150,52,10,-,
KTL,KT2A,KTLKT2A,FUJI,AG69095T431,115/22/11,25,1998,14/03/2020,29/03/2020,3178,23009,812,120,37,11,0,0,29,0,0,197,47,11,,
KTL,KT2A,KTLKT2A,FUJI,AG69095T431,115/22/11,25,1998,29/01/2021,20/04/2021,7385,37012,818,119,33,5,0,0,16,0,13,186,40,49,,
KTL,KT2A,KTLKT2A,FUJI,AG69095T431,115/22/11,25,1998,17/02/2022,26/03/2022,5856,41763,1198,78,40,19,0,1,47,10,30,225,49,7,,
KTL,KT2A,KTLKT2A,FUJI,AG69095T431,115/22/11,25,1998,16/02/2023,05/03/2023,9299,31295,1147,113,31,26,0,6,53,4,15,248,56,10,,
KTL,KT2A,KTLKT2A,FUJI,AG69095T431,115/22/11,25,1998,16/02/2024,18/03/2024,6885,40347,1579,133,35,32,0,8,91,4,35,338,60,5,,
LB1,KT1A,LB1KT1A,MEIDEN,8N5446T4,115/69/22,50,2013,13/10/2019,14/11/2019,12771,47736,2422,723,12,5,0,13,10,0,0,763,58,-14,-,
LB1,KT1A,LB1KT1A,MEIDEN,8N5446T4,115/69/22,50,2013,08/04/2022,22/04/2022,4981,79444,4266,533,3,10,0,6,2,4,4,562,57,17,,
LB1,KT1A,LB1KT1A,MEIDEN,8N5446T4,115/69/22,50,2013,15/10/2022,03/11/2022,20040,64879,3518,671,8,5,0,9,3,0,0,696,61,10,,
LB1,KT1A,LB1KT1A,MEIDEN,8N5446T4,115/69/22,50,2013,24/06/2023,09/07/2023,21301,71179,3521,795,12,16,0,8,3,6,9,849,56,4,,
LB1,KT1A,LB1KT1A,MEIDEN,8N5446T4,115/69/22,50,2013,08/04/2024,22/04/2024,16307,83545,2590,1351,5,17,0,15,5,4,12,1409,58,11,,
LB1,KT2A,LB1KT2A,MEIDEN,8N5449T1,115/69/22,50,2013,13/10/2019,14/11/2019,9658,46637,4284,574,15,7,0,0,0,0,0,596,30,24,-,
LB1,KT2A,LB1KT2A,MEIDEN,8N5449T1,115/69/22,50,2013,08/04/2022,17/04/2022,14132,61569,4697,611,8,5,0,14,2,0,0,640,58,14,,
LB1,KT2A,LB1KT2A,MEIDEN,8N5449T1,115/69/22,50,2013,15/10/2022,03/11/2022,20590,64595,3655,592,8,5,0,11,5,2,3,626,57,11,,
LB1,KT2A,LB1KT2A,MEIDEN,8N5449T1,115/69/22,50,2013,24/06/2023,09/07/2023,23134,71577,3041,740,11,23,0,9,3,10,4,800,53,6,,
LB1,KT2A,LB1KT2A,MEIDEN,8N5449T1,115/69/22,50,2013,08/04/2024,22/04/2024,18535,88589,3162,1121,5,14,0,21,3,4,12,1180,56,11,,
LB2,KT1A,LB2KT1A,FUJI,AN69003T5,115/22,25,1998,13/10/2019,14/11/2019,5486,31968,2781,74,7,51,0,0,131,0,50,313,55,24,-,
LB2,KT1A,LB2KT1A,FUJI,AN69003T5,115/22,25,1998,09/04/2022,06/05/2022,8075,45706,2116,25,5,26,0,15,123,5,80,279,63,19,,
LB2,KT1A,LB2KT1A,FUJI,AN69003T5,115/22,25,1998,13/10/2022,03/11/2022,17401,42983,2617,36,8,19,0,2,155,2,64,286,64,22,,
LB2,KT1A,LB2KT1A,FUJI,AN69003T5,115/22,25,1998,07/05/2023,21/05/2023,4470,39130,2369,29,2,39,0,1,150,2,9,232,53,15,,
LB2,KT1A,LB2KT1A,FUJI,AN69003T5,115/22,25,1998,10/05/2024,18/05/2024,3773,37435,3211,65,13,70,0,25,227,5,84,489,64,13,,
LB2,KT2A,LB2KT2A,TAKAOKA,8144902,115/22,25,1995,25/01/2019,07/02/2019,9426,37568,171,15,0,0,0,0,3,0,10,28,-,12,เปลี่ยน OLTC ใหม่เป็น SHANGHAI HUAMING POWER,
LB2,KT2A,LB2KT2A,TAKAOKA,8144902,115/22,25,1995,25/02/2019,08/03/2019,13150,41025,260,30,44,0,0,0,0,0,0,74,44,14,-,
LB2,KT2A,LB2KT2A,TAKAOKA,8144902,115/22,25,1995,24/05/2019,22/06/2019,4997,24874,537,14,14,0,0,0,6,0,0,34,48,19,-,
LB2,KT2A,LB2KT2A,TAKAOKA,8144902,115/22,25,1995,13/10/2019,14/11/2019,12274,41658,586,19,9,0,0,0,11,0,0,39,45,13,-,
LB2,KT2A,LB2KT2A,TAKAOKA,8144902,115/22,25,1995,09/04/2022,06/05/2022,6375,35320,670,58,16,9,0,0,7,2,4,96,56,15,,
LB2,KT2A,LB2KT2A,TAKAOKA,8144902,115/22,25,1995,13/10/2022,03/11/2022,6263,23370,864,74,126,29,0,3,14,0,6,252,56,14,,
LB2,KT2A,LB2KT2A,TAKAOKA,8144902,115/22,25,1995,07/05/2023,21/05/2023,4910,32830,776,62,101,15,0,1,12,2,7,200,62,17,,
LB2,KT2A,LB2KT2A,TAKAOKA,8144902,115/22,25,1995,10/05/2024,18/05/2024,3275,21666,1027,175,105,17,0,13,18,5,6,339,57,10,,
LE,KT1A,LEKT1A,RADE KONCAR,338028,115/22,50,2004,30/03/2019,18/04/2019,6951,52326,6354,935,17,8,0,0,0,0,0,960,55,17,-,
LE,KT1A,LEKT1A,RADE KONCAR,338028,115/22,50,2004,09/02/2021,11/04/2021,30764,61585,247,26,0,0,0,0,0,0,0,26,,15,หลังมีการทำ Hot Oil Purify ไว้,
LE,KT1A,LEKT1A,RADE KONCAR,338028,115/22,50,2004,07/05/2021,08/05/2021,12989,30227,25,0,2,0,0,0,0,0,0,2,42,14,Before test.,
LE,KT1A,LEKT1A,RADE KONCAR,338028,115/22,50,2004,07/05/2021,08/05/2021,19918,42698,32,0,20,0,0,0,0,0,0,20,42,16,After Dielectric test .,
LE,KT1A,LEKT1A,RADE KONCAR,338028,115/22,50,2004,11/06/2021,10/08/2021,11570,25384,218,11,10,0,0,0,0,0,0,21,34,18,หม้อแปลงย้ายมาจาก สฟ.ชัยภมิ KT1A,
LE,KT1A,LEKT1A,RADE KONCAR,338028,115/22,50,2004,16/01/2022,08/02/2022,21307,57698,1408,95,10,1,0,0,0,0,0,106,47,14,,
LE,KT1A,LEKT1A,RADE KONCAR,338028,115/22,50,2004,14/01/2023,06/02/2023,31905,79451,1729,129,23,2,0,1,1,2,1,159,40,16,,
LE,KT1A,LEKT1A,RADE KONCAR,338028,115/22,50,2004,13/01/2024,11/02/2024,29203,75427,5188,537,23,5,0,2,2,2,2,573,49,15,,
LE,KT2A,LEKT2A,VOLTA WERKE,60542-002,115/22/11,25,1993,01/02/2019,12/05/2019,10720,43042,1225,105,12,75,0,11,199,0,103,505,49,16,-,
LE,KT2A,LEKT2A,VOLTA WERKE,60542-002,115/22/11,25,1993,03/04/2020,09/05/2020,8785,37054,1928,127,33,71,0,15,165,0,43,454,54,13,,
LE,KT2A,LEKT2A,VOLTA WERKE,60542-002,115/22/11,25,1993,07/02/2021,24/05/2021,5712,46800,1523,102,21,5,0,0,16,0,15,159,47,30,,
LE,KT2A,LEKT2A,VOLTA WERKE,60542-002,115/22/11,25,1993,16/01/2022,07/02/2022,7583,39784,1276,82,12,19,0,2,111,8,119,353,48,8,,
LE,KT2A,LEKT2A,VOLTA WERKE,60542-002,115/22/11,25,1993,14/01/2023,04/02/2023,8220,28918,1149,82,21,31,0,8,147,7,89,385,35,11,,
LE,KT2A,LEKT2A,VOLTA WERKE,60542-002,115/22/11,25,1993,13/01/2024,10/02/2024,7350,27070,1126,88,29,51,0,15,210,46,200,639,47,25,,
LKB,KT1A,LKBKT1A,MITSUBISHI,573085,115/22,25,1997,28/06/2019,18/07/2019,3098,28782,1971,169,10,20,0,0,43,0,10,252,54,18,-,
LKB,KT1A,LKBKT1A,MITSUBISHI,573085,115/22,25,1997,14/02/2020,10/05/2020,6317,45758,1443,146,5,23,0,2,20,0,9,205,52,32,research,
LKB,KT1A,LKBKT1A,MITSUBISHI,573085,115/22,25,1997,03/07/2020,22/08/2020,4195,49255,1776,89,18,18,0,0,16,0,16,157,57,24,,
LKB,KT1A,LKBKT1A,MITSUBISHI,573085,115/22,25,1997,26/06/2021,05/10/2021,6099,25130,1941,102,13,13,0,0,33,0,0,161,53,17,,
LKB,KT1A,LKBKT1A,MITSUBISHI,573085,115/22,25,1997,03/06/2022,18/06/2022,13492,55850,2554,172,20,6,0,3,33,2,6,242,56,18,,
LKB,KT1A,LKBKT1A,MITSUBISHI,573085,115/22,25,1997,28/07/2023,07/08/2023,18169,44864,2571,230,15,15,0,2,37,3,18,320,64,18,,
LKB,KT2A,LKBKT2A,MITSUBISHI,573090,115/22,25,1998,28/06/2019,18/08/2019,5102,30005,1627,132,9,21,0,0,31,0,7,200,55,24,-,
LKB,KT2A,LKBKT2A,MITSUBISHI,573090,115/22,25,1998,03/07/2020,22/08/2020,7895,46766,1170,94,12,27,0,0,17,0,3,153,34,26,,
LKB,KT2A,LKBKT2A,MITSUBISHI,573090,115/22,25,1998,26/06/2021,05/10/2021,10463,41044,1093,65,6,16,0,0,25,0,0,112,,18,,
LKB,KT2A,LKBKT2A,MITSUBISHI,573090,115/22,25,1998,03/06/2022,18/06/2022,4363,53394,1366,276,10,69,0,22,43,148,31,599,37,18,,
LKB,KT2A,LKBKT2A,MITSUBISHI,573090,115/22,25,1998,28/07/2023,06/08/2023,4980,43270,1388,261,8,62,0,22,41,6,28,428,36,14,,
LN1,KT1A,LN1KT1A,MEIDEN,8T9668T4,115/22,50,2011,17/03/2020,16/05/2020,29516,76368,2832,828,13,3,0,0,3,0,2,849,54,35,,
LN1,KT1A,LN1KT1A,MEIDEN,8T9668T4,115/22,50,2011,10/04/2021,09/10/2021,19489,57791,2646,836,6,0,0,0,31,0,0,873,,32,,
LN1,KT1A,LN1KT1A,MEIDEN,8T9668T4,115/22,50,2011,12/06/2022,20/06/2022,22548,61539,1779,315,3,15,0,20,2,0,2,357,,14,,
LN1,KT1A,LN1KT1A,MEIDEN,8T9668T4,115/22,50,2011,03/04/2023,04/06/2023,7352,63223,1959,676,2,7,0,9,4,3,2,703,65,11,,
LN1,KT1A,LN1KT1A,MEIDEN,8T9668T4,115/22,50,2011,02/02/2024,26/05/2024,6423,38458,2493,854,4,11,0,11,9,0,0,889,,19,ก่อน OVERHUAL,
LN2,KT1A,LN2KT1A,MEIDEN,8R8397T1,115/22,50,2011,17/03/2020,17/05/2020,5665,60459,4412,353,3,147,0,3,465,0,280,1251,67,12,,
LN2,KT1A,LN2KT1A,MEIDEN,8R8397T1,115/22,50,2011,10/04/2021,21/10/2021,7651,64569,3461,331,7,272,0,2,519,0,313,1444,,20,,
LN2,KT1A,LN2KT1A,MEIDEN,8R8397T1,115/22,50,2011,12/06/2022,20/06/2022,15526,48207,1652,154,2,20,0,8,68,0,66,318,90,14,,
LN2,KT1A,LN2KT1A,MEIDEN,8R8397T1,115/22,50,2011,03/04/2023,04/06/2023,7635,37408,1009,95,2,10,0,4,44,3,39,197,63,11,,
LN2,KT1A,LN2KT1A,MEIDEN,8R8397T1,115/22,50,2011,08/02/2024,26/05/2024,6344,37503,1360,125,3,29,0,5,72,0,61,295,,16,,
LN2,KT2A,LN2KT2A,MEIDEN,8R8397T2,115/22,50,2006,17/03/2020,16/05/2020,6015,74038,2521,182,9,110,0,17,418,77,489,1302,58,15,,
LN2,KT2A,LN2KT2A,MEIDEN,8R8397T2,115/22,50,2006,10/04/2021,09/10/2021,7181,62836,2260,186,6,81,0,11,357,0,278,919,,22,,
LN2,KT2A,LN2KT2A,MEIDEN,8R8397T2,115/22,50,2006,12/06/2022,20/06/2022,12084,70613,1714,138,2,40,0,7,209,6,269,671,,14,,
LN2,KT2A,LN2KT2A,MEIDEN,8R8397T2,115/22,50,2006,03/04/2023,04/06/2023,8282,61147,1819,147,2,69,0,8,222,6,227,681,62,12,,
LN2,KT2A,LN2KT2A,MEIDEN,8R8397T2,115/22,50,2006,08/02/2024,26/05/2024,6134,68431,2119,168,6,83,0,6,332,0,320,915,,17,,
LP1,KT1A,LP1KT1A,MIDENSHA,8T9669T3,115/22,50,2011,24/05/2019,07/06/2019,11758,47052,3375,1125,2,10,0,0,3,0,0,1140,60,12,-,
LP1,KT1A,LP1KT1A,MIDENSHA,8T9669T3,115/22,50,2011,08/05/2020,18/05/2020,14773,71875,2056,835,14,7,0,0,3,0,3,862,58,7,,
LP1,KT1A,LP1KT1A,MIDENSHA,8T9669T3,115/22,50,2011,02/04/2021,29/05/2021,16210,152660,2438,601,57,4,0,0,2,0,0,664,57,15,,
LP1,KT1A,LP1KT1A,MIDENSHA,8T9669T3,115/22,50,2011,07/03/2022,18/03/2022,13615,61535,3114,909,6,0,0,0,13,0,10,938,52,5,,
LP1,KT1A,LP1KT1A,MIDENSHA,8T9669T3,115/22,50,2011,21/05/2023,07/06/2023,9090,66751,3254,1081,1,9,0,0,3,4,3,1101,55,11,,
LP1,KT2A,LP1KT2A,MEIDENSHA,8N5449T4,115/22,50,2012,24/05/2019,08/06/2019,11282,40095,4061,1269,3,10,0,3,3,0,0,1288,62,13,-,
LP1,KT2A,LP1KT2A,MEIDENSHA,8N5449T4,115/22,50,2012,08/05/2020,19/05/2020,14708,71602,2606,1065,11,8,0,0,4,0,9,1097,60,7,,
LP1,KT2A,LP1KT2A,MEIDENSHA,8N5449T4,115/22,50,2012,02/04/2021,29/05/2021,570,3840,107,33,2,0,0,0,0,0,0,35,58,15,,
LP1,KT2A,LP1KT2A,MEIDENSHA,8N5449T4,115/22,50,2012,07/03/2022,18/03/2022,12076,60028,3620,1151,5,0,0,6,0,0,0,1162,52,8,,
LP1,KT2A,LP1KT2A,MEIDENSHA,8N5449T4,115/22,50,2012,21/05/2023,07/06/2023,11600,70630,3366,1064,3,8,0,4,3,0,0,1082,54,9,,
LP2,KT1A,LP2KT1A,FUJI,AN69003T4-2,115/22,25,1998,20/05/2019,07/06/2019,4111,38190,4800,91,4,66,0,3,164,0,104,432,60,20,-,
LP2,KT1A,LP2KT1A,FUJI,AN69003T4-2,115/22,25,1998,08/05/2020,22/05/2020,23492,62861,1821,32,5,39,0,0,156,0,120,352,58,13,,
LP2,KT1A,LP2KT1A,FUJI,AN69003T4-2,115/22,25,1998,02/04/2021,29/05/2021,4910,47550,3611,52,42,40,0,0,111,44,77,366,67,19,,
LP2,KT1A,LP2KT1A,FUJI,AN69003T4-2,115/22,25,1998,07/03/2022,18/03/2022,3724,32529,4787,97,7,0,0,5,220,0,55,384,52,11,,
LP2,KT1A,LP2KT1A,FUJI,AN69003T4-2,115/22,25,1998,21/05/2023,07/06/2023,4280,43320,4120,77,2,71,0,0,199,6,108,463,60,16,,
LP2,KT2A,LP2KT2A,OSAKA,5BA159011,115/22,25,1990,24/04/2019,07/06/2019,3291,45202,2986,389,9,89,0,12,239,0,238,976,60,21,-,
LP2,KT2A,LP2KT2A,OSAKA,5BA159011,115/22,25,1990,11/02/2020,10/05/2020,10523,53214,1560,216,7,42,0,9,167,0,196,637,46,41,research,
LP2,KT2A,LP2KT2A,OSAKA,5BA159011,115/22,25,1990,08/05/2020,18/05/2020,4159,39724,750,174,8,9,0,1,53,0,106,351,50,18,,
LP2,KT2A,LP2KT2A,OSAKA,5BA159011,115/22,25,1990,02/04/2021,29/05/2021,3370,162150,1129,169,76,35,0,1,29,10,58,378,54,17,,
LP2,KT2A,LP2KT2A,OSAKA,5BA159011,115/22,25,1990,07/12/2021,13/12/2021,3434,68612,1912,451,33,68,0,6,48,0,79,685,,18,repeat,
LP2,KT2A,LP2KT2A,OSAKA,5BA159011,115/22,25,1990,07/03/2022,18/03/2022,7043,56656,1581,345,13,0,0,5,52,0,36,451,42,12,,
LP2,KT2A,LP2KT2A,OSAKA,5BA159011,115/22,25,1990,21/05/2023,07/06/2023,3940,68500,1803,363,15,61,0,3,49,16,87,594,50,20,,
LP2,KT2A,LP2KT2A,OSAKA,5BA159011,115/22,25,1990,27/11/2023,24/12/2023,4441,48222,1592,311,28,14,0,5,42,12,52,464,45,17,,
LP2,KT3A,LP2KT3A,MEIDENSHA,1G9579T1,115/22,15/20/25,1995,28/04/2023,07/05/2023,11547,41014,875,65,2,4,0,3,5,2,2,83,40,12,ทดสอบหลังการย้ายหม้อแปลง (ก่อนทำการ Overhaul โดย กม-ส.),
LPR,KT1A,LPRKT1A,MITSUBISHI,7412507701,230/69/11,200,1988,06/05/2019,25/05/2019,6718,27652,3334,185,61,12,0,3,8,3,3,275,53,17,-,
LPR,KT1A,LPRKT1A,MITSUBISHI,7412507701,230/69/11,200,1988,13/11/2019,13/12/2019,6729,23006,1347,55,23,8,0,0,0,0,0,86,50,13,-,
LPR,KT1A,LPRKT1A,MITSUBISHI,7412507701,230/69/11,200,1988,09/11/2020,22/11/2020,6079,25846,1466,89,23,0,0,1,2,4,2,121,47,21,,
LPR,KT1A,LPRKT1A,MITSUBISHI,7412507701,230/69/11,200,1988,12/06/2021,16/08/2021,11541,28904,1162,59,27,0,0,40,20,0,0,146,57,15,,
LPR,KT1A,LPRKT1A,MITSUBISHI,7412507701,230/69/11,200,1988,07/11/2021,18/11/2021,5410,20540,2011,86,31,7,0,0,2,5,2,133,50,,,
LPR,KT1A,LPRKT1A,MITSUBISHI,7412507701,230/69/11,200,1988,27/05/2022,03/06/2022,5001,29166,1858,49,46,7,0,0,2,4,3,111,61,17,,
LPR,KT1A,LPRKT1A,MITSUBISHI,7412507701,230/69/11,200,1988,17/11/2022,02/12/2022,6745,24012,1886,94,41,8,0,4,4,4,4,159,50,16,,
LPR,KT1A,LPRKT1A,MITSUBISHI,7412507701,230/69/11,200,1988,04/01/2023,05/01/2023,2040,18198,1782,84,45,7,0,4,3,0,0,143,,7,Tx. Trip differential relay.,
LPR,KT1A,LPRKT1A,MITSUBISHI,7412507701,230/69/11,200,1988,18/05/2023,22/05/2023,2860,24360,1921,96,53,8,0,2,3,15,3,180,49,24,,
LPR,KT1A,LPRKT1A,MITSUBISHI,7412507701,230/69/11,200,1988,11/08/2023,11/08/2023,5569,29345,2216,146,85,5,0,5,3,6,3,253,54,14,มี Fault ที่ MEA ระยะทางไม่เกิน 1 กม.,
LPR,KT1A,LPRKT1A,MITSUBISHI,7412507701,230/69/11,200,1988,19/11/2023,23/12/2023,6797,28094,2932,161,48,12,0,8,6,0,0,235,46,17,,
LPR,KT2A,LPRKT2A,TRAFO UNION,S251401,220/69,200,1994,06/05/2019,25/05/2019,7007,32989,3597,642,48,17,0,4,9,10,19,749,75,14,-,
LPR,KT2A,LPRKT2A,TRAFO UNION,S251401,220/69,200,1994,23/09/2019,27/09/2019,10785,42210,1720,208,18,7,0,0,6,0,20,259,63,-,Tx.tripมีน้ำมันรั่วซึมที่Bushing 11kVV,
LPR,KT2A,LPRKT2A,TRAFO UNION,S251401,220/69,200,1994,13/11/2019,14/12/2019,17962,72472,2572,279,21,5,0,2,7,10,18,342,65,14,-,
LPR,KT2A,LPRKT2A,TRAFO UNION,S251401,220/69,200,1994,09/11/2020,22/11/2020,12220,180870,1576,176,31,5,0,0,7,50,18,287,62,14,,
LPR,KT2A,LPRKT2A,TRAFO UNION,S251401,220/69,200,1994,12/06/2021,16/08/2021,17989,63365,2583,375,28,0,0,9,15,0,0,427,60,15,,
LPR,KT2A,LPRKT2A,TRAFO UNION,S251401,220/69,200,1994,07/11/2021,18/11/2021,4270,63090,5593,499,31,5,0,0,9,19,21,584,60,,,
LPR,KT2A,LPRKT2A,TRAFO UNION,S251401,220/69,200,1994,27/05/2022,03/06/2022,16084,66354,3795,319,32,4,0,1,7,14,15,392,68,19,,
LPR,KT2A,LPRKT2A,TRAFO UNION,S251401,220/69,200,1994,17/11/2022,28/11/2022,15790,62870,3485,335,34,5,0,0,8,3,16,401,62,16,,
LPR,KT2A,LPRKT2A,TRAFO UNION,S251401,220/69,200,1994,18/05/2023,22/05/2023,9820,52890,3670,386,24,10,0,1,5,0,14,440,60,7,,
LPR,KT2A,LPRKT2A,TRAFO UNION,S251401,220/69,200,1994,11/08/2023,11/08/2023,13307,78853,4118,462,43,4,0,3,9,0,16,537,60,10,มี Fault ที่ MEA ระยะทางไม่เกิน 1 กม.,
LPR,KT2A,LPRKT2A,TRAFO UNION,S251401,220/69,200,1994,19/11/2023,23/12/2023,8283,77184,5919,654,60,17,0,11,14,14,30,800,60,14,,
LPR,KT3A,LPRKT3A,TOSHIBA,91900007,220/69/22,200,2005,06/05/2019,25/05/2019,7638,33720,2729,67,49,46,0,11,77,0,54,304,75,20,-,
LPR,KT3A,LPRKT3A,TOSHIBA,91900007,220/69/22,200,2005,13/11/2019,13/12/2019,6249,24078,2948,67,59,50,0,3,97,0,78,354,40,7,-,
LPR,KT3A,LPRKT3A,TOSHIBA,91900007,220/69/22,200,2005,20/07/2020,20/07/2020,3244,17896,2717,69,65,52,0,13,101,0,80,380,44,10,Tx.Diff Operation,
LPR,KT3A,LPRKT3A,TOSHIBA,91900007,220/69/22,200,2005,09/11/2020,22/11/2020,5480,35280,1480,34,51,48,0,5,94,17,83,332,56,10,,
LPR,KT3A,LPRKT3A,TOSHIBA,91900007,220/69/22,200,2005,12/06/2021,16/08/2021,6433,23275,2084,68,53,48,0,58,121,0,15,363,54,14,,
LPR,KT3A,LPRKT3A,TOSHIBA,91900007,220/69/22,200,2005,07/11/2021,18/11/2021,3520,21680,3578,85,49,55,0,4,112,19,98,422,50,,,
LPR,KT3A,LPRKT3A,TOSHIBA,91900007,220/69/22,200,2005,27/05/2022,03/06/2022,3465,29888,3085,63,73,52,0,4,106,17,88,403,59,10,,
LPR,KT3A,LPRKT3A,TOSHIBA,91900007,220/69/22,200,2005,17/11/2022,02/12/2022,9114,26319,2980,75,40,61,0,11,116,51,69,423,65,11,,
LPR,KT3A,LPRKT3A,TOSHIBA,91900007,220/69/22,200,2005,18/05/2023,22/05/2023,2070,26520,3281,86,65,67,0,41,118,18,94,489,57,13,,
LPR,KT3A,LPRKT3A,TOSHIBA,91900007,220/69/22,200,2005,19/11/2023,23/12/2023,7282,32004,3619,99,63,72,0,16,158,18,93,519,55,13,,
LPR,KT3A,LPRKT3A,TOSHIBA,91900007,220/69/22,200,2005,06/03/2024,08/03/2024,31030,35720,3763,137,21,73,0,10,174,36,149,600,50,10,"Differential ทำงาน phase B,C Ground",
LPR,KT4A,LPRKT4A,TAKAOKA,8946787,230/69/11,200,2003,06/05/2019,25/05/2019,5613,41524,4389,174,60,113,0,112,64,59,22,604,80,22,-,
LPR,KT4A,LPRKT4A,TAKAOKA,8946787,230/69/11,200,2003,10/10/2019,10/10/2019,3446,20865,4089,144,66,95,0,96,67,36,23,527,54,8,หม้อแปลง Trip เนื่องจาก Tx. Diff ทำงาน Lock Out Operate,
LPR,KT4A,LPRKT4A,TAKAOKA,8946787,230/69/11,200,2003,13/11/2019,14/12/2019,12510,41685,2633,93,42,67,0,103,56,64,33,458,53,14,-,
LPR,KT4A,LPRKT4A,TAKAOKA,8946787,230/69/11,200,2003,09/11/2020,22/11/2020,8210,41430,1169,40,32,44,0,84,36,47,28,311,53,13,,
LPR,KT4A,LPRKT4A,TAKAOKA,8946787,230/69/11,200,2003,12/06/2021,16/08/2021,9770,29711,2052,94,30,49,0,67,50,0,0,290,52,15,,
LPR,KT4A,LPRKT4A,TAKAOKA,8946787,230/69/11,200,2003,07/11/2021,18/11/2021,4460,23440,3264,105,31,51,0,106,43,52,38,426,49,,,
LPR,KT4A,LPRKT4A,TAKAOKA,8946787,230/69/11,200,2003,27/05/2022,03/06/2022,4411,35285,3093,86,47,50,0,87,43,47,29,389,59,13,,
LPR,KT4A,LPRKT4A,TAKAOKA,8946787,230/69/11,200,2003,17/11/2022,28/11/2022,5940,30980,2879,79,24,45,0,64,43,51,25,331,61,13,,
LPR,KT4A,LPRKT4A,TAKAOKA,8946787,230/69/11,200,2003,18/05/2023,22/05/2023,2550,35510,3019,84,52,75,0,99,55,85,33,483,55,9,,
LPR,KT4A,LPRKT4A,TAKAOKA,8946787,230/69/11,200,2003,19/11/2023,23/12/2023,6950,36052,3976,114,64,155,0,124,93,63,32,645,51,12,,
LR,KT1A,LRKT1A,VOLTA WERKE,60548002,115/33/11,32,1994,04/04/2019,26/08/2019,9587,41391,1557,104,16,80,0,0,167,0,82,449,54,26,-,
LR,KT1A,LRKT1A,VOLTA WERKE,60548002,115/33/11,32,1994,28/09/2019,22/11/2019,9330,48060,0,0,23,89,0,0,223,0,147,482,52,24,-,
LR,KT1A,LRKT1A,VOLTA WERKE,60548002,115/33/11,32,1994,18/09/2020,15/11/2020,8865,41590,1639,90,22,99,0,6,226,143,0,586,49,10,,
LR,KT1A,LRKT1A,VOLTA WERKE,60548002,115/33/11,32,1994,13/09/2021,16/11/2021,6830,42720,2351,81,12,84,0,1,202,17,154,551,50,17,,
LR,KT1A,LRKT1A,VOLTA WERKE,60548002,115/33/11,32,1994,15/09/2022,08/10/2022,4052,60101,2586,148,4,105,0,5,274,8,140,684,54,13,,
LR,KT1A,LRKT1A,VOLTA WERKE,60548002,115/33/11,32,1994,02/10/2023,18/11/2023,13190,32370,2712,144,5,65,0,4,179,9,149,555,60,14,,
LR,KT2A,LRKT2A,OSAKA,5A1594001,115/33,25,1992,01/04/2019,30/06/2019,8308,35086,3287,342,141,83,0,19,270,12,171,1038,60,34,-,
LR,KT2A,LRKT2A,OSAKA,5A1594001,115/33,25,1992,28/09/2019,22/11/2019,9540,70060,0,0,79,67,0,25,280,106,288,845,53,6,-,
LR,KT2A,LRKT2A,OSAKA,5A1594001,115/33,25,1992,18/09/2020,15/11/2020,8590,231570,1142,86,22,32,0,4,120,56,126,446,54,24,,
LR,KT2A,LRKT2A,OSAKA,5A1594001,115/33,25,1992,13/09/2021,16/11/2021,5390,70035,4182,462,44,80,0,21,269,44,147,1067,54,20,,
LR,KT2A,LRKT2A,OSAKA,5A1594001,115/33,25,1992,15/09/2022,08/10/2022,4310,76822,4642,499,40,63,0,17,245,68,231,1163,54,29,,
LR,KT2A,LRKT2A,OSAKA,5A1594001,115/33,25,1992,02/10/2023,18/11/2023,9390,47300,6445,322,41,55,0,19,164,67,266,934,52,27,,
LR,KT2A,LRKT2A,OSAKA,5A1594001,115/33,25,1992,12/03/2024,09/04/2024,10070,52620,5664,545,32,122,0,114,330,323,445,1911,65,31,,
LR,KT3A,LRKT3A,MITSUBISHI,566415,115/33,25,1991,04/04/2019,23/06/2019,13318,40923,2324,148,18,39,0,12,51,54,17,339,54,27,-,
LR,KT3A,LRKT3A,MITSUBISHI,566415,115/33,25,1991,29/09/2019,23/11/2019,11444,84370,2695,275,23,42,0,5,0,12,35,392,52,29,-,
LR,KT3A,LRKT3A,MITSUBISHI,566415,115/33,25,1991,18/09/2020,15/11/2020,10550,202740,850,66,40,14,0,1,25,6,18,170,49,25,,
LR,KT3A,LRKT3A,MITSUBISHI,566415,115/33,25,1991,13/09/2021,16/11/2021,11803,40155,1354,363,9,0,0,0,10,0,0,382,53,30,,
LR,KT3A,LRKT3A,MITSUBISHI,566415,115/33,25,1991,15/09/2022,08/10/2022,12920,73909,1987,354,4,30,0,5,52,9,33,487,55,26,,
LR,KT3A,LRKT3A,MITSUBISHI,566415,115/33,25,1991,02/10/2023,18/11/2023,12560,43470,5024,229,7,26,0,6,41,17,39,365,52,25,,
LS,KT1A,LSKT1A,TAKAOKA,8144950,230/115/22,100,1996,14/09/2019,21/09/2019,10394,40095,2340,201,20,0,0,0,0,0,0,0,-,-,-,
LS,KT1A,LSKT1A,TAKAOKA,8144950,230/115/22,100,1996,17/01/2020,27/01/2020,12384,39431,2193,159,2,24,0,0,9,0,4,198,46,13,,
LS,KT1A,LSKT1A,TAKAOKA,8144950,230/115/22,100,1996,08/08/2020,30/08/2020,7875,37362,2324,114,29,23,0,0,7,6,4,183,55,19,,
LS,KT1A,LSKT1A,TAKAOKA,8144950,230/115/22,100,1996,28/05/2021,06/08/2021,17747,44613,2083,165,20,16,0,15,11,0,0,227,52,31,,
LS,KT1A,LSKT1A,TAKAOKA,8144950,230/115/22,100,1996,16/10/2021,17/11/2021,7181,34782,2812,270,53,28,0,12,10,9,4,386,54,18,,
LS,KT1A,LSKT1A,TAKAOKA,8144950,230/115/22,100,1996,06/03/2022,19/03/2022,8331,26658,3402,256,22,16,0,15,15,9,9,342,44,17,,
LS,KT1A,LSKT1A,TAKAOKA,8144950,230/115/22,100,1996,19/11/2022,11/12/2022,8451,38367,3186,216,31,29,0,15,10,10,5,316,50,10,สี1.5,
LS,KT1A,LSKT1A,TAKAOKA,8144950,230/115/22,100,1996,18/08/2023,28/08/2023,9035,38122,2081,214,20,32,0,26,18,10,8,328,51,15,,
LS,KT1A,LSKT1A,TAKAOKA,8144950,230/115/22,100,1996,15/12/2023,28/01/2024,6869,29986,2476,179,39,15,0,11,12,7,6,269,47,16,,
LS,KT2A,LSKT2A,MITSUBISHI,574418,115/22,25,2000,14/09/2019,21/09/2019,11912,44532,2602,119,9,34,0,0,115,0,71,348,49,11,-,
LS,KT2A,LSKT2A,MITSUBISHI,574418,115/22,25,2000,24/02/2020,09/05/2020,6552,44809,2247,103,9,53,0,3,148,0,69,385,60,15,research,
LS,KT2A,LSKT2A,MITSUBISHI,574418,115/22,25,2000,26/12/2020,11/01/2021,9955,46868,2495,94,16,28,0,0,98,9,67,279,,16,,
LS,KT2A,LSKT2A,MITSUBISHI,574418,115/22,25,2000,16/10/2021,17/11/2021,6203,40401,2551,98,26,12,0,2,161,0,74,373,56,15,,
LS,KT2A,LSKT2A,MITSUBISHI,574418,115/22,25,2000,19/11/2022,11/12/2022,9429,52896,2615,105,4,48,0,3,153,0,80,393,51,21,สี 2,
LS,KT2A,LSKT2A,MITSUBISHI,574418,115/22,25,2000,15/12/2023,28/01/2024,9452,44425,2346,89,32,54,0,4,227,6,91,503,57,13,,
LS,KT3A,LSKT3A,MITSUBISHI,573089,115/22,25,1998,14/09/2019,21/09/2019,6502,41957,2967,124,10,27,0,0,51,0,40,252,47,15,-,
LS,KT3A,LSKT3A,MITSUBISHI,573089,115/22,25,1998,25/02/2020,10/05/2020,4263,44779,2292,113,17,52,0,3,94,0,40,319,68,24,research,
LS,KT3A,LSKT3A,MITSUBISHI,573089,115/22,25,1998,26/12/2020,11/01/2021,10041,50936,2759,103,25,27,0,0,79,0,54,288,45,15,,
LS,KT3A,LSKT3A,MITSUBISHI,573089,115/22,25,1998,16/10/2021,18/11/2021,6174,24826,2389,47,9,30,0,0,95,10,71,262,54,15,,
LS,KT3A,LSKT3A,MITSUBISHI,573089,115/22,25,1998,04/12/2021,11/12/2021,4427,35643,1906,775,38,64,0,3,109,0,54,1043,48,17,,
LS,KT3A,LSKT3A,MITSUBISHI,573089,115/22,25,1998,16/12/2021,20/12/2021,2915,26778,2805,61,19,36,0,0,109,10,76,311,50,13,repeat,
LS,KT3A,LSKT3A,MITSUBISHI,573089,115/22,25,1998,19/11/2022,11/12/2022,4095,31679,1680,78,19,48,0,6,126,9,57,343,52,19,สี 2.5,
LS,KT3A,LSKT3A,MITSUBISHI,573089,115/22,25,1998,15/12/2023,28/01/2024,4804,18547,1166,42,49,23,0,2,75,3,45,239,55,19,,
LS,KT4A,LSKT4A,TAKAOKA,8345590,230/115/22,100,1998,17/01/2020,27/01/2020,10513,49931,948,90,37,22,0,0,43,0,31,223,47,5,,
LS,KT4A,LSKT4A,TAKAOKA,8345590,230/115/22,100,1998,08/08/2020,30/08/2020,7276,50721,907,71,34,21,0,0,39,4,24,193,54,19,,
LS,KT4A,LSKT4A,TAKAOKA,8345590,230/115/22,100,1998,28/05/2021,07/08/2021,18339,49092,1202,80,10,12,0,0,3,5,1,211,52,9,,
LS,KT4A,LSKT4A,TAKAOKA,8345590,230/115/22,100,1998,16/10/2021,17/11/2021,6271,30218,1325,83,3,18,0,0,38,4,27,173,55,9,,
LS,KT4A,LSKT4A,TAKAOKA,8345590,230/115/22,100,1998,06/03/2022,19/03/2022,7078,32834,1266,132,5,15,0,2,52,0,25,231,47,11,,
LS,KT4A,LSKT4A,TAKAOKA,8345590,230/115/22,100,1998,19/11/2022,11/12/2022,9593,49538,1256,101,4,21,0,1,48,0,26,201,50,14,สี1.5,
LS,KT4A,LSKT4A,TAKAOKA,8345590,230/115/22,100,1998,14/02/2023,28/01/2024,11335,45487,1256,128,26,19,0,1,57,4,33,268,49,13,,
LS,KT4A,LSKT4A,TAKAOKA,8345590,230/115/22,100,1998,18/08/2023,28/08/2023,6965,42492,1684,115,8,27,0,4,55,5,34,248,52,11,,
LSN,KT1A,LSNKT1A,ABB,57024,115/22,50,2011,21/11/2019,26/12/2019,27330,95190,1865,561,19,3,0,0,0,0,0,583,40,18,-,
LSN,KT1A,LSNKT1A,ABB,57024,115/22,50,2011,08/11/2020,27/11/2020,17546,72003,1460,367,29,2,0,1,1,1,1,402,40,13,,
LSN,KT1A,LSNKT1A,ABB,57024,115/22,50,2011,02/11/2021,22/11/2021,14960,55120,2843,590,3,2,0,0,0,1,1,597,44,7,,
LSN,KT1A,LSNKT1A,ABB,57024,115/22,50,2011,27/11/2022,12/01/2023,19470,63430,2292,583,4,2,0,0,0,5,1,595,56,11,,
LSN,KT1A,LSNKT1A,ABB,57024,115/22,50,2011,29/04/2023,19/05/2023,20871,64042,1831,563,3,3,0,2,1,4,0,576,45,8,,
LSN,KT1A,LSNKT1A,ABB,57024,115/22,50,2011,23/11/2023,27/01/2024,22169,71759,2125,616,6,3,0,6,1,1,2,635,40,22,,
LSN,KT2A,LSNKT2A,ABB,57029,115/22,50,2011,21/11/2019,22/12/2019,24340,37000,1496,396,17,2,0,0,0,0,0,415,40,18,-,
LSN,KT2A,LSNKT2A,ABB,57029,115/22,50,2011,08/11/2020,27/11/2020,18889,34205,1844,408,22,4,0,0,8,0,1,443,42,16,,
LSN,KT2A,LSNKT2A,ABB,57029,115/22,50,2011,02/11/2021,22/11/2021,25852,55180,1706,490,7,0,0,0,11,0,0,508,46,14,,
LSN,KT2A,LSNKT2A,ABB,57029,115/22,50,2011,27/11/2022,12/01/2023,27476,56008,2086,473,10,4,0,4,0,0,0,491,56,8,,
LSN,KT2A,LSNKT2A,ABB,57029,115/22,50,2011,23/11/2023,27/01/2024,27710,68992,2874,687,7,7,0,7,1,1,1,711,43,14,,
LSN,KT3A,LSNKT3A,DAIHEN,5BK013001,230/115/22,200,2006,11/03/2019,18/03/2019,8053,47001,3032,135,52,69,0,0,124,0,43,423,59,14,-,
LSN,KT3A,LSNKT3A,DAIHEN,5BK013001,230/115/22,200,2006,22/09/2019,27/09/2019,9105,41008,3271,161,32,75,0,6,152,0,38,464,71,10,-,
LSN,KT3A,LSNKT3A,DAIHEN,5BK013001,230/115/22,200,2006,27/10/2019,11/11/2019,30796,60144,2384,59,9,35,0,6,95,0,64,268,,19,ทดสอบหลังปลดออกจากระบบ ก่อนนำไปใช้งานที่ สฟ.หลังสวน,
LSN,KT3A,LSNKT3A,DAIHEN,5BK013001,230/115/22,200,2006,06/12/2019,15/12/2019,7164,18509,172,19,0,0,0,0,0,0,0,19,-,17,ย้ายมาจาก SR2-KT4A หลัง Purify,
LSN,KT3A,LSNKT3A,DAIHEN,5BK013001,230/115/22,200,2006,02/05/2020,31/05/2020,8541,20058,885,67,4,13,0,0,7,3,3,97,66,17,,
LSN,KT3A,LSNKT3A,DAIHEN,5BK013001,230/115/22,200,2006,08/11/2020,27/11/2020,4546,28067,968,74,16,14,0,1,10,3,4,122,62,17,,
LSN,KT3A,LSNKT3A,DAIHEN,5BK013001,230/115/22,200,2006,04/05/2021,24/07/2021,20957,44955,1217,83,9,0,0,0,20,0,0,112,60,30,,
LSN,KT3A,LSNKT3A,DAIHEN,5BK013001,230/115/22,200,2006,02/11/2021,23/11/2021,4250,20550,2005,75,3,16,0,0,15,4,8,121,61,12,,
LSN,KT3A,LSNKT3A,DAIHEN,5BK013001,230/115/22,200,2006,29/04/2022,15/05/2022,3338,18528,1921,97,10,16,0,0,24,0,0,147,64,12,,
LSN,KT3A,LSNKT3A,DAIHEN,5BK013001,230/115/22,200,2006,27/11/2022,13/01/2023,17556,44067,1515,93,2,19,0,2,22,1,11,150,56,12,,
LSN,KT3A,LSNKT3A,DAIHEN,5BK013001,230/115/22,200,2006,29/04/2023,18/05/2023,20330,51550,1475,86,2,13,0,0,17,3,10,131,60,12,,
LSN,KT3A,LSNKT3A,DAIHEN,5BK013001,230/115/22,200,2006,23/11/2023,27/01/2024,10682,30287,1355,105,17,21,0,1,29,2,20,195,57,21,,
LSN,KT4A,LSNKT4A,TOSHIBA,91900006,230/115/22,200,2005,02/05/2020,31/05/2020,5125,32879,784,60,21,11,0,0,4,2,2,100,59,29,,
LSN,KT4A,LSNKT4A,TOSHIBA,91900006,230/115/22,200,2005,08/11/2020,27/11/2020,5197,29068,826,64,20,10,0,1,6,4,4,109,56,19,,
LSN,KT4A,LSNKT4A,TOSHIBA,91900006,230/115/22,200,2005,04/05/2021,24/07/2021,10387,23975,1041,70,13,0,0,0,11,0,0,94,52,27,,
LSN,KT4A,LSNKT4A,TOSHIBA,91900006,230/115/22,200,2005,02/11/2021,22/11/2021,5430,18710,1601,56,4,12,0,0,9,5,7,93,54,17,,
LSN,KT4A,LSNKT4A,TOSHIBA,91900006,230/115/22,200,2005,29/04/2022,15/05/2022,7246,20536,1440,81,12,10,0,1,13,0,0,117,55,19,,
LSN,KT4A,LSNKT4A,TOSHIBA,91900006,230/115/22,200,2005,27/11/2022,08/01/2023,8608,23063,1326,97,10,14,0,1,14,6,4,146,50,12,,
LSN,KT4A,LSNKT4A,TOSHIBA,91900006,230/115/22,200,2005,29/04/2023,18/05/2023,19510,47640,1275,84,2,10,0,0,9,5,8,118,56,14,,
LSN,KT4A,LSNKT4A,TOSHIBA,91900006,230/115/22,200,2005,23/11/2023,26/01/2024,13391,35088,1444,103,15,16,0,1,17,3,11,166,52,21,,
MCN,KT1A,MCNKT1A,ABB,57017,115/22,50,2011,21/06/2021,30/08/2021,36492,59936,644,30,4,0,0,0,0,0,0,34,,36,,
MCN,KT1A,MCNKT1A,ABB,57017,115/22,50,2011,18/06/2022,20/06/2022,15472,62534,1045,305,9,2,0,17,3,7,2,345,,8,,
MCN,KT1A,MCNKT1A,ABB,57017,115/22,50,2011,16/09/2022,01/10/2022,14235,75664,1270,450,2,6,0,14,13,6,5,496,,9,,
MCN,KT1A,MCNKT1A,ABB,57017,115/22,50,2011,01/06/2023,10/06/2023,5378,67956,2295,685,18,16,0,15,4,4,2,744,,25,,
MCN,KT1A,MCNKT1A,ABB,57017,115/22,50,2011,29/04/2024,26/05/2024,4766,36204,2557,781,16,5,0,15,11,0,0,828,40,25,,
MD1,KT1A,MD1KT1A,ABB,5003,115/22,50,2006,25/05/2020,30/05/2020,2533,40702,1510,131,50,114,0,6,242,0,128,671,48,13,ระดับน้ำมันต่ำอยู่กว่า Curve,
MD1,KT1A,MD1KT1A,ABB,5003,115/22,50,2006,25/02/2021,21/05/2021,16036,43907,1016,83,18,68,0,5,437,0,125,736,50,37,,
MD1,KT1A,MD1KT1A,ABB,5003,115/22,50,2006,03/02/2022,20/02/2022,18462,49174,1531,136,39,71,0,2,292,4,143,687,33,10,,
MD1,KT1A,MD1KT1A,ABB,5003,115/22,50,2006,02/02/2023,13/02/2023,5285,45291,1735,155,19,126,0,7,288,0,157,752,39,9,,
MD1,KT1A,MD1KT1A,ABB,5003,115/22,50,2006,31/01/2024,10/03/2024,9048,37164,1388,159,13,53,0,3,206,33,208,675,48,19,,
MD1,KT2A,MD1KT2A,DAIHEN,EDP011905,115/22/11,50,2013,26/02/2020,29/03/2020,15254,61704,714,452,26,4,0,2,4,0,7,495,48,18,,
MD1,KT2A,MD1KT2A,DAIHEN,EDP011905,115/22/11,50,2013,25/02/2021,21/05/2021,18137,63192,475,376,40,6,0,7,3,5,4,441,51,13,,
MD1,KT2A,MD1KT2A,DAIHEN,EDP011905,115/22/11,50,2013,03/02/2022,19/02/2022,12638,62651,1046,475,34,2,0,2,3,0,4,520,35,10,,
MD1,KT2A,MD1KT2A,DAIHEN,EDP011905,115/22/11,50,2013,02/02/2023,12/02/2023,7030,52210,1213,561,15,4,0,9,3,26,4,622,41,9,,
MD1,KT2A,MD1KT2A,DAIHEN,EDP011905,115/22/11,50,2013,31/01/2024,08/03/2024,20033,39245,1588,531,13,6,0,8,4,3,7,572,50,10,,
MD2,KT1A,MD2KT1A,VOLTA WERKE,60541-001,115/22,25,1993,26/02/2020,29/03/2020,8540,20347,451,38,14,18,0,0,23,0,14,107,43,8,,
MD2,KT1A,MD2KT1A,VOLTA WERKE,60541-001,115/22,25,1993,26/02/2021,20/05/2021,21266,53777,747,48,29,0,0,0,72,0,15,164,41,18,,
MD2,KT1A,MD2KT1A,VOLTA WERKE,60541-001,115/22,25,1993,04/02/2022,18/02/2022,7361,27693,778,54,37,12,0,0,22,0,14,139,34,16,,
MD2,KT1A,MD2KT1A,VOLTA WERKE,60541-001,115/22,25,1993,01/02/2023,13/02/2023,3460,19430,849,52,45,21,0,1,34,14,18,185,44,6,,
MD2,KT1A,MD2KT1A,VOLTA WERKE,60541-001,115/22,25,1993,30/03/2024,22/04/2024,9901,42377,834,110,45,27,0,9,39,2,27,259,48,15,,
MK,KT1A,MKKT1A,ABB,52011,115/22,50,2007,08/03/2019,26/04/2019,9515,41133,1469,127,12,17,0,0,10,0,0,166,50,20,-,
MK,KT1A,MKKT1A,ABB,52011,115/22,50,2007,07/03/2020,28/03/2020,8642,42569,1529,132,12,30,0,0,8,0,7,189,59,12,,
MK,KT1A,MKKT1A,ABB,52011,115/22,50,2007,09/01/2021,05/02/2021,5396,51962,2439,107,15,33,0,0,7,0,4,166,45,12,,
MK,KT1A,MKKT1A,ABB,52011,115/22,50,2007,12/02/2022,28/03/2022,8008,37407,1819,134,14,30,0,0,12,0,0,190,43,13,,
MK,KT1A,MKKT1A,ABB,52011,115/22,50,2007,11/02/2023,10/03/2023,5094,36681,1939,171,12,32,0,2,10,0,0,227,47,20,,
MK,KT1A,MKKT1A,ABB,52011,115/22,50,2007,09/02/2024,19/03/2024,7623,37565,1974,181,13,25,0,3,9,0,0,231,51,16,,
MK,KT2A,MKKT2A,ABB,56039,115/22,50,2011,08/03/2019,27/04/2019,12676,43580,1695,562,7,0,0,4,0,0,0,573,43,24,-,
MK,KT2A,MKKT2A,ABB,56039,115/22,50,2011,07/03/2020,24/03/2020,17648,66305,1762,584,46,3,0,6,0,0,0,639,50,12,,
MK,KT2A,MKKT2A,ABB,56039,115/22,50,2011,09/01/2021,08/02/2021,12596,52147,2529,571,26,3,0,7,1,3,1,612,37,4,,
MK,KT2A,MKKT2A,ABB,56039,115/22,50,2011,12/02/2022,28/03/2022,20663,60233,2556,753,28,3,0,19,0,0,0,803,35,14,,
MK,KT2A,MKKT2A,ABB,56039,115/22,50,2011,11/02/2023,09/03/2023,23715,62368,2644,892,6,6,0,21,9,0,12,946,42,12,,
MK,KT2A,MKKT2A,ABB,56039,115/22,50,2011,09/02/2024,19/03/2024,28000,51214,2005,766,4,7,0,20,1,11,1,810,47,13,,
MK,KT2A,MKKT2A,ABB,56039,115/22,50,2011,25/03/2024,31/03/2024,17271,60250,2107,512,4,5,0,16,1,1,1,540,42,8,,
MM2,KT1A,MM2KT1A,OSAKA,528569,115/11,4,2002,25/05/2019,07/06/2019,4160,43382,2637,108,9,5,0,1,7,0,0,130,47,18,-,
MM2,KT1A,MM2KT1A,OSAKA,528569,115/11,4,2002,09/05/2020,18/05/2020,21102,68703,943,19,4,4,0,0,2,0,1,30,48,16,,
MM2,KT1A,MM2KT1A,OSAKA,528569,115/11,4,2002,07/03/2021,19/04/2021,17746,65248,1610,22,25,5,0,0,2,0,2,56,45,15,,
MM2,KT1A,MM2KT1A,OSAKA,528569,115/11,4,2002,11/03/2022,19/03/2022,4032,76590,2970,15,15,5,0,0,6,0,0,41,44,19,,
MM2,KT1A,MM2KT1A,OSAKA,528569,115/11,4,2002,12/03/2023,16/03/2023,6955,95347,3180,33,28,6,0,1,5,6,3,82,0,15,,
MM2,KT3A,MM2KT3A,EBG,136703,115/22,50,2000,25/05/2019,08/05/2019,4445,36060,3025,647,22,39,0,12,85,0,75,880,52,24,-,
MM2,KT3A,MM2KT3A,EBG,136703,115/22,50,2000,09/05/2020,22/05/2020,20674,61907,884,96,8,21,0,2,72,0,96,295,53,28,,
MM2,KT3A,MM2KT3A,EBG,136703,115/22,50,2000,28/07/2020,23/08/2020,2764,67926,2622,515,23,37,0,11,124,55,99,864,50,24,,
MM2,KT3A,MM2KT3A,EBG,136703,115/22,50,2000,07/03/2021,20/04/2021,13803,69142,485,40,48,23,0,10,24,18,19,182,52,10,,
MM2,KT3A,MM2KT3A,EBG,136703,115/22,50,2000,11/03/2022,19/03/2022,1508,60936,2552,495,21,0,0,10,159,0,65,750,49,15,,
MM2,KT3A,MM2KT3A,EBG,136703,115/22,50,2000,12/03/2023,16/03/2023,6581,88536,2788,620,18,81,0,10,217,13,148,1107,49,21,,
MM2,KT4A,MM2KT4A,EBG,136704,115/22,50,2000,25/05/2019,07/06/2019,4972,43683,2415,255,16,134,0,7,217,0,146,775,52,19,-,
MM2,KT4A,MM2KT4A,EBG,136704,115/22,50,2000,09/05/2020,18/05/2020,5142,69643,1944,198,24,77,0,0,174,0,108,581,50,16,,
MM2,KT4A,MM2KT4A,EBG,136704,115/22,50,2000,07/03/2021,17/04/2021,6364,64192,1039,78,30,73,0,1,162,10,156,510,50,10,,
MM2,KT4A,MM2KT4A,EBG,136704,115/22,50,2000,11/03/2022,20/03/2022,6241,81685,2540,177,15,84,0,4,257,0,140,677,48,8,,
MM2,KT4A,MM2KT4A,EBG,136704,115/22,50,2000,12/03/2023,16/03/2023,5776,93047,2438,248,50,115,0,4,274,0,162,853,47,8,,
MM2,KT5A,MM2KT5A,SHENYANG,5P085-1,115/22,50,2006,25/05/2019,07/06/2019,10803,40916,2676,688,117,6,0,13,4,0,4,832,50,27,-,
MM2,KT5A,MM2KT5A,SHENYANG,5P085-1,115/22,50,2006,09/05/2020,19/05/2020,16872,76184,2006,627,8,4,0,5,2,0,3,649,49,56,,
MM2,KT5A,MM2KT5A,SHENYANG,5P085-1,115/22,50,2006,28/07/2020,23/08/2020,6156,55084,2687,183,12,0,0,16,0,0,0,211,44,12,,
MM2,KT5A,MM2KT5A,SHENYANG,5P085-1,115/22,50,2006,07/03/2021,17/04/2021,5314,57627,1849,562,77,5,0,9,2,3,2,660,51,53,,
MM2,KT5A,MM2KT5A,SHENYANG,5P085-1,115/22,50,2006,11/03/2022,19/03/2022,5880,78740,3284,696,1,4,0,7,2,0,1,711,46,28,,
MM2,KT5A,MM2KT5A,SHENYANG,5P085-1,115/22,50,2006,12/03/2023,16/03/2023,4825,58282,3373,970,21,10,0,21,4,0,0,1026,46,47,,
MM3,KT3AA,MM3KT3AA,TMT&D,05900001,500/230,333,2019,20/06/2020,03/08/2020,25838,64211,415,14,0,0,0,0,2,0,0,16,56,35,,
MM3,KT3AA,MM3KT3AA,TMT&D,05900001,500/230,333,2019,09/11/2020,07/12/2020,13130,89430,26,10,32,2,0,3,1,2,1,51,54,15,,
MM3,KT3AA,MM3KT3AA,TMT&D,05900001,500/230,333,2019,07/03/2021,18/04/2021,7678,55824,274,41,20,1,0,0,1,1,1,65,56,7,,
MM3,KT3AA,MM3KT3AA,TMT&D,05900001,500/230,333,2019,23/08/2021,27/08/2021,7973,19373,631,109,15,0,0,0,0,0,0,124,58,8,,
MM3,KT3AA,MM3KT3AA,TMT&D,05900001,500/230,333,2019,31/08/2021,11/09/2021,2459,10065,103,9,8,0,0,0,0,0,0,17,,9,หลังเปิดตรวจสอบภายใน,
MM3,KT3AA,MM3KT3AA,TMT&D,05900001,500/230,333,2019,11/03/2022,20/03/2022,10944,23663,492,38,2,4,0,0,3,1,5,53,59,11,,
MM3,KT3AA,MM3KT3AA,TMT&D,05900001,500/230,333,2019,12/03/2023,16/03/2023,10592,31422,859,101,6,1,0,0,0,0,0,108,61,12,,
MM3,KT3AA,MM3KT3AA,TMT&D,05900001,500/230,333,2019,10/09/2023,08/10/2023,9282,23768,869,122,14,2,0,8,6,10,5,167,58,11,,
MM3,KT3AA,MM3KT3AA,TMT&D,05900001,500/230,333,2019,21/04/2024,28/04/2024,14410,19950,1522,175,4,5,0,3,1,75,1,264,58,8,,
MM3,KT3AB,MM3KT3AB,TMT&D,05900002,500/230,333,2019,20/06/2020,03/08/2020,18341,63171,370,26,2,1,0,2,1,11,0,43,58,27,,
MM3,KT3AB,MM3KT3AB,TMT&D,05900002,500/230,333,2019,09/11/2020,07/12/2020,14620,106660,25,10,30,2,0,0,1,3,1,47,56,10,,
MM3,KT3AB,MM3KT3AB,TMT&D,05900002,500/230,333,2019,07/03/2021,18/04/2021,13032,52198,280,33,18,1,0,0,1,0,0,53,56,8,,
MM3,KT3AB,MM3KT3AB,TMT&D,05900002,500/230,333,2019,23/08/2021,27/08/2021,6545,15450,591,107,15,0,0,0,0,0,0,122,60,11,,
MM3,KT3AB,MM3KT3AB,TMT&D,05900002,500/230,333,2019,31/08/2021,11/09/2021,4683,15998,93,16,12,0,0,0,0,0,0,28,,14,หลังเปิดตรวจสอบภายใน,
MM3,KT3AB,MM3KT3AB,TMT&D,05900002,500/230,333,2019,11/03/2022,19/03/2022,3670,11150,412,31,4,0,0,0,0,0,0,35,60,31,,
MM3,KT3AB,MM3KT3AB,TMT&D,05900002,500/230,333,2019,12/03/2023,16/03/2023,8890,27443,807,122,24,1,0,0,0,2,2,151,60,7,,
MM3,KT3AB,MM3KT3AB,TMT&D,05900002,500/230,333,2019,10/09/2023,08/10/2023,9314,22569,762,135,16,2,0,11,15,2,1,182,55,10,,
MM3,KT3AB,MM3KT3AB,TMT&D,05900002,500/230,333,2019,21/04/2024,28/04/2024,8105,18465,997,172,10,0,0,0,0,0,0,182,59*,7,,
MM3,KT3AC,MM3KT3AC,TMT&D,05900003,500/230,333,2019,20/06/2020,03/08/2020,18752,64874,381,34,2,0,0,0,2,0,0,38,58,18,,
MM3,KT3AC,MM3KT3AC,TMT&D,05900003,500/230,333,2019,09/11/2020,07/12/2020,14040,105010,27,11,19,2,0,2,0,2,1,37,56,9,,
MM3,KT3AC,MM3KT3AC,TMT&D,05900003,500/230,333,2019,07/03/2021,18/04/2021,17224,63248,294,42,20,1,0,0,1,0,0,64,56,6,,
MM3,KT3AC,MM3KT3AC,TMT&D,05900003,500/230,333,2019,18/08/2021,22/08/2021,13402,27468,598,18,9,0,0,0,0,0,0,27,54,8,,
MM3,KT3AC,MM3KT3AC,TMT&D,05900003,500/230,333,2019,31/08/2021,11/09/2021,4137,17654,63,1,15,3,0,0,2,0,1,22,,9,หลังเปิดตรวจสอบภายใน,
MM3,KT3AC,MM3KT3AC,TMT&D,05900003,500/230,333,2019,11/03/2022,19/03/2022,5839,14096,481,39,9,0,0,0,0,0,0,48,60,11,,
MM3,KT3AC,MM3KT3AC,TMT&D,05900003,500/230,333,2019,12/03/2023,16/03/2023,10913,31426,958,112,9,1,0,0,0,0,0,122,62,16,,
MM3,KT3AC,MM3KT3AC,TMT&D,05900003,500/230,333,2019,10/09/2023,08/10/2023,10647,26478,872,135,18,2,0,0,18,2,4,179,58,12,,
MM3,KT3AC,MM3KT3AC,TMT&D,05900003,500/230,333,2019,21/04/2024,28/04/2024,14940,25260,1505,177,5,5,0,1,1,55,5,249,58,11,,
MM3,KT4A,MM3KT4A,FUJI,A1Z69040T1-1,230/121/22,200,2007,09/05/2019,13/09/2019,9236,39894,1474,70,23,22,0,2,111,0,61,289,60,23,-,
MM3,KT4A,MM3KT4A,FUJI,A1Z69040T1-1,230/121/22,200,2007,11/11/2019,16/12/2019,12579,37781,1607,72,17,13,0,0,83,0,80,265,52,12,-,
MM3,KT4A,MM3KT4A,FUJI,A1Z69040T1-1,230/121/22,200,2007,22/06/2020,02/08/2020,8715,70416,1634,70,36,23,0,6,118,115,0,368,60,11,,
MM3,KT4A,MM3KT4A,FUJI,A1Z69040T1-1,230/121/22,200,2007,09/11/2020,07/12/2020,4800,244210,92,19,58,30,0,41,126,584,88,946,60,4,,
MM3,KT4A,MM3KT4A,FUJI,A1Z69040T1-1,230/121/22,200,2007,07/03/2021,18/04/2021,6706,65421,533,16,38,16,0,1,78,0,72,221,54,9,,
MM3,KT4A,MM3KT4A,FUJI,A1Z69040T1-1,230/121/22,200,2007,13/09/2021,05/11/2021,5342,67958,1731,84,37,27,0,6,143,0,21,318,56,16,,
MM3,KT4A,MM3KT4A,FUJI,A1Z69040T1-1,230/121/22,200,2007,12/03/2022,19/03/2022,1755,64460,1836,92,47,0,0,5,146,0,45,335,60,12,,
MM3,KT4A,MM3KT4A,FUJI,A1Z69040T1-1,230/121/22,200,2007,11/09/2022,22/09/2022,2212,63031,1426,71,18,36,0,6,167,4,136,438,58,9,,
MM3,KT4A,MM3KT4A,FUJI,A1Z69040T1-1,230/121/22,200,2007,13/03/2023,16/03/2023,6073,87423,2254,110,70,45,0,6,186,0,149,566,55,7,,
MM3,KT4A,MM3KT4A,FUJI,A1Z69040T1-1,230/121/22,200,2007,10/09/2023,07/10/2023,5368,83957,1513,85,56,49,0,6,176,9,110,491,60,8,,
MM3,KT4A,MM3KT4A,FUJI,A1Z69040T1-1,230/121/22,200,2007,21/04/2024,28/04/2024,10524,60242,2247,83,27,33,0,5,200,0,58,406,66,13,,
MM3,KT5A,MM3KT5A,MITSUBISHI,9711290103,230/121/22,200,2013,09/05/2019,13/09/2019,6739,35817,3965,180,1,19,0,0,13,0,0,213,74,23,-,
MM3,KT5A,MM3KT5A,MITSUBISHI,9711290103,230/121/22,200,2013,11/11/2019,20/12/2019,9581,41680,3752,211,4,21,0,0,17,0,0,253,65,10,-,
MM3,KT5A,MM3KT5A,MITSUBISHI,9711290103,230/121/22,200,2013,22/06/2020,02/08/2020,12244,56071,4324,160,7,20,0,0,17,0,2,5,72,19,,
MM3,KT5A,MM3KT5A,MITSUBISHI,9711290103,230/121/22,200,2013,09/11/2020,07/12/2020,5760,76740,341,42,17,29,0,0,11,192,6,297,72,5,,
MM3,KT5A,MM3KT5A,MITSUBISHI,9711290103,230/121/22,200,2013,07/03/2021,17/04/2021,6172,47469,2734,90,41,35,0,0,15,0,9,190,64,12,,
MM3,KT5A,MM3KT5A,MITSUBISHI,9711290103,230/121/22,200,2013,13/09/2021,05/11/2021,7792,39931,4850,184,13,22,0,0,22,0,0,241,68,10,,
MM3,KT5A,MM3KT5A,MITSUBISHI,9711290103,230/121/22,200,2013,12/03/2022,19/03/2022,9383,39344,4679,167,7,0,0,0,19,0,0,193,71,12,,
MM3,KT5A,MM3KT5A,MITSUBISHI,9711290103,230/121/22,200,2013,11/09/2022,22/09/2022,2073,48632,4530,164,1,29,0,0,15,2,10,221,60,10,,
MM3,KT5A,MM3KT5A,MITSUBISHI,9711290103,230/121/22,200,2013,13/03/2023,16/03/2023,11066,41793,5591,187,7,29,0,0,19,0,0,242,64,7,,
MM3,KT5A,MM3KT5A,MITSUBISHI,9711290103,230/121/22,200,2013,21/04/2024,28/04/2024,8240,41370,7199,215,3,62,0,1,35,8,21,345,68,9,,
MM3,KT7A,MM3KT7A,FUJI,A1Z69040T3,230/121/22,200,2007,10/05/2019,14/09/2019,4280,39797,1453,92,41,59,0,8,138,0,82,420,60,19,-,
MM3,KT7A,MM3KT7A,FUJI,A1Z69040T3,230/121/22,200,2007,11/11/2019,20/12/2019,8354,54647,1338,83,23,57,0,1,150,0,103,417,56,16,-,
MM3,KT7A,MM3KT7A,FUJI,A1Z69040T3,230/121/22,200,2007,22/06/2020,02/08/2020,4071,59148,1964,101,45,57,0,8,193,228,0,632,55,12,,
MM3,KT7A,MM3KT7A,FUJI,A1Z69040T3,230/121/22,200,2007,09/11/2020,07/12/2020,3280,17644,88,22,62,58,0,15,173,236,128,694,60,3,,
MM3,KT7A,MM3KT7A,FUJI,A1Z69040T3,230/121/22,200,2007,07/03/2021,17/04/2021,4018,69416,1124,60,49,60,0,3,174,203,161,710,52,20,,
MM3,KT7A,MM3KT7A,FUJI,A1Z69040T3,230/121/22,200,2007,13/09/2021,05/11/2021,4918,79538,1734,129,60,62,0,7,247,0,158,663,55,18,,
MM3,KT7A,MM3KT7A,FUJI,A1Z69040T3,230/121/22,200,2007,12/03/2022,19/03/2022,5120,76240,1253,73,52,64,0,0,181,265,148,783,56,13,,
MM3,KT7A,MM3KT7A,FUJI,A1Z69040T3,230/121/22,200,2007,11/09/2022,22/09/2022,1945,72237,1648,95,15,69,0,8,265,0,197,649,55,14,,
MM3,KT7A,MM3KT7A,FUJI,A1Z69040T3,230/121/22,200,2007,13/03/2023,16/03/2023,2144,69952,2072,114,88,93,0,9,280,0,200,784,51,5,,
MM3,KT7A,MM3KT7A,FUJI,A1Z69040T3,230/121/22,200,2007,23/03/2023,31/03/2023,2894,68762,3429,111,51,74,0,4,216,1,163,620,54,7,,
MM3,KT7A,MM3KT7A,FUJI,A1Z69040T3,230/121/22,200,2007,21/04/2024,28/04/2024,9420,49810,3364,125,41,123,0,10,366,435,279,1379,66,9,,
MM3,KT8A,MM3KT8A,OSAKA,5A1588001,115/22,25,1990,10/05/2019,14/09/2019,10701,37467,1905,136,7,12,0,2,15,0,10,182,55,26,-,
MM3,KT8A,MM3KT8A,OSAKA,5A1588001,115/22,25,1990,22/06/2020,02/08/2020,6950,20013,1920,205,9,10,0,0,14,0,0,238,52,11,,
MM3,KT8A,MM3KT8A,OSAKA,5A1588001,115/22,25,1990,07/03/2021,17/04/2021,6334,38571,1130,94,39,21,0,0,13,0,9,176,50,10,,
MM3,KT8A,MM3KT8A,OSAKA,5A1588001,115/22,25,1990,12/03/2022,19/03/2022,8795,29053,1945,195,8,0,0,18,27,0,0,248,53,13,,
MM3,KT8A,MM3KT8A,OSAKA,5A1588001,115/22,25,1990,13/03/2023,16/03/2023,4356,30511,2170,211,22,18,0,3,21,0,19,294,48,7,,
MM3,KT8A,MM3KT8A,OSAKA,5A1588001,115/22,25,1990,21/04/2024,28/04/2024,9740,25250,2714,246,4,27,0,3,25,9,13,327,54,7,,
MM3,KT9AA,MM3KT9AA,TMT&D,3900061,500/230/22,333,2018,10/05/2019,13/09/2019,6540,25433,507,47,8,0,0,5,8,0,0,68,60,19,-,
MM3,KT9AA,MM3KT9AA,TMT&D,3900061,500/230/22,333,2018,25/08/2019,13/09/2019,8766,34575,640,82,21,21,0,10,10,6,0,150,78,20,-,
MM3,KT9AA,MM3KT9AA,TMT&D,3900061,500/230/22,333,2018,11/11/2019,20/12/2019,7503,24449,1206,107,34,46,0,21,12,14,6,240,56,16,-,
MM3,KT9AA,MM3KT9AA,TMT&D,3900061,500/230/22,333,2018,22/06/2020,03/08/2020,17684,63456,1627,119,26,109,0,145,42,94,0,535,54,29,,
MM3,KT9AA,MM3KT9AA,TMT&D,3900061,500/230/22,333,2018,11/08/2020,16/08/2020,6850,45850,2065,109,62,123,0,132,49,127,10,612,56,13,,
MM3,KT9AA,MM3KT9AA,TMT&D,3900061,500/230/22,333,2018,09/11/2020,07/12/2020,13130,67440,56,21,49,114,0,154,53,134,14,539,54,14,,
MM3,KT9AA,MM3KT9AA,TMT&D,3900061,500/230/22,333,2018,07/03/2021,18/04/2021,6389,42272,850,43,27,138,0,206,88,185,26,713,55,18,,
MM3,KT9AA,MM3KT9AA,TMT&D,3900061,500/230/22,333,2018,24/05/2021,17/07/2021,12192,36824,1640,159,40,231,0,281,77,201,0,989,,17,ตามผล Over heating,
MM3,KT9AA,MM3KT9AA,TMT&D,3900061,500/230/22,333,2018,24/08/2021,25/08/2021,4713,22478,1950,239,70,337,0,375,102,284,0,1407,26,9,ตามผล,
MM3,KT9AA,MM3KT9AA,TMT&D,3900061,500/230/22,333,2018,31/08/2021,11/09/2021,9072,33378,51,1,0,1,0,1,1,3,0,7,26,8,หลังเปิดตรวจสอบภายใน,
MM3,KT9AA,MM3KT9AA,TMT&D,3900061,500/230/22,333,2018,13/09/2021,24/09/2021,8520,25999,322,9,11,7,0,8,3,7,0,45,57,8,ตามผลหลังเปิดเพื่อตรวจสอบประมาณ 2 สัปดาห์,
MM3,KT9AA,MM3KT9AA,TMT&D,3900061,500/230/22,333,2018,12/10/2021,20/10/2021,4527,11245,372,12,18,13,0,15,5,10,3,76,55,9,ตามผลหลังเปิด ครังที่2ตรวจสอบประมาณ 1 เดือน,
MM3,KT9AA,MM3KT9AA,TMT&D,3900061,500/230/22,333,2018,26/10/2021,31/10/2021,8047,28082,187,8,24,18,0,22,7,15,0,80,,11,ตามผลโดย กม-ส. OH หลังเปิดตรวจสอบภายใน,
MM3,KT9AA,MM3KT9AA,TMT&D,3900061,500/230/22,333,2018,09/11/2021,21/11/2021,6639,18763,576,101,36,14,0,35,12,23,0,221,50,7,หลังเปิดตรวจสอบภายในและทำน้ำมันประมาณ3เดือน,
MM3,KT9AA,MM3KT9AA,TMT&D,3900061,500/230/22,333,2018,07/12/2021,13/12/2021,3281,7419,559,12,30,22,0,45,15,30,0,154,48,10,ตามผลหลังเปิดตรวจสอบ,
MM3,KT9AA,MM3KT9AA,TMT&D,3900061,500/230/22,333,2018,25/12/2021,26/12/2021,2788,5363,521,10,40,16,0,54,18,36,0,174,48,8,ตามผลหลังเพิ่มโหลดประมาณ 800 MVA  วันละ6 ช.มเป็นเวลา 2 วัน,
MM3,KT9AA,MM3KT9AA,TMT&D,3900061,500/230/22,333,2018,25/01/2022,29/01/2022,2112,5115,594,8,45,18,0,71,24,45,0,211,51,10,ตามผลระยะเวลาห่างกับครั้งก่อนหน้า1เดือน,
MM3,KT9AA,MM3KT9AA,TMT&D,3900061,500/230/22,333,2018,22/02/2022,27/02/2022,8479,27044,679,25,40,32,0,79,29,50,0,255,53,7,ติดตามผล Overheat  หลังเปิดตรวจสอบ,
MM3,KT9AA,MM3KT9AA,TMT&D,3900061,500/230/22,333,2018,28/03/2022,01/04/2022,3616,12136,789,33,27,97,0,103,43,57,12,372,58,12,ตามผล OH,
MM3,KT9AA,MM3KT9AA,TMT&D,3900061,500/230/22,333,2018,25/04/2022,29/04/2022,4410,12366,826,42,30,63,0,107,40,70,2,354,55,10,ตามผล OH,
MM3,KT9AA,MM3KT9AA,TMT&D,3900061,500/230/22,333,2018,11/06/2022,16/06/2022,6517,14105,847,40,27,70,0,101,44,31,24,337,57,19,ตามผล,
MM3,KT9AA,MM3KT9AA,TMT&D,3900061,500/230/22,333,2018,11/09/2022,22/09/2022,2199,17340,1039,50,8,118,0,116,51,89,10,442,53,12,,
MM3,KT9AA,MM3KT9AA,TMT&D,3900061,500/230/22,333,2018,12/03/2023,16/03/2023,8980,21796,1004,92,44,130,0,133,60,106,14,579,60,9,,
MM3,KT9AA,MM3KT9AA,TMT&D,3900061,500/230/22,333,2018,21/04/2024,28/04/2024,6920,14740,1713,160,16,256,0,244,115,286,29,1106,60,9,,
MM3,KT9AB,MM3KT9AB,TMT&D,3900062,500/230/22,333,2018,10/05/2019,13/09/2019,12084,42734,657,51,5,0,0,0,0,0,0,56,60,20,-,
MM3,KT9AB,MM3KT9AB,TMT&D,3900062,500/230/22,333,2018,25/08/2019,13/09/2019,10595,45514,846,93,13,2,0,3,1,6,0,118,68,21,-,
MM3,KT9AB,MM3KT9AB,TMT&D,3900062,500/230/22,333,2018,11/11/2019,20/12/2019,8252,33720,1464,372,11,30,0,3,0,5,0,421,54,17,-,
MM3,KT9AB,MM3KT9AB,TMT&D,3900062,500/230/22,333,2018,22/06/2020,02/08/2020,11211,27460,1191,132,13,0,0,0,7,0,0,152,56,21,,
MM3,KT9AB,MM3KT9AB,TMT&D,3900062,500/230/22,333,2018,11/08/2020,16/08/2020,5830,48600,1932,152,39,3,0,0,1,0,1,196,56,16,,
MM3,KT9AB,MM3KT9AB,TMT&D,3900062,500/230/22,333,2018,07/03/2021,18/04/2021,5231,46639,846,58,35,8,0,1,1,5,2,110,55,33,,
MM3,KT9AB,MM3KT9AB,TMT&D,3900062,500/230/22,333,2018,18/08/2021,22/08/2021,19113,43654,1175,167,10,0,0,1,1,0,0,179,53,8,,
MM3,KT9AB,MM3KT9AB,TMT&D,3900062,500/230/22,333,2018,31/08/2021,11/09/2021,4804,14283,122,14,14,1,0,0,0,1,0,30,26,14,หลังเปิดตรวจสอบภายใน,
MM3,KT9AB,MM3KT9AB,TMT&D,3900062,500/230/22,333,2018,09/11/2021,21/11/2021,6560,18137,633,35,12,0,0,0,0,2,0,49,50,9,หลังเปิดตรวจสอบและทำน้ำมันประมาณ3เดือน,
MM3,KT9AB,MM3KT9AB,TMT&D,3900062,500/230/22,333,2018,07/12/2021,13/12/2021,3818,10533,598,44,16,3,0,1,0,2,0,66,48,8,ตามผลหลังเปิดตรวจสอบ,
MM3,KT9AB,MM3KT9AB,TMT&D,3900062,500/230/22,333,2018,25/12/2021,26/12/2021,3032,10951,567,13,24,2,0,1,0,1,0,41,48,9,ตามผลหลังเพิ่มโหลดประมาณ 800 MVA  วันละ6 ช.มเป็นเวลา 2 วัน,
MM3,KT9AB,MM3KT9AB,TMT&D,3900062,500/230/22,333,2018,25/01/2022,29/01/2022,2797,11386,651,12,27,1,0,1,1,3,0,45,52,9,,
MM3,KT9AB,MM3KT9AB,TMT&D,3900062,500/230/22,333,2018,22/02/2022,26/02/2022,4975,14515,738,13,32,5,0,2,2,4,0,58,53,10,,
MM3,KT9AB,MM3KT9AB,TMT&D,3900062,500/230/22,333,2018,11/03/2022,18/03/2022,11111,34339,760,63,2,4,0,1,1,1,4,76,57,11,ตามผล OH,
MM3,KT9AB,MM3KT9AB,TMT&D,3900062,500/230/22,333,2018,25/04/2022,29/04/2022,4249,14555,871,63,2,1,0,1,1,2,2,72,,9,ตามผล OH,
MM3,KT9AB,MM3KT9AB,TMT&D,3900062,500/230/22,333,2018,13/06/2022,17/06/2022,4520,16900,649,43,6,1,0,4,0,6,0,60,57,10,,
MM3,KT9AB,MM3KT9AB,TMT&D,3900062,500/230/22,333,2018,12/03/2023,16/03/2023,10202,27464,1100,109,4,1,0,1,1,2,2,120,60,13,,
MM3,KT9AB,MM3KT9AB,TMT&D,3900062,500/230/22,333,2018,10/09/2023,08/10/2023,11667,28482,1142,133,13,2,0,15,32,3,10,208,58,12,,
MM3,KT9AB,MM3KT9AB,TMT&D,3900062,500/230/22,333,2018,21/04/2024,28/04/2024,3900,21120,2325,221,6,12,0,1,4,29,3,276,60,15,,
MM3,KT9AC,MM3KT9AC,TMT&D,3900063,500/230/22,333,2018,10/05/2019,13/09/2019,3750,19447,439,69,10,0,0,0,0,0,0,79,60,18,-,
MM3,KT9AC,MM3KT9AC,TMT&D,3900063,500/230/22,333,2018,25/08/2019,13/09/2019,11915,39873,609,83,16,2,0,0,1,0,1,103,70,19,-,
MM3,KT9AC,MM3KT9AC,TMT&D,3900063,500/230/22,333,2018,11/11/2019,20/12/2019,10184,31504,1253,122,26,4,0,0,0,0,0,152,57,15,-,
MM3,KT9AC,MM3KT9AC,TMT&D,3900063,500/230/22,333,2018,22/06/2020,02/08/2020,20036,50533,1238,121,13,0,0,0,8,0,0,142,58,19,,
MM3,KT9AC,MM3KT9AC,TMT&D,3900063,500/230/22,333,2018,11/08/2020,16/08/2020,7040,51400,2072,124,33,2,0,0,1,12,3,175,56,10,,
MM3,KT9AC,MM3KT9AC,TMT&D,3900063,500/230/22,333,2018,09/11/2020,07/12/2020,11140,51020,64,25,30,6,0,0,1,10,1,73,54,20,,
MM3,KT9AC,MM3KT9AC,TMT&D,3900063,500/230/22,333,2018,07/03/2021,18/04/2021,8449,60472,844,72,44,3,0,0,1,0,3,123,55,26,,
MM3,KT9AC,MM3KT9AC,TMT&D,3900063,500/230/22,333,2018,18/08/2021,22/08/2021,11573,27237,1233,179,11,0,0,4,4,0,0,198,,10,,
MM3,KT9AC,MM3KT9AC,TMT&D,3900063,500/230/22,333,2018,31/08/2021,11/09/2021,4294,17093,111,12,18,4,0,1,9,0,6,50,26,9,หลังเปิดตรวจสอบภายใน,
MM3,KT9AC,MM3KT9AC,TMT&D,3900063,500/230/22,333,2018,09/11/2021,21/11/2021,6561,19925,632,33,13,2,0,0,0,1,0,49,50,10,หลังเปิดตรวจสอบและทำน้ำมันประมาณ3เดือน,
MM3,KT9AC,MM3KT9AC,TMT&D,3900063,500/230/22,333,2018,07/12/2021,13/12/2021,3335,11889,605,69,22,26,0,1,0,3,0,121,49,12,ตามผลหลังเปิดตรวจสอบ,
MM3,KT9AC,MM3KT9AC,TMT&D,3900063,500/230/22,333,2018,25/12/2021,26/12/2021,2592,10210,543,14,10,2,0,0,0,0,0,26,48,11,ตามผลหลังเพิ่มโหลดประมาณ 800 MVA  วันละ6 ช.มเป็นเวลา 2 วัน,
MM3,KT9AC,MM3KT9AC,TMT&D,3900063,500/230/22,333,2018,25/01/2022,29/01/2022,2472,10507,633,11,28,2,0,0,1,0,0,42,52,9,,
MM3,KT9AC,MM3KT9AC,TMT&D,3900063,500/230/22,333,2018,22/02/2022,27/02/2022,8051,31156,687,14,24,2,0,1,1,3,0,45,54,9,,
MM3,KT9AC,MM3KT9AC,TMT&D,3900063,500/230/22,333,2018,11/03/2022,18/03/2022,7340,14088,727,59,3,3,0,0,0,1,0,66,58,6,ตามผล OH,
MM3,KT9AC,MM3KT9AC,TMT&D,3900063,500/230/22,333,2018,25/04/2022,29/04/2022,5131,14232,820,56,2,1,0,1,1,3,0,64,,9,ตามผล OH,
MM3,KT9AC,MM3KT9AC,TMT&D,3900063,500/230/22,333,2018,13/06/2022,17/06/2022,6070,22730,633,37,4,1,0,3,0,5,1,51,57,10,,
MM3,KT9AC,MM3KT9AC,TMT&D,3900063,500/230/22,333,2018,12/03/2023,16/03/2023,10527,19679,968,92,6,2,0,0,0,0,0,100,60,5,,
MM3,KT9AC,MM3KT9AC,TMT&D,3900063,500/230/22,333,2018,10/09/2023,08/10/2023,11818,27134,1079,128,7,2,0,0,22,3,4,166,58,9,,
MM3,KT9AC,MM3KT9AC,TMT&D,3900063,500/230/22,333,2018,21/04/2024,28/04/2024,7059,22013,1206,171,9,6,0,0,5,0,0,191,60,12,,
MMM,KT1A,MMMKT1A,MEIDENSHA,8R9911T1,115/22,50,2008,25/05/2019,07/06/2019,6249,49350,1777,175,2,61,0,4,202,0,129,573,62,6,-,
MMM,KT1A,MMMKT1A,MEIDENSHA,8R9911T1,115/22,50,2008,09/05/2020,22/05/2020,16675,61079,976,81,4,53,0,0,201,0,187,526,58,7,,
MMM,KT1A,MMMKT1A,MEIDENSHA,8R9911T1,115/22,50,2008,06/03/2021,19/04/2021,6803,69187,1071,103,48,51,0,2,206,13,193,616,54,11,,
MMM,KT1A,MMMKT1A,MEIDENSHA,8R9911T1,115/22,50,2008,11/06/2021,12/06/2021,10732,70411,1207,142,8,86,0,6,281,0,175,698,58,9,,
MMM,KT1A,MMMKT1A,MEIDENSHA,8R9911T1,115/22,50,2008,11/03/2022,19/03/2022,5394,48557,1908,157,8,0,0,53,275,110,103,706,55,8,,
MMM,KT1A,MMMKT1A,MEIDENSHA,8R9911T1,115/22,50,2008,13/03/2023,16/03/2023,6444,51013,2017,177,6,87,0,0,304,0,154,728,53,5,,
MMM,KT2A,MMMKT2A,MEIDENSHA,8R9911T2,115/22,50,2008,25/05/2019,08/06/2019,6306,47095,1105,128,53,39,0,4,136,0,99,459,61,18,-,
MMM,KT2A,MMMKT2A,MEIDENSHA,8R9911T2,115/22,50,2008,09/05/2020,19/05/2020,10795,61178,820,90,17,49,0,1,185,0,161,503,58,17,,
MMM,KT2A,MMMKT2A,MEIDENSHA,8R9911T2,115/22,50,2008,06/03/2021,17/04/2021,4537,54379,644,57,85,47,0,1,154,11,15,370,52,10,,
MMM,KT2A,MMMKT2A,MEIDENSHA,8R9911T2,115/22,50,2008,11/06/2021,12/06/2021,5397,59316,859,142,5,57,0,4,199,0,125,532,35,5,เนื่องจากมีหม้อแปลงตัวใกล้เคียงระเบิดเกิดไฟลุกไหม้MMM-KT3A,
MMM,KT2A,MMMKT2A,MEIDENSHA,8R9911T2,115/22,50,2008,11/03/2022,19/03/2022,7049,46446,1115,112,56,0,0,10,180,0,74,432,54,13,,
MMM,KT2A,MMMKT2A,MEIDENSHA,8R9911T2,115/22,50,2008,13/03/2023,16/03/2023,8403,48737,1208,123,39,51,0,0,210,0,109,532,51,19,,
MMM,KT3A,MMMKT3A,MEIDENSHA,8R9911T3,115/22,50,2008,25/05/2019,08/06/2019,6651,49888,1079,125,21,64,0,6,211,0,141,568,59,23,-,
MMM,KT3A,MMMKT3A,MEIDENSHA,8R9911T3,115/22,50,2008,09/05/2020,18/05/2020,3704,62819,1203,140,57,104,0,4,346,0,251,902,56,7,,
MMM,KT3A,MMMKT3A,MEIDENSHA,8R9911T3,115/22,50,2008,06/03/2021,19/04/2021,4837,59942,647,43,37,63,0,3,211,15,193,565,50,12,,
MMM,KT3A,MMMKT3A,MEIDENSHA,8R9911T3,115/22,50,2008,11/03/2022,19/03/2022,8353,21142,890,62,8,0,0,5,19,0,0,94,65,15,,
MMM,KT3A,MMMKT3A,MEIDENSHA,8R9911T3,115/22,50,2008,11/07/2022,15/07/2022,10435,30491,1555,86,11,7,0,4,25,0,0,133,60,11,,
MMM,KT3A,MMMKT3A,MEIDENSHA,8R9911T3,115/22,50,2008,13/03/2023,16/03/2023,7175,19655,1818,113,7,28,0,0,44,0,8,200,61,8,,
MR,KT1A,MRKT1A,EKARAT DAIHEN,EDP001201,115/22,50,2007,17/02/2019,24/03/2019,7339,45251,1687,225,11,117,0,0,221,0,125,699,47,10,-,
MR,KT1A,MRKT1A,EKARAT DAIHEN,EDP001201,115/22,50,2007,25/10/2020,17/11/2020,2063,42933,1776,269,15,129,0,3,248,0,138,802,46,12,,
MR,KT1A,MRKT1A,EKARAT DAIHEN,EDP001201,115/22,50,2007,15/11/2021,14/12/2021,8734,44125,1794,261,10,109,0,0,243,0,118,741,49,10,,
MR,KT1A,MRKT1A,EKARAT DAIHEN,EDP001201,115/22,50,2007,05/02/2023,12/02/2023,4540,44070,1780,268,14,120,0,1,244,14,202,863,47,6,,
MR,KT1A,MRKT1A,EKARAT DAIHEN,EDP001201,115/22,50,2007,25/05/2024,08/06/2024,8823,54068,1619,264,13,156,0,4,373,12,202,1024,50,7,,
MR,KT2A,MRKT2A,MEIDEN,8R8411T1,115/22,50,2008,25/10/2020,17/11/2020,3573,58674,1281,122,19,188,0,20,615,0,327,1291,53,15,,
MR,KT2A,MRKT2A,MEIDEN,8R8411T1,115/22,50,2008,15/11/2021,14/12/2021,12756,63974,1589,132,21,165,0,27,631,0,291,1267,57,6,,
MR,KT2A,MRKT2A,MEIDEN,8R8411T1,115/22,50,2008,05/02/2023,12/02/2023,2930,77800,1536,136,5,185,0,26,632,37,548,1569,48,8,,
MR,KT2A,MRKT2A,MEIDEN,8R8411T1,115/22,50,2008,25/05/2024,08/06/2024,8748,70055,1145,148,5,196,0,21,583,23,449,1425,56,10,,
MS,KT1A,MSKT1A,EKARAT DAIHEN,EDP011303,115/22,50,2012,26/01/2019,31/01/2019,6696,34586,631,103,7,0,0,0,17,0,0,127,40,12,,
MS,KT1A,MSKT1A,EKARAT DAIHEN,EDP011303,115/22,50,2012,26/12/2020,12/01/2021,7486,56152,2227,650,29,2,0,0,5,0,6,692,34,10,,
MS,KT1A,MSKT1A,EKARAT DAIHEN,EDP011303,115/22,50,2012,15/05/2021,25/06/2021,8261,20654,52,31,2,0,0,0,0,0,0,33,45,25,,
MS,KT1A,MSKT1A,EKARAT DAIHEN,EDP011303,115/22,50,2012,23/10/2022,20/11/2022,8795,46401,1562,595,10,3,0,2,5,0,7,622,50,21,,
MS,KT1A,MSKT1A,EKARAT DAIHEN,EDP011303,115/22,50,2012,03/02/2023,12/02/2023,5020,48500,1745,753,12,4,0,2,5,50,9,835,41,7,,
MS,KT2A,MSKT2A,EKARAT-DAIHEN,EDP011304,115/22,50,2012,26/01/2019,31/01/2019,8357,43253,911,141,10,2,0,0,24,0,0,177,48,8,,
MS,KT2A,MSKT2A,EKARAT-DAIHEN,EDP011304,115/22,50,2012,26/12/2020,12/01/2021,6274,50897,3668,999,39,4,0,0,11,0,14,1067,42,10,,
MS,KT2A,MSKT2A,EKARAT-DAIHEN,EDP011304,115/22,50,2012,15/05/2021,25/06/2021,5366,41409,5337,1291,36,5,0,1,12,5,17,1367,47,17,,
MS,KT2A,MSKT2A,EKARAT-DAIHEN,EDP011304,115/22,50,2012,23/10/2022,20/11/2022,10102,50271,5413,1317,17,10,0,7,13,7,15,1386,52,19,,
MS,KT2A,MSKT2A,EKARAT-DAIHEN,EDP011304,115/22,50,2012,03/02/2023,12/02/2023,16431,79425,5227,1245,14,10,0,8,13,7,15,1312,44,6,,
MTG,KT1A,MTGKT1A,FUJI,AN69003T3-2,115/22,25,1998,29/07/2019,08/08/2019,9277,47057,434,46,5,7,0,2,9,1,4,74,-,19,ย้ายมาจาก KT3A NA-SUBก่อนเข้าใช้งาน,
MTG,KT1A,MTGKT1A,FUJI,AN69003T3-2,115/22,25,1998,23/03/2020,16/05/2020,3647,63618,1551,114,47,37,0,5,213,50,76,542,,23,,
MTG,KT1A,MTGKT1A,FUJI,AN69003T3-2,115/22,25,1998,10/04/2021,21/10/2021,2985,69546,932,206,13,42,0,6,165,0,81,713,,27,,
MTG,KT1A,MTGKT1A,FUJI,AN69003T3-2,115/22,25,1998,09/06/2022,12/06/2022,3469,55943,2188,182,8,41,0,7,184,0,49,471,,29,,
MTG,KT1A,MTGKT1A,FUJI,AN69003T3-2,115/22,25,1998,23/06/2022,26/06/2022,6814,75331,2384,185,2,38,0,15,119,19,143,521,60,15,,
MTG,KT1A,MTGKT1A,FUJI,AN69003T3-2,115/22,25,1998,04/07/2022,10/07/2022,7200,76570,2414,184,3,42,0,2,135,23,91,480,49,13,,
MTG,KT1A,MTGKT1A,FUJI,AN69003T3-2,115/22,25,1998,03/04/2023,04/06/2023,6664,74567,2548,193,1,39,0,8,197,6,92,536,53,19,,
MTG,KT1A,MTGKT1A,FUJI,AN69003T3-2,115/22,25,1998,03/03/2024,26/05/2024,7221,72521,2619,199,2,81,0,6,244,12,132,676,,9,,
NA,KT1A,NAKT1A,ABB,57028,115/22,50,2011,28/05/2019,07/06/2019,8951,50029,1752,416,27,3,0,2,1,0,0,449,50,15,-,
NA,KT1A,NAKT1A,ABB,57028,115/22,50,2011,24/05/2020,05/06/2020,6018,54983,1022,484,8,1,0,2,1,0,1,497,44,8,,
NA,KT1A,NAKT1A,ABB,57028,115/22,50,2011,03/04/2021,29/05/2021,49900,73160,824,160,44,1,0,0,0,2,0,207,45,8,,
NA,KT1A,NAKT1A,ABB,57028,115/22,50,2011,06/03/2022,18/03/2022,17436,51987,1621,517,10,0,0,0,8,0,0,535,30,11,,
NA,KT1A,NAKT1A,ABB,57028,115/22,50,2011,02/04/2023,22/04/2023,16142,58975,2214,834,9,4,0,3,1,2,1,854,41,11,,
NA,KT2A,NAKT2A,ABB,57025,115/22,50,2011,18/05/2019,07/06/2019,14555,50454,1403,356,5,1,0,1,1,0,0,364,50,10,-,
NA,KT2A,NAKT2A,ABB,57025,115/22,50,2011,07/03/2020,15/03/2020,7307,46995,1207,277,3,3,0,0,1,0,2,286,33,10,,
NA,KT2A,NAKT2A,ABB,57025,115/22,50,2011,24/05/2020,05/06/2020,7527,60469,902,447,4,4,0,2,4,0,28,489,45,9,,
NA,KT2A,NAKT2A,ABB,57025,115/22,50,2011,03/04/2021,30/05/2021,19444,51002,713,91,41,1,0,0,0,0,0,133,46,10,,
NA,KT2A,NAKT2A,ABB,57025,115/22,50,2011,06/03/2022,18/03/2022,17492,54252,1378,451,7,0,0,0,4,0,0,462,32,5,,
NA,KT2A,NAKT2A,ABB,57025,115/22,50,2011,02/04/2023,22/04/2023,11458,67643,2189,908,11,5,0,3,1,1,1,930,42,13,,
NB,KT1A,NBKT1A,FUJI,AX69026T4,230/69/11,200,2000,04/05/2019,25/05/2019,4703,21134,2443,98,11,23,0,0,74,0,29,235,80,22,-,
NB,KT1A,NBKT1A,FUJI,AX69026T4,230/69/11,200,2000,02/11/2019,06/12/2019,18757,45101,3152,106,8,72,0,4,56,6,30,282,65,11,-,
NB,KT1A,NBKT1A,FUJI,AX69026T4,230/69/11,200,2000,05/06/2020,04/08/2020,4903,26472,3423,109,24,37,0,0,75,0,73,318,40,16,,
NB,KT1A,NBKT1A,FUJI,AX69026T4,230/69/11,200,2000,09/11/2020,22/11/2020,5650,31370,597,23,22,5,0,0,10,3,10,73,33,6,,
NB,KT1A,NBKT1A,FUJI,AX69026T4,230/69/11,200,2000,20/05/2021,14/06/2021,4983,54018,1500,88,51,3,0,0,13,0,13,168,52,10,,
NB,KT1A,NBKT1A,FUJI,AX69026T4,230/69/11,200,2000,08/11/2021,18/11/2021,4270,47270,3336,185,6,7,0,0,13,7,12,230,58,,,
NB,KT1A,NBKT1A,FUJI,AX69026T4,230/69/11,200,2000,29/05/2022,03/06/2022,4199,65792,3524,172,15,32,0,5,34,8,22,288,58,10,,
NB,KT1A,NBKT1A,FUJI,AX69026T4,230/69/11,200,2000,19/11/2022,28/11/2022,4980,77880,3199,141,13,39,0,2,49,19,28,291,56,14,,
NB,KT1A,NBKT1A,FUJI,AX69026T4,230/69/11,200,2000,12/05/2023,14/05/2023,7370,41160,3132,149,9,14,0,1,18,5,18,214,0,12,trip by over current phase B,
NB,KT1A,NBKT1A,FUJI,AX69026T4,230/69/11,200,2000,20/11/2023,24/12/2023,10247,42136,2413,185,44,16,0,4,28,4,21,302,54,13,,
NB,KT1A,NBKT1A,FUJI,AX69026T4,230/69/11,200,2000,21/06/2024,23/06/2024,6716,41519,3496,202,29,23,0,3,37,3,22,319,56,11,,
NB,KT2A,NBKT2A,FUJI,AX69026T3,230/72/11,200,2000,04/05/2019,25/05/2019,6057,43512,5034,81,47,76,0,10,307,0,152,673,73,21,-,
NB,KT2A,NBKT2A,FUJI,AX69026T3,230/72/11,200,2000,02/11/2019,06/12/2019,7153,41856,5655,91,98,102,0,12,365,28,228,924,67,16,-,
NB,KT2A,NBKT2A,FUJI,AX69026T3,230/72/11,200,2000,05/06/2020,04/08/2020,6950,58803,5468,78,64,93,0,4,306,0,155,700,69,15,,
NB,KT2A,NBKT2A,FUJI,AX69026T3,230/72/11,200,2000,09/11/2020,22/11/2020,5800,140340,2187,30,68,71,0,0,265,40,177,651,62,9,,
NB,KT2A,NBKT2A,FUJI,AX69026T3,230/72/11,200,2000,20/05/2021,21/06/2021,5371,52619,3271,80,102,101,0,0,334,0,210,827,52,8,,
NB,KT2A,NBKT2A,FUJI,AX69026T3,230/72/11,200,2000,08/11/2021,18/11/2021,2990,70440,4519,95,67,105,0,0,373,44,241,910,60,,,
NB,KT2A,NBKT2A,FUJI,AX69026T3,230/72/11,200,2000,29/05/2022,03/06/2022,5401,76340,5424,61,87,86,0,42,321,2,203,802,65,8,,
NB,KT2A,NBKT2A,FUJI,AX69026T3,230/72/11,200,2000,19/11/2022,28/11/2022,8729,66256,5293,75,65,119,0,6,378,10,214,867,62,11,,
NB,KT2A,NBKT2A,FUJI,AX69026T3,230/72/11,200,2000,12/05/2023,14/05/2023,8950,80040,5899,89,100,99,0,4,360,27,241,920,0,14,,
NB,KT2A,NBKT2A,FUJI,AX69026T3,230/72/11,200,2000,20/11/2023,24/12/2023,7108,89445,4992,104,47,147,0,13,421,13,210,955,58,12,,
NB,KT3A,NBKT3A,ABB,103711,230/72.5,200,1998,04/05/2019,25/05/2019,5702,19683,883,76,16,0,0,0,9,0,0,101,67,20,-,
NB,KT3A,NBKT3A,ABB,103711,230/72.5,200,1998,02/11/2019,02/12/2019,5118,22011,2472,95,21,36,0,0,11,0,5,168,56,9,-,
NB,KT3A,NBKT3A,ABB,103711,230/72.5,200,1998,05/06/2020,04/08/2020,5343,17432,2345,84,24,11,0,0,19,0,0,138,67,18,,
NB,KT3A,NBKT3A,ABB,103711,230/72.5,200,1998,09/11/2020,22/11/2020,5690,43720,1338,38,37,15,0,0,17,5,10,122,62,14,,
NB,KT3A,NBKT3A,ABB,103711,230/72.5,200,1998,20/05/2021,15/06/2021,5788,42388,1680,136,30,2,0,1,13,1,7,190,60,8,,
NB,KT3A,NBKT3A,ABB,103711,230/72.5,200,1998,08/11/2021,18/11/2021,3480,16220,3643,174,21,19,0,0,23,7,14,258,52,,,
NB,KT3A,NBKT3A,ABB,103711,230/72.5,200,1998,29/05/2022,03/06/2022,6382,29611,2711,64,25,19,0,0,23,7,4,142,58,8,,
NB,KT3A,NBKT3A,ABB,103711,230/72.5,200,1998,19/11/2022,28/11/2022,3410,23040,2577,69,23,19,0,0,25,8,14,158,54,8,,
NB,KT3A,NBKT3A,ABB,103711,230/72.5,200,1998,19/03/2023,20/03/2023,2433,17990,2987,110,34,25,0,0,50,0,17,236,53,8,,
NB,KT3A,NBKT3A,ABB,103711,230/72.5,200,1998,12/05/2023,14/05/2023,7600,28010,3087,126,21,21,0,0,25,6,14,213,0,5,,
NB,KT3A,NBKT3A,ABB,103711,230/72.5,200,1998,20/11/2023,24/12/2023,9562,31236,2716,116,50,25,0,2,34,3,22,252,54,9,,
NB,KT3A,NBKT3A,ABB,103711,230/72.5,200,1998,21/06/2024,23/06/2024,6282,29462,2703,122,32,29,0,2,42,2,17,246,58,7,,
NB,KT4A,NBKT4A,MITSUBISHI,554711,69/22/11,12,1990,04/05/2019,25/05/2019,6694,36067,2005,267,7,88,0,12,239,10,108,731,47,21,-,
NB,KT4A,NBKT4A,MITSUBISHI,554711,69/22/11,12,1990,02/11/2019,06/12/2019,15917,37142,2435,346,4,42,0,3,153,7,38,656,54,18,-,
NB,KT4A,NBKT4A,MITSUBISHI,554711,69/22/11,12,1990,05/06/2020,04/08/2020,8553,43855,2173,313,13,54,0,10,201,0,174,765,55,21,,
NB,KT4A,NBKT4A,MITSUBISHI,554711,69/22/11,12,1990,09/11/2020,22/11/2020,4850,172750,1222,115,22,82,0,0,231,56,148,654,56,20,,
NB,KT4A,NBKT4A,MITSUBISHI,554711,69/22/11,12,1990,20/05/2021,18/06/2021,5892,67370,1391,121,11,75,0,0,238,0,162,607,55,14,,
NB,KT4A,NBKT4A,MITSUBISHI,554711,69/22/11,12,1990,08/11/2021,18/11/2021,2540,54110,2810,187,4,73,0,4,232,60,167,727,52,,,
NB,KT4A,NBKT4A,MITSUBISHI,554711,69/22/11,12,1990,29/05/2022,03/06/2022,5095,61205,3134,319,5,76,0,15,302,86,159,962,50,21,,
NB,KT4A,NBKT4A,MITSUBISHI,554711,69/22/11,12,1990,19/11/2022,28/11/2022,3290,81000,1890,165,5,84,0,7,262,14,0,537,45,18,,
NB,KT4A,NBKT4A,MITSUBISHI,554711,69/22/11,12,1990,12/05/2023,14/05/2023,6290,74480,1952,180,4,81,0,21,246,26,167,725,0,14,,
NB,KT4A,NBKT4A,MITSUBISHI,554711,69/22/11,12,1990,20/11/2023,25/12/2023,3362,79638,2537,314,18,103,0,14,281,0,148,878,45,17,,
NB,KT4A,NBKT4A,MITSUBISHI,554711,69/22/11,12,1990,21/06/2024,23/06/2024,11877,88700,2154,276,2,104,0,18,338,25,155,918,53,10,,
NB,KT5A,NBKT5A,MITSUBISHI,554709,69/22,12,1984,04/05/2019,25/05/2019,2717,45102,4099,343,15,21,0,6,11,0,0,396,50,24,-,
NB,KT5A,NBKT5A,MITSUBISHI,554709,69/22,12,1984,02/11/2019,06/12/2019,3183,49037,5020,464,15,34,0,0,6,0,0,519,45,14,-,
NB,KT5A,NBKT5A,MITSUBISHI,554709,69/22,12,1984,05/06/2020,04/08/2020,4357,51518,3846,325,13,20,0,8,19,0,0,385,50,16,,
NB,KT5A,NBKT5A,MITSUBISHI,554709,69/22,12,1984,02/07/2020,05/07/2020,4803,53017,3947,317,16,22,0,8,16,0,0,379,,11,research,
NB,KT5A,NBKT5A,MITSUBISHI,554709,69/22,12,1984,09/11/2020,22/11/2020,6300,14848,1663,113,31,23,0,1,6,13,5,192,51,13,,
NB,KT5A,NBKT5A,MITSUBISHI,554709,69/22,12,1984,20/05/2021,21/06/2021,4683,65941,1547,187,30,24,0,1,6,9,5,262,60,16,,
NB,KT5A,NBKT5A,MITSUBISHI,554709,69/22,12,1984,08/11/2021,18/11/2021,3580,62840,4786,234,8,31,0,0,8,17,7,305,45,,,
NB,KT5A,NBKT5A,MITSUBISHI,554709,69/22,12,1984,14/12/2021,18/12/2021,15934,70181,2855,44,1,8,0,7,10,9,4,83,,13,repeat,
NB,KT5A,NBKT5A,MITSUBISHI,554709,69/22,12,1984,29/05/2022,03/06/2022,6532,65001,3236,176,12,24,0,11,9,13,8,253,50,13,,
NB,KT5A,NBKT5A,MITSUBISHI,554709,69/22,12,1984,19/11/2022,28/11/2022,2540,81410,3414,191,10,31,0,3,11,14,8,268,45,14,,
NB,KT5A,NBKT5A,MITSUBISHI,554709,69/22,12,1984,12/05/2023,14/05/2023,6540,76590,3593,198,8,27,0,3,11,13,8,268,0,26,,
NB,KT5A,NBKT5A,MITSUBISHI,554709,69/22,12,1984,20/11/2023,24/12/2023,6239,91860,3692,352,26,29,0,10,17,11,10,455,45,14,,
NB,KT5A,NBKT5A,MITSUBISHI,554709,69/22,12,1984,21/06/2024,23/06/2024,5566,83295,3987,365,34,40,0,18,24,12,16,509,52,16,,
NB,KT6A,NBKT6A,ABB,103712,230/72.5,200,2007,01/02/2020,09/02/2020,8646,17245,299,19,5,0,0,0,0,0,0,24,35,8,ย้ายมาจาก SB*-KT4A,
NB,KT6A,NBKT6A,ABB,103712,230/72.5,200,2007,30/05/2020,31/05/2020,3694,23529,1108,56,7,0,0,0,0,0,0,63,66,8,,
NB,KT6A,NBKT6A,ABB,103712,230/72.5,200,2007,05/06/2020,04/08/2020,6140,14668,1054,56,8,0,0,0,0,0,0,64,67,19,,
NB,KT6A,NBKT6A,ABB,103712,230/72.5,200,2007,09/11/2020,22/11/2020,6580,3104,554,38,23,1,0,0,0,1,0,63,56,8,,
NB,KT6A,NBKT6A,ABB,103712,230/72.5,200,2007,20/05/2021,18/06/2021,7783,25494,853,74,26,13,0,0,7,0,3,123,60,12,,
NB,KT6A,NBKT6A,ABB,103712,230/72.5,200,2007,08/11/2021,18/11/2021,4580,15090,2901,154,18,1,0,0,0,2,0,175,58,,,
NB,KT6A,NBKT6A,ABB,103712,230/72.5,200,2007,25/02/2022,25/02/2022,4206,14245,2680,229,21,4,0,0,0,1,0,255,38,6, Buchholz Relay Trip,
NB,KT6A,NBKT6A,ABB,103712,230/72.5,200,2007,29/05/2022,03/06/2022,9971,29184,2197,123,17,1,0,0,0,1,0,142,58,10,,
NB,KT6A,NBKT6A,ABB,103712,230/72.5,200,2007,19/11/2022,28/11/2022,6250,21770,2352,134,16,2,0,0,0,0,0,152,56,10,,
NB,KT6A,NBKT6A,ABB,103712,230/72.5,200,2007,12/05/2023,14/05/2023,10170,28830,2932,158,18,6,0,0,0,0,2,184,0,5,,
NB,KT6A,NBKT6A,ABB,103712,230/72.5,200,2007,20/11/2023,24/12/2023,10501,30196,3566,306,54,3,0,0,1,1,3,368,56,10,,
NB,KT6A,NBKT6A,ABB,103712,230/72.5,200,2007,21/06/2024,23/06/2024,7886,29675,3722,353,30,5,0,1,2,1,1,393,60,6,,
NB,KT7A,NBKT7A,MITSUBISHI,552428,115/69/22,25,2000,04/05/2019,24/05/2019,3661,23546,1013,105,10,0,0,0,6,0,0,121,54,22,-,
NB,KT7A,NBKT7A,MITSUBISHI,552428,115/69/22,25,2000,02/11/2019,06/12/2019,3742,23471,1305,108,12,6,0,0,0,0,0,126,57,12,-,
NB,KT7A,NBKT7A,MITSUBISHI,552428,115/69/22,25,2000,05/06/2020,04/08/2020,10617,27703,987,78,12,0,0,0,11,0,0,101,53,20,,
NB,KT7A,NBKT7A,MITSUBISHI,552428,115/69/22,25,2000,09/11/2020,22/11/2020,6210,34790,655,41,32,7,0,0,1,2,0,83,56,10,,
NB,KT7A,NBKT7A,MITSUBISHI,552428,115/69/22,25,2000,20/05/2021,18/06/2021,5182,30175,837,86,13,5,0,0,5,0,1,110,55,14,,
NB,KT7A,NBKT7A,MITSUBISHI,552428,115/69/22,25,2000,08/11/2021,19/11/2021,2690,17860,2028,134,7,2,0,0,1,2,0,146,56,,,
NB,KT7A,NBKT7A,MITSUBISHI,552428,115/69/22,25,2000,29/05/2022,03/06/2022,8114,35933,2652,128,10,4,0,1,1,2,2,148,55,21,,
NB,KT7A,NBKT7A,MITSUBISHI,552428,115/69/22,25,2000,19/11/2022,28/11/2022,3850,23560,2223,125,9,6,0,0,1,4,0,145,55,14,,
NB,KT7A,NBKT7A,MITSUBISHI,552428,115/69/22,25,2000,12/05/2023,14/05/2023,8610,29440,2547,139,5,4,0,0,1,1,0,150,0,11,,
NB,KT7A,NBKT7A,MITSUBISHI,552428,115/69/22,25,2000,20/11/2023,24/12/2023,10845,33342,2292,104,33,6,0,0,4,2,5,154,54,11,,
NB,KT7A,NBKT7A,MITSUBISHI,552428,115/69/22,25,2000,21/06/2024,23/06/2024,12927,39470,1908,92,6,7,0,6,13,3,20,147,58,14,,
NBL,KT1A,NBLKT1A,MITSUBISHI,574412,115/22,25,2000,03/02/2019,12/05/2019,10762,42523,1442,135,14,42,0,5,92,0,45,333,59,21,-,
NBL,KT1A,NBLKT1A,MITSUBISHI,574412,115/22,25,2000,03/02/2019,12/05/2019,10762,42523,1442,135,14,42,0,5,92,0,45,333,59,21,-,
NBL,KT1A,NBLKT1A,MITSUBISHI,574412,115/22,25,2000,04/04/2020,09/05/2020,10921,43281,2221,111,49,84,0,4,239,17,136,640,63,19,,
NBL,KT1A,NBLKT1A,MITSUBISHI,574412,115/22,25,2000,16/02/2021,21/05/2021,16702,60465,1390,104,8,42,0,4,112,0,59,329,58,43,,
NBL,KT1A,NBLKT1A,MITSUBISHI,574412,115/22,25,2000,17/01/2022,07/02/2022,5394,50582,2534,108,32,52,0,2,133,5,85,417,50,7,,
NBL,KT1A,NBLKT1A,MITSUBISHI,574412,115/22,25,2000,15/01/2023,04/02/2023,8803,41143,2418,140,23,70,0,5,169,7,67,481,41,7,,
NBL,KT1A,NBLKT1A,MITSUBISHI,574412,115/22,25,2000,17/06/2023,26/06/2023,23310,54510,327,17,3,7,0,3,1,0,0,31,27,18,หลังเปลี่ยน OLTC ใหม่,
NBL,KT1A,NBLKT1A,MITSUBISHI,574412,115/22,25,2000,20/10/2023,02/12/2023,25267,63794,1023,69,8,9,0,2,11,2,6,107,61,17,,
NBL,KT1A,NBLKT1A,MITSUBISHI,574412,115/22,25,2000,14/01/2024,11/02/2024,20967,42478,571,52,21,9,0,1,11,2,7,103,51,7,,
NBL,KT1A,NBLKT1A,MITSUBISHI,574412,115/22,25,2000,12/04/2024,22/04/2024,4611,12245,101,14,1,10,0,3,1,1,1,31,30,8,หลังจากทำน้ำมันรั่วออกจาก breather หลังมีการเชื่อม OLTC,
NBL,KT2A,NBLKT2A,MITSUBISHI,558036,115/22/11,25,1987,03/02/2019,12/05/2019,4704,43974,983,71,28,30,0,5,50,6,28,218,56,25,-,
NBL,KT2A,NBLKT2A,MITSUBISHI,558036,115/22/11,25,1987,13/03/2020,15/05/2020,11831,51209,687,31,2,13,0,3,35,0,30,114,,20,research,
NBL,KT2A,NBLKT2A,MITSUBISHI,558036,115/22/11,25,1987,04/04/2020,15/05/2020,3042,40931,999,78,66,39,0,2,68,0,59,312,66,25,,
NBL,KT2A,NBLKT2A,MITSUBISHI,558036,115/22/11,25,1987,16/02/2021,24/05/2021,6074,60757,3945,1332,32,38,0,6,58,6,42,1514,64,34,,
NBL,KT2A,NBLKT2A,MITSUBISHI,558036,115/22/11,25,1987,17/01/2022,08/02/2022,2481,22084,472,32,19,10,0,0,33,0,0,94,52,19,,
NBL,KT2A,NBLKT2A,MITSUBISHI,558036,115/22/11,25,1987,15/01/2023,04/02/2023,1354,16754,571,36,30,17,0,0,31,0,19,133,45,11,,
NBL,KT2A,NBLKT2A,MITSUBISHI,558036,115/22/11,25,1987,29/04/2023,14/05/2023,4514,29660,608,89,28,14,0,2,25,0,36,194,60,21,เกิด Fault ที่ห้อง OLTC KT1A หลัง O/H OLTC แล้วประมาณ 1 ปี.,
NBL,KT2A,NBLKT2A,MITSUBISHI,558036,115/22/11,25,1987,14/01/2024,11/02/2024,5655,69518,849,126,40,14,0,7,39,6,31,263,58,18,,
NBL,KT3A,NBLKT3A,EKARAT DAIHEN,EDP011201,115/22/11,50,2012,03/02/2019,12/05/2019,12158,47361,1698,494,37,0,0,5,13,0,0,549,50,18,-,
NBL,KT3A,NBLKT3A,EKARAT DAIHEN,EDP011201,115/22/11,50,2012,04/04/2020,15/05/2020,7785,60631,2749,1024,64,7,0,0,11,0,16,1243,58,12,,
NBL,KT3A,NBLKT3A,EKARAT DAIHEN,EDP011201,115/22/11,50,2012,16/02/2021,24/05/2021,15890,69497,5082,1438,36,9,0,4,0,7,7,1501,53,23,,
NBL,KT3A,NBLKT3A,EKARAT DAIHEN,EDP011201,115/22/11,50,2012,17/01/2022,06/02/2022,9324,60951,3595,773,46,4,0,2,7,4,9,845,45,5,,
NBL,KT3A,NBLKT3A,EKARAT DAIHEN,EDP011201,115/22/11,50,2012,15/01/2023,04/02/2023,4077,48373,3762,1073,38,13,0,8,7,0,0,1139,36,5,,
NBL,KT3A,NBLKT3A,EKARAT DAIHEN,EDP011201,115/22/11,50,2012,14/01/2024,11/02/2024,15555,64747,2817,966,43,12,0,8,8,7,8,1052,44,7,,
NCO,KT1AA,NCOKT1AA,JEUMONT,94427,525/230/22,200,2003,09/03/2019,09/03/2019,10641,47819,4300,397,4,20,0,1,3,4,4,433,64,10,-,
NCO,KT1AA,NCOKT1AA,JEUMONT,94427,525/230/22,200,2003,18/03/2019,22/03/2019,3462,24229,4877,448,10,27,0,7,10,0,0,502,-,8,-,
NCO,KT1AA,NCOKT1AA,JEUMONT,94427,525/230/22,200,2003,21/04/2019,22/04/2019,5045,26033,4612,441,7,23,0,5,8,4,8,496,-,7,-,
NCO,KT1AA,NCOKT1AA,JEUMONT,94427,525/230/22,200,2003,03/06/2019,29/06/2019,6705,32000,4385,427,8,16,0,2,10,2,5,470,60,18,-,
NCO,KT1AA,NCOKT1AA,JEUMONT,94427,525/230/22,200,2003,24/06/2019,24/06/2019,6679,34045,4294,464,7,23,0,6,6,5,4,515,-,5,-,
NCO,KT1AA,NCOKT1AA,JEUMONT,94427,525/230/22,200,2003,07/07/2019,18/07/2019,8866,32779,2538,275,3,16,0,3,7,3,4,311,52,5,after Oil Purify,
NCO,KT1AA,NCOKT1AA,JEUMONT,94427,525/230/22,200,2003,01/09/2019,02/09/2019,4489,23828,2240,209,2,7,0,0,2,1,1,220,-,6,ตามผลเนื่องจาก Bkr. ระเบิด,
NCO,KT1AA,NCOKT1AA,JEUMONT,94427,525/230/22,200,2003,18/11/2019,29/11/2019,3537,25896,2581,238,21,21,0,0,5,0,0,285,53,8,-,
NCO,KT1AA,NCOKT1AA,JEUMONT,94427,525/230/22,200,2003,16/05/2020,30/05/2020,7661,40832,2915,234,37,38,0,0,9,0,7,325,60,15,,
NCO,KT1AA,NCOKT1AA,JEUMONT,94427,525/230/22,200,2003,24/11/2020,20/12/2020,7862,45219,4067,407,28,19,0,0,9,0,7,470,65,11,,
NCO,KT1AA,NCOKT1AA,JEUMONT,94427,525/230/22,200,2003,29/05/2021,29/07/2021,19392,42981,2795,197,13,13,0,0,10,0,0,233,68,22,,
NCO,KT1AA,NCOKT1AA,JEUMONT,94427,525/230/22,200,2003,27/08/2021,29/08/2021,12423,43163,4472,443,11,31,0,7,15,4,6,517,,8,,
NCO,KT1AA,NCOKT1AA,JEUMONT,94427,525/230/22,200,2003,28/11/2021,06/12/2021,5400,26270,4425,188,5,38,0,0,31,10,23,295,,9,,
NCO,KT1AA,NCOKT1AA,JEUMONT,94427,525/230/22,200,2003,29/05/2022,04/06/2022,6800,41473,6665,430,12,38,0,3,17,8,13,521,61,8,,
NCO,KT1AA,NCOKT1AA,JEUMONT,94427,525/230/22,200,2003,17/11/2022,20/11/2022,8579,30384,7617,495,14,34,0,2,19,0,4,568,63,10,,
NCO,KT1AA,NCOKT1AA,JEUMONT,94427,525/230/22,200,2003,14/05/2023,14/05/2023,12010,43020,5799,397,7,35,0,0,14,4,11,468,0,6,"Trip by Tx.diff Ø B,C",
NCO,KT1AA,NCOKT1AA,JEUMONT,94427,525/230/22,200,2003,24/11/2023,25/12/2023,8671,24283,5640,351,10,43,0,1,21,6,14,446,50,7,,
NCO,KT1AB,NCOKT1AB,JEUMONT,94428,525/230/22,200,2003,09/03/2019,09/03/2019,5501,30042,4311,460,3,13,0,0,4,0,3,483,58,7,-,
NCO,KT1AB,NCOKT1AB,JEUMONT,94428,525/230/22,200,2003,18/03/2019,22/03/2019,3795,23079,4736,472,7,17,0,0,5,0,0,501,-,8,-,
NCO,KT1AB,NCOKT1AB,JEUMONT,94428,525/230/22,200,2003,21/04/2019,22/04/2019,9775,32888,4569,459,14,0,0,0,4,0,3,480,-,7,-,
NCO,KT1AB,NCOKT1AB,JEUMONT,94428,525/230/22,200,2003,03/06/2019,30/06/2019,9955,37901,3089,401,4,13,0,0,6,0,7,431,54,12,-,
NCO,KT1AB,NCOKT1AB,JEUMONT,94428,525/230/22,200,2003,24/06/2019,24/06/2019,5896,31362,3943,466,4,15,0,0,5,1,7,498,-,5,-,
NCO,KT1AB,NCOKT1AB,JEUMONT,94428,525/230/22,200,2003,07/07/2019,18/07/2019,7311,36760,1529,156,2,4,0,0,1,0,0,163,60,6,after Oil Purify,
NCO,KT1AB,NCOKT1AB,JEUMONT,94428,525/230/22,200,2003,01/09/2019,02/09/2019,4438,17342,1299,118,3,6,0,1,2,2,2,134,-,5,ตามผลเนื่องจาก Bkr. ระเบิด,
NCO,KT1AB,NCOKT1AB,JEUMONT,94428,525/230/22,200,2003,18/11/2019,29/11/2019,6692,33274,1635,145,14,0,0,0,2,0,0,161,54,10,-,
NCO,KT1AB,NCOKT1AB,JEUMONT,94428,525/230/22,200,2003,16/05/2020,30/05/2020,7702,35254,1509,194,29,27,0,0,6,0,4,260,55,18,,
NCO,KT1AB,NCOKT1AB,JEUMONT,94428,525/230/22,200,2003,24/11/2020,20/12/2020,6387,47151,1983,255,32,9,0,0,4,0,3,303,65,14,,
NCO,KT1AB,NCOKT1AB,JEUMONT,94428,525/230/22,200,2003,29/05/2021,19/07/2021,10192,30203,2894,243,10,13,0,0,12,0,0,278,65,14,,
NCO,KT1AB,NCOKT1AB,JEUMONT,94428,525/230/22,200,2003,27/08/2021,28/08/2021,9258,26003,3021,253,11,13,0,0,13,0,0,290,,5,,
NCO,KT1AB,NCOKT1AB,JEUMONT,94428,525/230/22,200,2003,28/11/2021,06/12/2021,5080,34690,5213,357,6,78,0,0,94,9,81,625,,5,,
NCO,KT1AB,NCOKT1AB,JEUMONT,94428,525/230/22,200,2003,29/05/2022,04/06/2022,4873,22735,4381,358,12,16,0,0,15,0,0,401,58,9,,
NCO,KT1AB,NCOKT1AB,JEUMONT,94428,525/230/22,200,2003,17/11/2022,20/11/2022,9459,28681,5546,395,9,29,0,1,18,0,4,456,61,8,,
NCO,KT1AB,NCOKT1AB,JEUMONT,94428,525/230/22,200,2003,14/05/2023,14/05/2023,9050,35610,5459,391,8,32,0,0,13,2,9,455,0,5,"Trip by Tx.diff Ø B,C",
NCO,KT1AB,NCOKT1AB,JEUMONT,94428,525/230/22,200,2003,24/11/2023,29/12/2023,6046,29681,5135,368,27,32,0,12,26,22,15,502,46,13,,
NCO,KT1AC,NCOKT1AC,JEUMONT,94429,525/230/22,200,2003,09/03/2019,09/03/2019,5763,30281,4775,421,6,21,0,3,3,3,3,460,62,9,-,
NCO,KT1AC,NCOKT1AC,JEUMONT,94429,525/230/22,200,2003,18/03/2019,22/03/2019,3742,24755,5098,412,11,22,0,6,0,0,0,451,-,10,-,
NCO,KT1AC,NCOKT1AC,JEUMONT,94429,525/230/22,200,2003,21/04/2019,22/04/2019,7838,29575,4878,387,7,19,0,4,4,3,3,427,-,6,-,
NCO,KT1AC,NCOKT1AC,JEUMONT,94429,525/230/22,200,2003,03/06/2019,30/06/2019,6713,43233,4302,350,11,19,0,4,4,0,3,391,52,9,-,
NCO,KT1AC,NCOKT1AC,JEUMONT,94429,525/230/22,200,2003,07/07/2019,18/07/2019,8685,31653,1546,136,3,8,0,1,1,0,0,427,52,6,after Oil Purify,
NCO,KT1AC,NCOKT1AC,JEUMONT,94429,525/230/22,200,2003,01/09/2019,02/09/2019,9877,30442,1815,233,4,4,0,0,0,0,0,241,-,4,ตามผลเนื่องจาก Bkr. ระเบิด,
NCO,KT1AC,NCOKT1AC,JEUMONT,94429,525/230/22,200,2003,18/11/2019,29/11/2019,5288,42740,2104,265,20,9,0,0,0,0,0,294,55,10,-,
NCO,KT1AC,NCOKT1AC,JEUMONT,94429,525/230/22,200,2003,16/05/2020,30/05/2020,12010,65124,2894,421,35,9,0,0,2,0,1,468,56,12,,
NCO,KT1AC,NCOKT1AC,JEUMONT,94429,525/230/22,200,2003,24/11/2020,20/12/2020,5356,66674,3327,484,34,7,0,0,2,0,1,528,65,8,,
NCO,KT1AC,NCOKT1AC,JEUMONT,94429,525/230/22,200,2003,29/05/2021,19/07/2021,16109,59612,2369,512,17,0,0,21,5,0,0,555,64,19,,
NCO,KT1AC,NCOKT1AC,JEUMONT,94429,525/230/22,200,2003,27/08/2021,27/08/2021,5381,48141,4828,622,31,15,0,1,3,12,9,693,,14,เนื่องจาก Trip,
NCO,KT1AC,NCOKT1AC,JEUMONT,94429,525/230/22,200,2003,28/11/2021,06/12/2021,5960,32130,4179,225,5,60,0,0,83,10,72,455,,8,,
NCO,KT1AC,NCOKT1AC,JEUMONT,94429,525/230/22,200,2003,29/05/2022,04/06/2022,3331,38815,4618,561,18,8,0,0,5,0,0,592,60,8,,
NCO,KT1AC,NCOKT1AC,JEUMONT,94429,525/230/22,200,2003,17/11/2022,25/11/2022,4502,45233,4362,618,16,19,0,1,4,1,4,663,60,7,จุด Sampling ชำรุด,
NCO,KT1AC,NCOKT1AC,JEUMONT,94429,525/230/22,200,2003,14/05/2023,14/05/2023,10650,49120,5772,689,9,27,0,0,5,2,5,737,0,6,"Trip by Tx.diff Ø B,C",
NCO,KT1AC,NCOKT1AC,JEUMONT,94429,525/230/22,200,2003,24/11/2023,25/12/2023,11705,32798,5400,476,9,26,0,0,5,2,3,521,48,12,,
NCO,KT2AA,NCOKT2AA,JEUMONT,94440,525/230/22,200,2003,18/03/2019,22/03/2019,2777,15029,1157,60,11,0,0,0,9,0,0,80,-,6,"หลังซ่อมสายleadเข้าneutral bushing Ho,Xoหลุด",
NCO,KT2AA,NCOKT2AA,JEUMONT,94440,525/230/22,200,2003,21/04/2019,22/04/2019,9475,25907,1805,117,6,0,0,2,8,2,4,139,-,8,-,
NCO,KT2AA,NCOKT2AA,JEUMONT,94440,525/230/22,200,2003,03/06/2019,30/06/2019,10705,34210,2564,178,6,23,0,5,12,5,7,236,60,13,-,
NCO,KT2AA,NCOKT2AA,JEUMONT,94440,525/230/22,200,2003,01/09/2019,02/09/2019,3261,20538,2503,130,6,21,0,2,15,3,9,186,-,7,ตามผลเนื่องจาก Bkr. ระเบิด,
NCO,KT2AA,NCOKT2AA,JEUMONT,94440,525/230/22,200,2003,18/11/2019,29/11/2019,17823,73418,2769,143,12,23,0,0,16,0,0,194,54,11,-,
NCO,KT2AA,NCOKT2AA,JEUMONT,94440,525/230/22,200,2003,16/05/2020,30/05/2020,11244,55412,2603,131,10,40,0,0,25,0,15,221,62,11,,
NCO,KT2AA,NCOKT2AA,JEUMONT,94440,525/230/22,200,2003,24/11/2020,20/12/2020,5447,45618,3597,181,27,30,0,0,18,0,11,267,68,16,,
NCO,KT2AA,NCOKT2AA,JEUMONT,94440,525/230/22,200,2003,29/05/2021,19/07/2021,17698,49305,2856,161,8,18,0,0,14,0,0,201,68,17,,
NCO,KT2AA,NCOKT2AA,JEUMONT,94440,525/230/22,200,2003,27/08/2021,28/08/2021,9209,26899,3131,200,9,27,0,0,52,0,0,288,,6,,
NCO,KT2AA,NCOKT2AA,JEUMONT,94440,525/230/22,200,2003,28/11/2021,06/12/2021,2130,23820,5832,337,14,46,0,0,14,5,9,425,,4,,
NCO,KT2AA,NCOKT2AA,JEUMONT,94440,525/230/22,200,2003,29/05/2022,04/06/2022,6599,39758,5799,358,16,46,0,2,33,6,18,479,62,9,,
NCO,KT2AA,NCOKT2AA,JEUMONT,94440,525/230/22,200,2003,17/11/2022,20/11/2022,10916,33773,5795,384,7,33,0,2,31,0,9,466,62,15,,
NCO,KT2AA,NCOKT2AA,JEUMONT,94440,525/230/22,200,2003,24/11/2023,25/12/2023,10306,29517,5723,328,6,51,0,0,44,8,28,465,30,12,,
NCO,KT2AB,NCOKT2AB,JEUMONT,94441,525/230/22,200,2003,08/03/2019,08/03/2019,7201,44225,3883,451,3,65,0,0,69,0,41,629,58,7,Tx.Trip with buchholz relay phase A.,
NCO,KT2AB,NCOKT2AB,JEUMONT,94441,525/230/22,200,2003,18/03/2019,22/03/2019,2785,33349,4542,511,8,73,0,0,89,0,47,728,-,6,-,
NCO,KT2AB,NCOKT2AB,JEUMONT,94441,525/230/22,200,2003,21/04/2019,22/04/2019,10208,43904,4604,509,4,71,0,0,74,0,44,702,-,7,-,
NCO,KT2AB,NCOKT2AB,JEUMONT,94441,525/230/22,200,2003,03/06/2019,30/06/2019,8652,36882,4058,518,4,70,0,0.6,84,0,47,723.6,64,12,-,
NCO,KT2AB,NCOKT2AB,JEUMONT,94441,525/230/22,200,2003,24/06/2019,24/06/2019,5862,43530,3985,512,4,67,0,0.6,80,0,47,710.6,-,4,ครั้ง2,
NCO,KT2AB,NCOKT2AB,JEUMONT,94441,525/230/22,200,2003,24/06/2019,25/06/2019,4651,44811,4138,562,3,69,0,0.6,78,0,47,759.6,-,4,ครั้ง3,
NCO,KT2AB,NCOKT2AB,JEUMONT,94441,525/230/22,200,2003,24/06/2019,24/06/2019,4826,42651,4219,540,8,71,0,0.6,84,0,51,754.6,-,4,-,
NCO,KT2AB,NCOKT2AB,JEUMONT,94441,525/230/22,200,2003,25/06/2019,25/06/2019,6086,48220,3671,473,4,62,0,0.6,77,0,47,663.6,-,11,-,
NCO,KT2AB,NCOKT2AB,JEUMONT,94441,525/230/22,200,2003,07/07/2019,18/07/2019,9336,42028,3742,415,8,56,0,0,79,0,42,600,57,6,-,
NCO,KT2AB,NCOKT2AB,JEUMONT,94441,525/230/22,200,2003,01/09/2019,02/09/2019,3668,36129,3576,465,4,68,0,0,91,0,56,684,-,5,ตามผลเนื่องจาก Bkr. ระเบิด,
NCO,KT2AB,NCOKT2AB,JEUMONT,94441,525/230/22,200,2003,18/11/2019,29/11/2019,8203,46317,3895,502,10,70,0,0,98,0,75,755,38,12,-,
NCO,KT2AB,NCOKT2AB,JEUMONT,94441,525/230/22,200,2003,16/05/2020,29/05/2020,8536,40256,3240,301,23,89,0,0,102,0,84,599,40,11,,
NCO,KT2AB,NCOKT2AB,JEUMONT,94441,525/230/22,200,2003,24/11/2020,20/12/2020,6963,43918,5134,477,28,69,0,3,68,8,51,704,62,16,,
NCO,KT2AB,NCOKT2AB,JEUMONT,94441,525/230/22,200,2003,29/05/2021,19/07/2021,9425,38386,3726,406,11,62,0,0,93,0,23,595,58,18,,
NCO,KT2AB,NCOKT2AB,JEUMONT,94441,525/230/22,200,2003,27/08/2021,28/08/2021,9203,38198,3765,383,8,60,0,0,102,0,14,567,,6,,
NCO,KT2AB,NCOKT2AB,JEUMONT,94441,525/230/22,200,2003,28/11/2021,06/12/2021,3600,23030,4847,299,8,14,0,0,10,2,6,339,,3,,
NCO,KT2AB,NCOKT2AB,JEUMONT,94441,525/230/22,200,2003,29/05/2022,04/06/2022,6934,55244,6720,529,4,97,0,1,116,5,77,829,,6,,
NCO,KT2AB,NCOKT2AB,JEUMONT,94441,525/230/22,200,2003,17/11/2022,20/11/2022,5946,35691,6801,551,10,87,0,2,113,0,62,825,,10,,
NCO,KT2AB,NCOKT2AB,JEUMONT,94441,525/230/22,200,2003,24/11/2023,25/12/2023,4736,29697,7150,571,5,87,0,1,111,12,83,870,30,7,,
NCO,KT2AC,NCOKT2AC,JEUMONT,94442,525/230/22,200,2003,08/03/2019,08/03/2019,9555,36847,3376,295,10,54,0,0,90,0,81,530,64,7,Tx.Trip with buchholz relay phase A.,
NCO,KT2AC,NCOKT2AC,JEUMONT,94442,525/230/22,200,2003,18/03/2019,22/03/2019,4725,31803,3562,345,9,61,0,0,79,0,40,534,-,6,-,
NCO,KT2AC,NCOKT2AC,JEUMONT,94442,525/230/22,200,2003,21/04/2019,22/04/2019,9791,43291,3714,352,6,60,0,0,72,0,45,535,-,7,-,
NCO,KT2AC,NCOKT2AC,JEUMONT,94442,525/230/22,200,2003,03/06/2019,30/06/2019,7529,42863,3886,377,4,63,0,1,78,0,44,567,66,14,-,
NCO,KT2AC,NCOKT2AC,JEUMONT,94442,525/230/22,200,2003,24/06/2019,24/06/2019,5521,40394,3488,376,5,66,0,1,76,0,42,566,-,6,-,
NCO,KT2AC,NCOKT2AC,JEUMONT,94442,525/230/22,200,2003,24/06/2019,24/06/2019,6791,40989,3421,367,4,64,0,1,80,0,46,562,-,6,-,
NCO,KT2AC,NCOKT2AC,JEUMONT,94442,525/230/22,200,2003,25/06/2019,25/06/2019,5671,38716,3183,339,5,60,0,1,75,0,43,523,-,8,-,
NCO,KT2AC,NCOKT2AC,JEUMONT,94442,525/230/22,200,2003,07/07/2019,18/07/2019,8331,44971,3167,301,8,55,0,0,80,0,30,474,56,5,-,
NCO,KT2AC,NCOKT2AC,JEUMONT,94442,525/230/22,200,2003,01/09/2019,02/09/2019,6796,39718,2980,318,5,61,0,1,79,0,51,515,-,4,ตามผลเนื่องจาก Bkr. ระเบิด,
NCO,KT2AC,NCOKT2AC,JEUMONT,94442,525/230/22,200,2003,18/11/2019,29/11/2019,6309,39955,3217,338,19,67,0,0,97,0,71,592,54,9,-,
NCO,KT2AC,NCOKT2AC,JEUMONT,94442,525/230/22,200,2003,16/05/2020,30/05/2020,6480,39385,3319,262,23,94,0,0,113,0,83,575,60,10,,
NCO,KT2AC,NCOKT2AC,JEUMONT,94442,525/230/22,200,2003,24/11/2020,20/12/2020,8227,42156,3858,399,34,77,0,1,94,0,72,677,68,12,,
NCO,KT2AC,NCOKT2AC,JEUMONT,94442,525/230/22,200,2003,29/05/2021,19/07/2021,10059,38634,3196,292,13,56,0,0,88,0,21,470,65,18,,
NCO,KT2AC,NCOKT2AC,JEUMONT,94442,525/230/22,200,2003,27/08/2021,30/08/2021,10378,56267,4559,382,9,75,0,0,101,0,68,635,62,7,,
NCO,KT2AC,NCOKT2AC,JEUMONT,94442,525/230/22,200,2003,28/11/2021,06/12/2021,3990,38640,5147,459,13,10,0,0,4,2,2,490,,5,,
NCO,KT2AC,NCOKT2AC,JEUMONT,94442,525/230/22,200,2003,29/05/2022,04/06/2022,10973,42649,5090,423,8,45,0,2,98,0,8,584,59,11,,
NCO,KT2AC,NCOKT2AC,JEUMONT,94442,525/230/22,200,2003,17/11/2022,20/11/2022,10808,37842,5619,459,8,67,0,1,104,0,42,681,62,7,,
NCO,KT2AC,NCOKT2AC,JEUMONT,94442,525/230/22,200,2003,24/11/2023,25/12/2023,9507,29486,5254,439,7,81,0,0,111,12,84,734,50,12,,
NCO,KT3AA,NCOKT3AA,TOSHIBA,88900014,525/242/22,200,2003,24/02/2019,22/03/2019,9852,49503,2485,250,9,29,0,4,32,0,0,324,48,13,-,
NCO,KT3AA,NCOKT3AA,TOSHIBA,88900014,525/242/22,200,2003,21/04/2019,16/05/2019,8829,49517,2691,257,9,32,0,5,72,0,0,375,51,18,-,
NCO,KT3AA,NCOKT3AA,TOSHIBA,88900014,525/242/22,200,2003,10/10/2019,20/10/2019,5174,45621,1808,177,13,23,0,3,64,0,5,285,30,17,-,
NCO,KT3AA,NCOKT3AA,TOSHIBA,88900014,525/242/22,200,2003,27/02/2020,21/03/2020,29125,61643,1973,190,14,20,0,0,35,0,22,281,32,13,ทดสอบก่อนรื้อและ OVERHAUL,
NCO,KT3AA,NCOKT3AA,TOSHIBA,88900014,525/242/22,200,2003,19/09/2021,23/10/2021,6745,28276,115,2,10,0,0,1,1,1,1,16,,20,ย้ายมาจากMM3-KT3AA ก่อนนำเข้าใช้งาน,
NCO,KT3AA,NCOKT3AA,TOSHIBA,88900014,525/242/22,200,2003,28/11/2021,06/12/2021,7600,21560,1271,30,2,1,0,0,1,1,0,35,,14,,
NCO,KT3AA,NCOKT3AA,TOSHIBA,88900014,525/242/22,200,2003,29/05/2022,04/06/2022,7960,29724,1956,60,2,4,0,3,3,1,1,74,62,14,,
NCO,KT3AA,NCOKT3AA,TOSHIBA,88900014,525/242/22,200,2003,17/11/2022,20/11/2022,11504,24362,2439,121,9,15,0,2,6,0,0,153,60,11,,
NCO,KT3AA,NCOKT3AA,TOSHIBA,88900014,525/242/22,200,2003,24/11/2023,25/12/2023,15039,28009,2046,104,5,12,0,2,7,10,3,143,50,13,,
NCO,KT3AB,NCOKT3AB,TOSHIBA,88900015,525/242/22,200,2003,24/02/2019,22/03/2019,9327,43172,2603,227,10,26,0,0,26,0,0,289,48,16,-,
NCO,KT3AB,NCOKT3AB,TOSHIBA,88900015,525/242/22,200,2003,21/04/2019,16/05/2019,4521,39851,2831,253,13,28,0,0,44,0,0,338,50,14,-,
NCO,KT3AB,NCOKT3AB,TOSHIBA,88900015,525/242/22,200,2003,10/10/2019,20/10/2019,5842,31161,1414,36,14,23,0,0,33,0,0,106,30,9,-,
NCO,KT3AB,NCOKT3AB,TOSHIBA,88900015,525/242/22,200,2003,27/02/2020,21/03/2020,7605,42763,1635,42,13,20,0,0,28,0,17,120,32,10,ทดสอบก่อนรื้อและ OVERHAUL,
NCO,KT3AB,NCOKT3AB,TOSHIBA,88900015,525/242/22,200,2003,02/02/2021,13/02/2021,15724,59949,1283,72,22,14,0,0,13,0,11,132,,11,research,
NCO,KT3AB,NCOKT3AB,TOSHIBA,88900015,525/242/22,200,2003,19/09/2021,23/10/2021,4110,13239,93,1,14,0,0,0,0,1,0,16,,13,ย้ายมาจาก MM3-KT3AB ก่อนนำเข้าใช้งาน,
NCO,KT3AB,NCOKT3AB,TOSHIBA,88900015,525/242/22,200,2003,28/11/2021,06/12/2021,7440,21310,1307,27,2,1,0,0,1,0,0,31,,11,,
NCO,KT3AB,NCOKT3AB,TOSHIBA,88900015,525/242/22,200,2003,29/05/2022,04/06/2022,11292,48199,1902,50,4,4,0,3,3,1,1,66,63,18,,
NCO,KT3AB,NCOKT3AB,TOSHIBA,88900015,525/242/22,200,2003,17/11/2022,20/11/2022,14465,29244,2479,91,8,6,0,3,7,0,0,115,62,20,,
NCO,KT3AB,NCOKT3AB,TOSHIBA,88900015,525/242/22,200,2003,24/11/2023,25/12/2023,16609,29471,2064,72,5,10,0,3,9,7,5,111,50,25,,
NCO,KT3AC,NCOKT3AC,TOSHIBA,88900016,525/242/22,200,2003,24/02/2019,22/03/2019,10200,44839,3145,356,7,31,0,8,28,0,0,430,48,15,-,
NCO,KT3AC,NCOKT3AC,TOSHIBA,88900016,525/242/22,200,2003,21/04/2019,16/05/2019,7798,46825,3554,399,8,36,0,9,29,0,0,481,51,16,-,
NCO,KT3AC,NCOKT3AC,TOSHIBA,88900016,525/242/22,200,2003,10/10/2019,20/10/2019,5784,46912,1668,46,10,29,0,2,22,0,0,109,30,15,-,
NCO,KT3AC,NCOKT3AC,TOSHIBA,88900016,525/242/22,200,2003,27/02/2020,21/03/2020,27563,65336,2457,68,9,26,0,0,29,0,18,150,32,12,ทดสอบก่อนรื้อและ OVERHAUL,
NCO,KT3AC,NCOKT3AC,TOSHIBA,88900016,525/242/22,200,2003,02/02/2021,13/02/2021,15541,55757,1646,119,21,19,0,0,15,0,9,183,,12,research,
NCO,KT3AC,NCOKT3AC,TOSHIBA,88900016,525/242/22,200,2003,19/09/2021,23/10/2021,10382,20244,116,1,0,0,0,0,0,0,0,1,,16,"ย้ายมาจาก MM3-KT3AC
ย้ายมาจาก MM3-KT3AC ก่อนนำเข้าใช้งาน",
NCO,KT3AC,NCOKT3AC,TOSHIBA,88900016,525/242/22,200,2003,28/11/2021,06/12/2021,12000,30440,1396,17,0,2,0,0,0,0,0,19,,17,,
NCO,KT3AC,NCOKT3AC,TOSHIBA,88900016,525/242/22,200,2003,29/05/2022,04/06/2022,6471,24070,2245,61,6,6,0,4,4,1,2,84,62,17,,
NCO,KT3AC,NCOKT3AC,TOSHIBA,88900016,525/242/22,200,2003,17/11/2022,25/11/2022,9800,30744,2634,68,6,8,0,7,6,7,4,106,62,22,,
NCO,KT3AC,NCOKT3AC,TOSHIBA,88900016,525/242/22,200,2003,24/11/2023,25/12/2023,12268,38594,2343,70,6,13,0,3,10,5,5,112,50,11,,
NCO,KT4A,NCOKT4A,MITSUBISHI,9711290104,230/115/22,200,2013,03/06/2019,30/06/2019,9311,44944,3286,216,3,19,0,1,8,0,4,251,67,13,-,
NCO,KT4A,NCOKT4A,MITSUBISHI,9711290104,230/115/22,200,2013,18/11/2019,29/11/2019,3621,53534,3737,239,11,32,0,0,13,0,5,300,72,61,-,
NCO,KT4A,NCOKT4A,MITSUBISHI,9711290104,230/115/22,200,2013,23/03/2020,24/03/2020,4741,48300,4652,224,8,28,0,0,12,0,5,267,72,13,Trip ด้วย OC-G(51G) เนื่องจากมี Fault ที่ PEA,
NCO,KT4A,NCOKT4A,MITSUBISHI,9711290104,230/115/22,200,2013,16/05/2020,30/05/2020,3312,51234,4199,201,10,48,0,0,17,0,10,286,64,16,,
NCO,KT4A,NCOKT4A,MITSUBISHI,9711290104,230/115/22,200,2013,24/11/2020,21/12/2020,7004,65032,4735,227,31,32,0,0,12,0,7,309,70,11,,
NCO,KT4A,NCOKT4A,MITSUBISHI,9711290104,230/115/22,200,2013,29/05/2021,19/07/2021,12779,37323,2852,178,10,21,0,0,22,0,0,231,68,20,,
NCO,KT4A,NCOKT4A,MITSUBISHI,9711290104,230/115/22,200,2013,28/11/2021,06/12/2021,6960,41270,5058,165,2,32,0,0,13,0,8,220,,8,,
NCO,KT4A,NCOKT4A,MITSUBISHI,9711290104,230/115/22,200,2013,29/05/2022,04/06/2022,7849,55608,7183,296,4,37,0,2,17,5,8,369,64,10,,
NCO,KT4A,NCOKT4A,MITSUBISHI,9711290104,230/115/22,200,2013,17/11/2022,25/11/2022,16642,68483,6496,272,1,22,0,1,16,3,8,323,66,7,,
NCO,KT4A,NCOKT4A,MITSUBISHI,9711290104,230/115/22,200,2013,24/11/2023,25/12/2023,9435,38657,5614,204,4,38,0,0,21,2,13,282,50,11,,
NCO,KT4A,NCOKT4A,MITSUBISHI,9711290104,230/115/22,200,2013,17/04/2024,17/04/2024,7126,55793,3693,261,7,59,0,0,64,0,12,403,0,5,,
NCO,KT5A,NCOKT5A,JEUMONT,95399,230/115/22,200,2007,03/06/2019,30/06/2019,8191,44163,4826,365,16,75,0,4,67,0,40,567,66,10,-,
NCO,KT5A,NCOKT5A,JEUMONT,95399,230/115/22,200,2007,18/11/2019,29/11/2019,7904,40776,5276,394,20,92,0,6,98,24,73,707,58,9,-,
NCO,KT5A,NCOKT5A,JEUMONT,95399,230/115/22,200,2007,16/05/2020,29/05/2020,9504,37732,3533,208,26,88,0,8,91,30,77,528,62,15,,
NCO,KT5A,NCOKT5A,JEUMONT,95399,230/115/22,200,2007,24/11/2020,20/12/2020,5574,50598,5138,449,44,94,0,4,88,25,67,771,63,10,,
NCO,KT5A,NCOKT5A,JEUMONT,95399,230/115/22,200,2007,29/05/2021,19/07/2021,6308,27149,2740,372,18,0,0,0,0,0,0,390,63,19,,
NCO,KT5A,NCOKT5A,JEUMONT,95399,230/115/22,200,2007,28/11/2021,06/12/2021,4140,29880,7526,358,10,104,0,0,101,27,80,680,,5,,
NCO,KT5A,NCOKT5A,JEUMONT,95399,230/115/22,200,2007,29/05/2022,04/06/2022,4732,40217,10176,474,17,184,0,19,119,44,78,935,60,9,,
NCO,KT5A,NCOKT5A,JEUMONT,95399,230/115/22,200,2007,17/11/2022,25/11/2022,8075,46472,9262,492,18,111,0,18,122,14,78,853,61,8,,
NCO,KT5A,NCOKT5A,JEUMONT,95399,230/115/22,200,2007,24/11/2023,29/12/2023,6476,37838,9368,498,40,112,0,16,140,18,69,893,50,11,,
NCO,KT6A,NCOKT6A,JEUMONT,95400,230/115/22,200,2007,03/06/2019,29/06/2019,6444,48800,3269,497,5,48,0,2,42,0,20,614,73,17,-,
NCO,KT6A,NCOKT6A,JEUMONT,95400,230/115/22,200,2007,18/11/2019,29/11/2019,2483,66751,3538,537,27,46,0,2,40,24,42,718,62,10,-,
NCO,KT6A,NCOKT6A,JEUMONT,95400,230/115/22,200,2007,16/05/2020,29/05/2020,5422,60541,2436,612,36,88,0,2,50,39,55,882,62,12,,
NCO,KT6A,NCOKT6A,JEUMONT,95400,230/115/22,200,2007,24/11/2020,20/12/2020,6465,62921,2713,681,45,22,0,0,31,0,36,815,65,14,,
NCO,KT6A,NCOKT6A,JEUMONT,95400,230/115/22,200,2007,29/05/2021,19/07/2021,6603,53386,4790,652,17,34,0,6,38,0,7,754,66,16,,
NCO,KT6A,NCOKT6A,JEUMONT,95400,230/115/22,200,2007,28/11/2021,06/12/2021,1930,51980,7422,668,22,80,0,0,43,28,47,888,,8,,
NCO,KT6A,NCOKT6A,JEUMONT,95400,230/115/22,200,2007,29/05/2022,04/06/2022,4008,68412,9225,1069,24,70,0,5,45,26,40,1279,58,8,,
NCO,KT6A,NCOKT6A,JEUMONT,95400,230/115/22,200,2007,04/10/2022,04/10/2022,3912,65038,8833,759,10,48,0,4,37,15,37,910,,5,Tx. Trip Oil flow relay operated.,
NCO,KT6A,NCOKT6A,JEUMONT,95400,230/115/22,200,2007,17/11/2022,20/11/2022,19670,62987,9629,785,14,34,0,3,42,10,27,915,62,13,,
NCO,KT6A,NCOKT6A,JEUMONT,95400,230/115/22,200,2007,24/11/2023,25/12/2023,9634,38012,7285,605,15,41,0,1,33,18,41,754,54,9,,
NCS,KT1A,NCSKT1A,OSAKA,5BA159012,115/22,25,1990,11/03/2019,21/06/2019,11360,40444,6040,684,16,58,0,9,108,0,60,935,68,37,-,
NCS,KT1A,NCSKT1A,OSAKA,5BA159012,115/22,25,1990,14/05/2021,11/07/2021,12123,54954,9499,787,63,54,0,3,72,2,43,1024,55,18,,
NCS,KT1A,NCSKT1A,OSAKA,5BA159012,115/22,25,1990,18/06/2023,23/06/2023,7005,47198,7535,614,19,84,0,5,94,3,55,874,52,10,,
NCS,KT1A,NCSKT1A,OSAKA,5BA159012,115/22,25,1990,10/05/2024,17/05/2024,26951,67523,7384,636,6,56,0,8,109,5,50,870,52,7,,
NCS,KT2A,NCSKT2A,OSAKA,5BA159007,115/22,25,1990,11/03/2019,21/06/2019,7581,43692,5430,484,23,124,0,76,130,0,85,922,68,28,-,
NCS,KT2A,NCSKT2A,OSAKA,5BA159007,115/22,25,1990,14/05/2021,11/07/2021,8258,53482,8282,623,43,103,0,41,104,19,63,996,55,20,,
NCS,KT2A,NCSKT2A,OSAKA,5BA159007,115/22,25,1990,18/06/2023,23/06/2023,8000,48222,5751,480,19,142,0,72,127,15,56,911,54,9,,
NCS,KT2A,NCSKT2A,OSAKA,5BA159007,115/22,25,1990,10/05/2024,17/05/2024,22885,69611,5367,437,8,121,0,98,153,23,56,896,55,8,,
NCS,KT3A,NCSKT3A,MEIDEN,8R9763T1,115/22,50,1990,19/05/2021,11/07/2021,4551,64418,2393,206,9,157,0,12,947,0,574,1905,31,31,,
NCS,KT3A,NCSKT3A,MEIDEN,8R9763T1,115/22,50,1990,16/07/2021,16/07/2021,3806,72368,2518,214,12,276,0,15,1085,0,666,2268,39,13,หม้อแปลง Trip ด้วย Differential Relay.,
NCS,KT3A,NCSKT3A,MEIDEN,8R9763T1,115/22,50,1990,13/05/2022,20/05/2022,10022,63975,2446,209,6,250,0,14,1033,0,630,2142,57,9,,
NCS,KT3A,NCSKT3A,MEIDEN,8R9763T1,115/22,50,1990,18/06/2023,24/06/2023,15736,75737,2643,232,4,205,0,14,850,0,558,1863,52,7,,
NCS,KT3A,NCSKT3A,MEIDEN,8R9763T1,115/22,50,1990,10/05/2024,17/05/2024,22654,88612,2307,219,2,191,0,26,985,0,612,2035,55,8,,
NCS,KT4A,NCSKT4A,MEIDEN,8R9911T8,115/22,50,1990,15/05/2021,11/07/2021,7020,54196,1616,174,32,46,0,5,291,0,173,721,54,22,,
NCS,KT4A,NCSKT4A,MEIDEN,8R9911T8,115/22,50,1990,18/06/2023,23/06/2023,5185,49423,1971,143,36,70,0,4,295,23,255,826,55,7,,
NCS,KT4A,NCSKT4A,MEIDEN,8R9911T8,115/22,50,1990,10/05/2024,17/05/2024,26038,72108,1931,149,5,67,0,9,337,9,216,792,60,6,,
NCS,KT5A,NCSKT5A,ABB,8329837,230/115,300,2018,10/08/2021,03/09/2021,21849,64719,731,69,10,1,0,0,0,0,0,80,,22,FIRST ENERGIZED,
NCS,KT5A,NCSKT5A,ABB,8329837,230/115,300,2018,19/09/2021,03/11/2021,14153,27543,1298,171,18,0,0,0,0,0,0,189,78,14,,
NCS,KT5A,NCSKT5A,ABB,8329837,230/115,300,2018,13/05/2022,20/05/2022,6409,22121,2244,343,17,3,0,1,12,0,3,379,66,9,,
NCS,KT5A,NCSKT5A,ABB,8329837,230/115,300,2018,10/11/2022,18/11/2022,10492,31729,2640,454,5,6,0,0,2,2,3,472,53,9,,
NCS,KT5A,NCSKT5A,ABB,8329837,230/115,300,2018,18/06/2023,23/06/2023,4519,22691,3196,503,11,15,0,0,1,4,2,536,72,7,,
NCS,KT5A,NCSKT5A,ABB,8329837,230/115,300,2018,19/11/2023,29/12/2023,9630,28968,3756,543,19,6,0,1,8,0,12,589,57,13,,
NCS,KT5A,NCSKT5A,ABB,8329837,230/115,300,2018,10/05/2024,17/05/2024,9467,32735,3764,697,21,14,0,2,0,11,18,763,65,6,,
NCS,KT6A,NCSKT6A,ABB,8329836,230/115,300,2018,10/08/2021,03/09/2021,11905,34059,672,92,10,3,0,0,0,1,1,107,,23,FIRST ENERGIZED,
NCS,KT6A,NCSKT6A,ABB,8329836,230/115,300,2018,19/09/2021,03/11/2021,17744,30901,1008,151,11,0,0,0,18,0,0,180,72,23,,
NCS,KT6A,NCSKT6A,ABB,8329836,230/115,300,2018,13/05/2022,20/05/2022,4720,18774,2129,419,15,2,0,0,6,0,0,442,64,9,,
NCS,KT6A,NCSKT6A,ABB,8329836,230/115,300,2018,10/11/2022,18/11/2022,10699,30968,2420,485,7,5,0,0,1,1,1,500,49,5,,
NCS,KT6A,NCSKT6A,ABB,8329836,230/115,300,2018,18/06/2023,23/06/2023,5530,24149,2686,411,14,3,0,0,1,4,1,434,65,9,,
NCS,KT6A,NCSKT6A,ABB,8329836,230/115,300,2018,19/11/2023,29/12/2023,6830,26803,3775,536,24,6,0,1,4,3,6,580,50,8,,
NCS,KT6A,NCSKT6A,ABB,8329836,230/115,300,2018,10/05/2024,17/05/2024,34852,72816,3203,524,3,7,0,1,3,2,10,550,64,8,,
NCS,KT7A,NCSKT7A,ABB,8329835,230/115,300,2018,19/09/2021,03/11/2021,17910,36960,193,11,5,0,0,0,19,0,0,35,37,20,,
NCS,KT7A,NCSKT7A,ABB,8329835,230/115,300,2018,04/10/2021,31/10/2021,7448,25432,141,4,27,0,0,0,3,1,6,41,60,6,,
NCS,KT7A,NCSKT7A,ABB,8329835,230/115,300,2018,07/11/2021,09/11/2021,9619,26598,581,36,25,0,0,0,0,0,0,61,70,11,ตามผล 1 เดือนหลังตกกระแทก,
NCS,KT7A,NCSKT7A,ABB,8329835,230/115,300,2018,20/12/2021,25/12/2021,3398,10288,642,16,23,1,0,0,1,0,0,41,70,13,ตามผล 3 เดือนหลังตกกระแทก,
NCS,KT7A,NCSKT7A,ABB,8329835,230/115,300,2018,13/05/2022,20/05/2022,4573,11172,1357,142,18,2,0,0,0,0,0,162,68,11,,
NCS,KT7A,NCSKT7A,ABB,8329835,230/115,300,2018,02/10/2022,03/10/2022,4373,11450,1665,201,15,67,0,0,0,0,0,283,65,9,ติดตามผลหม้อแปลงตกกระแทกระหว่างติดตั้ง,
NCS,KT7A,NCSKT7A,ABB,8329835,230/115,300,2018,10/11/2022,18/11/2022,4012,14889,1696,202,13,3,0,0,3,3,2,226,53,5,,
NCS,KT7A,NCSKT7A,ABB,8329835,230/115,300,2018,18/06/2023,23/06/2023,7164,41240,2006,274,11,3,0,0,0,0,1,289,72,7,,
NCS,KT7A,NCSKT7A,ABB,8329835,230/115,300,2018,19/11/2023,29/12/2023,13693,28021,2624,301,21,4,0,0,2,0,4,332,58,10,,
NCS,KT7A,NCSKT7A,ABB,8329835,230/115,300,2018,10/05/2024,17/05/2024,26507,61397,2209,302,5,6,0,0,1,2,12,328,70,4,,
NH,KT1A,NHKT1A,MITSUBISHI,574410,115/22,25,2012,04/02/2019,12/05/2019,7130,46729,2376,77,19,47,0,6,193,0,79,421,58,20,-,
NH,KT1A,NHKT1A,MITSUBISHI,574410,115/22,25,2012,07/04/2020,08/05/2020,7341,41175,2858,108,48,81,0,43,331,28,188,827,54,23,,
NH,KT1A,NHKT1A,MITSUBISHI,574410,115/22,25,2012,12/02/2021,24/05/2021,6235,52008,5764,111,56,86,0,2,235,12,155,657,56,23,,
NH,KT1A,NHKT1A,MITSUBISHI,574410,115/22,25,2012,18/01/2022,06/02/2022,5704,56742,3827,75,40,50,0,2,212,24,138,541,49,13,,
NH,KT1A,NHKT1A,MITSUBISHI,574410,115/22,25,2012,18/01/2023,04/02/2023,2435,52528,3875,82,33,66,0,5,248,8,125,567,48,13,,
NH,KT1A,NHKT1A,MITSUBISHI,574410,115/22,25,2012,17/01/2024,10/02/2024,8963,56890,3013,112,38,77,0,11,295,11,136,680,53,12,,
NH,KT2A,NHKT2A,DAIHEN,EDP011903,115/22,50,2012,04/02/2019,12/05/2019,12576,47181,1346,711,21,4,0,4,1,4,1,746,49,21,-,
NH,KT2A,NHKT2A,DAIHEN,EDP011903,115/22,50,2012,07/04/2020,15/05/2020,13085,65064,1878,1049,37,3,0,1,1,3,4,1098,40,16,,
NH,KT2A,NHKT2A,DAIHEN,EDP011903,115/22,50,2012,12/02/2021,24/05/2021,13311,52557,3843,945,46,5,0,5,2,12,6,1021,48,19,,
NH,KT2A,NHKT2A,DAIHEN,EDP011903,115/22,50,2012,18/01/2022,07/02/2022,13207,61135,2138,605,27,2,0,3,1,8,3,649,42,14,,
NH,KT2A,NHKT2A,DAIHEN,EDP011903,115/22,50,2012,18/01/2023,04/02/2023,12744,66861,2327,966,30,7,0,12,1,5,3,1024,47,10,,
NH,KT2A,NHKT2A,DAIHEN,EDP011903,115/22,50,2012,17/01/2024,11/02/2024,16814,63924,2107,873,33,4,0,13,2,4,6,935,41,13,,
NK,KT1A,NKKT1A,ABB,56041,115/22/11,50,2011,07/02/2019,12/05/2019,19733,55538,1422,512,2,3,0,4,0,1,0,522,45,27,-,
NK,KT1A,NKKT1A,ABB,56041,115/22/11,50,2011,08/04/2020,17/05/2020,20816,58274,2129,869,7,4,0,4,1,0,0,885,45,17,,
NK,KT1A,NKKT1A,ABB,56041,115/22/11,50,2011,08/02/2021,25/05/2021,23004,63186,4740,1419,13,5,0,7,0,0,0,1444,42,14,,
NK,KT1A,NKKT1A,ABB,56041,115/22/11,50,2011,21/01/2022,06/02/2022,18814,73476,3142,650,5,2,0,4,1,8,1,671,42,11,,
NK,KT1A,NKKT1A,ABB,56041,115/22/11,50,2011,19/01/2023,03/02/2023,17614,65712,2834,528,4,3,0,6,1,9,0,551,32,10,,
NK,KT1A,NKKT1A,ABB,56041,115/22/11,50,2011,18/01/2024,11/02/2024,28549,72653,2574,723,13,5,0,17,1,2,1,762,38,9,,
NK,KT2A,NKKT2A,ABB,56042,115/22/11,50,2011,07/02/2019,10/05/2019,17907,43339,1358,253,2,2,0,5,0,1,0,263,46,24,-,
NK,KT2A,NKKT2A,ABB,56042,115/22/11,50,2011,08/04/2020,08/05/2020,10685,41041,2732,106,75,75,0,38,311,25,173,803,45,11,,
NK,KT2A,NKKT2A,ABB,56042,115/22/11,50,2011,08/02/2021,14/06/2021,7400,46280,1712,259,28,1,0,4,0,0,0,292,46,6,,
NK,KT2A,NKKT2A,ABB,56042,115/22/11,50,2011,21/01/2022,06/02/2022,24672,78647,2519,421,4,2,0,5,0,11,0,443,45,10,,
NK,KT2A,NKKT2A,ABB,56042,115/22/11,50,2011,09/01/2023,03/02/2023,22263,67614,2250,319,3,2,0,8,1,10,1,344,36,11,,
NK,KT2A,NKKT2A,ABB,56042,115/22/11,50,2011,18/01/2024,11/02/2024,31948,73698,1650,578,9,3,0,19,1,1,0,611,41,9,,
NN,KT1A,NNKT1A,FUJI,AG69095T421,115/22,25,1997,09/02/2019,10/05/2019,7064,24955,634,75,20,0,0,0,15,0,10,120,52,18,-,
NN,KT1A,NNKT1A,FUJI,AG69095T421,115/22,25,1997,13/03/2020,15/05/2020,11972,39594,544,40,3,15,0,1,14,0,9,82,,16,research,
NN,KT1A,NNKT1A,FUJI,AG69095T421,115/22,25,1997,11/04/2020,24/05/2020,9591,23947,565,64,20,0,0,0,16,0,0,100,55,20,,
NN,KT1A,NNKT1A,FUJI,AG69095T421,115/22,25,1997,10/02/2021,27/05/2021,12582,45313,1410,137,19,12,0,2,22,0,13,205,53,22,,
NN,KT1A,NNKT1A,FUJI,AG69095T421,115/22,25,1997,23/01/2022,05/02/2022,4631,28647,731,51,15,10,0,1,20,0,15,112,48,11,,
NN,KT1A,NNKT1A,FUJI,AG69095T421,115/22,25,1997,21/01/2023,02/02/2023,5778,27129,796,80,10,13,0,1,29,0,16,149,50,18,,
NN,KT1A,NNKT1A,FUJI,AG69095T421,115/22,25,1997,20/01/2024,10/02/2024,4740,9510,795,85,15,14,0,13,27,13,8,175,48,7,,
NN,KT2A,NNKT2A,FUJI,AG69095T434,115/22,25,1998,09/02/2019,12/05/2019,10123,32638,829,76,35,25,0,4,67,0,18,225,53,26,-,
NN,KT2A,NNKT2A,FUJI,AG69095T434,115/22,25,1998,11/04/2020,24/05/2020,10458,26705,887,78,24,27,0,6,64,0,23,222,55,34,,
NN,KT2A,NNKT2A,FUJI,AG69095T434,115/22,25,1998,10/02/2021,24/05/2021,10144,44244,1955,150,30,38,0,6,94,0,41,359,52,28,,
NN,KT2A,NNKT2A,FUJI,AG69095T434,115/22,25,1998,23/01/2022,06/02/2022,4334,31797,2151,186,53,18,0,7,115,0,66,445,48,16,,
NN,KT2A,NNKT2A,FUJI,AG69095T434,115/22,25,1998,21/01/2023,03/02/2023,2971,32305,1641,111,25,36,0,4,93,29,46,344,49,15,,
NN,KT2A,NNKT2A,FUJI,AG69095T434,115/22,25,1998,20/01/2024,10/02/2024,5690,26820,1902,118,34,66,0,12,164,91,88,573,47,17,,
NN,KT4A,NNKT4A,MITSUBISHI,9711290102,230/22,200,2012,09/02/2019,12/05/2019,10720,49705,2034,272,3,8,0,0,2,0,1,286,63,25,-,
NN,KT4A,NNKT4A,MITSUBISHI,9711290102,230/22,200,2012,31/08/2019,28/09/2019,5295,40678,1864,365,4,11,0,0,4,0,2,386,57,13,-,
NN,KT4A,NNKT4A,MITSUBISHI,9711290102,230/22,200,2012,11/04/2020,24/05/2020,7478,35102,2109,234,10,0,0,0,0,0,0,244,61,16,,
NN,KT4A,NNKT4A,MITSUBISHI,9711290102,230/22,200,2012,05/07/2020,15/08/2020,17920,63910,1098,36,28,0,0,0,2,191,1,258,57,23,,
NN,KT4A,NNKT4A,MITSUBISHI,9711290102,230/22,200,2012,10/02/2021,24/05/2021,10831,61932,3893,182,23,27,0,0,5,0,5,242,56,17,,
NN,KT4A,NNKT4A,MITSUBISHI,9711290102,230/22,200,2012,23/01/2022,05/02/2022,5314,42527,2805,222,2,7,0,0,3,0,2,236,40,8,,
NN,KT4A,NNKT4A,MITSUBISHI,9711290102,230/22,200,2012,28/07/2022,21/08/2022,5040,52114,2993,294,3,10,0,0,3,0,2,312,58,14,,
NN,KT4A,NNKT4A,MITSUBISHI,9711290102,230/22,200,2012,21/01/2023,04/02/2023,3105,43562,2765,251,2,25,0,4,4,2,2,290,48,7,,
NN,KT4A,NNKT4A,MITSUBISHI,9711290102,230/22,200,2012,13/07/2023,04/08/2023,8914,36137,2824,258,1,21,0,2,4,1,2,289,62,12,,
NN,KT4A,NNKT4A,MITSUBISHI,9711290102,230/22,200,2012,20/01/2024,10/02/2024,5240,36160,2969,278,5,27,0,37,13,3,2,365,49,8,,
NN,KT5A,NNKT5A,DAIHEN,5BK014201,230/121/22,200,2010,10/02/2019,12/05/2019,9938,26318,857,193,18,6,0,0,0,0,0,217,42,24,-,
NN,KT5A,NNKT5A,DAIHEN,5BK014201,230/121/22,200,2010,11/04/2020,24/05/2020,11366,47034,997,201,12,0,0,0,0,0,0,213,49,19,ย้ายมาจาก SO2-KT1A,
NN,KT5A,NNKT5A,DAIHEN,5BK014201,230/121/22,200,2010,05/07/2020,15/08/2020,20470,147810,1060,89,20,0,0,0,0,0,0,109,45,16,,
NN,KT5A,NNKT5A,DAIHEN,5BK014201,230/121/22,200,2010,10/02/2021,24/05/2021,13485,51229,2287,459,32,2,0,1,1,1,2,498,48,26,,
NN,KT5A,NNKT5A,DAIHEN,5BK014201,230/121/22,200,2010,04/09/2021,06/11/2021,9555,47333,1475,540,18,0,0,0,0,0,0,558,45,15,,
NN,KT5A,NNKT5A,DAIHEN,5BK014201,230/121/22,200,2010,23/01/2022,07/02/2022,12301,59672,1097,192,1,1,0,0,1,0,1,196,43,5,,
NN,KT5A,NNKT5A,DAIHEN,5BK014201,230/121/22,200,2010,28/07/2022,19/08/2022,2503,59641,1618,742,3,2,0,2,1,0,0,750,46,13,,
NN,KT5A,NNKT5A,DAIHEN,5BK014201,230/121/22,200,2010,21/01/2023,02/02/2023,9082,52147,1830,695,4,2,0,1,1,0,1,704,42,7,,
NN,KT5A,NNKT5A,DAIHEN,5BK014201,230/121/22,200,2010,13/07/2023,04/08/2023,10395,40662,1904,718,2,3,0,1,1,0,3,728,51,7,,
NN,KT5A,NNKT5A,DAIHEN,5BK014201,230/121/22,200,2010,20/01/2024,11/02/2024,39430,45350,1903,761,2,7,0,4,2,3,1,780,42,15,,
NPO1,KT1A,NPO1KT1A,FUJI,AN69051T11,115/22,25,1998,03/05/2020,01/06/2020,5442,31004,425,55,28,39,0,1,87,8,52,270,52,18,,
NPO1,KT1A,NPO1KT1A,FUJI,AN69051T11,115/22,25,1998,04/10/2020,27/10/2020,5109,30960,684,81,3,13,0,2,58,0,30,187,,21,research,
NPO1,KT1A,NPO1KT1A,FUJI,AN69051T11,115/22,25,1998,22/01/2021,24/04/2021,5374,31563,691,76,36,17,0,2,54,3,39,227,50,17,,
NPO1,KT1A,NPO1KT1A,FUJI,AN69051T11,115/22,25,1998,28/01/2022,18/02/2022,6074,33992,632,70,14,15,0,0,44,0,29,172,51,18,,
NPO1,KT1A,NPO1KT1A,FUJI,AN69051T11,115/22,25,1998,26/01/2023,18/02/2023,10392,38063,855,80,17,30,0,3,81,0,41,252,50,8,,
NPO1,KT1A,NPO1KT1A,FUJI,AN69051T11,115/22,25,1998,25/01/2024,10/03/2024,12098,34906,1114,89,6,22,0,3,71,0,51,242,52,20,,
NPO1,KT2A,NPO1KT2A,FUJI,AN69051T12,115/22,25,1998,03/05/2020,01/06/2020,19012,48114,1100,81,20,74,0,3,246,15,155,594,55,18,,
NPO1,KT2A,NPO1KT2A,FUJI,AN69051T12,115/22,25,1998,04/10/2020,27/10/2020,5910,53923,1009,97,6,37,0,5,167,0,83,395,,15,research,
NPO1,KT2A,NPO1KT2A,FUJI,AN69051T12,115/22,25,1998,22/01/2021,23/04/2021,6444,57611,1098,102,37,35,0,4,129,2,107,416,48,29,,
NPO1,KT2A,NPO1KT2A,FUJI,AN69051T12,115/22,25,1998,28/01/2022,20/02/2022,4902,68604,918,90,20,37,0,2,129,1,90,369,48,14,,
NPO1,KT2A,NPO1KT2A,FUJI,AN69051T12,115/22,25,1998,26/01/2023,13/02/2023,5760,63230,912,78,36,49,0,3,161,17,109,453,54,8,,
NPO1,KT2A,NPO1KT2A,FUJI,AN69051T12,115/22,25,1998,25/01/2024,10/03/2024,8253,43365,1007,80,7,42,0,5,190,47,154,525,50,15,,
NPO2,KT1A,NPO2KT1A,DAIHEN,5BK012401,230/115,200,2004,21/03/2019,21/04/2019,5069,46663,1777,107,53,42,0,6,162,0,137,507,62,17,-,
NPO2,KT1A,NPO2KT1A,DAIHEN,5BK012401,230/115,200,2004,20/03/2020,26/05/2020,7568,41047,1711,89,39,42,0,0,121,0,61,352,43,21,,
NPO2,KT1A,NPO2KT1A,DAIHEN,5BK012401,230/115,200,2004,13/07/2020,22/08/2020,11758,53513,1689,70,34,35,0,2,98,0,70,309,49,15,,
NPO2,KT1A,NPO2KT1A,DAIHEN,5BK012401,230/115,200,2004,08/01/2021,05/02/2021,5401,56824,2262,63,48,43,0,0,127,0,89,370,43,11,,
NPO2,KT1A,NPO2KT1A,DAIHEN,5BK012401,230/115,200,2004,04/04/2021,10/04/2021,3435,40215,3402,114,65,44,0,0,163,0,69,455,69,7,จ่ายโหลดเกิน 100%,
NPO2,KT1A,NPO2KT1A,DAIHEN,5BK012401,230/115,200,2004,10/09/2021,08/11/2021,17454,47897,2403,94,21,32,0,0,138,0,24,309,53,14,,
NPO2,KT1A,NPO2KT1A,DAIHEN,5BK012401,230/115,200,2004,25/02/2022,27/03/2022,4730,56780,2671,93,84,44,0,0,135,2,93,451,55,17,,
NPO2,KT1A,NPO2KT1A,DAIHEN,5BK012401,230/115,200,2004,03/08/2022,14/08/2022,4540,51290,2808,104,73,45,0,13,138,5,102,480,49,10,,
NPO2,KT1A,NPO2KT1A,DAIHEN,5BK012401,230/115,200,2004,24/02/2023,11/03/2023,7441,47543,5322,151,28,42,0,0,132,4,88,445,60,8,,
NPO2,KT1A,NPO2KT1A,DAIHEN,5BK012401,230/115,200,2004,28/08/2023,09/10/2023,12620,30000,4805,155,17,40,0,0,107,4,79,402,56,11,,
NPO2,KT1A,NPO2KT1A,DAIHEN,5BK012401,230/115,200,2004,09/03/2024,08/04/2024,2662,28765,3594,127,27,41,0,57,107,0,81,440,68,10,,
NPO2,KT2A,NPO2KT2A,DAIHEN,5BK012402,230/115,200,2004,21/03/2019,19/04/2019,3895,42098,1793,113,43,47,0,0,255,0,60,518,62,22,-,
NPO2,KT2A,NPO2KT2A,DAIHEN,5BK012402,230/115,200,2004,20/03/2020,26/05/2020,3683,62966,1953,101,47,44,0,0,151,0,77,420,45,15,,
NPO2,KT2A,NPO2KT2A,DAIHEN,5BK012402,230/115,200,2004,13/07/2020,22/08/2020,13029,72707,1641,68,22,37,0,2,135,0,76,340,50,17,,
NPO2,KT2A,NPO2KT2A,DAIHEN,5BK012402,230/115,200,2004,08/01/2021,08/02/2021,6875,39988,1841,52,31,42,0,0,141,0,107,373,46,8,,
NPO2,KT2A,NPO2KT2A,DAIHEN,5BK012402,230/115,200,2004,04/04/2021,10/04/2021,9011,62007,2152,102,51,77,0,1,162,0,96,489,60,9,จ่ายโหลดเกิน 100%,
NPO2,KT2A,NPO2KT2A,DAIHEN,5BK012402,230/115,200,2004,10/09/2021,11/11/2021,6536,73279,3239,29,56,20,0,0,165,0,89,359,49,12,,
NPO2,KT2A,NPO2KT2A,DAIHEN,5BK012402,230/115,200,2004,25/02/2022,27/03/2022,5410,71470,2295,80,38,38,0,0,125,2,95,378,56,15,,
NPO2,KT2A,NPO2KT2A,DAIHEN,5BK012402,230/115,200,2004,03/08/2022,14/08/2022,4710,65780,2778,95,44,39,0,14,127,2,98,419,50,10,,
NPO2,KT2A,NPO2KT2A,DAIHEN,5BK012402,230/115,200,2004,24/02/2023,11/03/2023,7374,55243,3836,119,15,35,0,0,117,5,87,378,62,12,,
NPO2,KT2A,NPO2KT2A,DAIHEN,5BK012402,230/115,200,2004,28/08/2023,09/10/2023,5510,46620,3766,126,27,51,0,9,143,0,98,454,56,10,,
NPO2,KT2A,NPO2KT2A,DAIHEN,5BK012402,230/115,200,2004,09/03/2024,08/04/2024,3324,44689,3449,147,31,51,0,0,135,0,93,457,66,7,,
NPO2,KT3A,NPO2KT3A,FUJI,AG69095T131,230/115/11,200,1998,22/09/2019,26/09/2019,8401,25589,61,35,0,0,0,1,10,0,8,54,-,21,-,
NPO2,KT3A,NPO2KT3A,FUJI,AG69095T131,230/115/11,200,1998,01/06/2021,06/06/2021,6280,23332,11,2,7,0,0,0,1,0,0,10,,14,ก่อนทดสอบ HV Test,
NPO2,KT3A,NPO2KT3A,FUJI,AG69095T131,230/115/11,200,1998,02/06/2021,06/06/2021,3444,18000,12,3,7,0,0,0,1,0,0,11,,19,หลังทดสอบ HV Test ครั้งที่1,
NPO2,KT3A,NPO2KT3A,FUJI,AG69095T131,230/115/11,200,1998,04/06/2021,06/06/2021,9166,26130,11,1,0,0,0,0,1,0,0,2,,7,หลังทดสอบ HV Test ครั้งที่2,
NPO2,KT3A,NPO2KT3A,FUJI,AG69095T131,230/115/11,200,1998,09/07/2021,16/07/2021,6380,18979,75,7,0,0,0,0,0,0,0,7,,6,หม้อแปลงส่งซ่อมที่ บริษัท ถิรไทย จำกัด Before dielectric test.,
NPO2,KT3A,NPO2KT3A,FUJI,AG69095T131,230/115/11,200,1998,10/07/2021,16/07/2021,6836,19002,58,18,12,0,0,0,0,0,0,30,,7,หม้อแปลงส่งซ่อมที่ บริษัท ถิรไทย จำกัด After dielectric test.,
NPO2,KT3A,NPO2KT3A,FUJI,AG69095T131,230/115/11,200,1998,25/02/2022,27/03/2022,7980,22980,208,18,6,0,0,0,0,0,0,24,58,18,,
NPO2,KT3A,NPO2KT3A,FUJI,AG69095T131,230/115/11,200,1998,26/02/2022,03/03/2022,6862,13492,373,27,7,0,0,0,0,0,0,34,,15,,
NPO2,KT3A,NPO2KT3A,FUJI,AG69095T131,230/115/11,200,1998,24/02/2023,12/03/2023,20042,48745,991,181,17,4,0,2,1,1,1,207,56,11,,
NPO2,KT3A,NPO2KT3A,FUJI,AG69095T131,230/115/11,200,1998,17/08/2023,09/10/2023,15030,26300,1122,187,22,30,0,6,3,14,1,263,58,16,,
NPO2,KT3A,NPO2KT3A,FUJI,AG69095T131,230/115/11,200,1998,09/03/2024,08/04/2024,9390,25669,1704,441,38,0,0,0,0,0,0,479,67,11,,
NP-P,KT1A,NP-PKT1A,OSAKA,5A0493001,115/22,10,1985,31/01/2022,18/02/2022,5294,37268,1867,112,23,28,0,6,42,0,26,237,38,13,,
NP-P,KT1A,NP-PKT1A,OSAKA,5A0493001,115/22,10,1985,29/01/2023,18/02/2023,6600,39008,2405,241,15,0,0,19,66,8,36,385,0,15,,
NP-P,KT1A,NP-PKT1A,OSAKA,5A0493001,115/22,10,1985,28/01/2024,09/03/2024,14411,36584,1654,176,10,44,0,8,20,16,2,276,0,19,,
NP-P,KT2A,NP-PKT2A,OSAKA,3A429001,69/11/22,13,1982,20/07/2019,19/08/2019,6011,23641,1089,78,13,0,0,0,6,0,0,97,45,22,-,
NP-P,KT2A,NP-PKT2A,OSAKA,3A429001,69/11/22,13,1982,24/02/2020,29/03/2020,3950,23285,734,73,44,12,0,0,6,0,4,139,30,11,,
NP-P,KT2A,NP-PKT2A,OSAKA,3A429001,69/11/22,13,1982,26/06/2020,04/08/2020,10129,45446,1225,78,7,15,0,3,56,0,41,200,40,30,,
NP-P,KT2A,NP-PKT2A,OSAKA,3A429001,69/11/22,13,1982,22/02/2021,21/05/2021,10536,24206,1191,75,13,0,0,0,49,0,0,137,42,30,,
NR1,KT1A,NR1KT1A,RADE KONGAR,338031,115/22,50,2004,18/04/2019,21/04/2019,8410,55823,16117,686,15,33,0,8,8,0,0,750,72,13,-,
NR1,KT1A,NR1KT1A,RADE KONGAR,338031,115/22,50,2004,26/05/2019,03/08/2019,6749,51265,11195,790,11,29,0,3,10,0,2,845,65,20,ตามผล1เดือนหลังเติมน้ามันเข้าทาง radiator.,
NR1,KT1A,NR1KT1A,RADE KONGAR,338031,115/22,50,2004,25/03/2020,25/05/2020,6170,72830,12090,959,33,36,0,0,12,0,4,1044,74,15,,
NR1,KT1A,NR1KT1A,RADE KONGAR,338031,115/22,50,2004,13/01/2021,05/02/2021,5531,52769,13778,812,29,26,0,0,9,0,3,879,57,7,,
NR1,KT1A,NR1KT1A,RADE KONGAR,338031,115/22,50,2004,09/01/2022,12/02/2022,5548,64149,18234,1057,14,59,0,4,21,10,43,1208,63,12,,
NR1,KT1A,NR1KT1A,RADE KONGAR,338031,115/22,50,2004,28/02/2023,12/03/2023,7940,55668,16116,1037,14,37,0,10,12,7,6,1123,62,12,,
NR1,KT1A,NR1KT1A,RADE KONGAR,338031,115/22,50,2004,27/02/2024,07/04/2024,19822,57769,9889,684,3,35,0,10,10,15,5,762,65,11,,
NR1,KT2A,NR1KT2A,RADE KONCAR,338032,115/22,50,2004,25/03/2019,21/04/2019,8402,49207,12455,620,18,137,0,92,80,69,29,1045,52,17,-,
NR1,KT2A,NR1KT2A,RADE KONCAR,338032,115/22,50,2004,18/04/2019,21/04/2019,10090,60484,15768,728,18,130,0,107,84,55,20,1142,65,9,-,
NR1,KT2A,NR1KT2A,RADE KONCAR,338032,115/22,50,2004,26/05/2019,03/08/2019,8420,54251,11142,758,13,152,0,93,57,84,11,1168,66,24,ตามผล1เดือนหลังเติมน้ำเข้าทางradiator.,
NR1,KT2A,NR1KT2A,RADE KONCAR,338032,115/22,50,2004,25/03/2020,25/05/2020,10980,62250,12002,820,37,203,0,62,101,0,37,1260,74,21,,
NR1,KT2A,NR1KT2A,RADE KONCAR,338032,115/22,50,2004,13/01/2021,29/01/2021,5284,59935,13028,632,33,180,0,48,81,15,26,1015,60,7,,
NR1,KT2A,NR1KT2A,RADE KONCAR,338032,115/22,50,2004,09/01/2022,11/02/2022,6141,64997,13564,818,14,70,0,109,93,117,17,1238,58,20,,
NR1,KT2A,NR1KT2A,RADE KONCAR,338032,115/22,50,2004,28/02/2023,12/03/2023,11611,56399,14904,877,13,138,0,90,73,74,18,1283,63,11,,
NR1,KT2A,NR1KT2A,RADE KONCAR,338032,115/22,50,2004,27/02/2024,07/04/2024,13715,50331,9897,633,12,120,0,78,71,94,18,1026,65,8,,
NR2,KT1A,NR2KT1A,RADE KONCAR,338027,115/22,50,2004,18/04/2019,21/04/2019,9618,57540,12087,787,13,16,0,0,5,0,0,821,61,13,-,
NR2,KT1A,NR2KT1A,RADE KONCAR,338027,115/22,50,2004,26/05/2019,03/08/2019,7687,57271,10324,825,8,18,0,0,6,0,1,858,62,16,ตามผล1เดือนหลังเติมน้ำมันเข้าทางradiator.,
NR2,KT1A,NR2KT1A,RADE KONCAR,338027,115/22,50,2004,26/03/2020,26/05/2017,11014,50163,10676,882,19,15,0,0,7,0,0,923,60,18,,
NR2,KT1A,NR2KT1A,RADE KONCAR,338027,115/22,50,2004,14/01/2021,05/02/2021,7974,54187,9404,685,19,11,0,0,4,0,2,721,54,11,,
NR2,KT1A,NR2KT1A,RADE KONCAR,338027,115/22,50,2004,09/01/2022,08/02/2022,8657,62227,9505,695,13,10,0,0,4,0,2,724,52,10,,
NR2,KT1A,NR2KT1A,RADE KONCAR,338027,115/22,50,2004,27/02/2023,11/03/2023,8125,65401,14841,903,7,10,0,0,4,0,2,926,68,7,,
NR2,KT1A,NR2KT1A,RADE KONCAR,338027,115/22,50,2004,26/02/2024,07/04/2024,7263,53826,9546,1035,10,15,0,6,0,0,0,1066,55,15,,
NR2,KT2A,NR2KT2A,RADE KONCAR,338026,115/22,50,2004,18/04/2019,21/04/2019,10269,51387,16553,549,14,23,0,5,8,0,0,599,66,12,-,
NR2,KT2A,NR2KT2A,RADE KONCAR,338026,115/22,50,2004,09/08/2019,15/09/2019,10397,52493,11998,551,11,23,0,5,6,10,4,610,58,18,-,
NR2,KT2A,NR2KT2A,RADE KONCAR,338026,115/22,50,2004,26/03/2020,25/05/2020,11710,68240,11655,672,33,27,0,0,10,0,7,749,72,28,,
NR2,KT2A,NR2KT2A,RADE KONCAR,338026,115/22,50,2004,14/01/2021,06/02/2021,8265,64231,16618,721,19,37,0,6,8,11,5,807,50,11,,
NR2,KT2A,NR2KT2A,RADE KONCAR,338026,115/22,50,2004,09/01/2022,12/02/2022,7810,59954,19113,773,17,54,0,6,6,9,4,869,58,9,,
NR2,KT2A,NR2KT2A,RADE KONCAR,338026,115/22,50,2004,27/02/2023,11/03/2023,5339,48684,23574,995,9,13,0,0,5,0,3,1025,63,9,,
NR2,KT2A,NR2KT2A,RADE KONCAR,338026,115/22,50,2004,26/02/2024,07/04/2024,6366,36022,11989,636,12,19,0,7,0,0,0,674,50,13,,
NR2,KT3A,NR2KT3A,DAIHEN,GBK604205,230/121/22,300,2019,27/03/2020,26/05/2020,8719,22926,431,84,16,0,0,0,0,0,0,100,49,15,ENERGIZED 03/02/06,
NR2,KT3A,NR2KT3A,DAIHEN,GBK604205,230/121/22,300,2019,25/07/2020,25/08/2020,6904,33814,398,81,29,11,0,0,3,0,2,126,46,,,
NR2,KT3A,NR2KT3A,DAIHEN,GBK604205,230/121/22,300,2019,14/01/2021,09/02/2021,4001,28574,589,112,30,4,0,0,1,0,1,148,43,8,,
NR2,KT3A,NR2KT3A,DAIHEN,GBK604205,230/121/22,300,2019,07/09/2021,06/11/2021,10951,24890,764,151,19,0,0,0,7,0,0,177,55,12,,
NR2,KT3A,NR2KT3A,DAIHEN,GBK604205,230/121/22,300,2019,09/01/2022,12/02/2022,7438,21721,1036,226,16,10,0,1,2,1,1,257,52,9,,
NR2,KT3A,NR2KT3A,DAIHEN,GBK604205,230/121/22,300,2019,31/07/2022,14/08/2022,4690,27280,1249,225,31,11,0,5,2,1,3,278,51,14,,
NR2,KT3A,NR2KT3A,DAIHEN,GBK604205,230/121/22,300,2019,27/02/2023,11/03/2023,13673,28481,1281,299,15,8,0,0,7,0,2,331,58,14,,
NR2,KT3A,NR2KT3A,DAIHEN,GBK604205,230/121/22,300,2019,26/03/2023,08/04/2023,12372,25185,1015,171,15,4,0,0,4,0,0,194,55,8,มีค่า%pf เพิ่มขึ้นหลังจากที่แก้ไขน้ำมันรั่วที่หัว bushing,
NR2,KT3A,NR2KT3A,DAIHEN,GBK604205,230/121/22,300,2019,22/08/2023,09/10/2023,15600,23220,935,187,10,26,0,2,3,2,2,232,53,11,,
NR2,KT3A,NR2KT3A,DAIHEN,GBK604205,230/121/22,300,2019,26/02/2024,07/04/2024,3166,28504,1675,359,18,7,0,2,0,0,0,386,52,8,,
NR2,KT4A,NR2KT4A,DAIHEN,GBK604203,230/121/22,180/240/300,2019,27/03/2020,25/05/2020,5600,22730,296,54,33,2,0,0,1,0,1,91,48,17,ENERGIZED 03/02/06,
NR2,KT4A,NR2KT4A,DAIHEN,GBK604203,230/121/22,180/240/300,2019,25/07/2020,25/08/2020,7304,37148,283,57,33,2,0,0,2,0,2,96,56,,,
NR2,KT4A,NR2KT4A,DAIHEN,GBK604203,230/121/22,180/240/300,2019,14/01/2021,05/02/2021,7925,36035,540,100,25,2,0,0,1,0,1,129,43,9,,
NR2,KT4A,NR2KT4A,DAIHEN,GBK604203,230/121/22,180/240/300,2019,07/09/2021,11/11/2021,8095,35592,876,33,33,3,0,0,1,1,1,72,56,9,,
NR2,KT4A,NR2KT4A,DAIHEN,GBK604203,230/121/22,180/240/300,2019,09/01/2022,12/02/2022,7234,29938,1005,125,19,3,0,0,1,0,2,150,52,10,,
NR2,KT4A,NR2KT4A,DAIHEN,GBK604203,230/121/22,180/240/300,2019,31/07/2022,14/08/2022,7860,32140,1025,138,19,3,0,3,4,2,3,172,52,13,,
NR2,KT4A,NR2KT4A,DAIHEN,GBK604203,230/121/22,180/240/300,2019,27/02/2023,12/03/2023,6901,27233,1032,236,19,11,0,0,5,2,4,277,62,12,,
NR2,KT4A,NR2KT4A,DAIHEN,GBK604203,230/121/22,180/240/300,2019,22/08/2023,09/10/2023,18320,23670,1205,241,16,22,0,2,4,2,3,290,55,13,,
NR2,KT4A,NR2KT4A,DAIHEN,GBK604203,230/121/22,180/240/300,2019,26/02/2024,08/04/2024,8021,27316,1588,265,24,10,0,2,7,1,2,311,53,10,,
NR2,KT5A,NR2KT5A,DAIHEN,GBK604204,230/121/22,180/240/300,2019,27/03/2020,26/05/2020,6767,21928,358,50,19,0,0,0,0,0,0,69,50,11,ENERGIZED 03/02/06,
NR2,KT5A,NR2KT5A,DAIHEN,GBK604204,230/121/22,180/240/300,2019,25/07/2020,25/08/2020,6532,34412,375,61,31,9,0,0,4,0,3,108,56,,,
NR2,KT5A,NR2KT5A,DAIHEN,GBK604204,230/121/22,180/240/300,2019,14/01/2021,09/02/2021,5886,33172,515,89,30,3,0,0,2,0,2,126,43,7,,
NR2,KT5A,NR2KT5A,DAIHEN,GBK604204,230/121/22,180/240/300,2019,07/09/2021,06/11/2021,11798,26934,752,132,16,0,0,0,7,0,0,155,56,13,,
NR2,KT5A,NR2KT5A,DAIHEN,GBK604204,230/121/22,180/240/300,2019,09/01/2022,12/02/2022,6354,28007,933,123,23,3,0,0,2,2,2,155,52,7,,
NR2,KT5A,NR2KT5A,DAIHEN,GBK604204,230/121/22,180/240/300,2019,31/07/2022,14/08/2022,5700,28930,1027,136,23,9,0,4,4,2,4,182,52,10,,
NR2,KT5A,NR2KT5A,DAIHEN,GBK604204,230/121/22,180/240/300,2019,27/02/2023,11/03/2023,5778,30051,4107,353,16,13,0,4,6,1,3,396,63,8,,
NR2,KT5A,NR2KT5A,DAIHEN,GBK604204,230/121/22,180/240/300,2019,22/08/2023,10/10/2023,14890,22600,4269,365,20,23,0,0,6,2,4,420,57,10,,
NR2,KT5A,NR2KT5A,DAIHEN,GBK604204,230/121/22,180/240/300,2019,26/02/2024,08/04/2024,10272,26288,1341,213,22,0,0,1,0,6,0,242,53,10,,
NS,KT1A,NSKT1A,MITSUBISHI,9274730101,230/121/11,200,2007,09/11/2019,09/12/2019,7615,58594,1749,83,36,27,0,0,69,0,51,266,49,12,-,
NS,KT1A,NSKT1A,MITSUBISHI,9274730101,230/121/11,200,2007,24/04/2020,28/05/2020,11413,63034,1897,88,5,11,0,0,36,0,27,167,55,19,,
NS,KT1A,NSKT1A,MITSUBISHI,9274730101,230/121/11,200,2007,26/10/2020,17/11/2020,3827,42572,1761,81,40,23,0,0,100,0,17,261,53,13,,
NS,KT1A,NSKT1A,MITSUBISHI,9274730101,230/121/11,200,2007,27/06/2021,08/10/2021,8300,47522,1743,100,29,20,0,51,187,0,33,420,53,12,,
NS,KT1A,NSKT1A,MITSUBISHI,9274730101,230/121/11,200,2007,13/12/2021,06/01/2022,7650,53260,2074,156,28,21,0,0,56,4,46,311,52,12,,
NS,KT1A,NSKT1A,MITSUBISHI,9274730101,230/121/11,200,2007,14/07/2022,22/07/2022,4254,51861,2383,130,38,16,0,0,84,0,7,275,54,9,,
NS,KT1A,NSKT1A,MITSUBISHI,9274730101,230/121/11,200,2007,04/02/2023,12/02/2023,5198,56559,2586,367,51,37,0,1,85,0,50,591,53,5,,
NS,KT1A,NSKT1A,MITSUBISHI,9274730101,230/121/11,200,2007,24/07/2023,06/08/2023,7630,40550,1096,37,20,29,0,10,77,4,63,240,52,10,,
NS,KT1A,NSKT1A,MITSUBISHI,9274730101,230/121/11,200,2007,27/05/2024,08/06/2024,7092,61511,3010,156,101,51,0,21,85,3,58,475,54,7,,
NS,KT2A,NSKT2A,MEIDEN,8R8411T2,115/22,50,2001,25/04/2020,28/05/2020,9404,63819,2614,281,4,88,0,4,305,0,202,884,60,14,,
NS,KT2A,NSKT2A,MEIDEN,8R8411T2,115/22,50,2001,13/12/2021,06/01/2022,4840,55450,2807,259,12,96,0,1,320,42,262,992,57,15,,
NS,KT2A,NSKT2A,MEIDEN,8R8411T2,115/22,50,2001,11/06/2022,26/06/2022,18488,78132,2771,241,2,52,0,3,208,7,208,721,58,19,,
NS,KT2A,NSKT2A,MEIDEN,8R8411T2,115/22,50,2001,24/07/2023,07/08/2023,16155,54878,2645,236,3,92,0,5,306,0,218,860,64,7,,
NS,KT2A,NSKT2A,MEIDEN,8R8411T2,115/22,50,2001,26/05/2024,08/06/2024,6788,49662,2138,179,5,128,0,7,465,10,271,1065,58,9,,
NS,KT3A,NSKT3A,MEIDEN,8R9911T5,115/22,50,2001,25/04/2020,28/05/2020,9593,67375,1813,161,12,61,0,5,248,0,168,655,60,11,,
NS,KT3A,NSKT3A,MEIDEN,8R9911T5,115/22,50,2001,13/12/2021,06/01/2022,5278,54158,1233,139,7,81,0,7,252,0,60,546,49,12,,
NS,KT3A,NSKT3A,MEIDEN,8R9911T5,115/22,50,2001,11/06/2022,26/06/2022,3981,63234,1680,158,2,64,0,11,248,58,229,770,55,10,,
NS,KT3A,NSKT3A,MEIDEN,8R9911T5,115/22,50,2001,24/07/2023,10/08/2023,26253,66447,1711,172,10,74,0,7,297,22,211,793,53,9,,
NS,KT3A,NSKT3A,MEIDEN,8R9911T5,115/22,50,2001,26/05/2024,08/06/2024,10085,71657,1319,162,1,122,0,19,447,11,258,1020,51,12,,
NS,KT4A,NSKT4A,MITSUBISHI,9274730102,230/121/11,200,2007,09/11/2019,09/12/2019,5058,43841,2107,94,38,28,0,0,65,0,48,273,47,8,-,
NS,KT4A,NSKT4A,MITSUBISHI,9274730102,230/121/11,200,2007,24/04/2020,28/05/2020,11572,65919,2232,97,7,14,0,0,44,0,34,196,54,18,,
NS,KT4A,NSKT4A,MITSUBISHI,9274730102,230/121/11,200,2007,26/10/2020,17/11/2020,4449,35989,1872,78,40,22,0,0,100,0,62,302,51,14,,
NS,KT4A,NSKT4A,MITSUBISHI,9274730102,230/121/11,200,2007,27/06/2021,08/10/2021,7211,40451,2001,60,30,19,0,0,180,0,33,322,53,9,,
NS,KT4A,NSKT4A,MITSUBISHI,9274730102,230/121/11,200,2007,13/12/2021,06/01/2022,5515,42238,1945,89,39,21,0,0,65,0,5,219,51,13,,
NS,KT4A,NSKT4A,MITSUBISHI,9274730102,230/121/11,200,2007,14/07/2022,22/07/2022,3721,41454,2631,100,42,16,0,0,98,0,23,279,53,9,,
NS,KT4A,NSKT4A,MITSUBISHI,9274730102,230/121/11,200,2007,04/02/2023,12/02/2023,3410,44550,2248,82,28,26,0,4,72,3,51,266,52,7,,
NS,KT4A,NSKT4A,MITSUBISHI,9274730102,230/121/11,200,2007,24/07/2023,07/08/2023,17537,57041,2182,81,22,23,0,2,77,5,51,261,50,8,,
NS,KT4A,NSKT4A,MITSUBISHI,9274730102,230/121/11,200,2007,26/05/2024,08/06/2024,8519,53386,3168,99,22,39,0,1,82,3,54,300,54,9,,
NS,KT5A,NSKT5A,VOLTA WERKE,60908-001,115/22,25,2004,21/08/2019,27/09/2019,11800,54630,1303,545,0,15,0,0,0,0,0,560,32,29,-,
NS,KT5A,NSKT5A,VOLTA WERKE,60908-001,115/22,25,2004,13/12/2021,06/01/2022,6920,49920,1865,469,3,6,0,2,4,18,7,509,,14,,
NS,KT5A,NSKT5A,VOLTA WERKE,60908-001,115/22,25,2004,11/06/2022,26/06/2022,8535,60562,1932,400,3,6,0,2,4,20,6,341,,8,,
NS,KT5A,NSKT5A,VOLTA WERKE,60908-001,115/22,25,2004,24/07/2023,07/08/2023,11112,58867,1960,372,1,1,0,4,1,3,2,384,0,10,,
NS,KT5A,NSKT5A,VOLTA WERKE,60908-001,115/22,25,2004,26/05/2024,08/06/2024,11443,69117,1628,563,2,16,0,13,5,5,10,614,30,18,,
NT,KT1A,NTKT1A,MEIDEN,8P9103T1,115/33/11,50,2004,19/09/2019,22/11/2019,8160,72400,0,0,14,89,0,0,284,0,166,553,50,18,-,
NT,KT1A,NTKT1A,MEIDEN,8P9103T1,115/33/11,50,2004,06/09/2020,13/11/2020,10548,63254,1814,109,4,59,0,2,212,0,110,496,55,64,,
NT,KT1A,NTKT1A,MEIDEN,8P9103T1,115/33/11,50,2004,11/09/2021,16/11/2021,11271,56984,1810,107,12,67,0,0,244,0,59,489,60,14,,
NT,KT1A,NTKT1A,MEIDEN,8P9103T1,115/33/11,50,2004,24/09/2022,08/10/2022,7340,68950,1637,252,7,73,0,1,252,0,170,755,58,9,,
NT,KT1A,NTKT1A,MEIDEN,8P9103T1,115/33/11,50,2004,23/09/2023,30/10/2023,7845,27453,1678,245,12,9,0,6,20,18,6,316,57,12,,
NT,KT2A,NTKT2A,MEIDEN,8P9103T2,115/33/11,50,2004,15/09/2019,22/11/2019,12110,53360,0,0,18,48,0,0,189,0,139,394,-,23,MTZ. เสีย ทำให้ CO2 และ CO ไม่Detect,
NT,KT2A,NTKT2A,MEIDEN,8P9103T2,115/33/11,50,2004,20/03/2020,23/03/2020,3125,40992,1357,85,45,117,0,0,287,0,171,705,57,10,หลังจากมี Fault ด้าน PEA,
NT,KT2A,NTKT2A,MEIDEN,8P9103T2,115/33/11,50,2004,06/09/2020,13/11/2020,10046,50531,2440,446,3,0,0,0,3,0,2,454,59,25,,
NT,KT2A,NTKT2A,MEIDEN,8P9103T2,115/33/11,50,2004,11/09/2021,16/11/2021,9943,50793,2182,100,12,66,0,0,241,0,57,476,66,12,,
NT,KT2A,NTKT2A,MEIDEN,8P9103T2,115/33/11,50,2004,24/09/2022,08/10/2022,4380,69580,2299,86,6,95,0,1,303,6,235,732,60,9,,
NT,KT2A,NTKT2A,MEIDEN,8P9103T2,115/33/11,50,2004,23/09/2023,30/10/2023,8152,64060,1927,126,14,100,0,1,273,0,145,659,63,11,,
NT,KT3A,NTKT3A,MITSUBISHI,9274720101,230/121/33,200,2010,29/03/2019,05/07/2019,13479,40738,815,66,12,18,0,1,49,0,28,174,47,20,-,
NT,KT3A,NTKT3A,MITSUBISHI,9274720101,230/121/33,200,2010,15/09/2019,22/11/2019,9620,55230,0,0,30,28,0,0,82,0,64,204,-,26,-,
NT,KT3A,NTKT3A,MITSUBISHI,9274720101,230/121/33,200,2010,05/04/2020,26/05/2020,10385,66691,946,71,45,42,0,0,99,0,78,335,,22,,
NT,KT3A,NTKT3A,MITSUBISHI,9274720101,230/121/33,200,2010,06/09/2020,13/11/2020,10011,52670,1489,87,17,16,0,1,69,0,44,234,50,21,,
NT,KT3A,NTKT3A,MITSUBISHI,9274720101,230/121/33,200,2010,09/03/2021,23/05/2021,10222,63482,2956,147,29,32,0,1,81,0,50,340,46,17,,
NT,KT3A,NTKT3A,MITSUBISHI,9274720101,230/121/33,200,2010,11/09/2021,16/11/2021,3610,40960,2376,78,22,31,0,0,82,0,65,278,46,17,,
NT,KT3A,NTKT3A,MITSUBISHI,9274720101,230/121/33,200,2010,11/03/2022,25/04/2022,4736,44708,1969,90,25,62,0,1,92,0,52,322,46,12,,
NT,KT3A,NTKT3A,MITSUBISHI,9274720101,230/121/33,200,2010,24/09/2022,09/10/2022,2301,54774,1662,77,24,39,0,0,89,0,53,282,48,8,,
NT,KT3A,NTKT3A,MITSUBISHI,9274720101,230/121/33,200,2010,20/03/2023,09/04/2023,6906,42676,1683,85,22,35,0,0,79,0,39,260,46,8,,
NT,KT3A,NTKT3A,MITSUBISHI,9274720101,230/121/33,200,2010,23/09/2023,31/10/2023,43781,80397,1708,126,42,114,0,112,15,14,9,432,50,10,,
NT,KT3A,NTKT3A,MITSUBISHI,9274720101,230/121/33,200,2010,09/03/2024,09/04/2024,17630,40170,2392,93,16,48,0,106,143,71,108,585,47,13,,
NT,KT4A,NTKT4A,MITSUBISHI,9374760101,230/121/33,200,2010,29/03/2019,30/06/2019,11335,49901,1254,82,17,16,0,0,46,0,25,186,49,30,-,
NT,KT4A,NTKT4A,MITSUBISHI,9374760101,230/121/33,200,2010,15/09/2019,22/11/2019,9440,55740,0,0,27,21,0,0,52,0,39,139,-,23,-,
NT,KT4A,NTKT4A,MITSUBISHI,9374760101,230/121/33,200,2010,05/04/2020,26/05/2020,16693,670900,1013,71,37,36,0,0,70,0,56,270,,19,,
NT,KT4A,NTKT4A,MITSUBISHI,9374760101,230/121/33,200,2010,06/09/2020,10/11/2020,4159,43262,1464,89,25,23,0,0,85,0,10,232,50,13,,
NT,KT4A,NTKT4A,MITSUBISHI,9374760101,230/121/33,200,2010,09/03/2021,23/05/2021,9066,65007,2078,156,27,27,0,1,52,0,33,296,50,19,,
NT,KT4A,NTKT4A,MITSUBISHI,9374760101,230/121/33,200,2010,11/09/2021,16/11/2021,5480,46960,2289,79,15,26,0,0,56,0,43,219,48,22,,
NT,KT4A,NTKT4A,MITSUBISHI,9374760101,230/121/33,200,2010,11/03/2022,25/04/2022,5037,60589,1294,58,37,21,0,11,49,5,36,217,48,11,,
NT,KT4A,NTKT4A,MITSUBISHI,9374760101,230/121/33,200,2010,24/09/2022,08/10/2022,5450,60990,1616,76,28,36,0,5,76,7,55,283,45,12,,
NT,KT4A,NTKT4A,MITSUBISHI,9374760101,230/121/33,200,2010,20/03/2023,09/04/2023,7599,46194,1674,90,21,26,0,0,62,0,26,225,50,8,,
NT,KT4A,NTKT4A,MITSUBISHI,9374760101,230/121/33,200,2010,23/09/2023,31/10/2023,7787,60683,1678,100,26,31,0,0,65,0,37,259,50,18,,
NT,KT4A,NTKT4A,MITSUBISHI,9374760101,230/121/33,200,2010,09/03/2024,09/04/2024,10674,44612,1499,76,16,21,0,0,39,0,21,173,50,11,,
NV,KT1A,NVKT1A,JEUMONT,96183,230/115,200,2012,25/05/2021,03/08/2021,11889,29335,720,177,9,116,0,95,51,23,3,474,48,25,,
NV,KT1A,NVKT1A,JEUMONT,96183,230/115,200,2012,03/04/2022,11/04/2022,2805,10299,228,48,1,0,0,1,2,2,1,55,34,8,ทดสอบก่อนเข้าระบบ,
NV,KT1A,NVKT1A,JEUMONT,96183,230/115,200,2012,09/04/2022,10/04/2022,12754,65661,501,67,5,0,0,0,0,0,0,72,,7,หลังจากย้ายมาRB3-KT2Bและปรับปรุงสภาพน้ำมัน,
NV,KT1A,NVKT1A,JEUMONT,96183,230/115,200,2012,18/08/2022,18/08/2022,1996,23321,1927,208,4,25,0,23,7,17,2,286,,11,TX.Trip (Oil Flow Trip),
NV,KT1A,NVKT1A,JEUMONT,96183,230/115,200,2012,29/09/2022,30/09/2022,11940,45430,2128,209,11,27,0,36,7,18,2,310,60,12,,
NV,KT1A,NVKT1A,JEUMONT,96183,230/115,200,2012,27/11/2022,02/12/2022,5668,19498,2371,294,17,28,0,21,8,8,3,379,55,6,,
NV,KT1A,NVKT1A,JEUMONT,96183,230/115,200,2012,21/05/2023,25/05/2023,4504,26405,2415,373,19,33,0,22,11,8,7,473,57,6,,
NV,KT1A,NVKT1A,JEUMONT,96183,230/115,200,2012,03/11/2023,15/12/2023,6333,59689,2464,323,7,18,0,25,19,19,4,415,54,10,,
NV,KT1A,NVKT1A,JEUMONT,96183,230/115,200,2012,04/06/2024,07/06/2024,4060,28965,3580,441,22,36,0,19,11,0,0,529,66,6,,
NW,KT1A,NWKT1A,FUJI,AG69095T311,115/33/11,25,1997,18/03/2019,26/08/2019,15504,45338,1709,161,13,43,0,11,166,0,85,479,-,24,-,
NW,KT1A,NWKT1A,FUJI,AG69095T311,115/33/11,25,1997,25/08/2019,18/10/2019,5051,56404,1652,169,26,54,0,18,206,15,113,601,47,23,-,
NW,KT1A,NWKT1A,FUJI,AG69095T311,115/33/11,25,1997,18/07/2020,24/08/2020,6577,47854,1089,58,28,64,0,8,201,13,117,489,50,18,,
NW,KT1A,NWKT1A,FUJI,AG69095T311,115/33/11,25,1997,10/07/2021,04/11/2021,13948,54891,1460,73,44,65,0,12,207,0,24,425,50,25,,
NW,KT1A,NWKT1A,FUJI,AG69095T311,115/33/11,25,1997,04/07/2022,24/07/2022,11100,59620,2556,443,9,2,0,2,1,15,3,475,51,19,ไม่ได้ออกผลขอเก็บตัวอย่างใหม่,
NW,KT1A,NWKT1A,FUJI,AG69095T311,115/33/11,25,1997,20/08/2022,02/09/2022,2081,53417,1165,99,11,44,0,90,273,18,110,645,,22,,
NW,KT1A,NWKT1A,FUJI,AG69095T311,115/33/11,25,1997,05/08/2023,04/12/2023,5691,60586,1139,93,19,59,0,14,245,0,106,536,32,12,,
NW,KT2A,NWKT2A,FUJI,AG69095T332,115/33/11,25,1997,18/03/2019,29/08/2019,7165,40048,981,73,8,29,0,7,101,0,61,279,49,24,-,
NW,KT2A,NWKT2A,FUJI,AG69095T332,115/33/11,25,1997,25/08/2019,18/10/2019,1218,65014,1182,40,21,44,0,15,134,21,87,362,46,23,-,
NW,KT2A,NWKT2A,FUJI,AG69095T332,115/33/11,25,1997,18/07/2020,24/08/2020,6637,49718,949,74,17,40,0,8,128,0,66,333,51,18,,
NW,KT2A,NWKT2A,FUJI,AG69095T332,115/33/11,25,1997,10/07/2021,04/11/2021,29791,75184,777,51,34,41,0,6,109,0,19,260,51,31,,
NW,KT2A,NWKT2A,FUJI,AG69095T332,115/33/11,25,1997,04/07/2022,25/07/2022,14195,55009,1199,65,45,39,0,14,240,0,58,461,51,21,,
NW,KT2A,NWKT2A,FUJI,AG69095T332,115/33/11,25,1997,05/08/2023,04/12/2023,6418,58246,1174,90,18,46,0,10,171,9,74,418,52,11,,
NW,KT3A,NWKT3A,DAIHEN,EDP012001,115/33,50,2012,25/08/2019,19/10/2019,7319,42409,1958,496,9,0,0,0,5,0,0,510,44,28,-,
NW,KT3A,NWKT3A,DAIHEN,EDP012001,115/33,50,2012,18/07/2020,24/08/2020,9795,48369,2033,453,35,0,0,0,1,0,3,492,48,14,,
NW,KT3A,NWKT3A,DAIHEN,EDP012001,115/33,50,2012,10/07/2021,05/11/2021,24685,55269,1876,526,12,0,0,0,0,0,0,538,48,37,,
NW,KT3A,NWKT3A,DAIHEN,EDP012001,115/33,50,2012,04/07/2022,25/07/2022,20593,62062,1915,538,27,17,0,9,124,0,38,753,48,25,,
NW,KT3A,NWKT3A,DAIHEN,EDP012001,115/33,50,2012,05/08/2023,04/12/2023,8660,66241,3861,886,38,6,0,9,4,5,8,956,47,15,,
NY,KT1A,NYKT1A,EKARAT,EDP011307,115/22,50,2012,19/12/2019,09/01/2020,16681,61669,2126,601,18,3,0,0,3,0,7,632,40,12,,
NY,KT1A,NYKT1A,EKARAT,EDP011307,115/22,50,2012,29/06/2020,15/08/2020,10500,112890,3985,818,38,0,0,0,1,31,1,889,52,14,,
NY,KT1A,NYKT1A,EKARAT,EDP011307,115/22,50,2012,15/01/2022,29/01/2022,9240,61510,3981,820,19,2,0,0,1,34,2,878,25,11,,
NY,KT1A,NYKT1A,EKARAT,EDP011307,115/22,50,2012,07/07/2022,30/07/2022,17042,60525,3992,1079,20,2,0,6,4,20,0,1131,52,15,,
NY,KT1A,NYKT1A,EKARAT,EDP011307,115/22,50,2012,17/03/2023,25/03/2023,24205,57549,3498,932,12,7,0,6,3,0,0,960,40,7,,
NY,KT2A,NYKT2A,MEIDEN,8N5449T3,115/22,50,2012,19/12/2019,09/01/2020,13735,45252,3053,1648,23,6,0,0,2,0,6,1685,26,11,,
NY,KT2A,NYKT2A,MEIDEN,8N5449T3,115/22,50,2012,29/06/2020,15/08/2020,24926,83441,1896,570,3,6,0,3,1,1,2,586,35,17,,
NY,KT2A,NYKT2A,MEIDEN,8N5449T3,115/22,50,2012,16/01/2022,29/01/2022,26370,79130,2334,292,1,2,0,0,1,161,3,460,53,12,,
NY,KT2A,NYKT2A,MEIDEN,8N5449T3,115/22,50,2012,07/07/2022,30/07/2022,23363,70547,2718,1085,8,1,0,6,9,0,0,1109,41,29,,
NY,KT2A,NYKT2A,MEIDEN,8N5449T3,115/22,50,2012,17/03/2023,24/03/2023,20095,63287,3379,1331,7,7,0,12,5,0,0,1362,60,7,,
ON,KT1A,ONKT1A,DAIHEN,GBK600004,230/115,300,2013,18/05/2019,24/05/2019,9583,46343,1240,540,13,2,0,0,0,0,0,555,50,22,-,
ON,KT1A,ONKT1A,DAIHEN,GBK600004,230/115,300,2013,10/11/2019,08/12/2019,9048,51184,1792,1029,25,4,0,0,0,0,0,1058,48,16,-,
ON,KT1A,ONKT1A,DAIHEN,GBK600004,230/115,300,2013,24/05/2020,01/06/2020,9320,48126,1664,738,22,5,0,0,4,0,3,772,49,13,,
ON,KT1A,ONKT1A,DAIHEN,GBK600004,230/115,300,2013,24/11/2020,20/12/2020,16934,41239,1829,811,36,3,0,0,2,0,2,854,52,15,,
ON,KT1A,ONKT1A,DAIHEN,GBK600004,230/115,300,2013,07/06/2021,14/08/2021,14158,55707,1886,781,17,0,0,0,5,0,0,803,50,22,,
ON,KT1A,ONKT1A,DAIHEN,GBK600004,230/115,300,2013,07/11/2021,19/11/2021,10777,49041,2214,974,18,0,0,0,4,0,0,996,42,14,,
ON,KT1A,ONKT1A,DAIHEN,GBK600004,230/115,300,2013,26/05/2022,02/06/2022,9215,46689,2469,1086,15,2,0,2,4,0,0,1109,52,14,,
ON,KT1A,ONKT1A,DAIHEN,GBK600004,230/115,300,2013,15/12/2022,06/01/2023,3290,53360,4424,1557,15,5,0,17,3,0,2,1599,40,8,,
ON,KT1A,ONKT1A,DAIHEN,GBK600004,230/115,300,2013,25/05/2023,26/05/2023,6281,61482,4103,1489,17,6,0,4,7,2,7,1532,48,8,,
ON,KT1A,ONKT1A,DAIHEN,GBK600004,230/115,300,2013,17/11/2023,16/12/2024,7779,56144,4064,1134,24,11,0,0,4,2,4,1179,58,29,,
ON,KT2A,ONKT2A,DAIHEN,GBK600005,230,300,2013,18/05/2019,24/05/2019,7109,39695,2616,607,14,0,0,0,12,0,0,633,52,20,-,
ON,KT2A,ONKT2A,DAIHEN,GBK600005,230,300,2013,10/11/2019,08/12/2019,8347,47981,1887,612,26,6,0,0,0,0,0,644,48,12,-,
ON,KT2A,ONKT2A,DAIHEN,GBK600005,230,300,2013,24/05/2020,01/06/2020,12031,45122,2079,490,25,8,0,0,5,3,3,534,50,15,,
ON,KT2A,ONKT2A,DAIHEN,GBK600005,230,300,2013,24/11/2020,20/12/2020,10325,47583,2737,645,33,6,0,0,4,0,3,691,52,16,,
ON,KT2A,ONKT2A,DAIHEN,GBK600005,230,300,2013,07/06/2021,09/08/2021,7815,41669,1948,494,20,0,0,0,5,0,0,519,51,14,,
ON,KT2A,ONKT2A,DAIHEN,GBK600005,230,300,2013,07/11/2021,19/11/2021,5578,39245,2101,493,19,0,0,0,7,0,0,519,34,14,,
ON,KT2A,ONKT2A,DAIHEN,GBK600005,230,300,2013,26/05/2022,02/06/2022,12756,45080,2345,496,13,3,0,1,5,0,0,518,53,9,,
ON,KT2A,ONKT2A,DAIHEN,GBK600005,230,300,2013,15/12/2022,06/01/2023,4970,47230,3978,684,14,7,0,0,4,2,2,713,42,10,,
ON,KT2A,ONKT2A,DAIHEN,GBK600005,230,300,2013,25/05/2023,26/05/2023,5975,55189,3457,673,21,11,0,3,6,2,6,722,50,7,,
ON,KT2A,ONKT2A,DAIHEN,GBK600005,230,300,2013,17/11/2023,16/12/2023,7767,50716,2666,557,28,13,0,0,5,3,7,613,50,11,,
PA1,KT1A,PA1KT1A,EKARAT,EDP011302,115/22,50,2013,20/01/2020,06/02/2020,3600,65490,2426,500,31,9,0,0,5,5,8,558,50,12,,
PA1,KT1A,PA1KT1A,EKARAT,EDP011302,115/22,50,2013,22/01/2021,21/03/2021,5570,12487,2500,525,33,0,0,0,3,0,0,561,54,9,,
PA1,KT1A,PA1KT1A,EKARAT,EDP011302,115/22,50,2013,09/07/2022,30/07/2022,10543,74826,2519,520,15,4,0,3,3,6,4,555,47,14,,
PA1,KT1A,PA1KT1A,EKARAT,EDP011302,115/22,50,2013,17/02/2023,26/02/2023,8612,54803,2623,529,9,5,0,10,12,0,0,565,50,5,,
PA1,KT1A,PA1KT1A,EKARAT,EDP011302,115/22,50,2013,18/02/2024,17/03/2024,21748,58018,2455,616,14,10,0,12,8,7,15,682,50,13,,
PA1,KT2A,PA1KT2A,EKARAT,EDP011308,115/22,50,2013,20/01/2020,06/02/2020,4310,68350,2162,1033,31,8,0,2,5,9,7,1095,42,15,,
PA1,KT2A,PA1KT2A,EKARAT,EDP011308,115/22,50,2013,22/01/2021,23/03/2021,8520,62665,2200,498,20,0,0,5,4,0,5,532,50,17,,
PA1,KT2A,PA1KT2A,EKARAT,EDP011308,115/22,50,2013,09/07/2022,30/07/2022,10062,71895,2276,577,17,4,0,4,3,5,4,614,42,16,,
PA1,KT2A,PA1KT2A,EKARAT,EDP011308,115/22,50,2013,17/02/2023,26/02/2023,18305,56964,1926,528,7,3,0,12,6,0,0,556,55,13,,
PA1,KT2A,PA1KT2A,EKARAT,EDP011308,115/22,50,2013,18/02/2024,16/03/2024,18650,48000,2100,588,7,11,0,15,5,37,9,672,48,13,,
PA2,KT1A,PA2KT1A,ABB,103728,230,200,2008,16/01/2020,06/02/2020,11400,57270,1676,649,13,3,0,0,2,0,0,667,54,9,,
PA2,KT1A,PA2KT1A,ABB,103728,230,200,2008,23/01/2021,23/03/2021,9980,55290,1700,650,20,0,0,0,0,0,0,670,55,15,,
PA2,KT1A,PA2KT1A,ABB,103728,230,200,2008,08/01/2022,14/01/2022,15470,5229,2225,397,9,2,0,0,1,0,0,409,50,12,,
PA2,KT1A,PA2KT1A,ABB,103728,230,200,2008,20/08/2022,02/09/2022,9600,48360,2489,426,15,3,0,0,1,0,1,446,52,11,,
PA2,KT1A,PA2KT1A,ABB,103728,230,200,2008,26/02/2023,04/03/2023,5930,41690,2594,513,17,4,0,0,1,1,0,536,62,7,,
PA2,KT1A,PA2KT1A,ABB,103728,230,200,2008,20/08/2023,28/08/2023,9846,46602,2741,634,20,7,0,13,7,2,1,684,64,5,,
PA2,KT1A,PA2KT1A,ABB,103728,230,200,2008,23/08/2023,24/08/2023,7752,43794,3681,1239,21,8,0,2,1,1,0,1272,51,4,,
PA2,KT1A,PA2KT1A,ABB,103728,230,200,2008,12/02/2024,25/02/2024,14193,50390,2251,693,26,4,0,0,1,1,2,727,62,8,,
PA2,KT2A,PA2KT2A,ABB,103729,230,200,2008,16/01/2020,06/02/2020,7090,44120,1914,710,41,3,0,0,1,0,0,755,50,8,,
PA2,KT2A,PA2KT2A,ABB,103729,230,200,2008,23/01/2021,21/03/2021,10670,62490,2000,700,37,3,0,0,1,0,0,741,55,16,,
PA2,KT2A,PA2KT2A,ABB,103729,230,200,2008,08/01/2022,14/01/2022,24110,90580,3067,329,7,5,0,0,1,0,0,342,48,9,,
PA2,KT2A,PA2KT2A,ABB,103729,230,200,2008,20/08/2022,02/09/2022,12010,53560,3469,448,12,3,0,0,1,0,0,464,60,17,,
PA2,KT2A,PA2KT2A,ABB,103729,230,200,2008,26/02/2023,04/03/2023,18,5410,3385,524,18,5,0,0,1,2,0,550,60,7,,
PA2,KT2A,PA2KT2A,ABB,103729,230,200,2008,20/08/2023,28/08/2023,10262,49022,2116,637,20,8,0,1,1,1,1,669,63,8,,
PA2,KT2A,PA2KT2A,ABB,103729,230,200,2008,12/02/2024,25/02/2024,12835,49936,3264,692,26,6,0,1,6,1,10,742,60,7,,
PA2,KT3A,PA2KT3A,MITSUBISHI,573081,115/22,25,1997,16/01/2020,06/02/2020,3490,65310,4608,224,49,75,0,0,223,55,192,818,54,17,,
PA2,KT3A,PA2KT3A,MITSUBISHI,573081,115/22,25,1997,23/01/2021,26/03/2021,3030,65300,4800,250,38,80,0,0,193,21,170,752,55,18,,
PA2,KT3A,PA2KT3A,MITSUBISHI,573081,115/22,25,1997,08/01/2022,14/01/2022,10060,80780,6039,138,10,70,0,0,215,17,0,450,80,25,,
PA2,KT3A,PA2KT3A,MITSUBISHI,573081,115/22,25,1997,20/08/2022,02/08/2022,4280,72640,5811,147,16,71,0,3,226,14,174,651,57,13,,
PA2,KT3A,PA2KT3A,MITSUBISHI,573081,115/22,25,1997,26/02/2023,04/03/2023,2670,76800,5403,125,11,97,0,3,285,10,16,547,58,14,,
PA2,KT3A,PA2KT3A,MITSUBISHI,573081,115/22,25,1997,12/02/2024,25/02/2024,8656,87939,4052,222,24,115,0,4,387,15,202,969,56,13,,
PA2,KT4A,PA2KT4A,ALSTHOM,H67440-05,115/22,25,1995,16/01/2020,07/02/2020,9520,93990,2968,277,39,92,0,0,214,27,151,800,56,11,,
PA2,KT4A,PA2KT4A,ALSTHOM,H67440-05,115/22,25,1995,23/01/2021,26/03/2021,3580,66260,3000,280,32,100,0,0,160,0,126,698,51,18,,
PA2,KT4A,PA2KT4A,ALSTHOM,H67440-05,115/22,25,1995,08/01/2022,14/01/2022,9580,85180,3665,161,5,73,0,0,194,8,0,441,55,8,,
PA2,KT4A,PA2KT4A,ALSTHOM,H67440-05,115/22,25,1995,20/08/2022,02/09/2022,3470,84920,3743,182,11,86,0,2,239,11,171,702,70,13,,
PA2,KT4A,PA2KT4A,ALSTHOM,H67440-05,115/22,25,1995,26/02/2023,04/03/2023,4320,78070,3624,162,8,101,0,2,284,13,217,787,0,13,,
PA2,KT4A,PA2KT4A,ALSTHOM,H67440-05,115/22,25,1995,12/02/2024,25/02/2024,15166,79809,3502,159,19,105,0,6,319,19,184,811,0,10,,
PB,KT1A,PBKT1A,ABB,50002,115/22,50,2006,23/03/2021,23/03/2021,10984,56737,2429,150,8,39,0,4,103,0,55,359,,17,Tx Trip Show Tr Diff LV. สาเหตุจากแมว,
PB,KT1A,PBKT1A,ABB,50002,115/22,50,2006,21/06/2021,03/09/2021,6932,46668,2169,125,16,45,0,0,118,0,42,346,50,25,,
PB,KT1A,PBKT1A,ABB,50002,115/22,50,2006,10/06/2022,07/07/2022,10452,45289,2271,151,15,36,0,4,126,0,38,370,58,18,,
PB,KT1A,PBKT1A,ABB,50002,115/22,50,2006,10/06/2023,01/07/2023,6694,49345,2464,164,16,74,0,1,157,0,108,520,52,14,,
PB,KT1A,PBKT1A,ABB,50002,115/22,50,2006,19/01/2024,19/02/2024,10044,52979,2337,184,24,75,0,2,159,8,83,535,46,9,,
PB,KT2A,PBKT2A,MEIDEN,8N5450T1,115/22,50,2006,21/06/2021,03/09/2021,10158,64575,4675,1229,8,0,0,8,10,0,0,1255,59,22,,
PB,KT2A,PBKT2A,MEIDEN,8N5450T1,115/22,50,2006,10/06/2022,07/07/2022,8879,69747,5225,1492,8,2,0,9,6,0,0,1517,60,13,,
PB,KT2A,PBKT2A,MEIDEN,8N5450T1,115/22,50,2006,10/06/2023,01/07/2023,12249,66627,4757,1323,3,7,0,2,4,0,0,1339,52,18,,
PB,KT2A,PBKT2A,MEIDEN,8N5450T1,115/22,50,2006,19/01/2024,23/02/2024,19669,85142,4045,1086,3,11,0,15,5,3,3,1126,50,10,,
PC,KT1A,PCKT1A,ALSTHOM,H67440-06,115/22,25,1995,19/01/2020,26/01/2020,7921,49022,2478,250,54,111,0,0,216,0,167,798,52,5,,
PC,KT1A,PCKT1A,ALSTHOM,H67440-06,115/22,25,1995,17/02/2020,09/05/2020,5414,48301,2120,276,11,98,0,7,236,0,154,782,55,36,research,
PC,KT1A,PCKT1A,ALSTHOM,H67440-06,115/22,25,1995,09/01/2022,16/01/2022,3713,20422,1152,16,28,2,0,1,15,0,14,76,56,7,,
PC,KT1A,PCKT1A,ALSTHOM,H67440-06,115/22,25,1995,09/01/2023,15/01/2023,7944,33758,1578,117,25,14,0,1,18,0,11,186,50,9,,
PC,KT1A,PCKT1A,ALSTHOM,H67440-06,115/22,25,1995,11/03/2023,17/03/2023,4910,19552,1553,105,14,16,0,0,16,0,6,157,55,8,,
PC,KT1A,PCKT1A,ALSTHOM,H67440-06,115/22,25,1995,04/02/2024,24/02/2024,12148,32816,2167,141,18,15,0,1,20,2,12,209,57,10,,
PC,KT2A,PCKT2A,MITSUBISHI,573088,115/22,25,1998,19/01/2020,27/01/2020,4131,62884,5222,124,25,142,0,0,262,0,247,800,55,17,,
PC,KT2A,PCKT2A,MITSUBISHI,573088,115/22,25,1998,05/06/2021,16/08/2021,9104,56495,4244,112,21,117,0,16,468,0,189,923,62,27,,
PC,KT2A,PCKT2A,MITSUBISHI,573088,115/22,25,1998,09/01/2022,16/01/2022,3441,67091,6854,34,49,44,0,8,641,0,309,1085,60,15,,
PC,KT2A,PCKT2A,MITSUBISHI,573088,115/22,25,1998,11/03/2023,17/03/2023,9916,59451,5160,132,183,148,0,1,560,0,257,1281,57,17,,
PC,KT2A,PCKT2A,MITSUBISHI,573088,115/22,25,1998,04/02/2024,24/02/2024,4460,48960,4539,128,30,228,0,10,789,68,482,1735,51,15,,
PC,KT3A,PCKT3A,ALSTHOM,H67440-02,115/22,25,1995,05/06/2021,16/08/2021,5998,30804,1596,161,13,12,0,13,26,0,0,225,55,30,,
PC,KT3A,PCKT3A,ALSTHOM,H67440-02,115/22,25,1995,09/01/2022,16/01/2022,3746,30813,2288,36,34,5,0,4,22,3,18,122,40,11,,
PC,KT3A,PCKT3A,ALSTHOM,H67440-02,115/22,25,1995,09/01/2023,09/01/2023,14344,46321,2226,164,20,16,0,4,19,4,11,238,50,15,,
PC,KT3A,PCKT3A,ALSTHOM,H67440-02,115/22,25,1995,11/03/2023,17/03/2023,4877,32432,2566,204,13,19,0,3,23,0,5,267,50,14,,
PC,KT3A,PCKT3A,ALSTHOM,H67440-02,115/22,25,1995,04/02/2024,24/02/2024,13170,34550,2435,157,8,22,0,4,23,13,16,243,53,16,,
PCH,KT1A,PCHKT1A,ABB,52015,115/22,50,2007,28/03/2019,21/04/2019,7413,36144,2881,204,12,14,0,0,5,0,0,235,58,18,-,
PCH,KT1A,PCHKT1A,ABB,52015,115/22,50,2007,28/03/2020,26/05/2020,8339,36239,2611,210,17,12,0,0,5,0,0,244,50,10,,
PCH,KT1A,PCHKT1A,ABB,52015,115/22,50,2007,16/01/2021,05/02/2021,5956,50974,3146,137,25,27,0,0,4,0,2,195,48,8,,
PCH,KT1A,PCHKT1A,ABB,52015,115/22,50,2007,04/03/2022,27/03/2022,6190,47880,2765,149,12,18,0,0,5,2,3,189,40,9,,
PCH,KT1A,PCHKT1A,ABB,52015,115/22,50,2007,02/03/2023,17/03/2023,13915,40250,3571,214,6,17,0,0,7,0,0,244,46,16,,
PCH,KT1A,PCHKT1A,ABB,52015,115/22,50,2007,02/03/2024,07/04/2024,9535,39592,2789,262,4,24,0,2,6,3,2,303,52,7,,
PCH,KT2A,PCHKT2A,ABB,52016,115/22,50,2007,28/03/2019,18/04/2019,7390,37151,3303,242,14,20,0,0,10,0,0,286,63,22,-,
PCH,KT2A,PCHKT2A,ABB,52016,115/22,50,2007,16/01/2021,12/02/2021,4932,51074,3827,174,29,43,0,0,7,0,4,257,53,11,,
PCH,KT2A,PCHKT2A,ABB,52016,115/22,50,2007,04/03/2022,27/03/2022,5850,46820,2932,147,13,21,0,0,6,77,4,268,38,7,,
PCH,KT2A,PCHKT2A,ABB,52016,115/22,50,2007,02/03/2023,17/03/2023,11002,39700,3456,249,8,27,0,0,9,0,0,293,49,11,,
PCH,KT2A,PCHKT2A,ABB,52016,115/22,50,2007,02/03/2024,07/04/2024,11425,40502,3227,271,3,30,0,2,8,3,4,321,52,10,,
PDG,KT1AA,PDGKT1AA,TOSHIBA,01900067,525/230/22,333.3,2015,16/03/2019,01/04/2019,8441,35721,2301,112,14,2,0,0,0,0,0,128,54,14,-,
PDG,KT1AA,PDGKT1AA,TOSHIBA,01900067,525/230/22,333.3,2015,16/03/2019,01/04/2019,8441,35721,2301,112,14,2,0,0,0,0,0,128,54,14,-,
PDG,KT1AA,PDGKT1AA,TOSHIBA,01900067,525/230/22,333.3,2015,20/09/2019,26/10/2019,4765,19214,2682,113,5,2,0,0,0,0,0,120,55,24,-,
PDG,KT1AA,PDGKT1AA,TOSHIBA,01900067,525/230/22,333.3,2015,21/03/2020,10/04/2020,7610,32950,730,162,56,3,0,0,1,0,1,223,54,18,,
PDG,KT1AA,PDGKT1AA,TOSHIBA,01900067,525/230/22,333.3,2015,05/09/2020,19/09/2020,6724,28190,1467,242,14,0,0,0,0,0,0,256,54,19,,
PDG,KT1AA,PDGKT1AA,TOSHIBA,01900067,525/230/22,333.3,2015,15/03/2021,02/05/2021,3990,26800,634,113,43,0,0,0,4,3,3,166,54,19,,
PDG,KT1AA,PDGKT1AA,TOSHIBA,01900067,525/230/22,333.3,2015,09/07/2021,09/07/2021,8543,31389,1412,298,8,4,0,0,1,1,1,313,,3,เนื่องจาก BUSHING KT1AB ระเบิด,
PDG,KT1AA,PDGKT1AA,TOSHIBA,01900067,525/230/22,333.3,2015,27/07/2021,08/10/2021,34260,68108,391,12,5,0,0,0,0,0,0,5,,12,หลังทดสอบทางไฟฟ้า,
PDG,KT1AA,PDGKT1AA,TOSHIBA,01900067,525/230/22,333.3,2015,14/09/2021,13/11/2021,4542,13779,599,31,1,0,0,0,0,1,0,33,50,11,,
PDG,KT1AA,PDGKT1AA,TOSHIBA,01900067,525/230/22,333.3,2015,18/03/2022,31/03/2022,4952,14818,661,38,6,1,0,0,0,0,0,45,53,7,,
PDG,KT1AA,PDGKT1AA,TOSHIBA,01900067,525/230/22,333.3,2015,18/09/2022,23/09/2022,6000,22130,624,33,4,1,0,0,0,0,0,38,54,12,,
PDG,KT1AA,PDGKT1AA,TOSHIBA,01900067,525/230/22,333.3,2015,26/06/2023,16/07/2023,6601,19061,652,47,6,10,0,1,1,1,1,67,54,12,,
PDG,KT1AA,PDGKT1AA,TOSHIBA,01900067,525/230/22,333.3,2015,23/11/2023,26/01/2024,12771,46285,1819,151,26,0,0,0,1,1,2,181,48,28,,
PDG,KT1AA,PDGKT1AA,TOSHIBA,01900067,525/230/22,333.3,2015,21/04/2024,24/04/2024,5707,17088,1935,158,11,0,0,0,0,0,0,169,50,14,,
PDG,KT1AB,PDGKT1AB,TOSHIBA,01900068,525/230/22,333.3,2015,16/03/2019,01/04/2019,7773,35473,1448,106,17,3,0,0,0,0,0,126,54,11,-,
PDG,KT1AB,PDGKT1AB,TOSHIBA,01900068,525/230/22,333.3,2015,20/09/2019,26/10/2019,5545,20297,1812,137,5,2,0,0,1,0,0,145,55,25,-,
PDG,KT1AB,PDGKT1AB,TOSHIBA,01900068,525/230/22,333.3,2015,21/03/2020,10/04/2020,9420,40700,1858,162,48,23,0,0,5,4,4,246,72,10,,
PDG,KT1AB,PDGKT1AB,TOSHIBA,01900068,525/230/22,333.3,2015,05/09/2020,19/09/2020,5447,21850,1421,243,14,0,0,0,0,0,0,257,54,19,,
PDG,KT1AB,PDGKT1AB,TOSHIBA,01900068,525/230/22,333.3,2015,15/03/2021,02/05/2021,4510,29280,846,141,34,0,0,0,2,2,2,181,52,18,,
PDG,KT1AB,PDGKT1AB,TOSHIBA,01900068,525/230/22,333.3,2015,17/09/2021,21/09/2021,21913,68838,1038,36,46,263,0,467,54,148,0,1014,,52,"Note
หลังจากพังและได้ทำ Purifyของ PDG#KT1AB """"TOSHIBA"""" เพื่อจะนำน้ำมันไปใช้งาน",
PDG,KT1AB,PDGKT1AB,TOSHIBA,01900068,525/230/22,333.3,2015,29/11/2023,02/12/2023,6458,13935,71,3,0,0,0,0,0,0,0,3,30,5,,
PDG,KT1AB,PDGKT1AB,TOSHIBA,01900068,525/230/22,333.3,2015,22/02/2024,02/03/2024,13410,26501,313,15,14,0,0,0,1,1,1,32,55,,,
PDG,KT1AB,PDGKT1AB,TOSHIBA,01900068,525/230/22,333.3,2015,21/04/2024,24/04/2024,7682,21433,363,30,1,2,0,0,1,0,0,34,50,10,,
PDG,KT1AC,PDGKT1AC,TOSHIBA,01900069,525/230/22,333.3,2015,16/03/2019,01/04/2019,8419,35659,1414,113,8,8,0,0,0,0,0,129,54,14,-,
PDG,KT1AC,PDGKT1AC,TOSHIBA,01900069,525/230/22,333.3,2015,20/09/2019,26/10/2019,3479,19335,1681,151,3,5,0,0,2,0,0,161,56,16,-,
PDG,KT1AC,PDGKT1AC,TOSHIBA,01900069,525/230/22,333.3,2015,21/03/2020,10/04/2020,10170,35400,1612,174,47,5,0,0,2,0,2,230,54,18,,
PDG,KT1AC,PDGKT1AC,TOSHIBA,01900069,525/230/22,333.3,2015,05/09/2020,19/09/2020,10314,33575,1171,230,10,0,0,0,8,0,0,248,54,22,,
PDG,KT1AC,PDGKT1AC,TOSHIBA,01900069,525/230/22,333.3,2015,15/03/2021,02/05/2021,5080,40570,582,128,46,0,0,0,2,17,4,197,53,25,,
PDG,KT1AC,PDGKT1AC,TOSHIBA,01900069,525/230/22,333.3,2015,09/07/2021,09/07/2021,7630,28595,1247,320,10,7,0,2,2,2,1,344,,5,เนื่องจาก BUSHING KT1AB ระเบิด,
PDG,KT1AC,PDGKT1AC,TOSHIBA,01900069,525/230/22,333.3,2015,27/07/2021,08/10/2021,31404,67620,344,11,6,0,0,0,0,0,0,6,,18,หลังทดสอบทางไฟฟ้า,
PDG,KT1AC,PDGKT1AC,TOSHIBA,01900069,525/230/22,333.3,2015,14/09/2021,13/11/2021,5931,15193,553,27,2,0,0,0,1,1,1,32,50,12,,
PDG,KT1AC,PDGKT1AC,TOSHIBA,01900069,525/230/22,333.3,2015,18/03/2022,01/04/2022,21101,63435,619,47,1,2,0,0,1,0,0,51,63,8,,
PDG,KT1AC,PDGKT1AC,TOSHIBA,01900069,525/230/22,333.3,2015,18/09/2022,23/09/2022,25420,64460,665,41,7,1,0,2,0,2,0,53,54,10,,
PDG,KT1AC,PDGKT1AC,TOSHIBA,01900069,525/230/22,333.3,2015,26/06/2023,17/07/2023,11918,43829,843,80,9,0,0,0,0,0,0,89,54,20,,
PDG,KT1AC,PDGKT1AC,TOSHIBA,01900069,525/230/22,333.3,2015,23/11/2023,26/01/2024,12629,48537,3064,178,19,2,0,0,0,1,0,200,47,31,,
PDG,KT1AC,PDGKT1AC,TOSHIBA,01900069,525/230/22,333.3,2015,21/04/2024,24/04/2024,6656,19540,684,131,1,3,0,1,2,3,2,143,56,6,,
PDG,KT2AA,PDGKT2AA,ALSTOM,8444652,500/230/22,333.3,2014,21/04/2024,24/04/2024,4677,15185,1475,426,10,6,0,0,3,0,0,445,50,4,,
PDG,KT2AB,PDGKT2AB,ALSTOM,8444653,500/230/22,333.3,2014,21/04/2024,24/04/2024,4380,14303,1428,335,11,5,0,0,3,0,0,354,54,5,,
PDG,KT2AC,PDGKT2AC,ALSTOM,8444654,500/230/22,333.3,2014,21/04/2024,24/04/2024,4660,16333,1248,336,12,5,0,0,0,0,0,353,54,4,,
PDG,KT3A,PDGKT3A,MITSUBISHI,9374750103,230/115/22,200,2007,22/11/2019,21/12/2019,8356,54642,5932,179,23,46,0,0,118,0,86,452,63,12,-,
PDG,KT3A,PDGKT3A,MITSUBISHI,9374750103,230/115/22,200,2007,20/07/2020,02/08/2020,8233,63141,6295,171,14,41,0,0,119,0,60,405,68,18,,
PDG,KT3A,PDGKT3A,MITSUBISHI,9374750103,230/115/22,200,2007,11/06/2021,14/08/2021,11438,63432,2564,66,7,15,0,0,255,0,74,417,,17,,
PDG,KT3A,PDGKT3A,MITSUBISHI,9374750103,230/115/22,200,2007,21/08/2021,23/08/2021,6158,19928,232,8,0,0,0,0,0,0,0,8,30,9,ก่อนการทดสอบทางไฟฟ้า,
PDG,KT3A,PDGKT3A,MITSUBISHI,9374750103,230/115/22,200,2007,20/11/2021,20/11/2021,2750,17241,201,4,21,1,0,0,3,1,1,31,,10,,
PDG,KT3A,PDGKT3A,MITSUBISHI,9374750103,230/115/22,200,2007,18/09/2022,23/09/2022,6290,25100,845,47,12,9,0,0,7,1,3,79,55,12,,
PDG,KT3A,PDGKT3A,MITSUBISHI,9374750103,230/115/22,200,2007,03/12/2022,04/12/2022,7846,27395,1082,81,4,26,0,1,11,0,5,128,56.5,16,หม้อแปลง TRIP โดยไม่ทราบสาเหตุ,
PDG,KT3A,PDGKT3A,MITSUBISHI,9374750103,230/115/22,200,2007,05/03/2023,06/03/2023,10382,28609,3085,151,5,10,0,0,15,0,9,190,0,10,After oil Flow Trip,
PDG,KT3A,PDGKT3A,MITSUBISHI,9374750103,230/115/22,200,2007,26/06/2023,16/07/2023,9830,33939,2563,114,7,24,0,2,24,1,14,186,56,11,,
PDG,KT3A,PDGKT3A,MITSUBISHI,9374750103,230/115/22,200,2007,23/11/2023,25/01/2024,7946,27591,3389,148,25,11,0,1,24,0,12,221,60,13,,
PDG,KT3A,PDGKT3A,MITSUBISHI,9374750103,230/115/22,200,2007,21/04/2024,24/04/2024,2157,14573,4123,161,16,17,0,0,34,0,15,243,60,8,,
PE,KT1A,PEKT1A,ABB,57023,115/22,50,2011,08/11/2019,13/12/2019,22805,61217,1108,279,7,1,0,0,0,0,0,287,49,8,-,
PE,KT1A,PEKT1A,ABB,57023,115/22,50,2011,23/01/2021,13/02/2021,12331,57931,821,135,16,0,0,0,0,0,0,151,47,20,,
PE,KT1A,PEKT1A,ABB,57023,115/22,50,2011,26/01/2021,29/03/2021,14697,61673,843,139,25,0,0,0,1,0,1,166,36,16,,
PE,KT1A,PEKT1A,ABB,57023,115/22,50,2011,17/10/2021,17/11/2021,13997,44782,2142,435,3,2,0,0,1,0,1,442,42,14,,
PE,KT1A,PEKT1A,ABB,57023,115/22,50,2011,18/11/2022,11/12/2022,25906,67279,1929,360,1,4,0,2,1,1,0,369,43,18,สี0.5,
PE,KT1A,PEKT1A,ABB,57023,115/22,50,2011,09/03/2023,17/03/2023,27529,51606,1882,516,7,1,0,1,12,0,10,547,50,5,,
PE,KT1A,PEKT1A,ABB,57023,115/22,50,2011,02/02/2024,24/02/2024,32890,43170,1666,527,2,6,0,3,1,33,0,572,40,10,,
PE,KT2A,PEKT2A,DAIHEN,5BA159009,115/22,25,1990,08/11/2019,09/12/2019,6125,18154,4049,173,36,16,0,0,18,0,8,251,59,14,-,
PE,KT2A,PEKT2A,DAIHEN,5BA159009,115/22,25,1990,01/03/2020,10/05/2020,6579,32917,2801,141,28,13,0,0,3,0,8,193,58,25,research,
PE,KT2A,PEKT2A,DAIHEN,5BA159009,115/22,25,1990,23/01/2021,13/02/2021,9361,51952,3239,154,34,7,0,0,2,0,1,198,58,15,,
PE,KT2A,PEKT2A,DAIHEN,5BA159009,115/22,25,1990,17/10/2021,17/11/2021,6835,16688,1673,133,8,5,0,0,4,0,3,153,54,14,,
PE,KT2A,PEKT2A,DAIHEN,5BA159009,115/22,25,1990,04/12/2021,11/12/2021,3689,15501,2085,156,40,8,0,0,6,0,4,214,53,14,,
PE,KT2A,PEKT2A,DAIHEN,5BA159009,115/22,25,1990,15/12/2021,20/12/2021,3284,14446,2099,42,13,6,0,0,5,0,3,69,60,11,repeat,
PE,KT2A,PEKT2A,DAIHEN,5BA159009,115/22,25,1990,28/10/2022,02/12/2022,20554,54471,1824,143,10,3,0,1,7,2,3,169,40,19,,
PE,KT2A,PEKT2A,DAIHEN,5BA159009,115/22,25,1990,09/03/2023,17/03/2023,8039,13837,1854,151,16,6,0,1,12,0,7,193,71,12,,
PE,KT2A,PEKT2A,DAIHEN,5BA159009,115/22,25,1990,02/02/2024,24/02/2024,16290,19380,1570,57,10,8,0,1,12,0,7,95,54,13,,
PHG,KT1A,PHGKT1A,JEUMONT,92199,230/115/22,200,1995,11/03/2019,18/03/2019,7218,33950,2125,121,55,91,0,107,44,50,9,477,55,12,-,
PHG,KT1A,PHGKT1A,JEUMONT,92199,230/115/22,200,1995,02/02/2021,05/02/2021,21316,48941,263,0,0,0,0,0,0,0,0,0,,5,น้ำมันหลังจาก LV TEST โรงซ่อมบางพลี,
PHG,KT1A,PHGKT1A,JEUMONT,92199,230/115/22,200,1995,12/02/2021,13/02/2021,14041,50795,127,3,9,0,0,0,0,0,0,12,,11,หลังซ่อม ก่อนทดสอบ HV Test,
PHG,KT1A,PHGKT1A,JEUMONT,92199,230/115/22,200,1995,15/02/2021,15/02/2021,17123,43159,168,0,2,0,0,0,1,0,0,3,30,8,หลังทดสอบ HV TEST แล้วมีปัญหา,
PHG,KT1A,PHGKT1A,JEUMONT,92199,230/115/22,200,1995,06/03/2021,07/03/2021,15891,36895,195,4,6,0,0,0,0,0,0,10,,6,หลัง HV Test  เก็บตัวอย่างที่โรงซ่อม  Vacc. 2 คืน,
PHG,KT1A,PHGKT1A,JEUMONT,92199,230/115/22,200,1995,07/01/2022,10/01/2022,8961,35507,113,6.7,0.9,0.9,0,0,0.3,0.2,0.3,9.3,,13,ก่อนนำเข้าใช้งานในระบบ ย้ายมาจากSR2#KT3A,
PHG,KT1A,PHGKT1A,JEUMONT,92199,230/115/22,200,1995,28/04/2024,04/05/2024,36760,54810,4498,604,17,37,0,65,10,52,5,790,50,16,,
PHK,KT1A,PHKKT1A,FUJI,AG69095T436,115/22,25,1998,25/02/2020,29/03/2020,6783,44042,424,84,26,42,0,2,55,0,37,246,52,17,,
PHK,KT1A,PHKKT1A,FUJI,AG69095T436,115/22,25,1998,31/03/2020,18/05/2020,11278,69042,716,112,85,41,0,2,59,0,41,340,52,62,,
PHK,KT1A,PHKKT1A,FUJI,AG69095T436,115/22,25,1998,23/02/2021,21/05/2021,10349,61385,253,86,18,38,0,6,65,7,30,250,54,24,,
PHK,KT1A,PHKKT1A,FUJI,AG69095T436,115/22,25,1998,01/02/2022,19/02/2022,6304,51837,663,75,16,32,0,2,63,0,41,229,44,19,,
PHK,KT1A,PHKKT1A,FUJI,AG69095T436,115/22,25,1998,30/01/2023,12/02/2023,6590,50030,590,89,12,47,0,3,93,14,57,315,48,8,,
PHK,KT1A,PHKKT1A,FUJI,AG69095T436,115/22,25,1998,29/01/2024,09/03/2024,13040,43567,670,97,13,30,0,6,32,11,21,210,53,14,,
PHK,KT2A,PHKKT2A,FUJI,AG69095T432,115/22,25,1998,25/02/2020,29/03/2020,4615,20748,345,31,73,16,0,0,20,0,11,151,51,10,,
PHK,KT2A,PHKKT2A,FUJI,AG69095T432,115/22,25,1998,23/02/2021,21/05/2021,11458,42225,228,34,40,16,0,3,28,2,12,135,54,23,,
PHK,KT2A,PHKKT2A,FUJI,AG69095T432,115/22,25,1998,20/03/2022,10/04/2022,5645,23184,760,50,34,18,0,4,44,0,4,154,54,20,,
PHK,KT2A,PHKKT2A,FUJI,AG69095T432,115/22,25,1998,30/01/2023,12/02/2023,6860,25360,537,38,29,21,0,2,45,0,22,157,47,10,,
PHK,KT2A,PHKKT2A,FUJI,AG69095T432,115/22,25,1998,22/04/2024,30/04/2024,15546,48911,253,30,12,27,0,6,76,3,23,177,40,11,สุ่มทดสอบซ้ำอีกครั้ง,
PHK,KT3A,PHKKT3A,EKARAT DAIHEN,EDP011204,115/22/11,50,2011,09/06/2020,21/06/2020,8489,42236,2437,1035,40,7,0,6,0,6,3,1097,50,58,,
PHK,KT3A,PHKKT3A,EKARAT DAIHEN,EDP011204,115/22/11,50,2011,23/02/2021,20/05/2021,26859,58907,1390,503,19,0,0,5,0,0,0,527,51,28,,
PHK,KT3A,PHKKT3A,EKARAT DAIHEN,EDP011204,115/22/11,50,2011,01/02/2022,18/02/2022,11130,57056,1486,676,51,3,0,2,1,0,3,736,41,10,,
PHK,KT3A,PHKKT3A,EKARAT DAIHEN,EDP011204,115/22/11,50,2011,30/01/2023,18/02/2023,13442,68212,2573,1151,19,8,0,10,2,7,4,1201,45,10,,
PHK,KT3A,PHKKT3A,EKARAT DAIHEN,EDP011204,115/22/11,50,2011,29/01/2024,08/03/2024,9081,47819,2597,965,32,5,0,11,2,5,6,1026,50,12,,
PHT,KT1A,PHTKT1A,DAIHEN,7128901601,230,300,2024,08/03/2024,09/04/2024,106000,73525,210,24,4,1,0,0,1,0,0,30,27,11,,
PHT,KT2A,PHTKT2A,DAIHEN,,230,300,2024,22/02/2024,02/03/2024,3581,8508,43,5,4,0,0,0,0,0,0,9,30,5,,
PHT,KT3A,PHTKT3A,DAIHEN,,230,300,2024,22/02/2024,02/03/2024,4437,11290,68,8,2,0,0,0,0,0,0,10,30,6,,
PK1,KT1A,PK1KT1A,ABB,5004,115/33/11,50,2007,09/09/2019,23/11/2019,6647,55260,2289,94,18,111,0,4,250,0,172,649,49,26,-,
PK1,KT1A,PK1KT1A,ABB,5004,115/33/11,50,2007,12/09/2020,16/11/2020,4299,37958,2494,96,10,105,0,0,263,180,0,654,59,16,,
PK1,KT1A,PK1KT1A,ABB,5004,115/33/11,50,2007,17/09/2021,17/11/2021,6057,39370,2552,101,11,108,0,0,282,0,69,571,49,18,,
PK1,KT1A,PK1KT1A,ABB,5004,115/33/11,50,2007,19/09/2022,08/10/2022,3225,36016,3325,84,16,135,0,3,293,11,150,692,48,9,,
PK1,KT1A,PK1KT1A,ABB,5004,115/33/11,50,2007,16/09/2023,29/10/2023,2741,53953,4253,139,32,161,0,8,373,16,229,958,50,9,,
PK1,KT2A,PK1KT2A,HYUNDAI,T933002,115/33/11,50,2007,09/09/2019,23/11/2019,9850,49420,0,0,15,33,0,0,70,0,59,177,54,29,-,
PK1,KT2A,PK1KT2A,HYUNDAI,T933002,115/33/11,50,2007,12/09/2020,15/11/2020,8385,44938,1769,15,13,43,0,0,116,31,0,218,54,11,,
PK1,KT2A,PK1KT2A,HYUNDAI,T933002,115/33/11,50,2007,17/09/2021,17/11/2021,11669,42565,1516,14,9,34,0,0,83,0,16,156,48,14,,
PK1,KT2A,PK1KT2A,HYUNDAI,T933002,115/33/11,50,2007,19/09/2022,08/10/2022,5023,40856,1983,15,14,40,0,3,96,13,48,229,51,9,,
PK1,KT2A,PK1KT2A,HYUNDAI,T933002,115/33/11,50,2007,16/09/2023,29/10/2023,8532,55216,2298,22,4,60,0,3,96,0,79,264,49,5,,
PK2,KT1A,PK2KT1A,FUJI,AG69095T331,115/33/11,25,1998,01/04/2019,30/06/2019,13927,41078,1573,99,17,27,0,6,69,0,22,240,56,23,-,
PK2,KT1A,PK2KT1A,FUJI,AG69095T331,115/33/11,25,1998,07/09/2019,24/11/2019,14076,49833,1476,89,17,22,0,5,77,0,32,242,53,28,-,
PK2,KT1A,PK2KT1A,FUJI,AG69095T331,115/33/11,25,1998,13/09/2020,16/11/2020,9127,38171,1780,99,18,33,0,6,94,42,0,292,56,19,,
PK2,KT1A,PK2KT1A,FUJI,AG69095T331,115/33/11,25,1998,18/09/2021,17/11/2021,10804,38751,1948,105,20,36,0,6,107,0,22,296,62,13,,
PK2,KT1A,PK2KT1A,FUJI,AG69095T331,115/33/11,25,1998,18/09/2022,08/10/2022,10892,31294,2088,193,15,2,0,7,76,6,38,337,56,12,,
PK2,KT1A,PK2KT1A,FUJI,AG69095T331,115/33/11,25,1998,17/09/2023,26/10/2023,8794,43896,1939,236,11,24,0,4,72,0,49,396,60,18,,
PK2,KT2A,PK2KT2A,MITSUBISHI,574406,115/33/11,25,1999,01/04/2019,05/07/2019,10470,52589,4219,102,17,78,0,8,273,0,135,613,-,36,-,
PK2,KT2A,PK2KT2A,MITSUBISHI,574406,115/33/11,25,1999,07/09/2019,23/11/2019,10310,62740,0,0,23,63,0,3,317,17,201,624,54,6,-,
PK2,KT2A,PK2KT2A,MITSUBISHI,574406,115/33/11,25,1999,13/09/2020,15/11/2020,8550,169030,1427,23,37,32,0,0,145,13,99,349,53,22,,
PK2,KT2A,PK2KT2A,MITSUBISHI,574406,115/33/11,25,1999,18/09/2021,17/11/2021,8453,57509,5721,106,22,87,0,10,366,0,79,670,53,15,,
PK2,KT2A,PK2KT2A,MITSUBISHI,574406,115/33/11,25,1999,18/09/2022,08/10/2022,8581,56701,6395,73,26,109,0,8,387,8,172,783,64,12,,
PK2,KT2A,PK2KT2A,MITSUBISHI,574406,115/33/11,25,1999,17/09/2023,26/10/2023,7458,71956,7224,143,23,128,0,8,541,5,200,1048,46,19,,
PK2,KT3A,PK2KT3A,VOLTA WERKE,60491-001,115/33/11,75,1993,23/03/2019,05/07/2019,9071,45706,1364,108,21,61,0,8,106,0,56,360,44,19,-,
PK2,KT3A,PK2KT3A,VOLTA WERKE,60491-001,115/33/11,75,1993,07/09/2019,23/11/2019,10243,34565,0,0,8,20,0,3,0,0,39,70,40,34,-,
PK2,KT3A,PK2KT3A,VOLTA WERKE,60491-001,115/33/11,75,1993,03/03/2020,13/03/2020,16547,44635,1621,83,15,43,0,22,133,0,53,349,,24,,
PK2,KT3A,PK2KT3A,VOLTA WERKE,60491-001,115/33/11,75,1993,13/09/2020,15/11/2020,7650,61080,1125,55,20,60,0,3,112,11,86,347,43,17,,
PK2,KT3A,PK2KT3A,VOLTA WERKE,60491-001,115/33/11,75,1993,18/09/2021,17/11/2021,6298,42654,1668,112,24,69,0,9,165,0,34,413,50,15,,
PK2,KT3A,PK2KT3A,VOLTA WERKE,60491-001,115/33/11,75,1993,18/09/2022,08/10/2022,7192,39979,1750,106,17,98,0,10,162,0,66,459,41,9,,
PK2,KT3A,PK2KT3A,VOLTA WERKE,60491-001,115/33/11,75,1993,17/09/2023,26/10/2023,9585,52101,1847,129,24,88,0,17,198,0,94,550,45,9,,
PK2,KT4A,PK2KT4A,VOLTA WERKE,60548-001,115/33/11,25,1994,01/04/2019,30/06/2019,6531,42432,2221,210,17,41,0,7,26,0,5,306,45,22,-,
PK2,KT4A,PK2KT4A,VOLTA WERKE,60548-001,115/33/11,25,1994,07/09/2019,23/11/2019,12090,51470,0,0,18,43,0,8,28,0,17,114,40,36,-,
PK2,KT4A,PK2KT4A,VOLTA WERKE,60548-001,115/33/11,25,1994,13/09/2020,15/11/2020,15520,172150,673,62,31,6,0,2,9,5,7,122,41,20,,
PK2,KT4A,PK2KT4A,VOLTA WERKE,60548-001,115/33/11,25,1994,18/09/2021,16/11/2021,14150,64970,3503,388,11,4,0,9,10,16,14,452,50,13,,
PK2,KT4A,PK2KT4A,VOLTA WERKE,60548-001,115/33/11,25,1994,18/09/2022,08/10/2022,25136,64548,3430,378,15,2,0,26,8,6,5,440,44,11,,
PK2,KT4A,PK2KT4A,VOLTA WERKE,60548-001,115/33/11,25,1994,17/09/2023,26/10/2023,25741,76181,3947,457,21,7,0,60,26,11,13,595,45,16,,
PKC,KT1A,PKCKT1A,ABB,52014,115/22/11,50,2007,17/03/2019,27/04/2019,6302,37085,1568,199,19,14,0,0,0,0,0,232,52,9,-,
PKC,KT1A,PKCKT1A,ABB,52014,115/22/11,50,2007,16/03/2020,28/03/2020,7435,43592,1605,204,27,30,0,0,6,0,3,270,42,14,,
PKC,KT1A,PKCKT1A,ABB,52014,115/22/11,50,2007,07/02/2021,25/04/2021,16333,42797,1214,149,18,0,0,0,35,0,0,202,41,24,,
PKC,KT1A,PKCKT1A,ABB,52014,115/22/11,50,2007,27/02/2022,27/03/2022,6496,37053,1741,216,15,0,0,0,7,0,0,238,40,15,,
PKC,KT1A,PKCKT1A,ABB,52014,115/22/11,50,2007,26/02/2023,12/03/2023,8663,40353,2016,238,13,18,0,0,9,0,3,281,53,12,,
PKC,KT1A,PKCKT1A,ABB,52014,115/22/11,50,2007,24/02/2024,08/04/2024,9196,40018,1674,331,12,24,0,3,10,10,12,402,48,11,,
PKC,KT2A,PKCKT2A,MITSUBISHI,9912790104,115/22/11,50,2015,27/02/2022,27/03/2022,11650,52550,1808,396,19,3,0,0,1,1,1,421,56,16,,
PKC,KT2A,PKCKT2A,MITSUBISHI,9912790104,115/22/11,50,2015,31/07/2022,19/08/2022,2934,50212,1700,679,5,4,0,1,2,0,0,691,41,15,,
PKC,KT2A,PKCKT2A,MITSUBISHI,9912790104,115/22/11,50,2015,26/02/2023,12/03/2023,6789,45571,2033,897,14,4,0,1,2,2,1,921,48,13,,
PKC,KT2A,PKCKT2A,MITSUBISHI,9912790104,115/22/11,50,2015,24/02/2024,07/04/2024,8808,33590,1868,771,12,6,0,0,2,0,0,791,46,9,,
PKK,KT1A,PKKKT1A,MITSUBISHI,573069,115/22,40,2007,20/04/2021,08/06/2021,24440,60500,3538,142,54,52,0,1,62,10,45,366,68,19,,
PKK,KT1A,PKKKT1A,MITSUBISHI,573069,115/22,40,2007,22/04/2022,06/05/2022,13900,50517,4337,307,16,56,0,16,116,0,24,535,67,22,,
PKK,KT1A,PKKKT1A,MITSUBISHI,573069,115/22,40,2007,28/04/2023,06/05/2023,5370,52230,4385,308,13,100,0,5,97,11,64,598,68,19,,
PKK,KT1A,PKKKT1A,MITSUBISHI,573069,115/22,40,2007,29/09/2023,05/10/2023,9020,50780,0,0,0,0,0,0,0,0,0,0,0,0,,
PKK,KT1A,PKKKT1A,MITSUBISHI,573069,115/22,40,2007,11/05/2024,17/05/2024,3679,59403,3372,562,20,151,0,50,174,13,71,1041,30,9,,
PKK,KT2A,PKKKT2A,FUJI,AE69025T7-1,230/115/22,100,1997,18/10/2019,24/11/2019,6201,32865,867,55,13,22,0,4,70,1,62,227,48,18,-,
PKK,KT2A,PKKKT2A,FUJI,AE69025T7-1,230/115/22,100,1997,25/04/2020,03/05/2020,5439,40375,1111,52,34,38,0,1,95,0,83,303,54,7,,
PKK,KT2A,PKKKT2A,FUJI,AE69025T7-1,230/115/22,100,1997,20/04/2021,07/06/2021,5600,41720,630,60,47,17,0,1,49,178,47,399,54,15,,
PKK,KT2A,PKKKT2A,FUJI,AE69025T7-1,230/115/22,100,1997,22/04/2022,06/05/2022,9590,46818,1076,69,31,13,0,0,69,0,25,207,54,22,,
PKK,KT2A,PKKKT2A,FUJI,AE69025T7-1,230/115/22,100,1997,07/10/2022,07/11/2022,4005,33589,1138,53,11,30,0,4,85,0,57,240,54,11,,
PKK,KT2A,PKKKT2A,FUJI,AE69025T7-1,230/115/22,100,1997,28/04/2023,06/05/2023,4710,33020,1140,50,30,28,0,2,74,53,70,307,54,7,,
PKK,KT2A,PKKKT2A,FUJI,AE69025T7-1,230/115/22,100,1997,23/09/2023,14/10/2023,6665,48762,1094,53,21,40,0,9,37,0,41,201,50,8,,
PKK,KT2A,PKKKT2A,FUJI,AE69025T7-1,230/115/22,100,1997,11/05/2024,17/05/2024,3532,34016,1102,54,10,48,0,7,96,3,65,283,53,6,,
PKK,KT3A,PKKKT3A,FUJI,AE69025T7-2,230/115/22,100,1997,18/10/2019,25/11/2019,7542,34465,671,40,16,15,0,0,52,0,41,164,49,21,-,
PKK,KT3A,PKKKT3A,FUJI,AE69025T7-2,230/115/22,100,1997,25/04/2020,03/05/2020,2477,24763,944,44,31,24,0,0,63,0,53,215,54,10,,
PKK,KT3A,PKKKT3A,FUJI,AE69025T7-2,230/115/22,100,1997,20/04/2021,11/06/2021,2120,42570,707,26,43,11,0,0,28,1,24,133,54,18,,
PKK,KT3A,PKKKT3A,FUJI,AE69025T7-2,230/115/22,100,1997,22/04/2022,06/05/2022,8962,41647,713,29,15,15,0,2,42,2,37,142,56,19,,
PKK,KT3A,PKKKT3A,FUJI,AE69025T7-2,230/115/22,100,1997,07/10/2022,10/11/2022,5309,43482,877,36,8,3,0,2,49,0,29,127,56,9,,
PKK,KT3A,PKKKT3A,FUJI,AE69025T7-2,230/115/22,100,1997,28/04/2023,06/05/2023,4800,32930,845,38,8,17,0,1,51,1,44,160,54,8,,
PKK,KT3A,PKKKT3A,FUJI,AE69025T7-2,230/115/22,100,1997,23/09/2023,14/10/2023,5059,42441,883,37,9,18,0,0,32,1,33,130,50,8,,
PKK,KT3A,PKKKT3A,FUJI,AE69025T7-2,230/115/22,100,1997,11/05/2024,17/05/2024,2840,30857,988,39,16,42,0,4,82,5,56,244,53,7,,
PKK,KT4A,PKKKT4A,MITSUBISHI,573070,115/22,40,2007,22/12/2020,09/01/2021,13780,52033,4254,107,45,96,0,3,283,0,164,715,,15,research,
PKK,KT4A,PKKKT4A,MITSUBISHI,573070,115/22,40,2007,28/04/2023,06/05/2023,3280,46870,2909,146,28,98,0,16,257,13,162,720,30,7,,
PKK,KT4A,PKKKT4A,MITSUBISHI,573070,115/22,40,2007,11/05/2024,17/05/2024,3808,40180,3671,167,31,184,0,10,271,55,298,1016,67,19,,
PL1,KT1A,PL1KT1A,MEIDEN,8P9094T1,115/22,50,2004,13/07/2020,22/08/2020,6184,50515,2475,98,23,80,0,0,227,0,144,572,58,13,,
PL1,KT1A,PL1KT1A,MEIDEN,8P9094T1,115/22,50,2004,05/07/2021,05/10/2021,7385,28262,1139,8,5,10,0,0,24,0,0,47,56,12,,
PL1,KT1A,PL1KT1A,MEIDEN,8P9094T1,115/22,50,2004,15/07/2022,22/07/2022,4520,37850,2274,89,4,22,0,7,43,4,24,193,64,12,,
PL1,KT1A,PL1KT1A,MEIDEN,8P9094T1,115/22,50,2004,24/04/2023,30/04/2023,2590,36000,1980,91,2,38,0,1,67,3,33,235,65,8,,
PL1,KT1A,PL1KT1A,MEIDEN,8P9094T1,115/22,50,2004,22/01/2024,30/01/2024,1800,27460,1728,113,4,63,0,4,125,17,75,401,58,9,,
PL1,KT2A,PL1KT2A,MEIDEN,8P9094T2,115/22,50,2004,13/07/2020,22/08/2020,5734,49999,2791,119,30,73,0,0,190,0,117,529,51,14,,
PL1,KT2A,PL1KT2A,MEIDEN,8P9094T2,115/22,50,2004,05/07/2021,05/10/2021,7281,26945,1038,65,4,0,0,0,25,0,0,94,50,10,,
PL1,KT2A,PL1KT2A,MEIDEN,8P9094T2,115/22,50,2004,15/07/2022,22/07/2022,5210,33230,1851,84,3,14,0,0,32,1,18,152,57,9,,
PL1,KT2A,PL1KT2A,MEIDEN,8P9094T2,115/22,50,2004,24/04/2023,30/04/2023,4130,31250,1700,89,2,20,0,1,44,1,27,184,59,4,,
PL1,KT2A,PL1KT2A,MEIDEN,8P9094T2,115/22,50,2004,22/01/2024,01/02/2024,19440,34980,1161,76,2,27,0,3,81,13,48,250,51,8,,
PL2,KT1A,PL2KT1A,DAIHEN,5BK012802,230/121/22,200,2006,24/03/2019,07/04/2019,7867,48367,3621,446,40,34,0,2,41,0,23,586,56,15,-,
PL2,KT1A,PL2KT1A,DAIHEN,5BK012802,230/121/22,200,2006,28/03/2020,05/04/2020,5174,50123,1153,123,97,84,0,5,85,15,47,456,69,10,,
PL2,KT1A,PL2KT1A,DAIHEN,5BK012802,230/121/22,200,2006,20/10/2020,17/11/2020,5288,39950,2034,151,50,55,0,0,100,0,61,417,58,16,,
PL2,KT1A,PL2KT1A,DAIHEN,5BK012802,230/121/22,200,2006,08/03/2021,02/04/2021,10485,53798,2419,143,40,41,0,0,53,0,32,309,53,19,,
PL2,KT1A,PL2KT1A,DAIHEN,5BK012802,230/121/22,200,2006,17/09/2021,11/10/2021,3236,39239,2187,264,52,60,0,0,81,0,32,489,52,12,,
PL2,KT1A,PL2KT1A,DAIHEN,5BK012802,230/121/22,200,2006,06/06/2022,18/06/2022,5257,44769,2451,140,37,48,0,6,105,53,27,416,50,10,,
PL2,KT1A,PL2KT1A,DAIHEN,5BK012802,230/121/22,200,2006,02/10/2022,07/10/2022,3982,52973,2369,119,13,86,0,0,102,5,41,366,53,7,,
PL2,KT1A,PL2KT1A,DAIHEN,5BK012802,230/121/22,200,2006,07/04/2023,30/04/2023,6561,56282,3112,176,40,79,0,4,98,4,51,452,58,10,,
PL2,KT1A,PL2KT1A,DAIHEN,5BK012802,230/121/22,200,2006,08/04/2024,27/04/2024,9300,32510,4212,180,38,104,0,3,145,48,92,610,66,10,,
PL2,KT2A,PL2KT2A,OSAKA,5A0179002,115/22,13,1984,28/03/2020,05/04/2020,5067,47571,1689,79,61,45,0,0,68,10,45,308,57,17,,
PL2,KT2A,PL2KT2A,OSAKA,5A0179002,115/22,13,1984,08/03/2021,02/04/2021,5392,66651,2108,91,25,37,0,0,47,0,31,231,57,17,,
PL2,KT2A,PL2KT2A,OSAKA,5A0179002,115/22,13,1984,02/10/2022,07/10/2022,3986,51306,2309,58,5,39,0,0,70,4,34,210,61,15,,
PL2,KT2A,PL2KT2A,OSAKA,5A0179002,115/22,13,1984,12/09/2023,30/09/2023,3485,50604,3450,114,14,67,0,4,106,9,52,366,51,17,,
PL2,KT2A,PL2KT2A,OSAKA,5A0179002,115/22,13,1984,09/04/2024,27/04/2024,5530,37280,5241,145,11,64,0,3,106,17,74,420,52,19,,
PL2,KT3A,PL2KT3A,OSAKA,5A0179003,115/22,13,1984,24/03/2019,07/04/2019,64250,49978,4867,127,8,15,0,5,54,8,27,244,57,30,-,
PL2,KT3A,PL2KT3A,OSAKA,5A0179003,115/22,13,1984,28/03/2020,07/04/2020,20185,54042,1201,34,60,21,0,6,55,25,53,254,56,15,,
PL2,KT3A,PL2KT3A,OSAKA,5A0179003,115/22,13,1984,08/03/2021,02/04/2021,4395,51035,2448,91,31,18,0,3,64,9,46,262,54,17,,
PL2,KT3A,PL2KT3A,OSAKA,5A0179003,115/22,13,1984,02/10/2022,07/10/2022,3754,44892,2832,95,153,40,0,11,82,16,100,497,54,13,,
PL2,KT3A,PL2KT3A,OSAKA,5A0179003,115/22,13,1984,15/09/2023,30/09/2023,2445,43827,2698,107,42,39,0,3,54,5,24,274,53,15,,
PL2,KT3A,PL2KT3A,OSAKA,5A0179003,115/22,13,1984,09/04/2024,27/04/2024,4220,32720,2682,115,12,40,0,3,52,12,36,270,37,12,,
PL2,KT4A,PL2KT4A,MITSUBISHI,9812810103,230/115/22,200,2013,29/03/2020,07/04/2020,8167,33061,562,105,56,3,0,4,9,6,8,191,59,8,,
PL2,KT4A,PL2KT4A,MITSUBISHI,9812810103,230/115/22,200,2013,20/10/2020,17/11/2020,3954,28206,1431,204,20,0,0,0,10,0,0,234,51,10,,
PL2,KT4A,PL2KT4A,MITSUBISHI,9812810103,230/115/22,200,2013,08/03/2021,02/04/2021,8337,50301,1511,197,25,0,0,0,7,0,7,236,65,11,,
PL2,KT4A,PL2KT4A,MITSUBISHI,9812810103,230/115/22,200,2013,17/09/2021,11/10/2021,9163,33894,1553,279,11,0,0,0,25,0,0,315,54,15,,
PL2,KT4A,PL2KT4A,MITSUBISHI,9812810103,230/115/22,200,2013,24/04/2022,29/04/2022,3472,29050,2158,290,13,4,0,1,13,0,1,322,62,8,,
PL2,KT4A,PL2KT4A,MITSUBISHI,9812810103,230/115/22,200,2013,02/10/2022,07/10/2022,2975,40428,1450,231,5,8,0,0,12,2,13,271,62,8,,
PL2,KT4A,PL2KT4A,MITSUBISHI,9812810103,230/115/22,200,2013,07/04/2023,30/04/2023,3330,40480,1497,237,7,19,0,0,10,9,11,293,67,10,,
PL2,KT4A,PL2KT4A,MITSUBISHI,9812810103,230/115/22,200,2013,08/04/2024,27/04/2024,3500,35110,1708,268,5,21,0,1,16,21,17,349,73,11,,
PN,KT1A,PNKT1A,FUJI,AG69095T323,115/33/11,25,1997,20/03/2019,05/07/2019,8352,40696,753,103,10,2,0,4,1,2,0,122,-,28,-,
PN,KT1A,PNKT1A,FUJI,AG69095T323,115/33/11,25,1997,14/09/2019,23/11/2019,7800,45490,0,0,17,7,0,0,0,0,0,24,50,34,-,
PN,KT1A,PNKT1A,FUJI,AG69095T323,115/33/11,25,1997,30/11/2020,12/12/2020,245592,172990,1597,226,48,8,0,1,16,3,6,308,37,16,,
PN,KT1A,PNKT1A,FUJI,AG69095T323,115/33/11,25,1997,15/12/2020,10/01/2021,6231,32199,1359,213,54,3,0,0,2,0,0,272,37,13,,
PN,KT1A,PNKT1A,FUJI,AG69095T323,115/33/11,25,1997,19/09/2021,16/11/2021,7210,26590,468,51,1,0,0,0,0,2,0,54,31,19,,
PN,KT1A,PNKT1A,FUJI,AG69095T323,115/33/11,25,1997,17/09/2022,08/10/2022,5381,22242,842,112,11,1,0,5,6,2,1,138,28,11,,
PN,KT1A,PNKT1A,FUJI,AG69095T323,115/33/11,25,1997,15/09/2023,06/11/2023,11890,35637,1131,134,12,7,0,7,10,2,2,174,27,21,,
PN,KT2A,PNKT2A,FUJI,AN69001T21-1,115/33/11,25,1998,20/03/2019,05/07/2019,5599,41664,424,67,10,9,0,2,12,0,6,106,-,24,-,
PN,KT2A,PNKT2A,FUJI,AN69001T21-1,115/33/11,25,1998,12/09/2020,15/11/2020,8680,51910,184,38,25,5,0,0,7,10,4,89,54,26,,
PN,KT2A,PNKT2A,FUJI,AN69001T21-1,115/33/11,25,1998,19/09/2021,16/11/2021,4220,29580,1529,163,5,27,0,0,19,29,13,256,52,17,,
PN,KT2A,PNKT2A,FUJI,AN69001T21-1,115/33/11,25,1998,17/09/2022,08/10/2022,4382,30907,1534,218,10,2,0,5,24,0,7,266,51,13,,
PN,KT2A,PNKT2A,FUJI,AN69001T21-1,115/33/11,25,1998,15/09/2023,06/11/2023,8487,33722,1405,265,13,15,0,8,18,3,9,331,54,15,,
PO,KT1A,POKT1A,VOLTA WERKE,60540-001,115/22,32,1993,02/04/2019,19/04/2019,8366,60042,1307,108,33,98,0,12,268,0,138,657,52,11,-,
PO,KT1A,POKT1A,VOLTA WERKE,60540-001,115/22,32,1993,13/03/2020,15/05/2020,12035,53447,774,57,2,51,0,5,170,0,129,414,,17,,
PO,KT1A,POKT1A,VOLTA WERKE,60540-001,115/22,32,1993,31/03/2020,25/05/2020,5910,64510,756,84,49,102,0,4,282,30,240,791,50,28,,
PO,KT1A,POKT1A,VOLTA WERKE,60540-001,115/22,32,1993,20/01/2021,29/01/2021,6662,53842,1639,76,47,92,0,3,249,1,196,664,47,8,,
PO,KT1A,POKT1A,VOLTA WERKE,60540-001,115/22,32,1993,07/03/2022,27/03/2022,4990,65061,1429,119,77,0,0,12,262,0,103,573,48,13,,
PO,KT1A,POKT1A,VOLTA WERKE,60540-001,115/22,32,1993,04/03/2023,17/03/2023,6972,59867,1458,118,34,105,0,6,303,0,147,713,43,8,,
PO,KT1A,POKT1A,VOLTA WERKE,60540-001,115/22,32,1993,05/03/2024,08/04/2024,8841,51300,1270,120,29,92,0,9,235,0,171,656,48,9,,
PO,KT2A,POKT2A,FUJI,AG69095T435,115/22,25,2000,02/04/2019,19/04/2019,5440,41839,1014,76,9,22,0,11,136,0,63,317,54,13,-,
PO,KT2A,POKT2A,FUJI,AG69095T435,115/22,25,2000,31/03/2020,26/05/2020,6748,43555,762,74,29,42,0,6,174,0,91,416,55,25,,
PO,KT2A,POKT2A,FUJI,AG69095T435,115/22,25,2000,04/10/2020,27/10/2020,6123,44490,650,67,13,27,0,5,169,0,88,369,,14,research,
PO,KT2A,POKT2A,FUJI,AG69095T435,115/22,25,2000,20/01/2021,01/02/2021,3065,51092,898,64,27,36,0,2,147,0,106,382,50,7,,
PO,KT2A,POKT2A,FUJI,AG69095T435,115/22,25,2000,07/03/2022,27/03/2022,6050,55270,797,69,29,32,0,2,134,10,101,377,52,13,,
PO,KT2A,POKT2A,FUJI,AG69095T435,115/22,25,2000,04/03/2023,17/03/2023,5689,52960,861,93,35,61,0,8,198,0,106,501,48,12,,
PO,KT2A,POKT2A,FUJI,AG69095T435,115/22,25,2000,05/03/2024,08/04/2024,5966,41352,870,144,17,58,0,8,180,0,101,508,51,14,,
POT,KT1A,POTKT1A,MITSUBISHI,574413,115/22/11,25,2000,08/03/2020,24/03/2020,3524,21978,2475,91,16,27,0,0,72,0,55,261,59,14,,
POT,KT1A,POTKT1A,MITSUBISHI,574413,115/22/11,25,2000,24/01/2021,23/04/2021,6266,42071,2510,101,22,17,0,2,65,4,56,267,46,48,,
POT,KT1A,POTKT1A,MITSUBISHI,574413,115/22/11,25,2000,14/02/2022,26/03/2022,9397,40223,1045,37,16,21,0,1,71,3,55,204,45,14,,
POT,KT1A,POTKT1A,MITSUBISHI,574413,115/22/11,25,2000,13/02/2023,09/03/2023,12439,32057,1251,62,14,38,0,4,95,0,50,263,54,14,,
POT,KT1A,POTKT1A,MITSUBISHI,574413,115/22/11,25,2000,12/02/2024,18/03/2024,9301,45141,1074,119,11,21,0,14,68,7,42,282,59,20,,
POT,KT2A,POTKT2A,MITSUBISHI,9912790101,115/22,50,2013,08/03/2020,25/03/2020,10753,36994,914,399,13,2,0,0,1,0,0,415,47,6,,
POT,KT2A,POTKT2A,MITSUBISHI,9912790101,115/22,50,2013,24/01/2021,23/04/2021,13065,50521,1430,511,28,3,0,1,1,1,1,546,33,36,,
POT,KT2A,POTKT2A,MITSUBISHI,9912790101,115/22,50,2013,14/02/2022,28/03/2022,16293,38326,1379,452,17,0,0,0,5,0,0,474,32,12,,
POT,KT2A,POTKT2A,MITSUBISHI,9912790101,115/22,50,2013,29/07/2022,19/08/2022,2831,46206,1501,592,6,3,0,1,2,0,0,604,40,13,,
POT,KT2A,POTKT2A,MITSUBISHI,9912790101,115/22,50,2013,13/02/2023,10/03/2023,19759,40532,1531,560,11,2,0,1,5,0,1,580,44,11,,
POT,KT2A,POTKT2A,MITSUBISHI,9912790101,115/22,50,2013,12/02/2024,20/03/2024,13026,38315,2389,488,6,5,0,4,2,5,1,511,47,8,,
POT,KT3A,POTKT3A,MITSUBISHI,574411,115/22,25,2013,10/03/2019,08/04/2019,7158,32326,1871,113,8,37,0,0,58,0,11,227,52,16,-,
POT,KT3A,POTKT3A,MITSUBISHI,574411,115/22,25,2013,08/03/2020,28/03/2020,5562,32589,1962,119,11,24,0,0,15,0,7,176,57,13,,
POT,KT3A,POTKT3A,MITSUBISHI,574411,115/22,25,2013,24/01/2021,24/04/2021,4399,41116,2089,210,39,19,0,3,33,7,20,331,46,27,,
POT,KT3A,POTKT3A,MITSUBISHI,574411,115/22,25,2013,14/02/2022,27/03/2022,8922,34719,1651,155,16,22,0,4,50,0,19,266,45,19,,
POT,KT3A,POTKT3A,MITSUBISHI,574411,115/22,25,2013,13/02/2023,07/03/2023,4631,37000,1781,189,40,16,0,4,67,0,28,344,52,12,,
POT,KT3A,POTKT3A,MITSUBISHI,574411,115/22,25,2013,12/02/2024,18/03/2024,7340,45256,1604,170,29,52,0,5,88,4,36,384,58,18,,
PP,KT1A,PPKT1A,ABB,56045,115/33,50,2013,01/11/2019,26/12/2019,15190,67850,3310,1170,16,6,0,3,0,0,0,1195,46,22,-,
PP,KT1A,PPKT1A,ABB,56045,115/33,50,2013,30/11/2020,28/11/2020,11267,68947,3363,915,34,3,0,5,2,6,2,967,35,15,,
PP,KT1A,PPKT1A,ABB,56045,115/33,50,2013,10/11/2021,23/11/2021,11540,54210,3619,858,3,3,0,5,2,5,1,877,40,15,,
PP,KT1A,PPKT1A,ABB,56045,115/33,50,2013,08/12/2022,08/01/2023,15963,55291,2765,917,12,8,0,14,3,5,4,963,,10,,
PP,KT1A,PPKT1A,ABB,56045,115/33,50,2013,19/11/2023,23/01/2024,21833,72272,2548,857,11,9,0,4,3,5,7,896,42,22,,
PP,KT2A,PPKT2A,ABB,56046,115/33,50,2011,01/04/2019,29/08/2019,9377,34457,1058,388,5,2,0,5,1,2,2,405,48,23,-,
PP,KT2A,PPKT2A,ABB,56046,115/33,50,2011,01/11/2019,23/12/2019,17851,65715,2056,565,8,0,0,6,0,3,2,584,46,-13,,
PP,KT2A,PPKT2A,ABB,56046,115/33,50,2011,30/10/2020,28/11/2020,12953,64971,2133,534,18,3,0,6,2,5,1,569,35,12,,
PP,KT2A,PPKT2A,ABB,56046,115/33,50,2011,10/11/2021,23/11/2021,11950,56390,4094,877,6,2,0,3,1,5,1,895,40,7,,
PP,KT2A,PPKT2A,ABB,56046,115/33,50,2011,08/12/2022,13/01/2023,14970,66230,3090,842,8,3,0,5,1,1,1,861,38,10,,
PP,KT2A,PPKT2A,ABB,56046,115/33,50,2011,19/11/2023,25/01/2024,19268,70764,2872,894,18,6,0,13,4,3,5,943,42,19,,
PR,KT1A,PRKT1A,MEIDEN,8R8407T1,115/22,50,2007,19/05/2019,07/06/2019,5707,44963,857,84,4,88,0,8,323,0,171,678,61,9,-,
PR,KT1A,PRKT1A,MEIDEN,8R8407T1,115/22,50,2007,23/05/2020,05/06/2020,3492,54080,546,78,2,109,0,10,447,0,253,899,50,12,,
PR,KT1A,PRKT1A,MEIDEN,8R8407T1,115/22,50,2007,04/04/2021,29/05/2021,6550,113780,689,42,30,59,0,3,195,9,166,504,59,9,,
PR,KT1A,PRKT1A,MEIDEN,8R8407T1,115/22,50,2007,05/03/2022,18/03/2022,5865,46023,813,72,8,0,0,8,392,0,150,630,52,7,,
PR,KT1A,PRKT1A,MEIDEN,8R8407T1,115/22,50,2007,21/04/2023,29/04/2023,4067,56314,946,83,3,108,0,14,434,82,320,1044,63,8,,
PR,KT2A,PRKT2A,MEIDEN,8R8407T2,115/22,50,2007,19/05/2019,07/06/2019,8474,50379,2081,223,26,71,0,3,148,0,258,729,60,14,-,
PR,KT2A,PRKT2A,MEIDEN,8R8407T2,115/22,50,2007,23/05/2020,05/06/2020,1831,72116,766,174,2,285,0,29,904,0,645,2039,,10,,
PR,KT2A,PRKT2A,MEIDEN,8R8407T2,115/22,50,2007,04/04/2021,29/05/2021,1670,184790,941,85,47,126,0,10,403,33,395,1099,57,17,,
PR,KT2A,PRKT2A,MEIDEN,8R8407T2,115/22,50,2007,05/03/2022,18/03/2022,7389,61225,1003,137,5,0,0,22,685,19,354,1222,50,6,,
PR,KT2A,PRKT2A,MEIDEN,8R8407T2,115/22,50,2007,21/04/2023,29/04/2023,4063,73604,1161,161,3,207,0,26,756,45,716,1914,61,10,,
PRB,KT1A,PRBKT1A,MEIDEN,8R8408T2,115/22,50,2007,18/07/2019,08/08/2019,12687,32965,182,19,4,0,0,0,0,0,0,23,-,12,after hot oil circulated,
PRB,KT1A,PRBKT1A,MEIDEN,8R8408T2,115/22,50,2007,16/08/2019,30/08/2019,8518,23505,205,36.8,4.5,0,0,0.5,0.1,0.4,0,42.3,29,20,After High voltage test.,
PRB,KT1A,PRBKT1A,MEIDEN,8R8408T2,115/22,50,2007,17/10/2019,26/10/2019,6680,16010,93.1,1.2,0,0,0,0,0,0,0,1.2,-,9,AFTER REFILL,
PRB,KT1A,PRBKT1A,MEIDEN,8R8408T2,115/22,50,2007,07/11/2020,23/11/2020,4731,18335,189,56,1,0,0,0,1,1,2,61,,17,หม้อแปลงย้าย รอการเข้าใช้งาน,
PRB,KT1A,PRBKT1A,MEIDEN,8R8408T2,115/22,50,2007,17/04/2021,08/06/2021,3020,28060,953,67,38,10,0,0,4,0,3,122,65,19,,
PRB,KT1A,PRBKT1A,MEIDEN,8R8408T2,115/22,50,2007,20/05/2022,26/05/2022,4720,20381,1599,100,7,10,0,0,16,0,0,133,58,12,,
PRB,KT1A,PRBKT1A,MEIDEN,8R8408T2,115/22,50,2007,28/04/2023,06/05/2023,4916,29656,2058,149,4,19,0,0,0,2,0,174,56,13,,
PRB,KT1A,PRBKT1A,MEIDEN,8R8408T2,115/22,50,2007,20/10/2023,15/01/2024,28140,43570,1694,201,4,8,0,10,3,28,1,255,70,27,,
PRB,KT1A,PRBKT1A,MEIDEN,8R8408T2,115/22,50,2007,03/04/2024,20/04/2024,4344,35645,2730,164,11,25,0,5,33,0,0,238,0,11,,
PRB,KT2A,PRBKT2A,MEIDEN,8P9086T1,115/22,50,2007,07/11/2020,23/11/2020,4784,16233,133,76,0,0,0,0,1,0,1,78,,14,หม้อแปลงย้าย รอการเข้าใช้งาน,
PRB,KT2A,PRBKT2A,MEIDEN,8P9086T1,115/22,50,2007,17/04/2021,07/06/2021,4300,31290,516,36,56,7,0,0,3,0,2,104,70,18,,
PRB,KT2A,PRBKT2A,MEIDEN,8P9086T1,115/22,50,2007,20/05/2022,26/05/2022,5942,21665,2524,183,8,13,0,0,24,0,2,230,62,9,,
PRB,KT2A,PRBKT2A,MEIDEN,8P9086T1,115/22,50,2007,28/04/2023,06/05/2023,4768,28903,3437,254,13,29,0,0,32,3,23,354,60,15,,
PRB,KT2A,PRBKT2A,MEIDEN,8P9086T1,115/22,50,2007,03/04/2024,20/04/2024,1443,18166,3799,277,19,40,0,5,61,3,22,427,62,14,,
PTB,KT1A,PTBKT1A,MEIDEN,8T9668T3,115/22,50,2011,18/10/2019,11/11/2019,15172,57280,1898,458,4,0,0,8,0,0,0,470,47,15,-,
PTB,KT1A,PTBKT1A,MEIDEN,8T9668T3,115/22,50,2011,21/05/2022,09/06/2022,14566,71081,3031,1380,5,0,0,2,2,1,1,1391,34,9,,
PTB,KT1A,PTBKT1A,MEIDEN,8T9668T3,115/22,50,2011,04/11/2022,13/11/2022,18321,77532,3165,1403,2,9,0,9,2,2,1,1428,50,7,,
PTB,KT1A,PTBKT1A,MEIDEN,8T9668T3,115/22,50,2011,25/05/2023,03/06/2023,10994,76749,3113,1377,4,6,0,11,2,2,1,1403,56,9,,
PTB,KT2A,PTBKT2A,MEIDEN,8S9483T2,115/22,50,2009,18/10/2019,11/09/2019,11256,44192,776,83,10,48,0,20,140,0,45,346,38,14,-,
PTB,KT2A,PTBKT2A,MEIDEN,8S9483T2,115/22,50,2009,21/05/2022,10/06/2022,8753,47716,1121,96,11,39,0,6,196,0,54,402,57,10,,
PTB,KT2A,PTBKT2A,MEIDEN,8S9483T2,115/22,50,2009,04/11/2022,14/11/2022,7117,54441,1248,104,9,66,0,4,206,5,97,491,35,8,,
PTB,KT2A,PTBKT2A,MEIDEN,8S9483T2,115/22,50,2009,25/05/2023,03/06/2023,4964,54644,1414,83,9,61,0,8,181,7,81,430,40,9,,
PTN,KT1A,PTNKT1A,MITSUBISHI,574408,115/33/11,25,2012,17/03/2019,25/08/2019,10945,47906,2394,98,11,49,0,7,262,0,141,568,26,27,De-energize.,
PTN,KT1A,PTNKT1A,MITSUBISHI,574408,115/33/11,25,2012,25/08/2019,19/10/2019,3246,57898,5171,122,10,97,0,12,395,2,192,830,28,29,-,
PTN,KT1A,PTNKT1A,MITSUBISHI,574408,115/33/11,25,2012,19/07/2020,24/08/2020,5401,58183,5781,116,18,102,0,13,431,1,108,789,55,19,,
PTN,KT1A,PTNKT1A,MITSUBISHI,574408,115/33/11,25,2012,10/07/2021,04/11/2021,8342,71274,6803,129,21,109,0,12,480,0,71,822,,19,,
PTN,KT1A,PTNKT1A,MITSUBISHI,574408,115/33/11,25,2012,14/07/2022,24/07/2022,7011,37424,3377,50,9,24,0,7,272,0,97,459,53,17,ไม่ได้ออกผลขอเก็บตัวอย่างใหม่,
PTN,KT1A,PTNKT1A,MITSUBISHI,574408,115/33/11,25,2012,17/07/2023,23/11/2023,7629,74447,4037,173,7,137,0,14,483,13,223,1050,56,29,,
PTN,KT2A,PTNKT2A,MITSUBISHI,574409,115/33/11,25,2012,09/03/2019,11/03/2019,5075,73364,3997,117,50,95,0,9,384,0,166,821,35,13,ปลดจากระบบเมื่อ 02/03/48 หลังจากนั้นเกิด Buchholz Alarm,
PTN,KT2A,PTNKT2A,MITSUBISHI,574409,115/33/11,25,2012,17/03/2019,29/08/2019,8645,49840,3889,122,7,68,0,11,397,0,198,803,39,28,-,
PTN,KT2A,PTNKT2A,MITSUBISHI,574409,115/33/11,25,2012,08/04/2019,05/07/2019,7308,47936,3785,115,25,72,0,11,354,0,166,743,54,39,-,
PTN,KT2A,PTNKT2A,MITSUBISHI,574409,115/33/11,25,2012,25/08/2019,18/10/2019,13241,48429,3683,181,13,87,0,9,391,0,177,858,67,28,-,
PTN,KT2A,PTNKT2A,MITSUBISHI,574409,115/33/11,25,2012,19/07/2020,24/08/2020,3926,59753,3544,66,44,87,0,3,460,22,251,933,55,14,,
PTN,KT2A,PTNKT2A,MITSUBISHI,574409,115/33/11,25,2012,11/07/2021,04/11/2021,9736,69744,3358,100,13,78,0,11,437,0,62,701,,29,,
PTN,KT2A,PTNKT2A,MITSUBISHI,574409,115/33/11,25,2012,14/07/2022,24/07/2022,3567,81629,4865,101,27,66,0,19,522,0,152,887,59,17,,
PTN,KT2A,PTNKT2A,MITSUBISHI,574409,115/33/11,25,2012,20/08/2022,02/09/2022,1768,43323,3149,77,2,35,0,6,323,0,195,638,,15,,
PTN,KT2A,PTNKT2A,MITSUBISHI,574409,115/33/11,25,2012,17/07/2023,23/11/2023,8773,84739,3501,192,14,179,0,17,506,14,256,1178,58,22,,
PTN,KT3A,PTNKT3A,FUJI,AG69095T313,115/33/11,25,2012,17/03/2019,29/08/2019,10598,45480,1137,114,8,32,0,5,100,0,50,309,51,29,-,
PTN,KT3A,PTNKT3A,FUJI,AG69095T313,115/33/11,25,2012,25/08/2019,18/10/2019,12017,51284,1284,121,11,37,0,3,132,0,67,371,49,-27,-,
PTN,KT3A,PTNKT3A,FUJI,AG69095T313,115/33/11,25,2012,19/07/2020,24/08/2020,3955,47554,1265,101,21,41,0,2,134,0,79,378,48,20,,
PTN,KT3A,PTNKT3A,FUJI,AG69095T313,115/33/11,25,2012,10/07/2021,04/11/2021,5094,30030,935,89,12,23,0,5,105,0,10,244,,20,,
PTN,KT3A,PTNKT3A,FUJI,AG69095T313,115/33/11,25,2012,14/07/2022,25/07/2022,6006,34477,1421,126,17,19,0,8,108,0,29,307,52,19,,
PTN,KT3A,PTNKT3A,FUJI,AG69095T313,115/33/11,25,2012,16/07/2023,23/11/2023,9183,46110,1816,172,10,60,0,8,122,9,70,451,50,20,,
PU,KT1A,PUKT1A,MEIDEN,8T9788T3,115/33,50,2012,15/09/2019,24/11/2019,23094,64968,2670,889,8,10,0,4,0,0,0,911,52,19,-,
PU,KT1A,PUKT1A,MEIDEN,8T9788T3,115/33,50,2012,08/09/2020,15/11/2020,23640,197070,1470,273,39,6,0,0,2,515,0,835,52,14,,
PU,KT1A,PUKT1A,MEIDEN,8T9788T3,115/33,50,2012,05/09/2021,16/11/2021,11477,64672,4288,1195,6,12,0,7,8,0,0,1228,52,15,,
PU,KT1A,PUKT1A,MEIDEN,8T9788T3,115/33,50,2012,12/09/2022,09/10/2022,10861,84854,3406,908,6,20,0,7,8,3,12,964,56,9,,
PU,KT1A,PUKT1A,MEIDEN,8T9788T3,115/33,50,2012,21/09/2023,26/10/2023,13136,79450,4093,1414,11,20,0,5,4,3,3,1460,0,13,,
PU,KT2A,PUKT2A,DAIHEN,5BK013802,230/121/33,200,2010,15/03/2019,30/06/2019,14918,44112,621,130,8,17,0,0,30,0,12,197,44,24,-,
PU,KT2A,PUKT2A,DAIHEN,5BK013802,230/121/33,200,2010,19/09/2019,23/11/2019,10950,42340,0,0,17,16,0,0,25,0,13,71,45,23,-,
PU,KT2A,PUKT2A,DAIHEN,5BK013802,230/121/33,200,2010,24/04/2020,26/05/2020,11152,48831,531,142,27,37,0,0,38,0,23,267,46,13,,
PU,KT2A,PUKT2A,DAIHEN,5BK013802,230/121/33,200,2010,08/09/2020,10/11/2020,4940,33895,703,196,4,13,0,2,26,3,14,258,41,17,,
PU,KT2A,PUKT2A,DAIHEN,5BK013802,230/121/33,200,2010,12/03/2021,23/05/2021,8440,49384,1092,258,9,17,0,2,20,2,9,317,44,12,,
PU,KT2A,PUKT2A,DAIHEN,5BK013802,230/121/33,200,2010,05/09/2021,17/11/2021,11850,36981,713,190,13,0,0,0,28,0,0,231,41,16,,
PU,KT2A,PUKT2A,DAIHEN,5BK013802,230/121/33,200,2010,26/03/2022,25/04/2022,8824,48625,716,132,6,15,0,1,16,9,10,189,40,17,,
PU,KT2A,PUKT2A,DAIHEN,5BK013802,230/121/33,200,2010,12/09/2022,08/10/2022,7330,50300,844,171,5,26,0,1,21,0,13,237,42,9,,
PU,KT2A,PUKT2A,DAIHEN,5BK013802,230/121/33,200,2010,17/03/2023,09/04/2023,7182,37195,1183,286,7,13,0,0,21,0,8,335,52,12,,
PU,KT2A,PUKT2A,DAIHEN,5BK013802,230/121/33,200,2010,21/09/2023,26/10/2023,11166,51488,1303,283,12,23,0,13,25,3,12,371,54,17,,
PU,KT2A,PUKT2A,DAIHEN,5BK013802,230/121/33,200,2010,11/03/2024,09/04/2024,10622,40571,1200,263,6,21,0,0,6,0,0,296,52,5,,
PU,KT3A,PUKT3A,MEIDEN,8T9788T4,115/33/11,50,2012,15/09/2019,22/11/2019,16330,68360,0,0,17,21,0,0,0,0,0,38,-,29,-,
PU,KT3A,PUKT3A,MEIDEN,8T9788T4,115/33/11,50,2012,08/09/2020,15/11/2020,12830,143860,2089,425,19,8,0,0,2,588,0,1042,58,15,,
PU,KT3A,PUKT3A,MEIDEN,8T9788T4,115/33/11,50,2012,05/09/2021,16/11/2021,14248,64920,3440,1215,8,0,0,6,12,0,0,1241,50,13,,
PU,KT3A,PUKT3A,MEIDEN,8T9788T4,115/33/11,50,2012,12/09/2022,08/10/2022,12830,75430,2812,815,5,11,0,3,4,0,3,841,55,8,,
PU,KT3A,PUKT3A,MEIDEN,8T9788T4,115/33/11,50,2012,22/09/2023,26/10/2023,14901,76254,4369,1515,11,20,0,6,5,2,4,1563,49,13,,
PU,KT4A,PUKT4A,MITSUBISHI,9812811101,230/121/33,200,2013,15/03/2019,30/06/2019,8182,44862,1069,286,7,0,0,0,5,0,0,298,50,26,-,
PU,KT4A,PUKT4A,MITSUBISHI,9812811101,230/121/33,200,2013,19/09/2019,28/11/2019,9700,47940,0,0,11,9,0,0,0,0,0,20,50,23,-,
PU,KT4A,PUKT4A,MITSUBISHI,9812811101,230/121/33,200,2013,04/04/2020,26/05/2020,13001,54845,885,323,19,5,0,0,3,0,3,353,55,14,,
PU,KT4A,PUKT4A,MITSUBISHI,9812811101,230/121/33,200,2013,08/09/2020,10/11/2020,9413,39060,1278,354,8,0,0,0,41,0,0,403,48,12,,
PU,KT4A,PUKT4A,MITSUBISHI,9812811101,230/121/33,200,2013,12/03/2021,11/05/2021,5386,45718,1409,350,34,6,0,0,3,0,9,402,53,19,,
PU,KT4A,PUKT4A,MITSUBISHI,9812811101,230/121/33,200,2013,05/09/2021,16/11/2021,10560,43445,2516,391,9,0,0,0,7,0,0,407,43,18,,
PU,KT4A,PUKT4A,MITSUBISHI,9812811101,230/121/33,200,2013,26/03/2022,25/04/2022,8214,52749,1350,274,5,4,0,10,3,1,2,299,44,15,,
PU,KT4A,PUKT4A,MITSUBISHI,9812811101,230/121/33,200,2013,12/09/2022,09/10/2022,12585,49869,1561,368,3,7,0,0,3,2,2,385,42,7,,
PY,KT1A,PYKT1A,MEIDEN,8R8402T1,115/22,50,2007,15/03/2020,21/03/2020,17970,80970,1325,96,1,57,0,0,80,73,58,365,32,14,,
PY,KT1A,PYKT1A,MEIDEN,8R8402T1,115/22,50,2007,21/06/2021,29/08/2021,8199,39188,2363,145,7,61,0,0,134,0,15,362,,16,,
PY,KT1A,PYKT1A,MEIDEN,8R8402T1,115/22,50,2007,14/07/2022,14/07/2022,5816,40146,3125,169,10,56,0,5,164,0,51,455,,21,,
PY,KT1A,PYKT1A,MEIDEN,8R8402T1,115/22,50,2007,28/04/2023,10/06/2023,7752,40946,3479,207,4,110,0,5,193,6,67,592,63,19,,
PY,KT1A,PYKT1A,MEIDEN,8R8402T1,115/22,50,2007,29/04/2024,26/05/2024,5502,36758,2960,192,3,96,0,4,171,6,86,558,60,14,,
PY,KT2A,PYKT2A,MEIDEN,8R8393T1,115/22,50,2007,15/03/2020,21/03/2020,19380,79510,665,51,0,52,0,0,121,20,86,330,32,7,,
PY,KT2A,PYKT2A,MEIDEN,8R8393T1,115/22,50,2007,21/06/2021,30/08/2021,7412,42749,870,69,6,46,0,0,141,0,19,281,,9,,
PY,KT2A,PYKT2A,MEIDEN,8R8393T1,115/22,50,2007,14/07/2022,14/07/2022,6108,33982,1135,78,7,49,0,4,205,0,65,408,,19,,
PY,KT2A,PYKT2A,MEIDEN,8R8393T1,115/22,50,2007,28/04/2023,10/06/2023,29067,88108,1303,75,5,85,0,5,207,4,81,462,60,22,,
PY,KT2A,PYKT2A,MEIDEN,8R8393T1,115/22,50,2007,29/04/2024,26/05/2024,9157,43001,1393,94,2,23,0,3,54,0,50,226,59,13,,
PYK,KT1A,PYKKT1A,VOLTA WERKE,60492-002,115/22,25,1993,22/03/2019,21/04/2019,8943,39412,1840,143,19,39,0,3,31,0,13,248,58,17,-,
PYK,KT1A,PYKKT1A,VOLTA WERKE,60492-002,115/22,25,1993,21/03/2020,26/05/2020,14937,55746,1682,163,25,40,0,8,34,0,0,270,42,11,COLD STANDBY,
PYK,KT1A,PYKKT1A,VOLTA WERKE,60492-002,115/22,25,1993,10/01/2021,01/02/2021,5289,51732,1835,114,31,48,0,3,34,0,20,250,36,12,Cold standby,
PYK,KT1A,PYKKT1A,VOLTA WERKE,60492-002,115/22,25,1993,26/02/2022,27/03/2022,11190,65050,2470,190,19,29,0,3,26,6,18,291,53,10,,
PYK,KT1A,PYKKT1A,VOLTA WERKE,60492-002,115/22,25,1993,24/02/2023,11/03/2023,7864,45682,3156,225,15,40,0,4,33,7,19,343,56,13,,
PYK,KT1A,PYKKT1A,VOLTA WERKE,60492-002,115/22,25,1993,27/02/2024,09/04/2024,21427,62945,1485,159,4,49,0,9,40,5,20,286,47,9,,
PYK,KT2A,PYKKT2A,DAIHEN,EDP011901,115/22,50,2012,22/03/2019,18/04/2019,14717,44560,1261,475,33,0,0,0,13,0,0,521,37,23,Cold stanby.,
PYK,KT2A,PYKKT2A,DAIHEN,EDP011901,115/22,50,2012,21/03/2020,26/05/2020,18312,45913,1418,512,34,0,0,0,6,0,0,552,50,23,,
PYK,KT2A,PYKKT2A,DAIHEN,EDP011901,115/22,50,2012,10/01/2021,01/02/2021,11463,53685,2374,586,42,3,0,0,4,0,6,641,40,11,,
PYK,KT2A,PYKKT2A,DAIHEN,EDP011901,115/22,50,2012,26/02/2022,27/03/2022,11460,62910,1994,557,44,3,0,2,4,16,6,632,53,16,,
PYK,KT2A,PYKKT2A,DAIHEN,EDP011901,115/22,50,2012,24/02/2023,12/03/2023,16153,52924,2640,1226,36,8,0,9,7,3,2,1291,60,10,,
RA,KT1A,RAKT1A,DAIHEN,EDP001401,115/33/11,50,2008,19/09/2019,23/11/2019,11906,50564,692,100,25,70,0,3,0,0,0,198,28,18,-,
RA,KT1A,RAKT1A,DAIHEN,EDP001401,115/33/11,50,2008,07/09/2020,11/10/2020,2715,31532,1113,118,21,65,0,0,183,0,70,457,56,13,ทดสอบ DBV. ได้ค่าเฉลี่ยที่ 22.4 kV.,
RA,KT1A,RAKT1A,DAIHEN,EDP001401,115/33/11,50,2008,10/09/2021,16/11/2021,7920,40020,1778,101,24,61,0,0,171,18,142,517,57,17,,
RA,KT1A,RAKT1A,DAIHEN,EDP001401,115/33/11,50,2008,25/09/2022,08/10/2022,6710,51520,1879,108,39,78,0,1,224,11,187,648,30,10,,
RA,KT1A,RAKT1A,DAIHEN,EDP001401,115/33/11,50,2008,22/09/2023,17/11/2023,11624,51519,1755,134,27,78,0,3,203,11,121,577,56,15,,
RA,KT2A,RAKT2A,HYUNDAI,T933027,115/33/11,50,2008,22/09/2019,22/11/2019,8490,49190,0,0,8,40,0,0,50,0,29,127,-,24,-,
RA,KT2A,RAKT2A,HYUNDAI,T933027,115/33/11,50,2008,07/09/2020,11/10/2020,4615,35731,623,26,7,38,0,0,78,0,10,159,38,15,,
RA,KT2A,RAKT2A,HYUNDAI,T933027,115/33/11,50,2008,10/09/2021,16/11/2021,8625,67890,3157,326,27,36,0,5,76,0,7,477,33,14,,
RA,KT2A,RAKT2A,HYUNDAI,T933027,115/33/11,50,2008,25/09/2022,08/10/2022,8490,53620,3204,360,26,52,0,1,62,10,41,552,60,10,,
RA,KT2A,RAKT2A,HYUNDAI,T933027,115/33/11,50,2008,22/09/2023,17/11/2023,8628,50913,3297,312,11,50,0,7,61,66,43,550,56,14,,
RB1,KT1A,RB1KT1A,ABB,56032,115/22,50,1990,25/06/2021,07/09/2021,19658,57004,1666,538,10,0,0,0,14,0,0,562,42,25,,
RB1,KT1A,RB1KT1A,ABB,56032,115/22,50,1990,12/06/2022,08/07/2022,21575,64003,2384,672,9,8,0,17,4,0,0,710,48,12,,
RB1,KT1A,RB1KT1A,ABB,56032,115/22,50,1990,15/06/2023,23/06/2023,18751,73742,2167,572,6,3,0,24,1,17,0,623,42,12,,
RB1,KT1A,RB1KT1A,ABB,56032,115/22,50,1990,08/06/2024,12/06/2024,23741,79746,2087,816,4,8,0,27,2,1,1,859,44,5,,
RB1,KT2A,RB1KT2A,OSAKA,5BA159006,115/22,25,1990,25/06/2021,05/09/2021,5191,28983,3169,255,23,18,0,5,26,0,0,327,61,19,,
RB1,KT2A,RB1KT2A,OSAKA,5BA159006,115/22,25,1990,23/11/2021,25/11/2021,5451,38507,4420,286,40,18,0,2,29,3,13,391,,28,,
RB1,KT2A,RB1KT2A,OSAKA,5BA159006,115/22,25,1990,12/06/2022,08/07/2022,6684,30957,4074,267,22,10,0,5,29,2,9,344,54,15,,
RB1,KT2A,RB1KT2A,OSAKA,5BA159006,115/22,25,1990,15/06/2023,23/06/2023,6726,35869,3996,275,21,11,0,3,30,2,10,352,58,13,,
RB1,KT2A,RB1KT2A,OSAKA,5BA159006,115/22,25,1990,08/06/2024,12/06/2024,7689,55864,2896,524,14,7,0,14,25,3,11,598,60,12,,
RB2,KT1A,RB2KT1A,DAIHEN,GBK604901,230/115,300,2019,26/06/2021,05/09/2021,6564,23725,428,62,14,0,0,0,0,0,0,76,53,16,,
RB2,KT1A,RB2KT1A,DAIHEN,GBK604901,230/115,300,2019,26/06/2022,02/07/2022,6820,30570,1168,107,28,3,0,5,2,1,1,147,57,7,,
RB2,KT1A,RB2KT1A,DAIHEN,GBK604901,230/115,300,2019,23/12/2022,15/01/2023,11863,36301,1167,187,39,7,0,1,6,2,4,246,50,9,,
RB2,KT1A,RB2KT1A,DAIHEN,GBK604901,230/115,300,2019,16/06/2023,23/06/2023,4549,30378,1509,192,50,13,0,0,2,3,4,264,55,8,,
RB2,KT1A,RB2KT1A,DAIHEN,GBK604901,230/115,300,2019,02/02/2024,04/02/2024,1610,18210,1654,225,68,16,0,21,7,8,2,347,57,18,,
RB2,KT2A,RB2KT2A,ABB,56031,115/22,50,2011,02/10/2020,02/10/2020,17412,58800,2416,559,7,3,0,9,0,0,0,578,,8,เนื่องจากมี Fault จาก PEA,
RB2,KT2A,RB2KT2A,ABB,56031,115/22,50,2011,26/06/2021,07/09/2021,12940,65158,1904,607,9,0,0,9,0,0,0,625,36,20,,
RB2,KT2A,RB2KT2A,ABB,56031,115/22,50,2011,26/06/2022,02/07/2022,10080,73740,2967,479,5,3,0,5,1,15,2,510,47,5,,
RB2,KT2A,RB2KT2A,ABB,56031,115/22,50,2011,16/06/2023,24/06/2023,11372,72754,2829,605,6,14,0,15,2,13,1,656,48,10,,
RB2,KT2A,RB2KT2A,ABB,56031,115/22,50,2011,22/06/2024,28/06/2024,5080,74509,4416,962,8,14,0,26,2,3,1,1016,48,7,,
RB2,KT3A,RB2KT3A,FUJI,AE69025T2,115/22,25,1997,26/06/2021,07/09/2021,8460,42318,1813,140,7,25,0,0,58,0,28,258,36,21,,
RB2,KT3A,RB2KT3A,FUJI,AE69025T2,115/22,25,1997,16/06/2023,23/06/2023,7519,42691,1307,173,7,52,0,6,69,2,23,332,52,10,,
RB2,KT3A,RB2KT3A,FUJI,AE69025T2,115/22,25,1997,22/06/2024,28/06/2024,2822,39592,1897,221,20,58,0,5,98,46,0,448,50,8,,
RB2,KT4A,RB2KT4A,DAIHEN,GBK604902,230/115,300,2019,26/06/2021,07/09/2021,5339,20257,284,53,11,0,0,0,0,0,0,64,53,14,,
RB2,KT4A,RB2KT4A,DAIHEN,GBK604902,230/115,300,2019,16/12/2023,29/01/2024,11721,41099,493,144,22,0,0,2,4,1,6,179,30,17,,
RB2,KT4A,RB2KT4A,DAIHEN,GBK604902,230/115,300,2019,22/06/2024,28/06/2024,5007,28803,846,210,16,7,0,2,16,1,22,274,52,6,,
RB2,KT5A,RB2KT5A,DAIHEN,GBK604903,230/115,300,2020,26/06/2021,07/09/2021,5178,20730,309,68,11,0,0,0,6,0,0,85,46,15,,
RB2,KT5A,RB2KT5A,DAIHEN,GBK604903,230/115,300,2020,26/06/2022,02/07/2022,6690,30150,962,101,27,2,0,0,1,1,1,133,56,5,,
RB2,KT5A,RB2KT5A,DAIHEN,GBK604903,230/115,300,2020,23/12/2022,15/01/2023,13358,38539,965,171,43,4,0,1,2,2,2,225,50,9,,
RB2,KT5A,RB2KT5A,DAIHEN,GBK604903,230/115,300,2020,16/06/2023,23/06/2023,4352,32089,1206,192,61,14,0,0,2,3,2,274,53,12,,
RB2,KT5A,RB2KT5A,DAIHEN,GBK604903,230/115,300,2020,16/12/2023,29/01/2024,11114,33230,2184,339,42,8,0,2,4,4,4,403,52,17,,
RB2,KT5A,RB2KT5A,DAIHEN,GBK604903,230/115,300,2020,22/06/2024,28/06/2024,7389,32233,1931,241,50,10,0,2,3,7,0,313,54,7,,
RB3,KT1AA,RB3KT1AA,GEC ALSTHOM,21784108,525/242/1.73,250,2013,18/05/2019,09/06/2019,7644,37155,1378,405,2,2,0,1,3,2,5,420,44,22,-,
RB3,KT1AA,RB3KT1AA,GEC ALSTHOM,21784108,525/242/1.73,250,2013,23/11/2019,21/12/2019,11863,47215,2121,656,13,9,0,0,8,0,0,686,42,16,-,
RB3,KT1AA,RB3KT1AA,GEC ALSTHOM,21784108,525/242/1.73,250,2013,22/06/2020,15/08/2020,7693,47283,1855,477,6,9,0,1,4,2,2,501,29,20,,
RB3,KT1AA,RB3KT1AA,GEC ALSTHOM,21784108,525/242/1.73,250,2013,25/05/2021,25/07/2021,7405,33412,1826,581,8,0,0,0,7,0,0,596,46,15,,
RB3,KT1AA,RB3KT1AA,GEC ALSTHOM,21784108,525/242/1.73,250,2013,13/11/2021,24/11/2021,8627,69294,2715,154,21,3,0,0,5,2,2,187,45,16,,
RB3,KT1AA,RB3KT1AA,GEC ALSTHOM,21784108,525/242/1.73,250,2013,24/05/2022,09/06/2022,3544,47926,2515,726,125,0,0,0,5,3,0,859,52,15,,
RB3,KT1AA,RB3KT1AA,GEC ALSTHOM,21784108,525/242/1.73,250,2013,19/11/2022,09/12/2022,5161,35449,2371,751,10,11,0,0,5,0,0,777,43,12,,
RB3,KT1AA,RB3KT1AA,GEC ALSTHOM,21784108,525/242/1.73,250,2013,26/11/2023,28/12/2023,8466,44190,3055,867,14,10,0,1,6,10,0,908,44,7,,
RB3,KT1AA,RB3KT1AA,GEC ALSTHOM,21784108,525/242/1.73,250,2013,07/07/2024,10/07/2024,5027,42611,3166,961,2,15,0,1,7,3,4,993,46,6,,
RB3,KT1AB,RB3KT1AB,GEC ALSTHOM,21784109,525/242/1.73,250,2013,18/05/2019,09/06/2019,10716,37406,1313,506,3,6,0,1,7,2,5,530,46,21,-,
RB3,KT1AB,RB3KT1AB,GEC ALSTHOM,21784109,525/242/1.73,250,2013,23/11/2019,21/12/2019,8392,38831,1862,752,18,9,0,0,0,27,0,806,43,21,-,
RB3,KT1AB,RB3KT1AB,GEC ALSTHOM,21784109,525/242/1.73,250,2013,22/06/2020,15/08/2020,9270,46756,1335,406,7,7,0,1,3,2,1,427,32,22,,
RB3,KT1AB,RB3KT1AB,GEC ALSTHOM,21784109,525/242/1.73,250,2013,25/05/2021,03/08/2021,11147,47145,1470,632,8,10,0,2,0,4,2,658,46,24,,
RB3,KT1AB,RB3KT1AB,GEC ALSTHOM,21784109,525/242/1.73,250,2013,13/11/2021,25/11/2021,18332,46826,1282,377,8,0,0,0,9,0,0,394,46,17,,
RB3,KT1AB,RB3KT1AB,GEC ALSTHOM,21784109,525/242/1.73,250,2013,26/05/2022,11/06/2022,8938,39541,1893,646,9,3,0,0,8,0,0,666,52,12,,
RB3,KT1AB,RB3KT1AB,GEC ALSTHOM,21784109,525/242/1.73,250,2013,19/11/2022,09/12/2022,9000,42130,1753,583,2,38,0,1,4,27,1,656,44,11,,
RB3,KT1AB,RB3KT1AB,GEC ALSTHOM,21784109,525/242/1.73,250,2013,20/05/2023,08/06/2023,4132,30977,2250,881,13,15,0,0,10,0,0,919,48,4,,
RB3,KT1AB,RB3KT1AB,GEC ALSTHOM,21784109,525/242/1.73,250,2013,26/11/2023,28/12/2023,8555,40084,2302,898,15,11,0,0,5,4,3,936,46,5,,
RB3,KT1AB,RB3KT1AB,GEC ALSTHOM,21784109,525/242/1.73,250,2013,07/07/2024,10/07/2024,5520,38694,3006,924,2,14,0,1,16,3,13,973,48,7,,
RB3,KT1AC,RB3KT1AC,GEC ALSTHOM,21784110,525/242/1.73,250,2013,18/05/2019,09/06/2019,8755,41120,1694,541,12,8,0,0,12,0,5,578,47,28,-,
RB3,KT1AC,RB3KT1AC,GEC ALSTHOM,21784110,525/242/1.73,250,2013,23/11/2019,21/12/2019,14795,48647,1895,620,20,6,0,0,0,37,0,683,44,24,-,
RB3,KT1AC,RB3KT1AC,GEC ALSTHOM,21784110,525/242/1.73,250,2013,22/06/2020,15/08/2020,9905,44309,1699,479,6,8,0,1,2,2,1,499,35,21,,
RB3,KT1AC,RB3KT1AC,GEC ALSTHOM,21784110,525/242/1.73,250,2013,25/05/2021,03/08/2021,10705,48059,1758,660,9,10,0,1,0,2,2,684,46,27,,
RB3,KT1AC,RB3KT1AC,GEC ALSTHOM,21784110,525/242/1.73,250,2013,13/11/2021,25/11/2021,19955,51379,1539,371,7,0,0,18,10,0,0,406,42,12,,
RB3,KT1AC,RB3KT1AC,GEC ALSTHOM,21784110,525/242/1.73,250,2013,26/05/2022,11/06/2022,6176,39811,2464,797,7,3,0,0,7,0,0,814,52,15,,
RB3,KT1AC,RB3KT1AC,GEC ALSTHOM,21784110,525/242/1.73,250,2013,19/11/2022,09/12/2022,7806,34809,2205,740,10,11,0,0,2,0,0,763,46,15,,
RB3,KT1AC,RB3KT1AC,GEC ALSTHOM,21784110,525/242/1.73,250,2013,20/05/2023,08/06/2023,7685,35261,2501,803,16,13,0,0,9,0,0,841,48,7,,
RB3,KT1AC,RB3KT1AC,GEC ALSTHOM,21784110,525/242/1.73,250,2013,26/11/2023,28/12/2023,8898,45312,3432,889,17,10,0,1,5,10,0,932,47,5,,
RB3,KT1AC,RB3KT1AC,GEC ALSTHOM,21784110,525/242/1.73,250,2013,07/07/2024,10/07/2024,7668,44791,3034,895,25,13,0,0,5,2,2,942,50,6,,
RB3,KT2AA,RB3KT2AA,GEC ALSTHOM,21784112,525/242/1.73,250,2013,18/05/2019,09/06/2019,9271,41003,1597,373,7,18,0,2,17,3,8,428,47,27,-,
RB3,KT2AA,RB3KT2AA,GEC ALSTHOM,21784112,525/242/1.73,250,2013,23/11/2019,21/12/2019,12390,48995,2032,510,20,37,0,0,20,0,0,587,42,20,-,
RB3,KT2AA,RB3KT2AA,GEC ALSTHOM,21784112,525/242/1.73,250,2013,22/06/2020,15/08/2020,8402,45964,1623,347,7,22,0,3,14,13,7,413,40,20,,
RB3,KT2AA,RB3KT2AA,GEC ALSTHOM,21784112,525/242/1.73,250,2013,25/05/2021,25/07/2021,7085,30648,1627,442,11,21,0,0,18,0,0,492,49,18,,
RB3,KT2AA,RB3KT2AA,GEC ALSTHOM,21784112,525/242/1.73,250,2013,13/11/2021,25/11/2021,15889,40201,1534,347,7,14,0,0,23,0,0,391,46,16,,
RB3,KT2AA,RB3KT2AA,GEC ALSTHOM,21784112,525/242/1.73,250,2013,26/05/2022,10/06/2022,6526,36712,2108,518,5,12,0,2,29,0,0,566,51,13,,
RB3,KT2AA,RB3KT2AA,GEC ALSTHOM,21784112,525/242/1.73,250,2013,19/11/2022,09/12/2022,5643,30541,2013,548,10,29,0,2,18,14,13,634,42,13,,
RB3,KT2AA,RB3KT2AA,GEC ALSTHOM,21784112,525/242/1.73,250,2013,19/11/2022,12/12/2022,7963,48585,2330,719,12,28,0,1,5,3,4,772,43,15,,
RB3,KT2AA,RB3KT2AA,GEC ALSTHOM,21784112,525/242/1.73,250,2013,20/05/2023,09/06/2023,3504,27744,2344,634,14,30,0,4,23,0,0,705,48,9,,
RB3,KT2AA,RB3KT2AA,GEC ALSTHOM,21784112,525/242/1.73,250,2013,26/11/2023,28/12/2023,10115,41662,2797,683,13,25,0,3,22,2,35,783,45,5,,
RB3,KT2AA,RB3KT2AA,GEC ALSTHOM,21784112,525/242/1.73,250,2013,07/07/2024,10/07/2024,7871,42123,3261,618,1,29,0,2,20,5,9,684,50,6,,
RB3,KT2AB,RB3KT2AB,GEC ALSTHOM,21784113,525/242/1.73,250,2013,18/05/2019,09/06/2019,10031,39514,1279,458,13,12,0,0,13,0,4,500,47,18,-,
RB3,KT2AB,RB3KT2AB,GEC ALSTHOM,21784113,525/242/1.73,250,2013,23/11/2019,21/12/2019,7152,44901,2022,783,85,20,0,0,6,37,0,931,44,18,-,
RB3,KT2AB,RB3KT2AB,GEC ALSTHOM,21784113,525/242/1.73,250,2013,22/06/2020,15/08/2020,5544,43375,1588,561,96,22,0,1,6,2,2,690,38,21,,
RB3,KT2AB,RB3KT2AB,GEC ALSTHOM,21784113,525/242/1.73,250,2013,25/05/2021,25/07/2021,8081,35395,1564,588,61,22,0,0,14,0,0,685,49,19,,
RB3,KT2AB,RB3KT2AB,GEC ALSTHOM,21784113,525/242/1.73,250,2013,13/11/2021,25/11/2021,32594,57136,1057,235,10,0,0,6,9,0,0,260,46,17,,
RB3,KT2AB,RB3KT2AB,GEC ALSTHOM,21784113,525/242/1.73,250,2013,26/05/2022,11/06/2022,5139,39686,2087,824,27,13,0,0,9,0,0,873,51,15,,
RB3,KT2AB,RB3KT2AB,GEC ALSTHOM,21784113,525/242/1.73,250,2013,19/11/2022,11/12/2022,7963,48585,1932,719,12,28,0,1,5,3,4,772,43,15,,
RB3,KT2AB,RB3KT2AB,GEC ALSTHOM,21784113,525/242/1.73,250,2013,20/05/2023,08/06/2023,7510,35889,2237,828,15,25,0,0,9,0,0,877,48,10,,
RB3,KT2AB,RB3KT2AB,GEC ALSTHOM,21784113,525/242/1.73,250,2013,26/11/2023,28/12/2023,7268,46562,2282,902,17,25,0,0,7,0,6,957,47,6,,
RB3,KT2AB,RB3KT2AB,GEC ALSTHOM,21784113,525/242/1.73,250,2013,07/07/2024,10/07/2024,5537,46356,3348,959,3,29,0,1,8,3,4,1007,48,9,,
RB3,KT2AC,RB3KT2AC,GEC ALSTHOM,21784114,525/242/1.73,250,2013,18/05/2019,09/06/2019,10322,34284,1792,581,7,13,0,2,13,3,7,626,48,18,-,
RB3,KT2AC,RB3KT2AC,GEC ALSTHOM,21784114,525/242/1.73,250,2013,23/11/2019,21/12/2019,9642,39074,2206,649,13,33,0,0,11,0,0,706,44,16,,
RB3,KT2AC,RB3KT2AC,GEC ALSTHOM,21784114,525/242/1.73,250,2013,22/06/2020,15/08/2020,6894,37846,2133,499,10,16,0,0,16,0,7,548,33,15,,
RB3,KT2AC,RB3KT2AC,GEC ALSTHOM,21784114,525/242/1.73,250,2013,25/05/2021,03/08/2021,8066,46176,1936,695,4,20,0,3,21,5,10,758,49,19,,
RB3,KT2AC,RB3KT2AC,GEC ALSTHOM,21784114,525/242/1.73,250,2013,19/11/2021,24/11/2021,7508,42891,2703,164,22,4,0,1,12,5,5,213,44,10,,
RB3,KT2AC,RB3KT2AC,GEC ALSTHOM,21784114,525/242/1.73,250,2013,26/05/2022,11/06/2022,8809,40991,2567,763,10,8,0,4,13,0,0,798,52,20,,
RB3,KT2AC,RB3KT2AC,GEC ALSTHOM,21784114,525/242/1.73,250,2013,19/11/2022,09/12/2022,7070,40190,2340,742,5,48,0,3,11,5,6,820,45,10,,
RB3,KT2AC,RB3KT2AC,GEC ALSTHOM,21784114,525/242/1.73,250,2013,20/05/2023,08/06/2023,7681,33529,2580,835,9,23,0,0,23,2,0,892,48,9,,
RB3,KT2AC,RB3KT2AC,GEC ALSTHOM,21784114,525/242/1.73,250,2013,26/11/2023,28/12/2023,3640,39296,3988,1003,26,24,0,0,20,6,12,1091,47,6,,
RB3,KT2AC,RB3KT2AC,GEC ALSTHOM,21784114,525/242/1.73,250,2013,07/07/2024,10/07/2024,4166,40451,3695,1021,3,27,0,3,16,6,5,1081,50,5,,
RE1,KT1A,RE1KT1A,TOSHIBA,890900052,115/22,50,2003,09/03/2019,08/04/2019,10363,48948,1732,79,35,67,0,8,322,0,213,724,56,20,-,
RE1,KT1A,RE1KT1A,TOSHIBA,890900052,115/22,50,2003,09/03/2020,27/03/2020,6994,58527,1780,81,27,92,0,3,435,0,376,1014,54,14,,
RE1,KT1A,RE1KT1A,TOSHIBA,890900052,115/22,50,2003,23/01/2021,23/04/2021,6379,49032,1833,89,55,68,0,11,308,21,288,840,53,28,,
RE1,KT1A,RE1KT1A,TOSHIBA,890900052,115/22,50,2003,13/02/2022,26/03/2022,5842,57059,2055,95,60,65,0,15,465,28,300,1028,48,15,,
RE1,KT1A,RE1KT1A,TOSHIBA,890900052,115/22,50,2003,12/02/2023,09/03/2023,8482,50932,1920,62,34,96,0,5,380,0,259,836,58,15,,
RE1,KT1A,RE1KT1A,TOSHIBA,890900052,115/22,50,2003,11/02/2024,19/03/2024,9462,49381,2079,51,34,87,0,8,423,0,321,924,62,25,,
RE1,KT2A,RE1KT2A,RADE KONCAR,338030,115/22/11,50,2005,09/03/2020,25/03/2020,7968,56213,6090,827,13,19,0,0,12,0,5,876,59,15,,
RE1,KT2A,RE1KT2A,RADE KONCAR,338030,115/22/11,50,2005,23/01/2021,24/04/2021,6472,60871,6158,875,42,16,0,7,6,14,3,963,53,15,,
RE1,KT2A,RE1KT2A,RADE KONCAR,338030,115/22/11,50,2005,13/02/2022,28/03/2022,9011,65280,6433,721,24,14,0,0,9,10,4,782,45,17,,
RE1,KT2A,RE1KT2A,RADE KONCAR,338030,115/22/11,50,2005,12/02/2023,05/03/2023,18367,56890,8185,1113,14,27,0,14,13,4,6,1191,58,55,,
RE1,KT2A,RE1KT2A,RADE KONCAR,338030,115/22/11,50,2005,11/02/2024,19/03/2024,13511,53352,4531,968,3,7,0,26,1,13,1,1019,54,16,,
RE1,KT3A,RE1KT3A,TOSHIBA,91900020,230/121/22,200,2006,09/03/2019,08/04/2019,10145,39427,2581,258,14,5,0,2,3,2,1,285,62,18,-,
RE1,KT3A,RE1KT3A,TOSHIBA,91900020,230/121/22,200,2006,22/06/2019,07/07/2019,4421,36927,2738,312,13,10,0,1,2,1,1,340,39,75,-,
RE1,KT3A,RE1KT3A,TOSHIBA,91900020,230/121/22,200,2006,01/09/2019,28/09/2019,9523,33846,3054,327,15,17,0,0,5,0,0,364,52,22,-,
RE1,KT3A,RE1KT3A,TOSHIBA,91900020,230/121/22,200,2006,09/03/2020,27/03/2020,7648,40871,3275,351,9,11,0,0,4,0,3,378,54,11,,
RE1,KT3A,RE1KT3A,TOSHIBA,91900020,230/121/22,200,2006,14/07/2020,22/08/2020,12870,46936,2545,202,16,8,0,1,2,2,2,233,53,13,,
RE1,KT3A,RE1KT3A,TOSHIBA,91900020,230/121/22,200,2006,23/01/2021,25/04/2021,11315,36392,2546,259,16,0,0,0,0,4,0,279,50,31,,
RE1,KT3A,RE1KT3A,TOSHIBA,91900020,230/121/22,200,2006,06/09/2021,08/11/2021,27262,51305,1846,132,6,0,0,0,10,0,0,148,53,14,,
RE1,KT3A,RE1KT3A,TOSHIBA,91900020,230/121/22,200,2006,13/02/2022,28/03/2022,9090,34934,3212,328,10,22,0,2,4,2,2,370,45,16,,
RE1,KT3A,RE1KT3A,TOSHIBA,91900020,230/121/22,200,2006,29/07/2022,20/08/2022,1979,36665,2538,312,3,17,0,2,4,3,2,343,57,20,,
RE1,KT3A,RE1KT3A,TOSHIBA,91900020,230/121/22,200,2006,12/02/2023,07/03/2023,9022,42965,3273,371,5,13,0,2,5,3,4,403,56,11,,
RE1,KT3A,RE1KT3A,TOSHIBA,91900020,230/121/22,200,2006,07/08/2023,07/09/2023,17090,33820,3519,352,4,17,0,0,3,3,2,381,62,22,,
RE1,KT3A,RE1KT3A,TOSHIBA,91900020,230/121/22,200,2006,11/02/2024,18/03/2024,8086,34700,2873,274,11,12,0,0,0,0,0,297,59,10,,
RE1,KT4A,RE1KT4A,TOSHIBA,91900021,230/121/22,200,2006,09/03/2019,27/04/2019,10794,36627,2775,230,21,0,0,0,6,0,0,257,62,22,-,
RE1,KT4A,RE1KT4A,TOSHIBA,91900021,230/121/22,200,2006,01/09/2019,28/09/2019,21161,53604,3141,249,35,7,0,0,10,0,5,306,49,15,-,
RE1,KT4A,RE1KT4A,TOSHIBA,91900021,230/121/22,200,2006,09/03/2020,27/03/2020,9607,52025,3286,260,10,22,0,0,5,0,3,300,52,31,,
RE1,KT4A,RE1KT4A,TOSHIBA,91900021,230/121/22,200,2006,14/07/2020,22/08/2020,13687,46281,2165,161,14,7,0,1,0,2,2,187,51,30,,
RE1,KT4A,RE1KT4A,TOSHIBA,91900021,230/121/22,200,2006,23/01/2021,23/04/2021,28580,59923,3198,250,42,7,0,1,3,3,3,309,48,20,,
RE1,KT4A,RE1KT4A,TOSHIBA,91900021,230/121/22,200,2006,04/09/2021,06/11/2021,9345,40725,2440,279,7,0,0,0,9,0,0,295,55,15,,
RE1,KT4A,RE1KT4A,TOSHIBA,91900021,230/121/22,200,2006,09/09/2021,06/11/2021,6383,31738,2860,237,17,0,0,0,11,0,0,265,51,12,,
RE1,KT4A,RE1KT4A,TOSHIBA,91900021,230/121/22,200,2006,13/02/2022,28/03/2022,11403,39877,2262,193,16,0,0,0,9,0,0,218,42,20,,
RE1,KT4A,RE1KT4A,TOSHIBA,91900021,230/121/22,200,2006,29/07/2022,19/08/2022,2183,44742,2425,251,5,10,0,0,4,3,3,276,54,23,,
RE1,KT4A,RE1KT4A,TOSHIBA,91900021,230/121/22,200,2006,12/02/2023,07/03/2023,7654,31524,2977,289,18,11,0,1,7,0,3,329,55,13,,
RE1,KT4A,RE1KT4A,TOSHIBA,91900021,230/121/22,200,2006,07/08/2023,07/09/2023,12580,29400,3750,298,9,16,0,0,3,1,2,329,60,16,,
RE1,KT4A,RE1KT4A,TOSHIBA,91900021,230/121/22,200,2006,11/02/2024,19/03/2024,11226,36146,2679,227,11,9,0,0,11,0,15,273,57,10,,
RN,KT1A,RNKT1A,VOLTA WERKE,60538001,115/33/11,25,1993,30/03/2019,26/08/2019,12040,40454,1260,224,9,5,0,4,3,2,3,250,42,26,-,
RN,KT1A,RNKT1A,VOLTA WERKE,60538001,115/33/11,25,1993,23/11/2019,26/12/2019,26980,65090,749,51,30,4,0,0,0,0,0,85,36,19,-,
RN,KT1A,RNKT1A,VOLTA WERKE,60538001,115/33/11,25,1993,07/11/2020,28/11/2020,11012,64293,956,162,49,27,0,6,6,6,3,259,53,33,,
RN,KT1A,RNKT1A,VOLTA WERKE,60538001,115/33/11,25,1993,02/08/2021,15/08/2021,15092,63461,1116,209,43,17,0,10,5,3,3,890,35,24,Single line to ground fault 24//07/50,
RN,KT1A,RNKT1A,VOLTA WERKE,60538001,115/33/11,25,1993,31/10/2021,22/11/2021,7150,24840,1024,162,9,1,0,8,0,1,0,181,50,12,,
RN,KT1A,RNKT1A,VOLTA WERKE,60538001,115/33/11,25,1993,17/11/2022,13/01/2023,10620,60450,2127,238,34,3,0,2,1,3,1,282,49,25,,
RN,KT1A,RNKT1A,VOLTA WERKE,60538001,115/33/11,25,1993,25/11/2023,06/01/2024,12787,59398,2505,498,34,2,0,5,4,4,5,552,0,0,,
RN,KT2A,RNKT2A,VOLTA WERKE,60494001,115/33/11,25,1993,23/11/2019,22/12/2019,6420,49320,1771,192,51,108,0,3,169,0,99,622,45,13,-,
RN,KT2A,RNKT2A,VOLTA WERKE,60494001,115/33/11,25,1993,07/11/2020,27/11/2020,5559,51138,1461,164,38,78,0,5,115,14,82,496,38,17,,
RN,KT2A,RNKT2A,VOLTA WERKE,60494001,115/33/11,25,1993,31/10/2021,22/11/2021,5313,39771,1139,151,45,81,0,13,154,0,44,488,35,11,,
RN,KT2A,RNKT2A,VOLTA WERKE,60494001,115/33/11,25,1993,17/11/2022,12/01/2023,11270,66800,1948,115,13,57,0,5,102,15,79,386,32,23,,
RN,KT2A,RNKT2A,VOLTA WERKE,60494001,115/33/11,25,1993,25/11/2023,26/01/2024,11958,56630,1653,182,22,90,0,18,137,16,77,542,28,23,,
RPB,KT1A,RPBKT1A,MITSUBISHI,9374740101,230/121/33,200,2007,30/05/2019,27/05/2019,5709,46031,2387,90,38,27,0,0,83,0,46,284,50,20,-,
RPB,KT1A,RPBKT1A,MITSUBISHI,9374740101,230/121/33,200,2007,18/11/2019,22/12/2019,6740,55290,3127,117,42,41,0,0,107,0,80,387,55,17,-,
RPB,KT1A,RPBKT1A,MITSUBISHI,9374740101,230/121/33,200,2007,10/05/2020,31/05/2020,6851,54187,1175,64,40,40,0,0,100,63,80,387,50,8,,
RPB,KT1A,RPBKT1A,MITSUBISHI,9374740101,230/121/33,200,2007,02/11/2020,27/11/2020,5851,64595,1232,68,40,30,0,12,110,29,68,357,53,14,,
RPB,KT1A,RPBKT1A,MITSUBISHI,9374740101,230/121/33,200,2007,04/05/2021,23/07/2021,34246,61920,1283,68,7,0,0,0,50,0,6,131,59,18,,
RPB,KT1A,RPBKT1A,MITSUBISHI,9374740101,230/121/33,200,2007,07/11/2021,23/11/2021,5670,40250,2375,66,19,27,0,0,79,7,73,271,54,11,,
RPB,KT1A,RPBKT1A,MITSUBISHI,9374740101,230/121/33,200,2007,19/02/2022,13/01/2023,3220,51540,2956,83,25,33,0,0,84,5,62,292,55,6,,
RPB,KT1A,RPBKT1A,MITSUBISHI,9374740101,230/121/33,200,2007,10/04/2022,23/04/2022,5492,61294,2499,61,42,27,0,11,81,5,65,292,55,16,,
RPB,KT1A,RPBKT1A,MITSUBISHI,9374740101,230/121/33,200,2007,28/04/2022,15/05/2022,5392,45226,3064,86,26,22,0,2,92,0,30,258,53,15,,
RPB,KT1A,RPBKT1A,MITSUBISHI,9374740101,230/121/33,200,2007,05/05/2023,18/05/2023,20450,61160,2751,82,23,18,0,0,59,0,61,243,46,6,,
RPB,KT1A,RPBKT1A,MITSUBISHI,9374740101,230/121/33,200,2007,27/11/2023,25/01/2024,8708,59660,3730,114,34,35,0,1,110,0,57,351,64,15,,
RPB,KT2A,RPBKT2A,MEIDENSHA,5G8292T1,115/33,25,1994,02/11/2020,28/11/2020,7476,33368,270,23,27,8,0,0,8,0,4,70,54,11,,
RPB,KT2A,RPBKT2A,MEIDENSHA,5G8292T1,115/33,25,1994,21/12/2020,25/12/2020,7862,38327,124,5,0,0,0,0,0,0,0,5,,28,ทดสอบก่อนนำเข้าใช้งาน ย้ายมาจาก สฟ.แม่เมาะ 3 KT2A,
RPB,KT2A,RPBKT2A,MEIDENSHA,5G8292T1,115/33,25,1994,07/11/2021,22/11/2021,4280,15990,1574,51,8,9,0,0,10,2,7,87,51,10,,
RPB,KT2A,RPBKT2A,MEIDENSHA,5G8292T1,115/33,25,1994,10/04/2022,23/04/2022,4962,28495,1301,51,29,8,0,8,10,2,6,114,55,16,,
RPB,KT2A,RPBKT2A,MEIDENSHA,5G8292T1,115/33,25,1994,19/12/2022,13/01/2023,2330,17580,1757,69,8,11,0,0,13,2,7,110,55,11,,
RPB,KT2A,RPBKT2A,MEIDENSHA,5G8292T1,115/33,25,1994,27/11/2023,25/01/2024,6762,24934,1894,95,18,11,0,3,18,2,9,156,55,22,,
RPB,KT3A,RPBKT3A,ABB,55005,230/12/33,200,2010,30/05/2019,25/07/2019,6250,24870,2915,112,33,30,0,0,64,0,18,257,56,20,-,
RPB,KT3A,RPBKT3A,ABB,55005,230/12/33,200,2010,18/11/2019,23/12/2019,10879,40415,2899,167,21,33,0,0,0,0,34,255,48,14,-,
RPB,KT3A,RPBKT3A,ABB,55005,230/12/33,200,2010,10/05/2020,31/05/2020,9215,38457,1451,83,19,45,0,0,79,10,57,293,52,24,,
RPB,KT3A,RPBKT3A,ABB,55005,230/12/33,200,2010,06/07/2020,19/07/2020,11705,61328,469,42,21,27,0,2,59,0,32,183,53,14,,
RPB,KT3A,RPBKT3A,ABB,55005,230/12/33,200,2010,02/11/2020,29/11/2020,12554,47093,527,48,19,18,0,0,68,0,37,190,55,11,,
RPB,KT3A,RPBKT3A,ABB,55005,230/12/33,200,2010,04/05/2021,24/07/2021,10009,20300,994,22,12,0,0,0,20,0,0,54,62,18,,
RPB,KT3A,RPBKT3A,ABB,55005,230/12/33,200,2010,07/11/2021,22/11/2021,8925,17138,1285,23,10,0,0,0,30,0,3,66,53,9,,
RPB,KT3A,RPBKT3A,ABB,55005,230/12/33,200,2010,10/04/2022,23/04/2022,3746,23338,1706,29,16,12,0,12,31,1,27,128,59,14,,
RPB,KT3A,RPBKT3A,ABB,55005,230/12/33,200,2010,28/04/2022,15/05/2022,3809,13477,1817,34,15,8,0,2,31,0,2,92,60,8,,
RPB,KT3A,RPBKT3A,ABB,55005,230/12/33,200,2010,19/12/2022,08/01/2023,24514,57683,1920,53,32,9,0,1,28,0,11,134,58,10,,
RPB,KT3A,RPBKT3A,ABB,55005,230/12/33,200,2010,05/05/2023,18/05/2023,18670,46760,1889,52,7,11,0,0,27,2,25,124,52,17,,
RPB,KT3A,RPBKT3A,ABB,55005,230/12/33,200,2010,27/11/2023,26/01/2024,13691,40521,2634,90,68,18,0,6,49,7,37,275,65,22,,
RPB,KT4A,RPBKT4A,FUJI,AG69095T312,115/33/11,25,1997,02/11/2020,27/11/2020,5489,31435,1891,132,22,9,0,8,157,0,62,390,54,20,,
RPB,KT4A,RPBKT4A,FUJI,AG69095T312,115/33/11,25,1997,07/11/2021,22/11/2021,1580,15460,1284,50,6,12,0,0,23,3,12,106,46,12,,
RPB,KT4A,RPBKT4A,FUJI,AG69095T312,115/33/11,25,1997,10/04/2022,23/04/2022,6364,33718,1112,41,12,10,0,0,25,0,14,102,50,20,,
RPB,KT4A,RPBKT4A,FUJI,AG69095T312,115/33/11,25,1997,19/12/2022,13/01/2023,9438,29081,1008,69,23,16,0,2,45,2,26,183,47,12,,
RPB,KT4A,RPBKT4A,FUJI,AG69095T312,115/33/11,25,1997,27/11/2023,25/01/2024,9442,32613,1169,71,16,17,0,3,47,3,23,180,49,18,,
RPS,KT1A,RPSKT1A,TRAFO UNION,N408036,230,300,2009,18/05/2019,24/05/2019,8512,42218,2569,345,19,6,0,0,9,0,0,379,48,23,-,
RPS,KT1A,RPSKT1A,TRAFO UNION,N408036,230,300,2009,01/11/2019,08/11/2019,5547,36240,2928,388,22,13,0,0,8,0,0,431,54,10,-,
RPS,KT1A,RPSKT1A,TRAFO UNION,N408036,230,300,2009,26/05/2020,01/06/2020,6828,29108,2653,355,22,0,0,0,7,0,0,384,60,9,,
RPS,KT1A,RPSKT1A,TRAFO UNION,N408036,230,300,2009,23/11/2020,29/11/2020,8438,38519,3069,400,14,0,0,0,3,0,8,425,58,6,,
RPS,KT1A,RPSKT1A,TRAFO UNION,N408036,230,300,2009,21/05/2021,12/07/2021,8391,30766,5024,371,15,82,0,22,92,0,22,604,62,14,,
RPS,KT1A,RPSKT1A,TRAFO UNION,N408036,230,300,2009,23/11/2021,10/12/2021,5844,43466,4559,445,27,16,0,0,3,0,10,501,48,18,,
RPS,KT1A,RPSKT1A,TRAFO UNION,N408036,230,300,2009,30/05/2022,04/06/2022,7060,46692,4435,523,13,11,0,0,3,5,8,563,56,13,,
RPS,KT1A,RPSKT1A,TRAFO UNION,N408036,230,300,2009,12/12/2022,15/12/2022,5090,34780,4681,510,12,21,0,0,3,17,9,572,60,16,,
RPS,KT1A,RPSKT1A,TRAFO UNION,N408036,230,300,2009,18/05/2023,29/05/2023,3290,34650,5683,521,20,8,0,0,3,19,13,584,60,10,,
RPS,KT1A,RPSKT1A,TRAFO UNION,N408036,230,300,2009,16/11/2023,16/12/2023,9238,40812,4851,445,32,10,0,0,3,0,11,501,56,9,,
RPS,KT2A,RPSKT2A,SIEMENS,N422375,230,200,2009,18/05/2023,29/05/2023,2050,33480,5209,403,23,7,0,0,3,0,8,444,60,10,,
RPS,KT2A,RPSKT2A,SIEMENS,N422375,230,200,2009,16/11/2023,16/12/2023,7307,39174,5329,573,40,9,0,1,3,0,6,632,60,6,,
RS,KT1A,RSKT1A,TAKAOKA,8946783,230/72/11,200,2009,22/05/2019,29/06/2019,5705,44748,6754,93,29,66,0,8,250,0,130,576,42,17,-,
RS,KT1A,RSKT1A,TAKAOKA,8946783,230/72/11,200,2009,10/11/2019,15/12/2019,8180,69715,4774,56,33,48,0,0,246,0,186,569,38,15,-,
RS,KT1A,RSKT1A,TAKAOKA,8946783,230/72/11,200,2009,02/06/2020,04/07/2020,5482,50223,5753,79,34,61,0,5,247,0,147,573,34,22,,
RS,KT1A,RSKT1A,TAKAOKA,8946783,230/72/11,200,2009,08/11/2020,22/11/2020,8668,63476,5720,81,20,45,0,0,248,0,141,535,,37,,
RS,KT1A,RSKT1A,TAKAOKA,8946783,230/72/11,200,2009,25/05/2021,13/07/2021,5930,55840,5872,70,40,55,0,6,254,0,110,535,34,24,,
RS,KT1A,RSKT1A,TAKAOKA,8946783,230/72/11,200,2009,09/11/2021,19/11/2021,5740,46950,6263,54,19,45,0,0,215,20,176,529,,9,,
RS,KT1A,RSKT1A,TAKAOKA,8946783,230/72/11,200,2009,05/06/2022,13/06/2022,4332,58825,6597,87,36,43,0,7,285,0,91,549,46,16,,
RS,KT1A,RSKT1A,TAKAOKA,8946783,230/72/11,200,2009,27/11/2022,02/12/2022,4339,52962,5661,89,40,63,0,7,277,116,133,725,40,11,,
RS,KT1A,RSKT1A,TAKAOKA,8946783,230/72/11,200,2009,21/05/2023,25/05/2023,4228,64329,5577,95,41,70,0,6,244,11,145,612,43,14,,
RS,KT1A,RSKT1A,TAKAOKA,8946783,230/72/11,200,2009,09/09/2023,09/09/2023,8416,68023,5225,86,27,58,0,20,268,19,115,593,43,13,มี Fault ที่ PEA ระยะทาง 1.5 ก.ม,
RS,KT1A,RSKT1A,TAKAOKA,8946783,230/72/11,200,2009,19/09/2023,19/09/2023,3288,63635,5590,92,57,74,0,37,330,20,139,749,,13,หม้อแปลง TRIP เนื่องจาก OVERCURRENT RELAY ด้าน LV.,
RS,KT1A,RSKT1A,TAKAOKA,8946783,230/72/11,200,2009,09/12/2023,23/01/2024,11303,69412,5193,91,42,59,0,4,308,12,151,667,45,18,,
RS,KT1A,RSKT1A,TAKAOKA,8946783,230/72/11,200,2009,11/06/2024,12/06/2024,12567,66300,5862,104,48,83,0,9,358,8,158,768,52,13,,
RS,KT2A,RSKT2A,TAKAOKA,8946785,220/69/11,200,2009,22/05/2019,29/06/2019,10622,37467,5043,136,13,36,0,3,110,0,61,359,53,15,-,
RS,KT2A,RSKT2A,TAKAOKA,8946785,220/69/11,200,2009,10/11/2019,14/12/2019,5642,57132,4209,106,25,38,0,2,145,0,81,397,52,33,-,
RS,KT2A,RSKT2A,TAKAOKA,8946785,220/69/11,200,2009,08/11/2020,21/11/2020,4235,49361,1807,43,42,33,0,0,107,0,82,307,50,11,,
RS,KT2A,RSKT2A,TAKAOKA,8946785,220/69/11,200,2009,25/05/2021,12/07/2021,8699,36243,4995,118,28,34,0,0,123,0,91,394,58,16,,
RS,KT2A,RSKT2A,TAKAOKA,8946785,220/69/11,200,2009,09/11/2021,20/11/2021,9507,72768,3265,99,24,30,0,0,149,0,28,330,44,9,,
RS,KT2A,RSKT2A,TAKAOKA,8946785,220/69/11,200,2009,05/06/2022,13/06/2022,4197,77761,3748,92,24,27,0,0,147,0,49,339,51,12,,
RS,KT2A,RSKT2A,TAKAOKA,8946785,220/69/11,200,2009,27/11/2022,02/12/2022,6316,71168,3611,103,20,39,0,4,135,66,60,427,40,12,,
RS,KT2A,RSKT2A,TAKAOKA,8946785,220/69/11,200,2009,21/05/2023,25/05/2023,7181,72070,3953,109,18,41,0,4,132,6,80,390,53,12,,
RS,KT2A,RSKT2A,TAKAOKA,8946785,220/69/11,200,2009,09/09/2023,09/09/2023,9369,89923,3635,93,22,44,0,14,144,13,90,420,43,12,มี Fault ที่ PEA ระยะทาง 1.5 ก.ม,
RS,KT2A,RSKT2A,TAKAOKA,8946785,220/69/11,200,2009,19/09/2023,19/09/2023,5099,93712,3802,99,41,50,0,1,143,0,83,417,,12,หม้อแปลง TRIP เนื่องจาก OVERCURRENT RELAY ด้าน LV.,
RS,KT2A,RSKT2A,TAKAOKA,8946785,220/69/11,200,2009,09/12/2023,23/01/2024,8128,91192,4348,118,47,40,0,9,168,8,80,470,47,15,,
RS,KT2A,RSKT2A,TAKAOKA,8946785,220/69/11,200,2009,11/06/2024,12/06/2024,13671,86264,4430,143,32,53,0,5,199,9,87,528,54,10,,
RS,KT4A,RSKT4A,FUJI,AG69005T1,230/69/11,200,2001,22/05/2019,30/06/2019,9913,42066,1638,58,16,9,0,2,18,0,12,115,48,10,de energize.,
RS,KT4A,RSKT4A,FUJI,AG69005T1,230/69/11,200,2001,10/11/2019,14/12/2019,7364,32776,1250,80,20,21,0,2,26,0,17,166,33,23,-,
RS,KT4A,RSKT4A,FUJI,AG69005T1,230/69/11,200,2001,02/06/2020,04/07/2020,6146,25787,1552,58,58,11,0,0,38,0,8,173,57,21,,
RS,KT4A,RSKT4A,FUJI,AG69005T1,230/69/11,200,2001,08/11/2020,21/11/2020,5796,43045,796,29,82,14,0,0,28,0,21,174,34,10,,
RS,KT4A,RSKT4A,FUJI,AG69005T1,230/69/11,200,2001,25/05/2021,13/07/2021,5636,28992,1228,47,56,12,0,0,38,0,10,163,35,12,De-energize .,
RS,KT4A,RSKT4A,FUJI,AG69005T1,230/69/11,200,2001,09/11/2021,20/11/2021,8817,30176,1177,54,66,12,0,0,43,0,3,178,30,10,,
RS,KT4A,RSKT4A,FUJI,AG69005T1,230/69/11,200,2001,05/06/2022,13/06/2022,5060,26155,1338,60,19,15,0,0,52,0,12,158,33,7,NO ENERGIZE,
RS,KT4A,RSKT4A,FUJI,AG69005T1,230/69/11,200,2001,27/11/2022,02/12/2022,3210,25553,1269,65,48,19,0,3,50,18,26,229,29,9,,
RS,KT4A,RSKT4A,FUJI,AG69005T1,230/69/11,200,2001,21/05/2023,25/05/2023,4210,34119,1030,47,43,10,0,4,46,2,26,178,35,7,NO ENERGIZE,
RS,KT4A,RSKT4A,FUJI,AG69005T1,230/69/11,200,2001,09/12/2023,20/01/2024,8052,37785,1137,65,91,19,0,6,55,3,29,268,32,13,TX. NO-ENERGIZE,
RS,KT4A,RSKT4A,FUJI,AG69005T1,230/69/11,200,2001,11/06/2024,12/06/2024,5787,37043,1125,84,68,28,0,5,83,2,37,307,32,5,,
RS,KT5A,RSKT5A,ALSTOM,217914-01,230/121/22,300,2014,04/01/2019,17/01/2019,4892,14565,360,71,0,0,0,0,0,0,0,71,40,17,-,
RS,KT5A,RSKT5A,ALSTOM,217914-01,230/121/22,300,2014,27/05/2019,31/05/2019,8172,30940,775,149,11,0,0,0,0,0,0,160,55,17,-,
RS,KT5A,RSKT5A,ALSTOM,217914-01,230/121/22,300,2014,10/11/2019,13/12/2019,10486,29785,909,165,30,6,0,0,0,0,0,201,52,8,-,
RS,KT5A,RSKT5A,ALSTOM,217914-01,230/121/22,300,2014,02/06/2020,03/07/2020,8635,22328,1037,205,22,0,0,0,7,0,0,234,50,11,,
RS,KT5A,RSKT5A,ALSTOM,217914-01,230/121/22,300,2014,08/11/2020,21/11/2020,13952,41824,526,79,33,2,0,0,1,0,1,116,60,14,,
RS,KT5A,RSKT5A,ALSTOM,217914-01,230/121/22,300,2014,25/05/2021,12/07/2021,16343,57087,1076,171,25,1,0,0,0,0,0,197,54,8,,
RS,KT5A,RSKT5A,ALSTOM,217914-01,230/121/22,300,2014,09/11/2021,20/11/2021,6501,22121,1349,285,23,0,0,0,6,0,0,314,50,8,,
RS,KT5A,RSKT5A,ALSTOM,217914-01,230/121/22,300,2014,05/06/2022,13/06/2022,7720,36850,1309,283,19,4,0,13,3,2,2,326,54,10,,
RS,KT5A,RSKT5A,ALSTOM,217914-01,230/121/22,300,2014,27/11/2022,02/12/2022,6966,31068,1713,426,27,8,0,2,3,0,0,466,48,8,,
RS,KT5A,RSKT5A,ALSTOM,217914-01,230/121/22,300,2014,21/05/2023,25/05/2023,3736,21853,1617,488,29,7,0,3,5,2,3,537,52,6,,
RS,KT5A,RSKT5A,ALSTOM,217914-01,230/121/22,300,2014,09/12/2023,23/01/2024,10208,30504,1877,414,29,0,0,3,4,2,4,456,46,12,,
RS,KT5A,RSKT5A,ALSTOM,217914-01,230/121/22,300,2014,11/06/2024,12/06/2024,5833,22548,1363,538,23,14,0,4,7,2,10,598,50,6,,
RS,KT6A,RSKT6A,SCHORCH,275050239601,230/115,300,2013,22/05/2019,30/06/2019,9125,42983,3824,586,24,7,0,1,1,2,5,626,66,12,-,
RS,KT6A,RSKT6A,SCHORCH,275050239601,230/115,300,2013,10/11/2019,15/12/2019,12640,53729,4222,566,29,7,0,0,0,38,0,640,70,9,-,
RS,KT6A,RSKT6A,SCHORCH,275050239601,230/115,300,2013,02/06/2020,03/07/2020,6536,38733,4941,878,32,0,0,0,13,0,0,923,68,10,,
RS,KT6A,RSKT6A,SCHORCH,275050239601,230/115,300,2013,08/11/2020,21/11/2020,7296,60481,2498,288,38,6,0,0,2,0,10,344,64,16,,
RS,KT6A,RSKT6A,SCHORCH,275050239601,230/115,300,2013,25/05/2021,12/07/2021,6554,20397,2664,348,24,3,0,0,0,0,0,375,70,6,,
RS,KT6A,RSKT6A,SCHORCH,275050239601,230/115,300,2013,09/11/2021,20/11/2021,7321,39071,6238,623,26,15,0,0,17,0,1,682,74,10,,
RS,KT6A,RSKT6A,SCHORCH,275050239601,230/115,300,2013,05/06/2022,13/06/2022,5080,56170,6052,578,50,12,0,24,18,21,7,710,70,15,,
RS,KT6A,RSKT6A,SCHORCH,275050239601,230/115,300,2013,27/11/2022,02/12/2022,5652,39343,6885,707,40,14,0,2,1,14,9,787,62,7,,
RS,KT6A,RSKT6A,SCHORCH,275050239601,230/115,300,2013,21/05/2023,25/05/2023,4353,39814,6635,744,42,13,0,3,6,4,18,830,68,11,,
RS,KT6A,RSKT6A,SCHORCH,275050239601,230/115,300,2013,09/12/2023,13/01/2024,11841,41878,7403,710,45,17,0,6,9,4,18,809,64,16,,
RS,KT6A,RSKT6A,SCHORCH,275050239601,230/115,300,2013,11/06/2024,12/06/2024,4876,43495,6374,907,41,20,0,4,7,4,18,1001,0,0,,
RS,KT7A,RSKT7A,TAKAOKA,8946784,230/72/11,200,2003,22/05/2019,29/06/2019,7891,38596,4853,520,40,14,0,0,10,0,0,584,54,14,-,
RS,KT7A,RSKT7A,TAKAOKA,8946784,230/72/11,200,2003,10/11/2019,14/12/2019,9092,54894,4633,440,34,12,0,0,4,2,7,499,53,29,-,
RS,KT7A,RSKT7A,TAKAOKA,8946784,230/72/11,200,2003,02/06/2020,04/07/2020,7108,43734,4435,509,32,11,0,0,6,0,0,558,52,21,,
RS,KT7A,RSKT7A,TAKAOKA,8946784,230/72/11,200,2003,08/11/2020,21/11/2020,7592,52146,2019,197,42,8,0,0,3,0,6,256,50,9,,
RS,KT7A,RSKT7A,TAKAOKA,8946784,230/72/11,200,2003,25/05/2021,18/07/2021,12219,60731,3475,329,16,0,0,0,0,0,0,345,36,8,De-energize .,
RS,KT7A,RSKT7A,TAKAOKA,8946784,230/72/11,200,2003,09/11/2021,19/11/2021,8090,46800,5152,429,22,8,0,0,3,34,7,503,32,5,NO-ENERGIZE,
RS,KT7A,RSKT7A,TAKAOKA,8946784,230/72/11,200,2003,05/06/2022,13/06/2022,8650,76040,4191,364,46,8,0,17,4,7,4,450,35,7,"NO ENERGIZE
NO ENERGIZE",
RS,KT7A,RSKT7A,TAKAOKA,8946784,230/72/11,200,2003,27/11/2022,02/12/2022,8449,53614,4232,530,41,16,0,2,10,5,4,608,29,9,,
RS,KT7A,RSKT7A,TAKAOKA,8946784,230/72/11,200,2003,21/05/2023,25/05/2023,10658,78537,4583,691,32,13,0,3,6,2,9,756,34,7,,
RS,KT7A,RSKT7A,TAKAOKA,8946784,230/72/11,200,2003,09/12/2023,13/01/2024,13714,74955,4982,592,43,17,0,4,4,2,8,670,32,11,TX. NO-ENERGIZE,
RS,KT7A,RSKT7A,TAKAOKA,8946784,230/72/11,200,2003,11/06/2024,12/06/2024,7924,79949,4004,743,28,22,0,2,7,2,12,816,32,6,,
RS,KT8A,RSKT8A,SCHORCH,275050229801,230/121/22,300,2011,22/05/2019,29/06/2019,8724,39694,4495,780,33,6,0,0,5,0,0,824,64,10,-,
RS,KT8A,RSKT8A,SCHORCH,275050229801,230/121/22,300,2011,10/11/2019,14/12/2019,9484,45486,4430,641,19,5,0,0,0,3,9,677,66,18,-,
RS,KT8A,RSKT8A,SCHORCH,275050229801,230/121/22,300,2011,02/06/2020,03/07/2020,5512,29710,5310,670,40,12,0,0,12,0,0,734,70,13,,
RS,KT8A,RSKT8A,SCHORCH,275050229801,230/121/22,300,2011,08/11/2020,22/11/2020,4528,48471,5492,903,23,8,0,0,8,0,13,955,63,14,,
RS,KT8A,RSKT8A,SCHORCH,275050229801,230/121/22,300,2011,25/05/2021,13/07/2021,5644,36820,5454,781,32,12,0,0,6,0,0,831,70,21,,
RS,KT8A,RSKT8A,SCHORCH,275050229801,230/121/22,300,2011,09/11/2021,19/11/2021,4440,39180,7840,783,21,10,0,0,7,50,18,889,65,10,,
RS,KT8A,RSKT8A,SCHORCH,275050229801,230/121/22,300,2011,05/06/2022,13/06/2022,5450,58630,6409,616,42,7,0,11,2,39,14,731,65,12,,
RS,KT8A,RSKT8A,SCHORCH,275050229801,230/121/22,300,2011,27/11/2022,02/12/2022,5999,39351,6423,808,35,14,0,1,4,18,17,897,60,9,,
RS,KT8A,RSKT8A,SCHORCH,275050229801,230/121/22,300,2011,21/05/2023,25/05/2023,6753,58316,6994,729,29,18,0,3,5,4,17,805,67,8,,
RS,KT8A,RSKT8A,SCHORCH,275050229801,230/121/22,300,2011,09/12/2023,23/01/2024,13637,52062,7166,953,35,20,0,4,11,3,21,1047,62,14,,
RS,KT8A,RSKT8A,SCHORCH,275050229801,230/121/22,300,2011,11/06/2024,12/06/2024,6070,53110,8126,1318,44,23,0,12,12,4,22,1435,70,6,,
RY1,KT1A,RY1KT1A,EKARAT,EDP011301,115/22,50,2014,22/03/2020,10/04/2020,8140,66340,1660,641,56,8,0,0,3,0,6,714,52,7,,
RY1,KT1A,RY1KT1A,EKARAT,EDP011301,115/22,50,2014,17/03/2022,31/03/2022,8034,81662,1729,658,23,7,0,0,2,0,6,696,53,15,,
RY1,KT1A,RY1KT1A,EKARAT,EDP011301,115/22,50,2014,16/09/2022,22/09/2022,7440,70680,2735,606,4,12,0,6,1,7,6,642,46,6,,
RY1,KT1A,RY1KT1A,EKARAT,EDP011301,115/22,50,2014,13/05/2023,21/05/2023,7924,58992,2572,641,8,23,0,3,3,2,1,681,54,7,,
RY1,KT1A,RY1KT1A,EKARAT,EDP011301,115/22,50,2014,19/04/2024,24/04/2024,11410,48140,5440,757,10,32,0,8,6,202,14,1029,55,10,,
RY1,KT2A,RY1KT2A,MEIDEN,8P9096T1,115/22,50,2004,21/03/2020,10/04/2020,7610,32950,1474,162,52,54,0,0,72,36,52,428,68,10,,
RY1,KT2A,RY1KT2A,MEIDEN,8P9096T1,115/22,50,2004,17/03/2022,01/04/2022,13922,64002,1571,165,4,32,0,0,63,0,47,311,52,17,,
RY1,KT2A,RY1KT2A,MEIDEN,8P9096T1,115/22,50,2004,16/09/2022,22/09/2022,12996,55591,1956,171,1,48,0,1,89,3,48,361,61,8,,
RY1,KT2A,RY1KT2A,MEIDEN,8P9096T1,115/22,50,2004,13/05/2023,21/05/2023,6604,44812,1837,161,3,41,0,0,69,0,46,320,58,8,,
RY1,KT2A,RY1KT2A,MEIDEN,8P9096T1,115/22,50,2004,19/04/2024,24/04/2024,6840,27540,2969,201,5,65,0,3,115,13,88,490,76,5,,
RY2,KT1A,RY2KT1A,FUJI,AE69025T1,230/115/22,200,1997,09/03/2019,18/03/2019,9633,41965,1141,74,8,27,0,0,96,0,51,256,56,19,-,
RY2,KT1A,RY2KT1A,FUJI,AE69025T1,230/115/22,200,1997,14/02/2020,06/03/2020,5214,57142,1278,92,11,29,0,0,99,0,54,285,54,11,,
RY2,KT1A,RY2KT1A,FUJI,AE69025T1,230/115/22,200,1997,31/01/2021,21/03/2021,6620,60000,1230,100,51,42,0,0,92,0,84,369,49,18,,
RY2,KT1A,RY2KT1A,FUJI,AE69025T1,230/115/22,200,1997,14/08/2022,02/09/2022,3137,81621,1212,95,8,56,0,3,116,0,75,353,54,13,,
RY2,KT1A,RY2KT1A,FUJI,AE69025T1,230/115/22,200,1997,01/03/2023,01/03/2023,2593,57806,1536,127,51,67,0,4,134,1,83,467,38,8,Sudden Pressure Trip,
RY2,KT1A,RY2KT1A,FUJI,AE69025T1,230/115/22,200,1997,08/03/2023,12/03/2023,16423,69137,1438,128,48,52,0,3,121,1,84,437,58,7,,
RY2,KT1A,RY2KT1A,FUJI,AE69025T1,230/115/22,200,1997,20/04/2024,26/04/2024,5712,47195,1399,144,41,59,0,4,153,0,78,479,60,9,,
RY2,KT2A,RY2KT2A,MEIDEN,8N5446T3,115/22,50,2012,09/03/2019,18/03/2019,12011,47101,2201,822,5,4,0,1,6,1,1,840,62,15,-,
RY2,KT2A,RY2KT2A,MEIDEN,8N5446T3,115/22,50,2012,14/02/2020,06/03/2020,14423,74958,2471,831,6,4,0,0,5,0,0,846,52,6,,
RY2,KT2A,RY2KT2A,MEIDEN,8N5446T3,115/22,50,2012,31/01/2021,26/03/2021,17820,24052,0,0,43,0,0,2,2,0,2,47,46,18,,
RY2,KT2A,RY2KT2A,MEIDEN,8N5446T3,115/22,50,2012,14/08/2022,02/09/2022,3956,80521,2337,1103,2,6,0,5,5,2,11,1134,51,9,,
RY2,KT2A,RY2KT2A,MEIDEN,8N5446T3,115/22,50,2012,08/03/2023,12/03/2023,29355,82731,2423,984,1,7,0,8,3,3,6,1012,50,8,,
RY2,KT3A,RY2KT3A,FUJI,AX69026T2,230/115/22,200,2000,09/03/2019,18/03/2019,8526,37455,2155,82,5,16,0,0,36,0,0,139,62,20,-,
RY2,KT3A,RY2KT3A,FUJI,AX69026T2,230/115/22,200,2000,14/02/2020,06/03/2020,5038,39052,2281,95,13,14,0,0,46,0,13,181,61,11,,
RY2,KT3A,RY2KT3A,FUJI,AX69026T2,230/115/22,200,2000,31/01/2021,21/03/2021,10410,52310,2300,100,29,16,0,0,39,12,28,224,50,9,,
RY2,KT3A,RY2KT3A,FUJI,AX69026T2,230/115/22,200,2000,08/04/2022,10/04/2022,4047,29267,2128,91,23,29,0,1,71,0,20,235,56,10,,
RY2,KT3A,RY2KT3A,FUJI,AX69026T2,230/115/22,200,2000,14/08/2022,02/09/2022,2145,45445,2015,92,8,45,0,0,80,0,39,264,55,10,,
RY2,KT3A,RY2KT3A,FUJI,AX69026T2,230/115/22,200,2000,17/02/2023,25/02/2023,5709,33756,2075,95,21,37,0,0,84,0,34,271,58,9,,
RY2,KT3A,RY2KT3A,FUJI,AX69026T2,230/115/22,200,2000,20/04/2024,26/04/2024,7262,29731,2021,71,21,32,0,3,93,0,34,254,60,8,,
RY2,KT4A,RY2KT4A,FUJI,AQ69007T1,230/115/22,200,2006,09/03/2019,18/03/2019,6886,37764,1924,99,14,37,0,4,206,0,111,471,59,13,-,
RY2,KT4A,RY2KT4A,FUJI,AQ69007T1,230/115/22,200,2006,14/02/2020,06/03/2020,10387,68225,1840,104,27,41,0,4,197,0,93,466,56,13,,
RY2,KT4A,RY2KT4A,FUJI,AQ69007T1,230/115/22,200,2006,31/01/2021,26/03/2021,8350,22986,0,36,38,53,0,2,248,263,188,828,48,12,,
RY2,KT4A,RY2KT4A,FUJI,AQ69007T1,230/115/22,200,2006,08/04/2022,10/04/2022,4633,71077,1640,95,29,21,0,5,287,0,102,539,53,15,,
RY2,KT4A,RY2KT4A,FUJI,AQ69007T1,230/115/22,200,2006,14/08/2022,02/09/2022,2483,89128,1460,97,7,72,0,5,325,0,240,746,50,9,,
RY2,KT4A,RY2KT4A,FUJI,AQ69007T1,230/115/22,200,2006,17/02/2023,25/02/2023,4972,76144,1673,101,21,68,0,4,321,0,172,687,53,7,,
RY2,KT4A,RY2KT4A,FUJI,AQ69007T1,230/115/22,200,2006,20/04/2024,26/04/2024,4039,63701,1622,100,28,68,0,6,384,0,201,787,55,6,,
RY2,KT5A,RY2KT5A,ABB,508031,230/12/22,200,2023,17/07/2023,22/07/2023,9993,21754,84,8,8,0,0,0,0,0,0,16,30,6,,
RY2,KT5A,RY2KT5A,ABB,508031,230/12/22,200,2023,20/04/2024,26/04/2024,6589,15000,708,115,22,16,0,22,2,0,0,177,60,9,,
RY2,KT6A,RY2KT6A,MITSUBISHI,9374750101,230/115/22,200,2007,09/03/2019,18/03/2019,5431,35057,3635,106,13,18,0,0,73,0,38,248,55,15,-,
RY2,KT6A,RY2KT6A,MITSUBISHI,9374750101,230/115/22,200,2007,14/02/2020,06/03/2020,7663,45421,2418,72,21,14,0,0,56,0,41,204,49,9,,
RY2,KT6A,RY2KT6A,MITSUBISHI,9374750101,230/115/22,200,2007,31/01/2021,26/03/2021,5130,51340,2500,70,30,15,0,0,74,0,56,245,44,18,,
RY2,KT6A,RY2KT6A,MITSUBISHI,9374750101,230/115/22,200,2007,14/08/2022,02/09/2022,2309,43361,3441,107,6,40,0,0,91,0,51,295,54,13,,
RY2,KT6A,RY2KT6A,MITSUBISHI,9374750101,230/115/22,200,2007,17/02/2023,27/02/2023,34297,57907,1341,72,3,9,0,0,30,0,17,169,53,9,,
RY2,KT6A,RY2KT6A,MITSUBISHI,9374750101,230/115/22,200,2007,20/04/2024,26/04/2024,5366,31030,4513,127,24,37,0,0,116,0,54,358,56,7,,
RY3,KT1A,RY3KT1A,MEIDEN,8P9095T1,115/22,50,2006,15/02/2020,09/03/2019,4910,73650,776,82,45,83,0,1,266,17,155,649,56,8,,
RY3,KT1A,RY3KT1A,MEIDEN,8P9095T1,115/22,50,2006,30/01/2021,26/03/2021,3430,56300,780,90,32,90,0,2,176,12,114,516,48,23,,
RY3,KT1A,RY3KT1A,MEIDEN,8P9095T1,115/22,50,2006,19/02/2022,03/03/2022,11426,57311,1084,64,13,56,0,18,243,0,68,462,48,57,,
RY3,KT1A,RY3KT1A,MEIDEN,8P9095T1,115/22,50,2006,13/08/2022,02/09/2022,2565,71912,840,85,6,77,0,4,254,0,124,550,52,14,,
RY3,KT1A,RY3KT1A,MEIDEN,8P9095T1,115/22,50,2006,28/04/2023,06/05/2023,4206,70109,950,111,26,82,0,0,248,0,115,582,58,10,,
RY3,KT2A,RY3KT2A,TOSHIBA,890900050,115/22,50,2003,15/02/2020,09/03/2020,8520,65590,3030,457,80,19,0,0,6,10,14,586,58,33,,
RY3,KT2A,RY3KT2A,TOSHIBA,890900050,115/22,50,2003,30/01/2021,26/03/2021,11610,66600,3400,500,57,20,0,0,3,13,10,603,58,82,มีหยดน้ำ,
RY3,KT2A,RY3KT2A,TOSHIBA,890900050,115/22,50,2003,19/02/2022,03/03/2022,20132,63141,6512,370,14,12,0,9,30,0,0,435,58,61,,
RY3,KT2A,RY3KT2A,TOSHIBA,890900050,115/22,50,2003,13/08/2022,02/09/2022,2857,63230,4913,375,5,19,0,4,6,16,12,437,64,61,,
RY3,KT2A,RY3KT2A,TOSHIBA,890900050,115/22,50,2003,28/04/2023,06/05/2023,5678,57182,6800,630,16,22,0,10,12,15,11,716,54,17,,
SA1,KT1A,SA1KT1A,TAKAOKA,9147503,230/115/22,200,2005,20/10/2019,25/10/2019,9725,37650,3714,73,13,26,0,2,61,0,24,199,60,24,-,
SA1,KT1A,SA1KT1A,TAKAOKA,9147503,230/115/22,200,2005,08/11/2019,30/11/2019,14304,53067,3233,72,16,13,0,0,45,0,29,175,60,21,-,
SA1,KT1A,SA1KT1A,TAKAOKA,9147503,230/115/22,200,2005,20/03/2020,10/04/2020,10224,47733,2191,47,4,125,0,1,36,0,19,232,,21,,
SA1,KT1A,SA1KT1A,TAKAOKA,9147503,230/115/22,200,2005,18/11/2022,11/12/2022,10438,47654,2052,65,25,27,0,2,57,0,40,216,54,19,,
SA1,KT1A,SA1KT1A,TAKAOKA,9147503,230/115/22,200,2005,25/05/2023,09/06/2023,10682,35281,2390,120,13,23,0,0,38,0,5,199,58,13,,
SA1,KT2A,SA1KT2A,DAIHEN,5BK013201,230/121/22,200,2006,20/10/2019,26/10/2019,10251,42207,6870,256,54,83,0,5,151,0,64,613,62,21,-,
SA1,KT2A,SA1KT2A,DAIHEN,5BK013201,230/121/22,200,2006,08/11/2019,30/11/2019,15900,37434,6975,286,63,87,0,6,158,0,69,669,60,14,-,
SA1,KT2A,SA1KT2A,DAIHEN,5BK013201,230/121/22,200,2006,04/10/2020,05/10/2020,3758,26743,6577,156,65,70,0,6,177,0,121,595,,8,,
SA1,KT2A,SA1KT2A,DAIHEN,5BK013201,230/121/22,200,2006,02/03/2021,16/03/2021,18618,41441,3669,29,10,0,0,5,130,0,35,209,,13,,
SA1,KT2A,SA1KT2A,DAIHEN,5BK013201,230/121/22,200,2006,21/05/2021,25/07/2021,7570,39832,2867,178,11,53,0,3,141,0,44,430,65,24,,
SA1,KT2A,SA1KT2A,DAIHEN,5BK013201,230/121/22,200,2006,28/05/2022,10/06/2022,6150,42035,4337,171,29,15,0,3,31,0,0,249,63,12,,
SA1,KT2A,SA1KT2A,DAIHEN,5BK013201,230/121/22,200,2006,18/11/2022,11/12/2022,4110,48454,4623,180,42,34,0,2,12,0,21,291,55,9,,
SA1,KT2A,SA1KT2A,DAIHEN,5BK013201,230/121/22,200,2006,25/05/2023,09/06/2023,5974,39096,5237,194,35,44,0,4,128,1,36,442,58,7,,
SA1,KT2A,SA1KT2A,DAIHEN,5BK013201,230/121/22,200,2006,23/11/2023,28/12/2023,9856,51083,5618,204,53,38,0,5,61,0,34,395,50,6,,
SA1,KT3A,SA1KT3A,TAKAOKA,9147504,230/121/22,200,2006,20/10/2019,25/10/2019,6709,55600,9836,69,37,45,0,5,140,0,77,373,56,21,-,
SA1,KT3A,SA1KT3A,TAKAOKA,9147504,230/121/22,200,2006,08/11/2019,30/11/2019,7010,47936,9570,84,44,45,0,0,131,0,64,368,56,18,-,
SA1,KT3A,SA1KT3A,TAKAOKA,9147504,230/121/22,200,2006,20/03/2020,10/04/2020,12582,40833,8935,66,26,44,0,40,158,0,39,373,59,15,,
SA1,KT3A,SA1KT3A,TAKAOKA,9147504,230/121/22,200,2006,11/04/2022,17/04/2022,8075,62781,9996,61,33,45,0,5,153,0,103,400,60,16,,
SA1,KT3A,SA1KT3A,TAKAOKA,9147504,230/121/22,200,2006,18/11/2022,11/12/2022,8529,52402,9743,53,20,41,0,1,113,0,76,304,52,20,,
SA1,KT3A,SA1KT3A,TAKAOKA,9147504,230/121/22,200,2006,28/04/2023,28/04/2023,1982,37744,9494,73,44,48,0,4,132,3,70,374,42,8,Trip ด้วย Buchholz Relay(micro switch error),
SA1,KT3A,SA1KT3A,TAKAOKA,9147504,230/121/22,200,2006,25/05/2023,09/06/2023,3999,38582,9427,80,45,34,0,6,53,6,11,235,56,17,,
SA1,KT4A,SA1KT4A,DAIHEN,5BK013202,230/121/22,200,2006,20/10/2019,25/10/2019,4873,47698,6056,140,44,83,0,5,147,0,82,501,60,17,-,
SA1,KT4A,SA1KT4A,DAIHEN,5BK013202,230/121/22,200,2006,08/11/2019,30/11/2019,19251,48759,5391,115,27,64,0,6,145,0,71,428,56,16,-,
SA1,KT4A,SA1KT4A,DAIHEN,5BK013202,230/121/22,200,2006,18/05/2020,05/06/2020,4988,35280,4793,122,39,71,0,6,151,0,125,514,55,14,,
SA1,KT4A,SA1KT4A,DAIHEN,5BK013202,230/121/22,200,2006,21/05/2021,25/07/2021,9852,36991,4280,119,41,65,0,5,157,0,45,432,68,19,,
SA1,KT4A,SA1KT4A,DAIHEN,5BK013202,230/121/22,200,2006,08/05/2022,11/06/2022,5465,46598,5357,133,52,66,0,8,233,17,67,576,64,10,,
SA1,KT4A,SA1KT4A,DAIHEN,5BK013202,230/121/22,200,2006,18/11/2022,09/12/2022,5089,43361,5410,141,62,96,0,7,236,92,97,731,54,12,,
SA1,KT4A,SA1KT4A,DAIHEN,5BK013202,230/121/22,200,2006,25/05/2023,10/06/2023,6627,60190,6292,167,38,117,0,9,269,4,95,699,56,10,,
SA1,KT4A,SA1KT4A,DAIHEN,5BK013202,230/121/22,200,2006,23/11/2023,28/12/2023,5412,57274,6980,186,78,128,0,10,248,5,110,765,48,5,,
SA1,KT5A,SA1KT5A,MEIDEN,8R8395T2,115/22,50,2007,20/10/2019,25/10/2019,5519,48210,3107,167,3,140,0,5,434,0,223,972,63,15,-,
SA1,KT5A,SA1KT5A,MEIDEN,8R8395T2,115/22,50,2007,27/11/2020,27/11/2020,6017,52826,2698,185,3,139,0,2,396,0,265,990,43,5,เนื่องจากมีแมวปีน BKR. ทำให้ BKR. ด้าน Low Side ทำงาน Trip,
SA1,KT5A,SA1KT5A,MEIDEN,8R8395T2,115/22,50,2007,21/05/2021,25/07/2021,6876,50020,2307,174,8,144,0,5,407,0,257,995,72,16,,
SA1,KT5A,SA1KT5A,MEIDEN,8R8395T2,115/22,50,2007,28/05/2022,10/06/2022,4018,47267,2825,156,9,111,0,7,479,0,174,936,66,12,,
SA1,KT5A,SA1KT5A,MEIDEN,8R8395T2,115/22,50,2007,25/05/2023,09/06/2023,7387,45891,2716,161,12,147,0,5,418,0,171,914,62,8,,
SA1,KT7A,SA1KT7A,TOSHIBA,890900049,115/22,50,2003,20/10/2019,25/10/2019,10256,50200,11416,396,12,39,0,5,15,0,16,483,62,22,-,
SA1,KT7A,SA1KT7A,TOSHIBA,890900049,115/22,50,2003,16/02/2021,16/02/2021,4076,50109,14086,529,33,40,0,6,13,26,17,658,64,12,Trip ด้วย Tx.Diff,
SA1,KT7A,SA1KT7A,TOSHIBA,890900049,115/22,50,2003,21/05/2021,25/07/2021,16040,75572,13387,548,21,34,0,6,14,0,0,623,60,23,,
SA1,KT7A,SA1KT7A,TOSHIBA,890900049,115/22,50,2003,28/05/2022,10/06/2022,7032,80553,11241,507,46,29,0,8,34,3,14,641,60,20,,
SA1,KT7A,SA1KT7A,TOSHIBA,890900049,115/22,50,2003,25/05/2023,10/06/2023,10659,79345,12605,572,24,72,0,6,33,2,13,722,64,13,,
SA2,KT1A,SA2KT1A,TOSHIBA,890900046,115/22,50,2003,15/05/2021,11/07/2021,8263,47560,5863,101,39,186,0,37,705,36,614,1718,70,36,,
SA2,KT1A,SA2KT1A,TOSHIBA,890900046,115/22,50,2003,27/05/2022,05/06/2022,6340,73500,5297,55,20,128,0,54,523,73,438,1291,56,21,,
SA2,KT1A,SA2KT1A,TOSHIBA,890900046,115/22,50,2003,14/05/2023,08/06/2023,4682,42416,5890,62,12,157,0,10,628,138,418,1425,66,24,,
SA2,KT2A,SA2KT2A,TOSHIBA,890900047,115/22,50,2003,15/05/2021,11/07/2021,6407,42762,8326,109,34,250,0,7,995,36,848,2279,57,30,,
SA2,KT2A,SA2KT2A,TOSHIBA,890900047,115/22,50,2003,27/05/2022,05/06/2022,5200,68520,2575,48,34,114,0,3,522,52,527,1300,57,20,,
SA2,KT2A,SA2KT2A,TOSHIBA,890900047,115/22,50,2003,14/05/2023,08/06/2023,5905,54867,3224,82,34,192,0,13,700,171,290,1482,59,26,,
SB,KT1A,SBKT1A,ABB,103923,230/72/22,300,2011,06/06/2019,28/07/2019,8802,52134,3615,814,17,10,0,0,2,2,1,846,62,20,-,
SB,KT1A,SBKT1A,ABB,103923,230/72/22,300,2011,26/10/2019,08/11/2019,10991,56220,3629,831,20,7,0,0,2,0,2,862,54,8,-,
SB,KT1A,SBKT1A,ABB,103923,230/72/22,300,2011,29/05/2020,02/06/2020,17435,53682,3395,702,17,0,0,0,0,0,0,719,60,18,,
SB,KT1A,SBKT1A,ABB,103923,230/72/22,300,2011,22/11/2020,25/12/2020,12364,51265,4286,957,38,11,0,1,2,1,2,1012,60,17,,
SB,KT1A,SBKT1A,ABB,103923,230/72/22,300,2011,07/06/2021,16/08/2021,22071,67811,4076,815,16,0,0,0,9,0,0,840,,18,,
SB,KT1A,SBKT1A,ABB,103923,230/72/22,300,2011,21/11/2021,10/12/2021,7737,64182,5400,1371,40,20,0,0,2,5,2,1440,52,19,,
SB,KT1A,SBKT1A,ABB,103923,230/72/22,300,2011,25/05/2022,02/06/2022,11803,58217,4928,1167,19,3,0,3,4,4,0,1200,60,12,,
SB,KT1A,SBKT1A,ABB,103923,230/72/22,300,2011,12/12/2022,15/12/2022,10330,58550,5144,1227,14,7,0,1,2,48,2,1301,50,5,,
SB,KT1A,SBKT1A,ABB,103923,230/72/22,300,2011,01/07/2023,09/07/2023,13843,66504,3683,1108,11,21,0,1,4,17,5,1167,0,10,,
SB,KT2A,SBKT2A,ABB,103922,230/72/22,300,2011,17/07/2019,20/07/2019,7855,50903,4714,1038,23,9,0,0,0,0,0,1070,60,10,-,
SB,KT2A,SBKT2A,ABB,103922,230/72/22,300,2011,26/10/2019,08/11/2019,7875,52451,4643,993,27,8,0,0,2,0,2,1032,56,12,-,
SB,KT2A,SBKT2A,ABB,103922,230/72/22,300,2011,29/05/2020,02/06/2020,17002,52869,3726,769,18,0,0,0,0,0,0,787,58,14,,
SB,KT2A,SBKT2A,ABB,103922,230/72/22,300,2011,22/11/2020,25/12/2020,6837,54517,4392,861,51,10,0,2,2,2,2,930,60,12,,
SB,KT2A,SBKT2A,ABB,103922,230/72/22,300,2011,07/06/2021,10/08/2021,17382,52553,3467,773,16,0,0,0,0,0,0,789,,13,,
SB,KT2A,SBKT2A,ABB,103922,230/72/22,300,2011,21/11/2021,10/12/2021,8504,64530,5363,1279,43,20,0,0,2,6,2,1352,,11,,
SB,KT2A,SBKT2A,ABB,103922,230/72/22,300,2011,23/05/2022,02/06/2022,9393,58701,5175,1176,24,4,0,2,5,0,0,1211,58,14,,
SB,KT2A,SBKT2A,ABB,103922,230/72/22,300,2011,12/12/2022,15/12/2022,10730,56190,5138,1198,15,7,0,1,3,67,2,1293,50,6,,
SB,KT2A,SBKT2A,ABB,103922,230/72/22,300,2011,01/07/2023,09/07/2023,13856,67223,4167,1136,17,18,0,0,6,15,1,1193,55,12,,
SB,KT3A,SBKT3A,SCHORCH,275050119601,230/115,300,2011,06/06/2019,28/07/2019,8275,47611,4073,597,19,13,0,1,5,2,4,641,60,17,-,
SB,KT3A,SBKT3A,SCHORCH,275050119601,230/115,300,2011,29/05/2020,02/06/2020,12112,40750,3843,548,25,0,0,0,0,0,0,573,58,11,,
SB,KT3A,SBKT3A,SCHORCH,275050119601,230/115,300,2011,23/06/2020,24/05/2020,2367,32467,3012,717,45,9,0,1,8,2,6,788,56,5,,
SB,KT3A,SBKT3A,SCHORCH,275050119601,230/115,300,2011,22/11/2020,25/12/2020,14058,52720,4318,724,57,11,0,2,4,2,2,802,58,17,,
SB,KT3A,SBKT3A,SCHORCH,275050119601,230/115,300,2011,07/06/2021,10/08/2021,7056,37734,3706,677,28,12,0,0,7,0,0,724,,18,,
SB,KT3A,SBKT3A,SCHORCH,275050119601,230/115,300,2011,21/11/2021,10/12/2021,4978,44186,5587,979,50,20,0,0,5,3,10,1067,52,12,,
SB,KT3A,SBKT3A,SCHORCH,275050119601,230/115,300,2011,23/05/2022,02/06/2022,7974,42275,5927,991,21,24,0,1,8,0,1,1046,60,14,,
SB,KT3A,SBKT3A,SCHORCH,275050119601,230/115,300,2011,12/12/2022,15/12/2022,4860,42560,5575,936,24,9,0,0,4,33,11,1017,51,5,,
SB,KT3A,SBKT3A,SCHORCH,275050119601,230/115,300,2011,01/07/2023,09/07/2023,6286,46335,4142,886,108,25,0,0,5,2,22,1048,58,11,,
SB,KT4A,SBKT4A,ABB,103916,230/72.5,300,2011,06/06/2019,28/07/2019,9320,42035,3242,900,19,11,0,9,7,0,0,946,59,13,-,
SB,KT4A,SBKT4A,ABB,103916,230/72.5,300,2011,26/10/2019,08/11/2019,8190,43830,3011,990,26,10,0,0,4,0,3,1033,60,8,-,
SB,KT4A,SBKT4A,ABB,103916,230/72.5,300,2011,29/05/2020,02/06/2020,14828,52569,3725,943,22,0,0,0,0,0,0,965,60,10,,
SB,KT4A,SBKT4A,ABB,103916,230/72.5,300,2011,22/11/2020,25/12/2020,9226,51821,3876,951,42,7,0,2,3,2,2,1009,56,14,,
SB,KT4A,SBKT4A,ABB,103916,230/72.5,300,2011,07/06/2021,14/08/2021,18438,62690,3555,904,21,9,0,0,0,0,0,934,,10,,
SB,KT4A,SBKT4A,ABB,103916,230/72.5,300,2011,21/11/2021,10/12/2021,7906,63965,5252,1530,38,18,0,0,4,7,3,1600,,12,,
SB,KT4A,SBKT4A,ABB,103916,230/72.5,300,2011,23/05/2022,02/06/2022,9920,76050,5700,1560,35,7,0,44,4,119,3,1772,60,10,,
SB,KT4A,SBKT4A,ABB,103916,230/72.5,300,2011,12/12/2022,15/12/2022,11690,62430,5652,1526,17,9,0,1,4,115,3,1675,52,6,,
SB,KT4A,SBKT4A,ABB,103916,230/72.5,300,2011,01/07/2023,09/07/2023,13550,67097,4168,1311,19,33,0,2,4,12,6,1387,58,8,,
SB,KT5A,SBKT5A,ABB,103917,230/72/11,300,2011,09/02/2019,09/02/2019,10652,34078,1456,291,29,167,0,161,66,117,10,841,48,5,-,
SB,KT5A,SBKT5A,ABB,103917,230/72/11,300,2011,15/09/2019,17/09/2019,9846,32305,1589,269,15,133,0,145,73,62,6,703,44,10,"งูขึ้นใบมีด69kV SB-6955 phase a,b",
SB,KT5A,SBKT5A,ABB,103917,230/72/11,300,2011,26/10/2019,08/11/2019,13140,37160,1611,259,23,141,0,170,80,158,30,861,46,9,-,
SB,KT5A,SBKT5A,ABB,103917,230/72/11,300,2011,29/05/2020,02/06/2020,14469,32592,1828,379,25,157,0,151,80,126,0,918,52,8,,
SB,KT5A,SBKT5A,ABB,103917,230/72/11,300,2011,22/11/2020,25/12/2020,16562,60491,1768,364,28,152,0,163,67,134,22,930,57,18,,
SB,KT5A,SBKT5A,ABB,103917,230/72/11,300,2011,07/06/2021,10/08/2021,20856,41618,1535,374,20,123,0,133,80,23,5,758,,20,,
SB,KT5A,SBKT5A,ABB,103917,230/72/11,300,2011,23/05/2022,02/06/2022,17151,42346,2335,549,19,124,0,146,88,107,9,1042,50,10,,
SB,KT5A,SBKT5A,ABB,103917,230/72/11,300,2011,12/12/2022,15/12/2022,13600,47400,2205,505,21,159,0,150,86,175,31,1127,45,5,,
SB,KT5A,SBKT5A,ABB,103917,230/72/11,300,2011,01/07/2023,09/07/2023,17377,53792,2328,714,21,228,0,214,130,208,22,1537,49,8,,
SB,KT5A,SBKT5A,ABB,103917,230/72/11,300,2011,12/02/2024,12/02/2024,10820,39440,2314,605,41,319,0,289,188,446,74,1962,0,7,,
SB,KT6A,SBKT6A,SCHORCH,275050219601,230/115,300,2011,06/06/2019,28/07/2019,9591,40379,3084,524,36,11,0,0,5,2,4,582,62,15,-,
SB,KT6A,SBKT6A,SCHORCH,275050219601,230/115,300,2011,26/10/2019,08/11/2019,7303,29743,3156,634,42,7,0,0,2,0,7,892,60,11,-,
SB,KT6A,SBKT6A,SCHORCH,275050219601,230/115,300,2011,29/05/2020,02/06/2020,11210,34331,3693,549,26,0,0,0,0,0,0,575,58,12,,
SB,KT6A,SBKT6A,SCHORCH,275050219601,230/115,300,2011,23/06/2020,24/05/2020,2067,38519,3030,757,48,13,0,0,1,0,9,828,59,5,,
SB,KT6A,SBKT6A,SCHORCH,275050219601,230/115,300,2011,22/11/2020,25/12/2020,12027,59810,3527,571,27,10,0,0,2,0,1,611,58,21,,
SB,KT6A,SBKT6A,SCHORCH,275050219601,230/115,300,2011,07/06/2021,14/08/2021,13220,56829,3688,577,27,0,0,0,0,0,0,604,,18,,
SB,KT6A,SBKT6A,SCHORCH,275050219601,230/115,300,2011,21/11/2021,10/12/2021,3992,47109,4842,821,50,19,0,0,3,9,7,909,51,20,,
SB,KT6A,SBKT6A,SCHORCH,275050219601,230/115,300,2011,23/05/2022,02/06/2022,6545,39352,4410,737,26,3,0,3,5,0,0,774,58,22,,
SB,KT6A,SBKT6A,SCHORCH,275050219601,230/115,300,2011,12/12/2022,15/12/2022,5510,36050,4119,729,23,5,0,0,1,54,7,819,54,8,,
SB,KT6A,SBKT6A,SCHORCH,275050219601,230/115,300,2011,01/07/2023,09/07/2023,5319,40769,4023,798,38,23,0,0,6,7,11,883,58,14,,
SC,KT3A,SCKT3A,MEIDEN,8R8403T1,115/22,50,2007,15/11/2019,30/11/2019,4664,37438,1938,196,2,58,0,2,147,0,71,476,63,13,-,
SC,KT3A,SCKT3A,MEIDEN,8R8403T1,115/22,50,2007,12/05/2022,09/06/2022,4132,61777,1861,310,2,61,0,0,208,0,64,645,56,14,,
SC,KT3A,SCKT3A,MEIDEN,8R8403T1,115/22,50,2007,18/11/2022,27/11/2022,3290,53550,2026,314,2,95,0,2,175,40,134,762,54,8,,
SC,KT3A,SCKT3A,MEIDEN,8R8403T1,115/22,50,2007,25/06/2023,26/06/2023,4411,67071,2262,250,3,157,0,9,263,0,153,835,60,7,,
SC,KT3A,SCKT3A,MEIDEN,8R8403T1,115/22,50,2007,07/06/2024,17/06/2024,15388,71546,2319,255,4,144,0,8,271,13,173,868,62,10,,
SD,KT1A,SDKT1A,EKARAT-HAIDEN,EDP011205,115/22,50,2011,04/03/2019,07/03/2019,7581,33599,1838,879,31,5,0,3,1,4,2,925,33,9,Trip ด้วย Tx. Diff มีรอย Flash ที่ DS 2214 Ph. B,
SD,KT1A,SDKT1A,EKARAT-HAIDEN,EDP011205,115/22,50,2011,05/03/2019,08/03/2019,7315,34125,2119,887,0,5,0,0,2,0,2,896,33,9, Oil ที่ Buchholz(Trip ด้วย Tx. Diff มีรอย Flash ที่ DS 2214 Ph. B),
SD,KT1A,SDKT1A,EKARAT-HAIDEN,EDP011205,115/22,50,2011,18/04/2020,26/05/2020,10380,69024,2189,904,14,5,0,5,2,5,3,938,54,14,,
SD,KT1A,SDKT1A,EKARAT-HAIDEN,EDP011205,115/22,50,2011,20/02/2021,21/05/2021,22240,77318,2567,1004,32,5,0,8,2,4,3,1058,55,37,,
SD,KT1A,SDKT1A,EKARAT-HAIDEN,EDP011205,115/22,50,2011,30/01/2022,18/02/2022,9923,62864,2440,806,33,3,0,2,1,1,2,848,50,19,,
SD,KT1A,SDKT1A,EKARAT-HAIDEN,EDP011205,115/22,50,2011,28/01/2023,13/02/2023,11651,68002,3460,1407,31,10,0,12,4,6,7,1477,50,7,,
SD,KT1A,SDKT1A,EKARAT-HAIDEN,EDP011205,115/22,50,2011,27/01/2024,09/03/2024,10048,48575,2729,1101,20,5,0,6,3,2,1,1138,51,14,,
SD,KT2A,SDKT2A,EKARAT-DAIHEN,EDP011206,115/22,50,2011,18/04/2020,26/05/2020,6867,37291,1369,599,4,0,0,1,1,2,1,608,51,11,,
SD,KT2A,SDKT2A,EKARAT-DAIHEN,EDP011206,115/22,50,2011,20/02/2021,20/05/2021,22811,53270,1376,513,18,0,0,4,48,0,0,583,49,28,,
SD,KT2A,SDKT2A,EKARAT-DAIHEN,EDP011206,115/22,50,2011,30/01/2022,19/02/2022,12574,56523,1681,446,27,2,0,1,1,0,3,480,46,17,,
SD,KT2A,SDKT2A,EKARAT-DAIHEN,EDP011206,115/22,50,2011,28/01/2023,13/02/2023,16280,75340,1773,668,17,3,0,4,2,66,4,764,46,5,,
SD,KT2A,SDKT2A,EKARAT-DAIHEN,EDP011206,115/22,50,2011,27/01/2024,09/03/2024,13230,50625,2414,766,21,4,0,6,0,24,0,821,48,12,,
SDO,KT1A,SDOKT1A,MITSUBISHI,574407,115/33/11,25,1999,23/03/2019,26/08/2019,10420,46120,3124,109,10,37,0,0,150,0,63,369,68,24,-,
SDO,KT1A,SDOKT1A,MITSUBISHI,574407,115/33/11,25,1999,15/07/2019,05/09/2019,9643,44738,3076,105,18,55,0,0,189,0,83,450,55,29,-,
SDO,KT1A,SDOKT1A,MITSUBISHI,574407,115/33/11,25,1999,05/07/2020,24/08/2020,6061,55732,3269,104,15,72,0,4,229,0,120,544,48,27,,
SDO,KT1A,SDOKT1A,MITSUBISHI,574407,115/33/11,25,1999,08/08/2021,15/11/2021,8650,66409,2797,133,17,76,0,7,268,0,57,558,52,20,,
SDO,KT1A,SDOKT1A,MITSUBISHI,574407,115/33/11,25,1999,11/07/2022,24/07/2022,5900,80440,3406,175,18,63,0,20,212,17,146,651,57,16,,
SDO,KT1A,SDOKT1A,MITSUBISHI,574407,115/33/11,25,1999,23/07/2023,05/11/2023,4764,82391,4745,227,13,113,0,29,398,11,138,929,57,19,,
SDO,KT2A,SDOKT2A,FUJI,AN69050T1,132/115/33,66,1993,23/03/2019,29/08/2019,4164,43399,1099,159,7,45,0,12,74,9,38,344,51,25,-,
SDO,KT2A,SDOKT2A,FUJI,AN69050T1,132/115/33,66,1993,14/07/2019,05/09/2019,5172,46622,1063,168,10,48,0,12,76,10,38,362,56,33,-,
SDO,KT2A,SDOKT2A,FUJI,AN69050T1,132/115/33,66,1993,03/03/2020,13/03/2020,9459,51873,1572,153,16,52,0,29,101,0,44,395,,12,research,
SDO,KT2A,SDOKT2A,FUJI,AN69050T1,132/115/33,66,1993,14/07/2020,24/08/2020,3797,50981,1500,150,20,89,0,11,86,0,19,375,52,22,,
SDO,KT2A,SDOKT2A,FUJI,AN69050T1,132/115/33,66,1993,08/08/2021,15/11/2021,4880,53930,2164,114,4,42,0,4,86,27,67,344,51,16,,
SDO,KT2A,SDOKT2A,FUJI,AN69050T1,132/115/33,66,1993,11/07/2022,24/07/2022,8251,60662,2134,140,15,9,0,10,64,10,22,270,27,16,,
SDO,KT2A,SDOKT2A,FUJI,AN69050T1,132/115/33,66,1993,23/07/2023,05/11/2023,3724,74692,2122,173,17,44,0,9,99,11,57,410,33,15,,
SDO,KT3A,SDOKT3A,FUJI,AN69003T1,132/121/33,66,1998,23/03/2019,04/04/2019,11779,41215,482,85,7,19,0,5,96,0,46,258,37,23,-,
SDO,KT3A,SDOKT3A,FUJI,AN69003T1,132/121/33,66,1998,23/03/2019,26/08/2019,14371,48401,465,68,3,17,0,4,93,0,50,235,-,25,-,
SDO,KT3A,SDOKT3A,FUJI,AN69003T1,132/121/33,66,1998,14/07/2019,05/09/2019,9973,43524,718,69,6,16,0,0,92,0,49,232,55,29,-,
SDO,KT3A,SDOKT3A,FUJI,AN69003T1,132/121/33,66,1998,14/07/2020,24/08/2020,8023,49902,841,44,19,16,0,1,97,3,64,244,51,25,,
SDO,KT3A,SDOKT3A,FUJI,AN69003T1,132/121/33,66,1998,08/08/2021,15/11/2021,4160,41840,1708,86,6,31,0,2,139,14,91,369,49,20,,
SDO,KT3A,SDOKT3A,FUJI,AN69003T1,132/121/33,66,1998,11/07/2022,24/07/2022,7840,55230,1469,65,8,25,0,13,122,10,82,325,36,23,,
SDO,KT3A,SDOKT3A,FUJI,AN69003T1,132/121/33,66,1998,23/07/2023,05/11/2023,10163,49972,1729,89,16,30,0,10,166,10,73,394,29,16,,
SDO,KT4A,SDOKT4A,FUJI,AN69001T22,115/33/11,25,1998,23/03/2019,25/08/2019,9561,51352,1408,222,10,31,0,0,72,0,18,353,41,25,De-energize.,
SDO,KT4A,SDOKT4A,FUJI,AN69001T22,115/33/11,25,1998,15/07/2019,05/09/2019,6450,49880,1828,291,16,34,0,8,48,0,21,418,63,34,-,
SDO,KT4A,SDOKT4A,FUJI,AN69001T22,115/33/11,25,1998,05/07/2020,24/08/2020,14418,50431,1715,263,12,31,0,8,58,0,0,372,63,32,,
SDO,KT4A,SDOKT4A,FUJI,AN69001T22,115/33/11,25,1998,08/08/2021,15/11/2021,7750,60240,3245,304,3,63,0,2,83,50,53,558,62,28,,
SDO,KT4A,SDOKT4A,FUJI,AN69001T22,115/33/11,25,1998,11/07/2022,25/07/2022,4230,17817,681,55,8,3,0,1,10,0,0,77,41,14,ไม่ได้ออกผลขอเก็บตัวอย่างใหม่,
SDO,KT4A,SDOKT4A,FUJI,AN69001T22,115/33/11,25,1998,19/08/2022,26/08/2022,7502,18290,662,38,7,0,0,0,6,0,0,51,54,10,,
SDO,KT4A,SDOKT4A,FUJI,AN69001T22,115/33/11,25,1998,23/07/2023,05/11/2023,4764,28068,858,115,14,16,0,12,41,2,5,205,50,16,,
SH1,KT1A,SH1KT1A,DAIHEN,5BA159010,115/22,25,1990,06/02/2020,01/03/2020,6094,59367,2352,154,40,9,0,2,4,5,0,214,58,12,,
SH1,KT1A,SH1KT1A,DAIHEN,5BA159010,115/22,25,1990,27/01/2022,07/03/2022,8835,70793,3977,396,13,0,0,12,12,0,0,433,50,10,,
SH1,KT1A,SH1KT1A,DAIHEN,5BA159010,115/22,25,1990,25/08/2022,02/09/2022,6468,65204,3549,356,7,18,0,5,5,6,3,121,56,7,,
SH1,KT1A,SH1KT1A,DAIHEN,5BA159010,115/22,25,1990,11/03/2023,17/03/2023,15181,75862,4070,423,8,10,0,15,12,0,3,471,60,8,,
SH1,KT1A,SH1KT1A,DAIHEN,5BA159010,115/22,25,1990,09/02/2024,25/02/2024,11160,79533,4542,433,7,19,0,28,7,6,4,504,55,10,,
SH1,KT2A,SH1KT2A,FUJI,AN69051T23,115/22,15,1998,12/02/2021,15/02/2021,27842,74367,820,55,4,3,0,3,91,0,55,211,,10,พบค่าทดสอบ Resistance ไม่เรียงตาม Tap,
SH1,KT2A,SH1KT2A,FUJI,AN69051T23,115/22,15,1998,30/03/2021,03/05/2021,19582,70220,108,53,6,3,0,1,1,3,0,67,,19,หลังซ่อมจะนำใช้งาน,
SH1,KT2A,SH1KT2A,FUJI,AN69051T23,115/22,15,1998,27/02/2022,07/03/2022,6045,17273,840,51,12,8,0,0,22,0,0,93,57,15,,
SH1,KT2A,SH1KT2A,FUJI,AN69051T23,115/22,15,1998,25/08/2022,02/09/2022,5002,21596,871,58,4,11,0,0,23,2,12,69,61,11,,
SH1,KT2A,SH1KT2A,FUJI,AN69051T23,115/22,15,1998,11/03/2023,17/03/2023,10324,22770,1042,70,6,19,0,0,34,0,9,138,64,13,,
SH1,KT2A,SH1KT2A,FUJI,AN69051T23,115/22,15,1998,09/02/2024,25/02/2024,8300,26911,950,87,18,17,0,2,48,3,23,198,65,15,,
SH2,KT1A,SH2KT1A,MEIDENSHA,8N5450T2,115/22,50,2011,09/02/2020,01/03/2020,10732,47245,2310,915,33,7,0,0,2,0,0,957,46,9,,
SH2,KT1A,SH2KT1A,MEIDENSHA,8N5450T2,115/22,50,2011,26/02/2022,07/03/2022,21739,58275,2762,671,8,2,0,7,0,0,0,688,52,10,,
SH2,KT1A,SH2KT1A,MEIDENSHA,8N5450T2,115/22,50,2011,26/08/2022,01/09/2022,12180,61721,4055,1322,7,0,0,11,4,0,0,1344,58,8,,
SH2,KT1A,SH2KT1A,MEIDENSHA,8N5450T2,115/22,50,2011,11/03/2023,17/03/2023,11018,63814,4056,1325,8,13,0,11,5,0,0,1362,51,7,,
SH2,KT1A,SH2KT1A,MEIDENSHA,8N5450T2,115/22,50,2011,10/02/2024,25/02/2024,13829,77292,4342,1595,15,11,0,5,3,3,3,1635,46,7,,
SH2,KT2A,SH2KT2A,MEIDENSHA,8N5450T3,115/22,50,2011,09/02/2020,01/03/2020,16812,48324,1851,916,41,4,0,0,1,0,0,962,58,17,,
SH2,KT2A,SH2KT2A,MEIDENSHA,8N5450T3,115/22,50,2011,26/02/2022,07/03/2022,25947,68552,2816,858,9,0,0,7,3,0,0,877,64,11,,
SH2,KT2A,SH2KT2A,MEIDENSHA,8N5450T3,115/22,50,2011,26/08/2022,01/09/2022,18875,69176,3694,1435,5,0,0,9,2,0,0,1451,48,6,,
SH2,KT2A,SH2KT2A,MEIDENSHA,8N5450T3,115/22,50,2011,11/03/2023,17/03/2023,17333,67047,3705,1455,8,11,0,11,0,0,0,1485,46,6,,
SH2,KT2A,SH2KT2A,MEIDENSHA,8N5450T3,115/22,50,2011,10/02/2024,25/02/2024,21724,80436,4375,1695,20,6,0,6,2,2,2,1733,50,8,,
SI,KT2A,SIKT2A,MEIDENSHA,8T9664T3,115/22,50,2011,16/03/2019,30/03/2019,9318,48120,2635,1090,5,18,0,8,0,0,0,1121,55,11,-,
SI,KT2A,SIKT2A,MEIDENSHA,8T9664T3,115/22,50,2011,08/02/2021,02/04/2021,9000,50057,2704,1203,37,0,0,0,3,0,0,1243,54,14,,
SI,KT2A,SIKT2A,MEIDENSHA,8T9664T3,115/22,50,2011,17/03/2022,25/03/2022,9823,57897,4758,1287,4,22,0,5,4,3,2,1327,59,8,,
SI,KT2A,SIKT2A,MEIDENSHA,8T9664T3,115/22,50,2011,19/03/2023,06/04/2023,7075,79001,5032,1302,3,9,0,4,4,3,4,1329,54,8,,
SI,KT2A,SIKT2A,MEIDENSHA,8T9664T3,115/22,50,2011,25/03/2024,20/04/2024,10760,57291,4335,1192,9,11,0,14,5,0,0,1231,52,18,,
SI,KT3A,SIKT3A,MEIDEN,8T9664T4,115/22,50,2011,16/03/2019,01/04/2019,7825,38940,2964,941,16,12,0,6,0,0,0,975,64,12,-,
SI,KT3A,SIKT3A,MEIDEN,8T9664T4,115/22,50,2011,08/02/2021,26/04/2021,5870,40000,2710,718,39,11,0,3,4,0,0,775,51,18,,
SI,KT3A,SIKT3A,MEIDEN,8T9664T4,115/22,50,2011,17/03/2022,25/03/2022,8157,64736,4927,1291,3,23,0,5,4,3,2,1331,61,8,,
SI,KT3A,SIKT3A,MEIDEN,8T9664T4,115/22,50,2011,19/03/2023,03/04/2023,12228,64561,4886,977,2,7,0,2,3,0,2,993,56,9,,
SI,KT3A,SIKT3A,MEIDEN,8T9664T4,115/22,50,2011,25/03/2024,20/04/2024,10521,56510,4091,1039,9,14,0,12,5,0,0,1079,67,11,,
SKA,KT1A,SKAKT1A,MITSUBISHI,9912790102,115/22,50,2014,20/02/2022,26/03/2022,10392,48551,1320,325,17,2,0,0,1,1,1,347,30,7,,
SKA,KT1A,SKAKT1A,MITSUBISHI,9912790102,115/22,50,2014,30/07/2022,19/08/2022,2895,47997,1148,481,3,3,0,2,2,0,0,491,36,17,,
SKA,KT1A,SKAKT1A,MITSUBISHI,9912790102,115/22,50,2014,19/02/2023,05/03/2023,17995,36726,1254,493,11,5,0,2,2,0,1,514,31,8,,
SKA,KT1A,SKAKT1A,MITSUBISHI,9912790102,115/22,50,2014,17/02/2024,18/03/2024,12311,33615,1990,534,7,5,0,2,2,1,1,552,36,12,,
SKA,KT2A,SKAKT2A,MITSUBISHI,9912790103,115/22,50,2014,16/03/2019,27/04/2019,9418,43751,729,228,7,1,0,0,5,0,0,241,38,21,-,
SKA,KT2A,SKAKT2A,MITSUBISHI,9912790103,115/22,50,2014,12/03/2020,24/03/2020,13892,40708,764,238,9,2,0,0,2,0,2,253,39,8,,
SKA,KT2A,SKAKT2A,MITSUBISHI,9912790103,115/22,50,2014,29/01/2021,23/04/2021,7333,47103,801,255,23,3,0,0,1,0,1,283,29,20,,
SKA,KT2A,SKAKT2A,MITSUBISHI,9912790103,115/22,50,2014,20/02/2022,26/03/2022,14816,53337,1151,268,12,1,0,0,1,0,1,283,40,12,,
SKA,KT2A,SKAKT2A,MITSUBISHI,9912790103,115/22,50,2014,30/07/2022,19/08/2022,2971,46512,1203,509,4,2,0,1,2,6,0,524,45,11,,
SKA,KT2A,SKAKT2A,MITSUBISHI,9912790103,115/22,50,2014,19/02/2023,05/03/2023,17267,37547,1430,569,15,5,0,0,7,0,0,596,42,9,,
SKA,KT2A,SKAKT2A,MITSUBISHI,9912790103,115/22,50,2014,17/02/2024,18/03/2024,12359,33379,2438,624,10,4,0,1,2,2,1,644,48,15,,
SKI,KT1A,SKIKT1A,MEIDEN,8P9101T1,115/22/11,50,2013,26/03/2019,20/04/2019,10380,51424,2581,107,29,54,0,0,207,0,92,489,52,17,-,
SKI,KT1A,SKIKT1A,MEIDEN,8P9101T1,115/22/11,50,2013,27/03/2020,25/05/2020,7630,57760,2589,150,81,97,0,0,252,0,140,720,63,11,,
SKI,KT1A,SKIKT1A,MEIDEN,8P9101T1,115/22/11,50,2013,15/01/2021,23/02/2021,23720,61061,1267,7,7,0,0,0,112,0,14,140,63,19,,
SKI,KT1A,SKIKT1A,MEIDEN,8P9101T1,115/22/11,50,2013,10/01/2022,08/02/2022,2645,31339,2238,118,48,46,0,0,152,0,77,441,56,7,,
SKI,KT1A,SKIKT1A,MEIDEN,8P9101T1,115/22/11,50,2013,28/02/2023,11/03/2023,4688,36992,3517,163,30,43,0,0,135,3,89,463,62,8,,
SKI,KT1A,SKIKT1A,MEIDEN,8P9101T1,115/22/11,50,2013,01/03/2024,07/04/2024,15019,40868,1693,64,12,54,0,2,158,4,89,383,65,6,,
SKI,KT2A,SKIKT2A,MEIDEN,8P9101T2,115/22/11,50,2004,26/03/2019,19/04/2019,8696,51061,2221,116,75,62,0,3,206,0,70,532,55,15,-,
SKI,KT2A,SKIKT2A,MEIDEN,8P9101T2,115/22/11,50,2004,27/03/2020,25/05/2020,8140,53550,2286,120,70,62,0,0,130,0,76,458,62,12,,
SKI,KT2A,SKIKT2A,MEIDEN,8P9101T2,115/22/11,50,2004,15/01/2021,12/02/2021,5187,55001,2474,87,69,71,0,0,161,0,101,489,59,10,,
SKI,KT2A,SKIKT2A,MEIDEN,8P9101T2,115/22/11,50,2004,10/01/2022,08/02/2022,3577,47039,2329,79,67,37,0,0,108,0,71,362,60,11,,
SKI,KT2A,SKIKT2A,MEIDEN,8P9101T2,115/22/11,50,2004,28/02/2023,11/03/2023,13617,43302,2865,90,34,49,0,0,121,0,57,351,65,9,,
SKI,KT2A,SKIKT2A,MEIDEN,8P9101T2,115/22/11,50,2004,01/03/2024,07/04/2024,5711,34315,2149,115,48,52,0,0,131,0,81,427,65,10,,
SKL,KT1A,SKLKT1A,MEIDEN,8P9104T1,115/33/11,50,2004,18/07/2019,05/09/2019,4786,52222,2206,98,19,60,0,0,205,0,92,474,56,23,-,
SKL,KT1A,SKLKT1A,MEIDEN,8P9104T1,115/33/11,50,2004,07/07/2020,24/08/2020,8346,52959,3016,116,11,88,0,2,224,0,154,595,59,12,,
SKL,KT1A,SKLKT1A,MEIDEN,8P9104T1,115/33/11,50,2004,27/07/2021,15/11/2021,6580,56910,3778,91,4,75,0,0,254,19,186,629,60,17,,
SKL,KT1A,SKLKT1A,MEIDEN,8P9104T1,115/33/11,50,2004,10/07/2023,22/11/2023,12064,49775,2102,98,9,37,0,2,117,5,53,321,63,18,,
SKL,KT2A,SKLKT2A,MEIDEN,8P9104T2,115/33/11,50,2004,18/07/2019,05/09/2019,10144,51524,2486,110,5,77,0,2,234,0,128,556,64,20,-,
SKL,KT2A,SKLKT2A,MEIDEN,8P9104T2,115/33/11,50,2004,07/07/2020,24/08/2020,8480,57225,3164,134,10,85,0,1,258,0,126,614,56,23,,
SKL,KT2A,SKLKT2A,MEIDEN,8P9104T2,115/33/11,50,2004,27/07/2021,15/11/2021,7770,58220,4040,99,3,78,0,0,260,18,180,638,56,22,,
SKL,KT2A,SKLKT2A,MEIDEN,8P9104T2,115/33/11,50,2004,10/07/2023,22/11/2023,11047,51055,1729,139,13,42,0,2,127,4,69,396,54,16,,
SKL,KT3A,SKLKT3A,MEIDEN,8T9795T2,115/33/11,50,2012,18/07/2019,05/09/2019,16136,53342,1661,717,11,11,0,3,2,1,3,748,56,29,-,
SKL,KT3A,SKLKT3A,MEIDEN,8T9795T2,115/33/11,50,2012,07/07/2020,24/08/2020,12613,52766,2536,1065,9,0,0,7,28,0,37,1146,53,15,,
SKL,KT3A,SKLKT3A,MEIDEN,8T9795T2,115/33/11,50,2012,27/07/2021,15/11/2021,18594,62363,2331,847,9,0,0,6,11,0,0,873,,24,,
SKL,KT3A,SKLKT3A,MEIDEN,8T9795T2,115/33/11,50,2012,10/07/2023,18/11/2023,22310,51190,5360,854,2,27,0,9,2,3,3,900,54,26,,
SK-P,KT1A,SK-PKT1A,DAIHEN,5BK014301,230/115/11,200,2011,09/03/2019,21/03/2019,11003,39697,619,302,9,0,0,0,0,0,0,311,37,15,-,
SK-P,KT1A,SK-PKT1A,DAIHEN,5BK014301,230/115/11,200,2011,12/07/2019,23/08/2019,8986,39505,522,354,10,1,0,1,1,1,1,369,45,17,-,
SK-P,KT1A,SK-PKT1A,DAIHEN,5BK014301,230/115/11,200,2011,28/02/2020,07/03/2020,4436,39152,697,436,8,3,0,0,1,0,1,449,41,10,,
SK-P,KT1A,SK-PKT1A,DAIHEN,5BK014301,230/115/11,200,2011,16/01/2021,29/01/2021,7749,48431,984,493,23,1,0,0,1,0,1,519,35,9,,
SK-P,KT1A,SK-PKT1A,DAIHEN,5BK014301,230/115/11,200,2011,03/07/2021,04/10/2021,18810,38740,708,412,9,0,0,0,14,0,0,435,46,21,,
SK-P,KT1A,SK-PKT1A,DAIHEN,5BK014301,230/115/11,200,2011,16/01/2022,23/01/2022,7030,40330,944,401,11,1,0,0,1,0,1,415,35,6,,
SK-P,KT1A,SK-PKT1A,DAIHEN,5BK014301,230/115/11,200,2011,26/06/2022,01/07/2022,9267,37173,954,596,17,2,0,0,2,0,0,617,46,11,,
SK-P,KT1A,SK-PKT1A,DAIHEN,5BK014301,230/115/11,200,2011,26/12/2022,14/01/2023,8740,37240,806,448,5,1,0,0,1,0,1,456,38,9,,
SK-P,KT1A,SK-PKT1A,DAIHEN,5BK014301,230/115/11,200,2011,26/06/2023,01/07/2023,4365,39471,1003,575,14,2,0,0,2,0,2,595,49,10,,
SK-P,KT1A,SK-PKT1A,DAIHEN,5BK014301,230/115/11,200,2011,19/04/2024,27/04/2024,8957,45256,1037,608,31,6,0,3,9,1,5,663,51,8,,
SK-P,KT2A,SK-PKT2A,DAIHEN,5BK014302,230/11,200,2011,08/03/2019,21/03/2019,8017,38496,1359,548,14,0,0,0,14,0,0,576,39,18,-,
SK-P,KT2A,SK-PKT2A,DAIHEN,5BK014302,230/11,200,2011,12/07/2019,23/08/2019,10569,48060,1730,616,10,2,0,2,6,2,4,642,47,22,-,
SK-P,KT2A,SK-PKT2A,DAIHEN,5BK014302,230/11,200,2011,27/01/2020,14/02/2020,5360,45950,1602,848,37,6,0,0,14,4,6,915,40,6,,
SK-P,KT2A,SK-PKT2A,DAIHEN,5BK014302,230/11,200,2011,16/01/2021,29/01/2021,5985,51700,1964,585,31,4,0,0,7,0,5,632,36,11,,
SK-P,KT2A,SK-PKT2A,DAIHEN,5BK014302,230/11,200,2011,03/07/2021,04/10/2021,13855,41875,1802,576,14,0,0,0,10,0,0,600,47,12,,
SK-P,KT2A,SK-PKT2A,DAIHEN,5BK014302,230/11,200,2011,16/01/2022,23/01/2022,6654,34440,1127,619,13,0,0,0,9,0,0,641,37,7,,
SK-P,KT2A,SK-PKT2A,DAIHEN,5BK014302,230/11,200,2011,26/06/2022,01/07/2022,7551,38860,1601,675,18,5,0,1,9,0,0,708,47,11,,
SK-P,KT2A,SK-PKT2A,DAIHEN,5BK014302,230/11,200,2011,26/12/2022,14/01/2023,7270,40490,1524,624,6,4,0,0,5,2,4,645,38,5,,
SK-P,KT2A,SK-PKT2A,DAIHEN,5BK014302,230/11,200,2011,25/06/2023,01/07/2023,5975,44902,1768,702,14,6,0,0,7,2,5,736,49,9,,
SK-P,KT2A,SK-PKT2A,DAIHEN,5BK014302,230/11,200,2011,19/04/2024,27/04/2024,8904,53963,1623,638,5,18,0,6,10,2,10,689,53,8,,
SK-P,KT3A,SK-PKT3A,MITSUBISHI,558020,115/22,12,2004,08/03/2019,21/03/2019,5022,37981,4032,234,37,41,0,6,40,0,0,358,44,18,-,
SK-P,KT3A,SK-PKT3A,MITSUBISHI,558020,115/22,12,2004,27/01/2020,15/02/2020,6150,55040,3504,261,42,60,0,0,66,46,32,507,52,12,,
SK-P,KT3A,SK-PKT3A,MITSUBISHI,558020,115/22,12,2004,16/01/2021,29/01/2021,3864,50836,5404,191,35,59,0,0,47,0,27,359,39,12,,
SK-P,KT3A,SK-PKT3A,MITSUBISHI,558020,115/22,12,2004,16/01/2022,23/01/2022,2560,42020,4857,186,23,43,0,0,45,35,29,361,41,15,,
SK-P,KT3A,SK-PKT3A,MITSUBISHI,558020,115/22,12,2004,06/11/2022,14/11/2022,4260,34357,3408,194,7,26,0,4,42,7,20,300,57,18,,
SK-P,KT3A,SK-PKT3A,MITSUBISHI,558020,115/22,12,2004,26/12/2022,13/01/2023,5426,34915,3400,219,12,32,0,4,42,9,24,342,44,5,,
SK-P,KT3A,SK-PKT3A,MITSUBISHI,558020,115/22,12,2004,29/04/2023,06/05/2023,3631,39185,3502,231,10,36,0,2,38,9,32,358,51,20,,
SK-P,KT3A,SK-PKT3A,MITSUBISHI,558020,115/22,12,2004,23/11/2023,03/12/2023,6792,32579,3822,248,39,26,0,3,50,0,27,393,,7,ทดสอบเพิ่อยืนยันผลการวิจัยการตัดกระดาษฉนวน,
SK-P,KT3A,SK-PKT3A,MITSUBISHI,558020,115/22,12,2004,19/04/2024,27/04/2024,9869,53368,3579,205,30,39,0,20,43,11,29,377,56,19,,
SK-P,KT4A,SK-PKT4A,MITSUBISHI,558022,115/22,12.5,2004,08/03/2019,21/03/2019,6629,37296,796,60,7,4,0,2,7,2,5,87,45,18,-,
SK-P,KT4A,SK-PKT4A,MITSUBISHI,558022,115/22,12.5,2004,27/01/2020,15/02/2020,15590,42700,1085,61,44,15,0,0,21,5,15,161,48,21,,
SK-P,KT4A,SK-PKT4A,MITSUBISHI,558022,115/22,12.5,2004,16/01/2021,23/01/2021,6441,39174,1778,62,38,17,0,0,23,1,15,156,41,11,,
SK-P,KT4A,SK-PKT4A,MITSUBISHI,558022,115/22,12.5,2004,16/01/2022,23/01/2022,5542,24112,1321,102,9,13,0,0,38,0,0,162,42,12,,
SK-P,KT4A,SK-PKT4A,MITSUBISHI,558022,115/22,12.5,2004,06/11/2022,14/11/2022,4068,28950,2005,121,5,20,0,2,39,2,18,207,42,13,,
SK-P,KT4A,SK-PKT4A,MITSUBISHI,558022,115/22,12.5,2004,26/12/2022,14/01/2023,4130,28610,1773,88,3,20,0,1,33,5,19,169,47,13,,
SK-P,KT4A,SK-PKT4A,MITSUBISHI,558022,115/22,12.5,2004,29/04/2023,07/05/2023,11791,45097,1911,97,2,17,0,4,36,3,26,185,54,17,,
SK-P,KT4A,SK-PKT4A,MITSUBISHI,558022,115/22,12.5,2004,23/11/2023,03/12/2023,6931,41811,2194,116,35,36,0,6,50,10,27,280,,10,ทดสอบเพิ่อยืนยันผลการวิจัยการตัดกระดาษฉนวน,
SK-P,KT4A,SK-PKT4A,MITSUBISHI,558022,115/22,12.5,2004,19/04/2024,27/04/2024,9492,42606,2049,130,15,36,0,9,64,4,44,302,58,17,,
SL,KT1A,SLKT1A,MEIDEN,8P8746T1,115/22,25,2004,10/10/2019,20/10/2019,5360,54740,808,77,38,123,0,14,346,26,201,825,55,10,-,
SL,KT1A,SLKT1A,MEIDEN,8P8746T1,115/22,25,2004,06/12/2020,11/01/2021,5471,53875,1451,83,47,109,0,3,325,16,185,768,53,10,,
SL,KT1A,SLKT1A,MEIDEN,8P8746T1,115/22,25,2004,25/10/2021,12/11/2021,4901,48261,1436,89,34,109,0,9,325,0,70,636,52,10,,
SL,KT1A,SLKT1A,MEIDEN,8P8746T1,115/22,25,2004,21/05/2022,05/06/2022,4254,59744,3688,376,23,80,0,15,542,0,140,1176,44,18,,
SL,KT1A,SLKT1A,MEIDEN,8P8746T1,115/22,25,2004,09/04/2023,30/04/2023,6626,65463,1377,94,30,124,0,9,350,7,181,795,58,11,,
SL,KT1A,SLKT1A,MEIDEN,8P8746T1,115/22,25,2004,21/04/2024,27/04/2024,11896,75988,1777,98,29,144,0,14,382,12,215,894,66,8,,
SL,KT2A,SLKT2A,MITSUBISHI,573084,115/22,25,2007,10/10/2019,20/10/2019,2410,67860,1907,274,32.4,119,0,10,472,120,327,1354.4,60,18,-,
SL,KT2A,SLKT2A,MITSUBISHI,573084,115/22,25,2007,06/12/2020,11/01/2021,3844,56631,2961,296,34,115,0,5,426,0,280,1156,53,17,,
SL,KT2A,SLKT2A,MITSUBISHI,573084,115/22,25,2007,25/10/2021,12/11/2021,10315,54048,1877,139,11,92,0,8,308,0,73,631,51,13,,
SL,KT2A,SLKT2A,MITSUBISHI,573084,115/22,25,2007,22/05/2022,05/06/2022,4526,51475,2192,158,35,93,0,9,493,0,102,890,55,17,,
SL,KT2A,SLKT2A,MITSUBISHI,573084,115/22,25,2007,09/04/2023,30/04/2023,7550,53320,2184,172,7,72,0,24,287,110,250,922,63,21,,
SL,KT2A,SLKT2A,MITSUBISHI,573084,115/22,25,2007,17/12/2023,28/01/2024,5099,13847,1064,31,31,5,0,1,9,1,6,84,58,14,,
SL,KT2A,SLKT2A,MITSUBISHI,573084,115/22,25,2007,21/04/2024,27/04/2024,9624,22803,1014,58,27,12,0,4,16,0,8,125,59,14,,
SLB,KT1A,SLBKT1A,MEIDEN,8P8747T1,115/22,25,2004,18/10/2020,13/11/2020,6715,49023,1983,126,29,97,0,5,327,7,214,805,56,12,,
SLB,KT1A,SLBKT1A,MEIDEN,8P8747T1,115/22,25,2004,01/08/2021,01/11/2021,31255,60491,749,28,8,42,0,5,220,0,37,340,60,24,,
SLB,KT1A,SLBKT1A,MEIDEN,8P8747T1,115/22,25,2004,03/09/2022,15/09/2022,7484,51732,2117,64,27,128,0,12,428,0,214,873,65,11,,
SLB,KT1A,SLBKT1A,MEIDEN,8P8747T1,115/22,25,2004,16/06/2023,02/07/2023,5220,64830,2897,69,1,133,0,7,480,27,361,1078,56,10,,
SLB,KT2A,SLBKT2A,TOSHIBA,890900044,115/22,35,2003,10/08/2019,18/08/2019,6093,37005,2955,137,16,85,0,4,61,1,30,334,51,20,-,
SLB,KT2A,SLBKT2A,TOSHIBA,890900044,115/22,35,2003,18/10/2020,13/11/2020,6224,45522,2465,151,35,76,0,1,54,0,42,359,32,26,,
SLB,KT2A,SLBKT2A,TOSHIBA,890900044,115/22,35,2003,01/08/2021,03/10/2021,14375,45398,2111,147,16,74,0,7,64,0,0,308,40,25,,
SLB,KT2A,SLBKT2A,TOSHIBA,890900044,115/22,35,2003,03/09/2022,15/09/2022,7027,40058,2060,158,16,37,0,6,69,0,26,312,38,16,,
SLB,KT2A,SLBKT2A,TOSHIBA,890900044,115/22,35,2003,16/06/2023,03/07/2023,4143,47367,3401,271,17,132,0,6,77,6,24,533,52,21,,
SLB,KT3A,SLBKT3A,FUJI,AN69001T11,115/22,25,1998,10/08/2019,18/08/2019,5676,30780,1094,158,9,23,0,2,21,5,8,226,50,11,-,
SLB,KT3A,SLBKT3A,FUJI,AN69001T11,115/22,25,1998,13/03/2020,09/05/2020,7183,48641,905,172,3,21,0,3,17,3,15,234,50,29,research,
SLB,KT3A,SLBKT3A,FUJI,AN69001T11,115/22,25,1998,18/10/2020,13/11/2020,6485,49256,1088,171,34,18,0,1,11,5,7,247,51,12,,
SLB,KT3A,SLBKT3A,FUJI,AN69001T11,115/22,25,1998,01/08/2021,03/10/2021,19278,41483,850,129,6,13,0,5,20,0,0,173,52,29,,
SLB,KT3A,SLBKT3A,FUJI,AN69001T11,115/22,25,1998,03/09/2022,15/09/2022,5255,30812,1170,172,9,2,0,0,19,0,0,202,54,12,,
SLB,KT3A,SLBKT3A,FUJI,AN69001T11,115/22,25,1998,16/06/2023,02/07/2023,4230,41680,2474,183,11,34,0,1,20,8,12,269,50,14,,
SM,KT1A,SMKT1A,MEIDENSHA,5F9902T1,115/22,25,1993,24/03/2022,01/04/2022,8774,41005,3544,195,6,35,0,2,5,2,3,248,55,14,,
SM,KT1A,SMKT1A,MEIDENSHA,5F9902T1,115/22,25,1993,23/03/2023,03/04/2023,6951,29185,3793,218,5,3,0,1,2,0,2,231,51,16,,
SM,KT1A,SMKT1A,MEIDENSHA,5F9902T1,115/22,25,1993,16/03/2024,19/04/2024,11071,36806,3444,167,26,29,0,16,6,6,3,253,50,16,,
SM,KT2A,SMKT2A,FUJI,AN69001T12,115/22,25,1998,05/04/2019,12/04/2019,6048,42388,3415,351,6,30,0,5,25,5,11,433,30,20,-,
SM,KT2A,SMKT2A,FUJI,AN69001T12,115/22,25,1998,23/03/2023,06/04/2023,5974,48482,4144,393,3,56,0,2,29,0,21,504,52,21,,
SM,KT2A,SMKT2A,FUJI,AN69001T12,115/22,25,1998,16/03/2024,19/04/2024,8477,53089,4539,376,8,56,0,26,36,9,16,527,0,17,,
SM,KT3A,SMKT3A,MEIDEN,8R8399T1,115/22,50,2006,14/03/2021,11/05/2021,5421,43308,876,94,22,36,0,2,68,4,62,288,58,21,,
SM,KT3A,SMKT3A,MEIDEN,8R8399T1,115/22,50,2006,24/03/2022,01/04/2022,5496,29891,1386,119,6,57,0,4,111,0,62,419,53,9,,
SM,KT3A,SMKT3A,MEIDEN,8R8399T1,115/22,50,2006,23/03/2023,06/04/2023,18768,83579,1538,135,3,47,0,2,118,0,96,401,51,8,,
SM,KT3A,SMKT3A,MEIDEN,8R8399T1,115/22,50,2006,16/03/2024,09/04/2024,14020,40310,1579,127,6,80,0,183,240,323,186,1145,50,12,,
SN1,KT1A,SN1KT1A,TOSHIBA,890900048,115/22,50,2003,12/06/2021,05/09/2021,4352,36542,7419,308,43,56,0,9,679,0,42,1137,68,20,,
SN1,KT1A,SN1KT1A,TOSHIBA,890900048,115/22,50,2003,24/06/2022,03/07/2022,32205,73747,6625,312,44,59,0,11,546,18,213,1203,58,14,,
SN1,KT1A,SN1KT1A,TOSHIBA,890900048,115/22,50,2003,11/06/2023,02/07/2023,3939,78512,7015,291,20,101,0,9,535,27,227,1210,60,19,,
SN1,KT1A,SN1KT1A,TOSHIBA,890900048,115/22,50,2003,02/06/2024,07/06/2024,7746,55504,5181,121,36,356,0,15,724,59,686,1997,48,11,,
SN1,KT2A,SN1KT2A,TOSHIBA,890900051,115/22,50,2003,12/06/2021,05/09/2021,14486,53390,5776,154,20,49,0,4,30,0,5,262,73,21,,
SN1,KT2A,SN1KT2A,TOSHIBA,890900051,115/22,50,2003,24/06/2022,02/07/2022,8040,56900,7557,101,32,47,0,3,26,0,29,238,60,25,,
SN1,KT2A,SN1KT2A,TOSHIBA,890900051,115/22,50,2003,21/05/2023,27/05/2023,13078,69511,5077,96,22,25,0,3,21,0,22,189,0,55,เนื่องจากมี OLTC เสียหาย,
SN1,KT3A,SN1KT3A,MEIDEN,8N5451T4,115/22,50,2012,24/06/2022,02/07/2022,14420,71950,2345,698,6,2,0,15,1,46,2,770,53,8,,
SN1,KT3A,SN1KT3A,MEIDEN,8N5451T4,115/22,50,2012,11/06/2023,02/07/2023,18589,59613,2519,713,9,7,0,4,6,0,0,739,52,10,,
SN1,KT3A,SN1KT3A,MEIDEN,8N5451T4,115/22,50,2012,02/06/2024,05/06/2024,6453,56777,3823,1126,24,19,0,8,4,6,2,1189,55,5,,
SN2,KT1A,SN2KT1A,MEIDEN,8T9668T1,115/22,25,1998,12/06/2021,05/09/2021,17080,67034,3105,966,8,0,0,9,0,0,0,983,60,10,,
SN2,KT1A,SN2KT1A,MEIDEN,8T9668T1,115/22,25,1998,16/06/2022,25/06/2022,7160,82450,3068,832,4,6,0,6,3,5,1,857,66,8,,
SN2,KT1A,SN2KT1A,MEIDEN,8T9668T1,115/22,25,1998,11/06/2023,09/07/2023,41139,63622,3262,827,1,5,0,2,1,1,1,838,52,13,,
SN2,KT1A,SN2KT1A,MEIDEN,8T9668T1,115/22,25,1998,03/06/2024,05/06/2024,5345,62839,4797,941,7,13,0,7,5,2,3,978,64,7,,
SN2,KT2A,SN2KT2A,MEIDEN,8T9668T2,115/22,50,1998,12/06/2021,05/09/2021,30243,80819,698,67,11,6,0,1,0,2,10,97,61,19,,
SN2,KT2A,SN2KT2A,MEIDEN,8T9668T2,115/22,50,1998,16/06/2022,25/06/2022,10380,76630,1872,422,3,6,0,20,3,1,2,457,56,10,,
SN2,KT2A,SN2KT2A,MEIDEN,8T9668T2,115/22,50,1998,11/06/2023,01/07/2023,10715,68312,2053,609,4,8,0,2,5,0,5,633,66,17,,
SN2,KT2A,SN2KT2A,MEIDEN,8T9668T2,115/22,50,1998,03/06/2024,07/06/2024,10285,52873,3348,996,6,25,0,12,8,9,6,1062,0,5,,
SN2,KT3A,SN2KT3A,MEIDEN,8R8401T1,115/22,50,2004,12/06/2021,12/09/2021,28615,76951,559,13,17,29,0,0,284,11,236,590,61,8,,
SN2,KT3A,SN2KT3A,MEIDEN,8R8401T1,115/22,50,2004,16/06/2022,25/06/2022,3270,66710,1291,112,10,109,0,18,387,6,304,946,58,7,,
SN2,KT3A,SN2KT3A,MEIDEN,8R8401T1,115/22,50,2004,11/05/2023,01/07/2023,7849,57133,1794,127,11,113,0,3,465,0,433,1152,64,16,,
SN2,KT3A,SN2KT3A,MEIDEN,8R8401T1,115/22,50,2004,03/06/2024,07/06/2024,9856,30296,1731,120,5,140,0,8,475,63,474,1285,58,6,,
SN3,KT1A,SN3KT1A,ABB,57030,115/22,50,2004,24/03/2019,30/03/2019,8302,45472,2479,278,7,9,0,0,0,0,0,294,41,6,-,
SN3,KT1A,SN3KT1A,ABB,57030,115/22,50,2004,12/03/2021,08/05/2021,4298,38084,2447,251,40,0,0,1,2,2,1,297,42,19,,
SN3,KT1A,SN3KT1A,ABB,57030,115/22,50,2004,10/03/2022,01/04/2022,8181,38914,3355,268,12,10,0,3,3,1,3,300,48,17,,
SN3,KT1A,SN3KT1A,ABB,57030,115/22,50,2004,16/03/2023,06/04/2023,7884,43186,3763,284,5,7,0,0,1,0,0,297,45,9,,
SN3,KT1A,SN3KT1A,ABB,57030,115/22,50,2004,17/03/2024,19/04/2024,14380,50866,3500,272,2,20,0,3,1,2,2,302,54,11,,
SN3,KT2A,SN3KT2A,MEIDEN,8P9091T2,115/22,50,2004,24/03/2019,30/03/2019,6532,38140,5913,146,11,137,0,0,398,0,159,851,58,11,-,
SN3,KT2A,SN3KT2A,MEIDEN,8P9091T2,115/22,50,2004,13/03/2021,08/05/2021,7843,40073,3346,150,50,105,0,2,348,0,267,922,60,20,,
SN3,KT2A,SN3KT2A,MEIDEN,8P9091T2,115/22,50,2004,10/03/2022,01/04/2022,7197,72292,5331,147,21,158,0,3,552,0,239,1401,62,19,,
SN3,KT2A,SN3KT2A,MEIDEN,8P9091T2,115/22,50,2004,19/02/2023,20/02/2023,23727,79294,3470,79,1,91,0,4,427,0,239,841,62,15, Diff Trip,
SN3,KT2A,SN3KT2A,MEIDEN,8P9091T2,115/22,50,2004,16/03/2023,03/04/2023,6362,62375,3824,105,5,114,0,10,396,0,239,869,62,17,,
SN3,KT2A,SN3KT2A,MEIDEN,8P9091T2,115/22,50,2004,17/03/2024,19/04/2024,14655,58295,1766,141,25,29,0,0,0,2,15,212,78,15,,
SN4,KT1A,SN4KT1A,TOSHIBA,98900013,230/121,200,2012,22/03/2019,30/03/2019,8542,46260,3071,387,7,26,0,15,6,0,0,441,59,17,-,
SN4,KT1A,SN4KT1A,TOSHIBA,98900013,230/121,200,2012,14/03/2020,04/04/2020,8890,52910,1354,239,73,48,0,5,11,41,11,428,64,18,,
SN4,KT1A,SN4KT1A,TOSHIBA,98900013,230/121,200,2012,13/03/2021,09/05/2021,7995,51197,1960,327,47,49,0,2,8,0,12,445,62,24,,
SN4,KT1A,SN4KT1A,TOSHIBA,98900013,230/121,200,2012,24/03/2022,02/04/2022,6458,39256,2286,378,29,25,0,17,11,0,0,460,62,10,,
SN4,KT1A,SN4KT1A,TOSHIBA,98900013,230/121,200,2012,14/10/2022,10/11/2022,13402,22444,3922,382,38,36,0,13,9,0,2,480,62,18,,
SN4,KT1A,SN4KT1A,TOSHIBA,98900013,230/121,200,2012,09/03/2023,03/04/2023,5060,49880,3945,343,21,53,0,6,11,17,11,462,63,21,,
SN4,KT1A,SN4KT1A,TOSHIBA,98900013,230/121,200,2012,10/09/2023,28/09/2023,7200,34780,3984,356,37,59,0,63,19,19,10,563,60,11,,
SN4,KT1A,SN4KT1A,TOSHIBA,98900013,230/121,200,2012,10/03/2024,09/04/2024,7467,54455,5941,399,45,54,0,53,22,21,11,605,62,15,,
SN4,KT2A,SN4KT2A,TOSHIBA,98900014,230/121,200,2012,22/03/2019,30/03/2019,9286,35874,3186,325,7,15,0,0,5,0,0,352,65,21,-,
SN4,KT2A,SN4KT2A,TOSHIBA,98900014,230/121,200,2012,14/03/2020,04/04/2020,7070,44660,2088,254,80,37,0,0,4,21,0,2,69,25,,
SN4,KT2A,SN4KT2A,TOSHIBA,98900014,230/121,200,2012,13/03/2021,08/05/2021,3972,49835,2577,235,56,0,0,0,3,0,7,301,67,21,,
SN4,KT2A,SN4KT2A,TOSHIBA,98900014,230/121,200,2012,24/03/2022,02/04/2022,7618,30856,3167,291,38,10,0,2,5,0,0,346,68,9,,
SN4,KT2A,SN4KT2A,TOSHIBA,98900014,230/121,200,2012,14/10/2022,10/11/2022,15584,14608,5405,307,10,22,0,2,7,0,4,352,62,13,,
SN4,KT2A,SN4KT2A,TOSHIBA,98900014,230/121,200,2012,09/03/2023,03/04/2023,3210,45300,4419,281,35,51,0,0,5,2,7,381,62,20,,
SN4,KT2A,SN4KT2A,TOSHIBA,98900014,230/121,200,2012,10/09/2023,28/09/2023,7600,39222,4484,298,27,39,0,19,4,4,19,410,60,14,,
SN4,KT2A,SN4KT2A,TOSHIBA,98900014,230/121,200,2012,10/03/2024,09/04/2024,5428,44073,7726,356,16,41,0,43,18,4,7,485,59,13,,
SN4,KT3A,SN4KT3A,TOSHIBA,98900015,230/115,200,2012,22/03/2019,30/03/2019,8277,45860,3657,483,8,14,0,0,0,0,0,505,65,19,-,
SN4,KT3A,SN4KT3A,TOSHIBA,98900015,230/115,200,2012,14/03/2020,04/04/2020,17380,50000,2281,252,73,38,0,0,5,9,8,385,72,25,,
SN4,KT3A,SN4KT3A,TOSHIBA,98900015,230/115,200,2012,13/03/2021,08/05/2021,4176,40105,3144,261,50,22,0,0,6,0,10,349,67,23,,
SN4,KT3A,SN4KT3A,TOSHIBA,98900015,230/115,200,2012,24/03/2022,02/04/2022,3664,35602,4416,371,38,17,0,3,8,0,0,437,70,9,,
SN4,KT3A,SN4KT3A,TOSHIBA,98900015,230/115,200,2012,14/10/2022,10/11/2022,18718,15094,5878,402,38,17,0,3,7,0,4,471,62,17,,
SN4,KT3A,SN4KT3A,TOSHIBA,98900015,230/115,200,2012,09/03/2023,03/04/2023,4940,48240,5762,369,24,45,0,0,7,12,10,467,62,21,,
SN4,KT3A,SN4KT3A,TOSHIBA,98900015,230/115,200,2012,10/09/2023,28/09/2023,6170,36960,5830,373,28,50,0,50,15,8,8,532,60,15,,
SN4,KT3A,SN4KT3A,TOSHIBA,98900015,230/115,200,2012,10/03/2024,09/04/2024,7848,52621,9996,367,14,45,0,6,10,5,8,455,57,15,,
SN4,KT4A,SN4KT4A,ABB,508032,230/115,200,2022,10/08/2023,12/08/2023,8205,14993,102,8,9,0,0,23,2,5,0,47,35,5,ก่อนเข้าใช้งาน,
SN4,KT4A,SN4KT4A,ABB,508032,230/115,200,2022,10/03/2024,09/04/2024,11268,26083,473,79,23,2,0,0,3,1,1,109,52,8,,
SNO,KT1A,SNOKT1A,TRAFO UNION,N408032,230/121/22,300,2008,24/05/2019,09/08/2019,6498,41612,3518,341,24,10,0,0,2,0,3,380,68,13,-,
SNO,KT1A,SNOKT1A,TRAFO UNION,N408032,230/121/22,300,2008,03/11/2019,06/12/2019,5704,36648,5495,416,27,21,0,0,0,0,0,464,70,11,-,
SNO,KT1A,SNOKT1A,TRAFO UNION,N408032,230/121/22,300,2008,06/06/2020,04/08/2020,9230,32185,4138,262,21,0,0,0,0,0,0,283,68,9,,
SNO,KT1A,SNOKT1A,TRAFO UNION,N408032,230/121/22,300,2008,21/11/2020,30/11/2020,6631,43897,5211,280,14,0,0,0,3,2,7,306,69,14,,
SNO,KT1A,SNOKT1A,TRAFO UNION,N408032,230/121/22,300,2008,13/06/2021,28/08/2021,7405,31835,4180,270,20,10,0,0,5,0,0,305,65,13,,
SNO,KT1A,SNOKT1A,TRAFO UNION,N408032,230/121/22,300,2008,14/11/2021,20/11/2021,6160,37470,5476,794,4,9,0,0,7,0,3,817,64,7,,
SNO,KT1A,SNOKT1A,TRAFO UNION,N408032,230/121/22,300,2008,26/05/2022,30/05/2022,4205,31098,6226,352,26,10,0,2,9,0,0,399,62,7,,
SNO,KT1A,SNOKT1A,TRAFO UNION,N408032,230/121/22,300,2008,25/11/2022,28/11/2022,5836,39146,6220,350,27,19,0,1,5,2,12,416,60,4,,
SNO,KT1A,SNOKT1A,TRAFO UNION,N408032,230/121/22,300,2008,20/05/2023,25/05/2023,5873,37204,6122,368,18,19,0,0,4,0,7,416,60,5,,
SNO,KT1A,SNOKT1A,TRAFO UNION,N408032,230/121/22,300,2008,27/11/2023,28/12/2023,29250,42530,6037,362,13,21,0,1,6,33,19,465,60,8,,
SNO,KT2A,SNOKT2A,DAIHEN,GBK600001,230/115,300,2008,24/05/2019,09/08/2019,8061,40181,2214,741,6,5,0,0,2,0,1,755,60,9,-,
SNO,KT2A,SNOKT2A,DAIHEN,GBK600001,230/115,300,2008,03/11/2019,06/12/2019,7432,49551,3942,982,25,6,0,0,0,0,0,1013,53,9,-,
SNO,KT2A,SNOKT2A,DAIHEN,GBK600001,230/115,300,2008,06/06/2020,04/08/2020,10936,44132,3660,752,13,0,0,0,4,0,0,769,62,17,,
SNO,KT2A,SNOKT2A,DAIHEN,GBK600001,230/115,300,2008,21/11/2020,30/11/2020,6736,51515,4678,933,11,0,0,3,3,3,4,957,58,8,,
SNO,KT2A,SNOKT2A,DAIHEN,GBK600001,230/115,300,2008,13/06/2021,28/08/2021,6074,41052,4330,799,15,0,0,0,0,0,0,814,62,16,,
SNO,KT2A,SNOKT2A,DAIHEN,GBK600001,230/115,300,2008,14/11/2021,20/11/2021,5310,46180,7241,836,9,7,0,0,4,0,5,861,54,8,,
SNO,KT2A,SNOKT2A,DAIHEN,GBK600001,230/115,300,2008,26/05/2022,29/05/2022,10999,62932,5307,520,9,6,0,6,3,2,7,573,58,10,,
SNO,KT2A,SNOKT2A,DAIHEN,GBK600001,230/115,300,2008,25/11/2022,28/11/2022,7662,57969,5410,907,12,16,0,2,5,2,5,949,50,7,,
SNO,KT2A,SNOKT2A,DAIHEN,GBK600001,230/115,300,2008,20/05/2023,25/05/2023,9832,59054,5205,883,7,28,0,1,4,3,6,932,53,6,,
SNO,KT2A,SNOKT2A,DAIHEN,GBK600001,230/115,300,2008,27/11/2023,28/12/2023,41690,53470,4766,765,2,11,0,1,5,4,8,796,51,8,,
SNO,KT5AA,SNOKT5AA,ABB,11135210,500,300,2009,24/05/2019,09/08/2019,10383,35098,2897,658,3,7,0,0,3,0,4,675,60,14,-,
SNO,KT5AA,SNOKT5AA,ABB,11135210,500,300,2009,30/11/2019,08/12/2019,8893,38557,3564,826,17,6,0,0,3,0,2,854,60,8,-,
SNO,KT5AA,SNOKT5AA,ABB,11135210,500,300,2009,06/06/2020,04/08/2020,6797,44755,3772,802,11,12,0,0,0,0,0,825,63,15,,
SNO,KT5AA,SNOKT5AA,ABB,11135210,500,300,2009,21/11/2020,30/11/2020,7868,42432,3889,822,8,0,0,0,3,0,0,833,62,8,,
SNO,KT5AA,SNOKT5AA,ABB,11135210,500,300,2009,13/06/2021,28/08/2021,10332,37002,2923,703,12,0,0,4,23,0,0,742,65,17,,
SNO,KT5AA,SNOKT5AA,ABB,11135210,500,300,2009,14/11/2021,20/11/2021,2830,30790,5159,801,15,8,0,0,4,0,4,832,56,6,,
SNO,KT5AA,SNOKT5AA,ABB,11135210,500,300,2009,26/05/2022,30/05/2022,4215,48295,5247,782,23,10,0,9,10,40,6,900,60,7,,
SNO,KT5AA,SNOKT5AA,ABB,11135210,500,300,2009,25/11/2022,28/11/2022,9053,34228,5370,981,20,15,0,3,3,0,0,1022,52,5,,
SNO,KT5AA,SNOKT5AA,ABB,11135210,500,300,2009,20/05/2023,25/05/2023,4812,45426,4806,893,13,17,0,3,7,0,4,937,57,11,,
SNO,KT5AA,SNOKT5AA,ABB,11135210,500,300,2009,27/11/2023,28/12/2023,30060,45240,4346,741,8,13,0,5,5,96,3,871,52,8,,
SNO,KT5AB,SNOKT5AB,ABB,11135211,500,300,2009,24/05/2019,09/08/2019,9669,39352,2873,664,3,6,0,0,2,0,1,676,60,14,-,
SNO,KT5AB,SNOKT5AB,ABB,11135211,500,300,2009,30/11/2019,08/12/2019,11623,41709,3018,698,19,5,0,0,2,0,1,725,60,8,-,
SNO,KT5AB,SNOKT5AB,ABB,11135211,500,300,2009,06/06/2020,04/08/2020,8649,42532,3124,686,14,8,0,1,0,2,1,712,63,11,,
SNO,KT5AB,SNOKT5AB,ABB,11135211,500,300,2009,21/11/2020,30/11/2020,7413,39903,3328,757,9,0,0,0,2,3,1,772,62,6,,
SNO,KT5AB,SNOKT5AB,ABB,11135211,500,300,2009,13/06/2021,28/08/2021,6932,32118,2640,693,16,0,0,0,0,0,0,709,65,18,,
SNO,KT5AB,SNOKT5AB,ABB,11135211,500,300,2009,14/11/2021,20/11/2021,13840,64600,7935,225,9,10,0,0,5,19,15,283,54,5,,
SNO,KT5AB,SNOKT5AB,ABB,11135211,500,300,2009,26/05/2022,30/05/2022,4645,43377,4248,683,22,8,0,3,10,30,2,788,58,11,,
SNO,KT5AB,SNOKT5AB,ABB,11135211,500,300,2009,25/11/2022,28/11/2022,7436,38821,4561,876,18,12,0,12,2,3,2,925,50,13,,
SNO,KT5AB,SNOKT5AB,ABB,11135211,500,300,2009,20/05/2023,25/05/2023,5758,41362,4488,802,16,17,0,1,3,0,1,840,55,8,,
SNO,KT5AB,SNOKT5AB,ABB,11135211,500,300,2009,27/11/2023,28/12/2023,40940,47050,3028,670,7,8,0,2,3,53,2,545,51,9,,
SNO,KT5AC,SNOKT5AC,ABB,11135212,500,300,2009,24/05/2019,09/08/2019,9423,40113,2718,630,4,10,0,0,3,0,2,649,61,9,-,
SNO,KT5AC,SNOKT5AC,ABB,11135212,500,300,2009,30/11/2019,08/12/2019,10821,40985,2873,651,19,9,0,0,4,0,4,687,60,14,-,
SNO,KT5AC,SNOKT5AC,ABB,11135212,500,300,2009,06/06/2020,04/08/2020,8762,33951,2902,626,14,12,0,0,6,0,0,658,64,11,,
SNO,KT5AC,SNOKT5AC,ABB,11135212,500,300,2009,21/11/2020,30/11/2020,6336,31134,3223,648,19,13,0,0,9,0,0,689,64,7,,
SNO,KT5AC,SNOKT5AC,ABB,11135212,500,300,2009,13/06/2021,28/08/2021,7480,34837,2746,628,18,13,0,5,7,0,0,671,66,12,,
SNO,KT5AC,SNOKT5AC,ABB,11135212,500,300,2009,14/11/2021,20/11/2021,4510,36510,5497,768,8,9,0,0,6,0,3,794,55,6,,
SNO,KT5AC,SNOKT5AC,ABB,11135212,500,300,2009,26/05/2022,29/05/2022,8835,45182,3375,465,16,8,0,4,10,23,6,552,60,8,,
SNO,KT5AC,SNOKT5AC,ABB,11135212,500,300,2009,25/11/2022,28/11/2022,4463,38499,3476,468,26,18,0,4,7,7,3,533,50,8,,
SNO,KT5AC,SNOKT5AC,ABB,11135212,500,300,2009,20/05/2023,25/05/2023,5094,42041,3619,464,23,22,0,2,6,6,3,526,55,12,,
SNO,KT5AC,SNOKT5AC,ABB,11135212,500,300,2009,27/11/2023,26/12/2023,5110,25890,4517,832,24,16,0,3,7,0,2,884,51,9,,
SNO,KT6AA,SNOKT6AA,ABB,11155008,500,300,2009,24/05/2019,09/08/2019,4936,36228,3291,634,7,12,0,3,4,0,0,660,62,13,-,
SNO,KT6AA,SNOKT6AA,ABB,11155008,500,300,2009,03/11/2019,06/12/2019,4837,36849,4766,993,19,15,0,0,9,0,0,1036,62,10,-,
SNO,KT6AA,SNOKT6AA,ABB,11155008,500,300,2009,06/06/2020,04/08/2020,7606,41388,3579,631,25,15,0,0,1,3,5,680,64,16,,
SNO,KT6AA,SNOKT6AA,ABB,11155008,500,300,2009,21/11/2020,30/11/2020,8017,38508,4106,692,22,0,0,0,2,4,1,721,62,5,,
SNO,KT6AA,SNOKT6AA,ABB,11155008,500,300,2009,13/06/2021,28/08/2021,5811,33952,2158,303,34,27,0,9,73,0,7,453,64,14,,
SNO,KT6AA,SNOKT6AA,ABB,11155008,500,300,2009,14/11/2021,20/11/2021,2760,31600,6290,710,43,8,0,0,5,0,2,768,56,6,,
SNO,KT6AA,SNOKT6AA,ABB,11155008,500,300,2009,26/05/2022,29/05/2022,6771,43074,4433,515,38,6,0,8,3,25,1,606,57,10,,
SNO,KT6AA,SNOKT6AA,ABB,11155008,500,300,2009,25/11/2022,28/11/2022,7236,38668,4557,593,41,14,0,2,4,4,2,660,55,5,,
SNO,KT6AA,SNOKT6AA,ABB,11155008,500,300,2009,20/05/2023,25/05/2023,5451,40769,4738,581,34,17,0,1,0,3,1,637,58,6,,
SNO,KT6AA,SNOKT6AA,ABB,11155008,500,300,2009,27/11/2023,28/12/2023,34230,49800,4223,499,18,13,0,2,6,61,4,603,52,9,,
SNO,KT6AB,SNOKT6AB,ABB,11155009,500,300,2009,24/05/2019,09/08/2019,5350,24212,1698,208,7,13,0,10,4,8,0,250,64,10,-,
SNO,KT6AB,SNOKT6AB,ABB,11155009,500,300,2009,03/11/2019,02/12/2019,5845,28545,2215,265,9,54,0,11,5,8,1,353,62,7,-,
SNO,KT6AB,SNOKT6AB,ABB,11155009,500,300,2009,06/06/2020,04/08/2020,12451,28373,1843,224,17,13,0,9,10,0,0,273,63,21,,
SNO,KT6AB,SNOKT6AB,ABB,11155009,500,300,2009,21/11/2020,30/11/2020,5608,27195,2515,303,23,2,0,8,5,8,1,350,62,6,,
SNO,KT6AB,SNOKT6AB,ABB,11155009,500,300,2009,13/06/2021,28/08/2021,13279,33640,1829,249,19,13,0,10,21,0,0,312,64,20,,
SNO,KT6AB,SNOKT6AB,ABB,11155009,500,300,2009,14/11/2021,20/11/2021,3840,21290,3949,330,34,13,0,3,6,0,3,389,58,7,,
SNO,KT6AB,SNOKT6AB,ABB,11155009,500,300,2009,26/05/2022,04/06/2022,15559,49613,2125,76,6,2,0,0,8,0,0,100,,11,,
SNO,KT6AB,SNOKT6AB,ABB,11155009,500,300,2009,25/11/2022,28/11/2022,3392,18159,2736,430,40,22,0,13,8,6,3,522,55,6,,
SNO,KT6AB,SNOKT6AB,ABB,11155009,500,300,2009,20/05/2023,25/05/2023,7349,30857,2851,379,22,22,0,18,6,7,1,455,58,7,,
SNO,KT6AB,SNOKT6AB,ABB,11155009,500,300,2009,27/11/2023,28/12/2023,35290,45470,2261,289,13,33,0,7,88,42,68,540,52,8,,
SNO,KT6AC,SNOKT6AC,ABB,11155010,500,300,2010,24/05/2019,09/08/2019,8856,42907,2083,309,6,26,0,10,47,9,24,431,64,20,-,
SNO,KT6AC,SNOKT6AC,ABB,11155010,500,300,2010,03/11/2019,06/12/2019,8403,39530,2720,373,22,34,0,3,56,23,36,547,64,6,-,
SNO,KT6AC,SNOKT6AC,ABB,11155010,500,300,2010,06/06/2020,04/08/2020,7493,42158,2551,316,29,27,0,8,54,8,29,471,63,10,,
SNO,KT6AC,SNOKT6AC,ABB,11155010,500,300,2010,21/11/2020,30/11/2020,4075,29094,2591,331,32,29,0,10,90,18,0,510,62,5,,
SNO,KT6AC,SNOKT6AC,ABB,11155010,500,300,2010,13/06/2021,29/08/2021,9968,41218,2879,550,34,0,0,0,16,0,0,600,62,21,,
SNO,KT6AC,SNOKT6AC,ABB,11155010,500,300,2010,14/11/2021,20/11/2021,4780,32720,4588,641,12,9,0,0,5,0,4,671,58,5,,
SNO,KT6AC,SNOKT6AC,ABB,11155010,500,300,2010,26/05/2022,30/05/2022,4126,31621,2990,384,44,27,0,11,95,0,28,589,56,5,,
SNO,KT6AC,SNOKT6AC,ABB,11155010,500,300,2010,25/11/2022,28/11/2022,6730,43198,2948,388,44,45,0,11,84,10,60,642,56,12,,
SNO,KT6AC,SNOKT6AC,ABB,11155010,500,300,2010,20/05/2023,25/05/2023,2347,43915,3129,406,44,46,0,22,86,15,56,675,58,5,,
SNO,KT6AC,SNOKT6AC,ABB,11155010,500,300,2010,27/11/2023,28/12/2023,59840,53930,2148,348,6,16,0,8,10,37,6,431,52,10,,
SNO,KT7AA,SNOKT7AA,GEC ASTHOM,21784115,525/242/22,250,2010,24/05/2019,09/08/2019,8443,39018,2413,618,5,13,0,0,7,0,3,646,62,13,-,
SNO,KT7AA,SNOKT7AA,GEC ASTHOM,21784115,525/242/22,250,2010,03/11/2019,06/12/2019,7065,42068,3043,839,16,9,0,0,4,0,0,868,60,13,-,
SNO,KT7AA,SNOKT7AA,GEC ASTHOM,21784115,525/242/22,250,2010,06/06/2020,04/08/2020,26205,57734,2025,340,10,0,0,0,6,0,0,356,61,21,,
SNO,KT7AA,SNOKT7AA,GEC ASTHOM,21784115,525/242/22,250,2010,21/11/2020,30/11/2020,20626,66626,3312,670,14,0,0,0,0,0,0,684,60,6,,
SNO,KT7AA,SNOKT7AA,GEC ASTHOM,21784115,525/242/22,250,2010,13/06/2021,28/08/2021,13898,44396,2464,613,11,0,0,0,7,0,0,631,62,17,,
SNO,KT7AA,SNOKT7AA,GEC ASTHOM,21784115,525/242/22,250,2010,14/11/2021,20/11/2021,5280,33020,3778,253,30,40,0,2,73,0,55,453,57,7,,
SNO,KT7AA,SNOKT7AA,GEC ASTHOM,21784115,525/242/22,250,2010,26/05/2022,30/05/2022,2064,34518,4236,1004,13,12,0,0,9,0,0,1038,63,9,,
SNO,KT7AA,SNOKT7AA,GEC ASTHOM,21784115,525/242/22,250,2010,25/11/2022,28/11/2022,7976,47532,4247,1044,9,19,0,1,8,2,3,1086,56,5,,
SNO,KT7AA,SNOKT7AA,GEC ASTHOM,21784115,525/242/22,250,2010,20/05/2023,25/05/2023,7674,45402,4157,957,4,30,0,0,6,0,3,1000,58,7,,
SNO,KT7AA,SNOKT7AA,GEC ASTHOM,21784115,525/242/22,250,2010,27/11/2023,26/12/2023,5540,30260,5492,973,6,19,0,0,9,87,3,1097,54,10,,
SNO,KT7AB,SNOKT7AB,GEC ALSTHOM,21784116,525/242/22,250,2010,24/05/2019,09/08/2019,7751,35712,2864,712,4,0,0,0,4,0,1,721,53,13,-,
SNO,KT7AB,SNOKT7AB,GEC ALSTHOM,21784116,525/242/22,250,2010,03/11/2019,02/12/2019,18687,37696,3048,746,3,38,0,1,2,1,2,793,62,19,-,
SNO,KT7AB,SNOKT7AB,GEC ALSTHOM,21784116,525/242/22,250,2010,06/06/2020,04/08/2020,12988,42296,3147,639,12,0,0,0,0,0,0,651,62,17,,
SNO,KT7AB,SNOKT7AB,GEC ALSTHOM,21784116,525/242/22,250,2010,21/11/2020,30/11/2020,8417,36278,3859,734,11,11,0,0,8,0,0,764,62,9,,
SNO,KT7AB,SNOKT7AB,GEC ALSTHOM,21784116,525/242/22,250,2010,13/06/2021,29/08/2021,17011,48439,2754,558,10,0,0,0,21,0,0,589,64,20,,
SNO,KT7AB,SNOKT7AB,GEC ALSTHOM,21784116,525/242/22,250,2010,14/11/2021,20/11/2021,3520,34160,6805,909,8,10,0,0,7,0,3,937,58,7,,
SNO,KT7AB,SNOKT7AB,GEC ALSTHOM,21784116,525/242/22,250,2010,26/05/2022,30/05/2022,1812,37126,5084,1006,10,12,0,0,15,0,3,1046,62,12,,
SNO,KT7AB,SNOKT7AB,GEC ALSTHOM,21784116,525/242/22,250,2010,25/11/2022,28/11/2022,9896,51101,5066,1008,7,19,0,1,8,2,3,1048,57,7,,
SNO,KT7AB,SNOKT7AB,GEC ALSTHOM,21784116,525/242/22,250,2010,20/05/2023,25/05/2023,8407,43362,5164,977,3,18,0,0,6,0,2,1006,60,8,,
SNO,KT7AB,SNOKT7AB,GEC ALSTHOM,21784116,525/242/22,250,2010,27/11/2023,28/12/2023,37400,50000,4459,882,1,17,0,0,9,98,4,1011,54,11,,
SNO,KT7AC,SNOKT7AC,GEC ALSTHOM,21784117,525/242/22,250,2010,24/05/2019,09/08/2019,9243,37462,2865,877,6,11,0,0,5,0,2,901,61,8,-,
SNO,KT7AC,SNOKT7AC,GEC ALSTHOM,21784117,525/242/22,250,2010,03/11/2019,06/12/2019,10993,51078,3872,1064,17,11,0,0,6,0,0,1098,62,18,-,
SNO,KT7AC,SNOKT7AC,GEC ALSTHOM,21784117,525/242/22,250,2010,06/06/2020,04/08/2020,9020,51079,3758,913,9,16,0,0,0,3,3,944,62,15,,
SNO,KT7AC,SNOKT7AC,GEC ALSTHOM,21784117,525/242/22,250,2010,21/11/2020,30/11/2020,8137,38879,3895,904,13,12,0,0,0,0,0,929,,6,,
SNO,KT7AC,SNOKT7AC,GEC ALSTHOM,21784117,525/242/22,250,2010,13/06/2021,29/08/2021,8643,58095,3389,801,14,13,0,0,9,0,0,837,64,25,,
SNO,KT7AC,SNOKT7AC,GEC ALSTHOM,21784117,525/242/22,250,2010,14/11/2021,20/11/2021,6120,34140,4800,679,5,8,0,0,5,0,3,700,58,5,,
SNO,KT7AC,SNOKT7AC,GEC ALSTHOM,21784117,525/242/22,250,2010,26/05/2022,30/05/2022,3926,42052,5093,1214,14,14,0,2,8,0,0,1252,62,8,,
SNO,KT7AC,SNOKT7AC,GEC ALSTHOM,21784117,525/242/22,250,2010,25/11/2022,28/11/2022,3552,38476,5087,1210,14,27,0,3,11,4,6,1275,55,5,,
SNO,KT7AC,SNOKT7AC,GEC ALSTHOM,21784117,525/242/22,250,2010,20/05/2023,25/05/2023,3531,49895,5238,973,7,36,0,0,8,0,3,1027,58,10,,
SNO,KT7AC,SNOKT7AC,GEC ALSTHOM,21784117,525/242/22,250,2010,27/11/2023,26/12/2023,6050,33500,6297,1191,5,22,0,0,11,23,4,1256,54,11,,
SNR-P,KT1A,SNR-PKT1A,MEIDENSHA,5J8777TI,230/115,100,1992,14/07/2019,17/08/2019,4908,35136,1317,92,12,20,0,0,62,0,25,211,47,13,-,
SNR-P,KT1A,SNR-PKT1A,MEIDENSHA,5J8777TI,230/115,100,1992,06/10/2019,17/10/2019,6060,34630,1202,71,18,24,0,0,57,0,36,206,45,10,ROUTINE TEST,
SNR-P,KT1A,SNR-PKT1A,MEIDENSHA,5J8777TI,230/115,100,1992,17/04/2021,04/06/2021,4905,45017,942,56,36,18,0,1,43,2,35,191,50,10,,
SNR-P,KT1A,SNR-PKT1A,MEIDENSHA,5J8777TI,230/115,100,1992,01/03/2022,07/03/2022,4890,26418,1301,90,8,58,0,4,74,0,38,272,45,6,,
SNR-P,KT1A,SNR-PKT1A,MEIDENSHA,5J8777TI,230/115,100,1992,17/04/2022,21/04/2022,3099,32387,1335,93,6,25,0,3,71,0,41,239,51,8,CVT ระเบิด,
SNR-P,KT1A,SNR-PKT1A,MEIDENSHA,5J8777TI,230/115,100,1992,16/02/2023,21/02/2023,6720,34990,1401,92,3,18,0,1,53,4,37,208,45,3,,
SNR-P,KT1A,SNR-PKT1A,MEIDENSHA,5J8777TI,230/115,100,1992,23/04/2023,30/04/2023,4436,37510,1344,93,6,14,0,5,63,2,36,219,45,8,,
SNR-P,KT1A,SNR-PKT1A,MEIDENSHA,5J8777TI,230/115,100,1992,15/02/2024,17/03/2024,6767,30812,1310,83,6,11,0,2,65,0,33,200,48,13,,
SNR-P,KT2A,SNR-PKT2A,OSAKA,528571,115/11,4,1979,14/07/2019,17/08/2019,4919,45982,4182,74,14,13,0,0,32,0,9,142,45,23,-,
SNR-P,KT2A,SNR-PKT2A,OSAKA,528571,115/11,4,1979,08/05/2020,27/05/2020,4998,68639,4381,65,16,16,0,0,32,0,0,129,45,19,,
SNR-P,KT2A,SNR-PKT2A,OSAKA,528571,115/11,4,1979,14/04/2021,05/06/2021,5437,71954,4563,69,15,14,0,0,71,0,16,185,49,18,,
SNR-P,KT2A,SNR-PKT2A,OSAKA,528571,115/11,4,1979,17/04/2022,21/04/2022,3540,86076,5452,74,9,41,0,4,54,3,27,212,38,14,CVT ระเบิด,
SNR-P,KT2A,SNR-PKT2A,OSAKA,528571,115/11,4,1979,23/04/2023,04/05/2023,4860,84006,4478,64,5,34,0,5,48,6,29,191,45,18,,
SNR-P,KT2A,SNR-PKT2A,OSAKA,528571,115/11,4,1979,15/02/2024,17/03/2024,12856,45226,4220,91,8,31,0,13,5,0,0,148,50,24,,
SNR-P,KT3A,SNR-PKT3A,TUSCO TRAFO,421036,22/11,2,2013,17/04/2022,21/04/2022,7480,74202,1911,183,4,2,0,15,1,4,2,211,51,8,CVT ระเบิด,
SNR-P,KT3A,SNR-PKT3A,TUSCO TRAFO,421036,22/11,2,2013,02/06/2022,03/06/2022,8576,74537,1839,208,146,0,0,11,0,2,0,367,55,8,หม้อแปลง Trip ด้วย Buchholz Relay (เนื่องจากกระรอกขึ้นไปบน Line และทำให้ PT Trip ลง Ground),
SO1,KT1A,SO1KT1A,DAIHEN,8T9792T3,115/22/11,50,2002,11/02/2019,12/05/2019,14208,49834,1626,809,2,8,0,3,1,2,1,826,48,18,-,
SO1,KT1A,SO1KT1A,DAIHEN,8T9792T3,115/22/11,50,2002,11/04/2020,17/05/2020,13591,67304,1815,923,15,8,0,0,2,0,2,950,57,19,,
SO1,KT1A,SO1KT1A,DAIHEN,8T9792T3,115/22/11,50,2002,11/02/2021,14/06/2021,14096,51876,2180,582,24,5,0,1,1,0,2,615,49,7,,
SO1,KT1A,SO1KT1A,DAIHEN,8T9792T3,115/22/11,50,2002,25/01/2022,06/02/2022,10235,69453,2918,777,5,6,0,1,2,0,2,793,41,6,,
SO1,KT1A,SO1KT1A,DAIHEN,8T9792T3,115/22/11,50,2002,22/01/2023,04/02/2023,11280,55546,2466,1008,9,8,0,6,0,0,0,1031,47,6,,
SO1,KT1A,SO1KT1A,DAIHEN,8T9792T3,115/22/11,50,2002,21/01/2024,10/02/2024,4260,28980,2820,826,5,8,0,28,7,1,1,876,47,10,,
SO1,KT3A,SO1KT3A,DAIHEN,8T9792T4,115/22/11,50,2002,11/02/2019,10/05/2019,13807,60719,1937,806,8,10,0,0,0,0,0,824,52,17,-,
SO1,KT3A,SO1KT3A,DAIHEN,8T9792T4,115/22/11,50,2002,11/04/2020,24/05/2020,14956,56720,2316,834,11,0,0,0,0,0,0,845,60,17,,
SO1,KT3A,SO1KT3A,DAIHEN,8T9792T4,115/22/11,50,2002,11/02/2021,24/05/2021,14901,54263,4321,816,75,12,0,1,4,0,4,912,53,20,,
SO1,KT3A,SO1KT3A,DAIHEN,8T9792T4,115/22/11,50,2002,25/01/2022,06/02/2022,7961,72750,3274,605,31,7,0,5,4,2,5,659,44,9,,
SO1,KT3A,SO1KT3A,DAIHEN,8T9792T4,115/22/11,50,2002,22/01/2023,06/02/2023,30233,80570,3501,700,8,11,0,5,3,3,3,733,49,6,,
SO1,KT3A,SO1KT3A,DAIHEN,8T9792T4,115/22/11,50,2002,21/01/2024,05/02/2024,24620,62815,3884,704,3,3,0,2,1,29,0,742,50,9,,
SO2,KT2A,SO2KT2A,DAIHEN,5BK014202,230/121/22,120/160/200,2010,10/02/2019,12/05/2019,10938,26610,707,161,19,0,0,0,0,0,0,180,42,15,-,
SO2,KT2A,SO2KT2A,DAIHEN,5BK014202,230/121/22,120/160/200,2010,31/08/2019,28/09/2019,10591,51024,846,164,29,7,0,0,6,0,2,208,48,12,-,
SO2,KT2A,SO2KT2A,DAIHEN,5BK014202,230/121/22,120/160/200,2010,12/04/2020,17/05/2020,6072,23267,1027,364,16,2,0,0,1,0,0,383,50,9,,
SO2,KT2A,SO2KT2A,DAIHEN,5BK014202,230/121/22,120/160/200,2010,05/07/2020,15/08/2020,9890,42100,805,137,38,0,0,0,0,0,0,175,46,24,,
SO2,KT2A,SO2KT2A,DAIHEN,5BK014202,230/121/22,120/160/200,2010,11/02/2021,24/05/2021,16659,44661,1929,486,20,2,0,0,1,1,1,511,43,25,,
SO2,KT2A,SO2KT2A,DAIHEN,5BK014202,230/121/22,120/160/200,2010,03/09/2021,06/11/2021,14943,31864,985,280,20,0,0,0,13,0,0,313,46,25,,
SO2,KT2A,SO2KT2A,DAIHEN,5BK014202,230/121/22,120/160/200,2010,21/01/2022,06/02/2022,12848,69831,1253,286,32,3,0,1,1,1,1,325,43,7,,
SO2,KT2A,SO2KT2A,DAIHEN,5BK014202,230/121/22,120/160/200,2010,28/07/2022,20/08/2022,2290,25607,1047,410,6,7,0,1,1,0,0,425,48,17,,
SO2,KT2A,SO2KT2A,DAIHEN,5BK014202,230/121/22,120/160/200,2010,23/01/2023,04/02/2023,6249,21579,1052,436,20,5,0,0,0,0,0,461,39,9,,
SO2,KT2A,SO2KT2A,DAIHEN,5BK014202,230/121/22,120/160/200,2010,15/07/2023,05/08/2023,13076,21119,1330,543,2,2,0,0,1,1,1,550,48,12,,
SO2,KT2A,SO2KT2A,DAIHEN,5BK014202,230/121/22,120/160/200,2010,22/01/2024,05/02/2024,12250,23340,1043,377,12,10,0,1,1,2,1,404,42,10,,
SO2,KT3A,SO2KT3A,DAIHEN,5BK014203,230/121/22,120/160/200,2010,10/02/2019,12/05/2019,10943,25610,706,159,21,0,0,0,0,0,0,180,42,21,-,
SO2,KT3A,SO2KT3A,DAIHEN,5BK014203,230/121/22,120/160/200,2010,31/08/2019,28/09/2019,7032,21587,934,267,28,2,0,0,0,0,0,297,48,10,-,
SO2,KT3A,SO2KT3A,DAIHEN,5BK014203,230/121/22,120/160/200,2010,12/04/2020,17/05/2020,6634,28895,1009,372,15,2,0,0,1,0,0,390,49,9,,
SO2,KT3A,SO2KT3A,DAIHEN,5BK014203,230/121/22,120/160/200,2010,05/07/2020,15/08/2020,8770,40600,1114,190,31,1,0,0,0,0,0,222,46,13,,
SO2,KT3A,SO2KT3A,DAIHEN,5BK014203,230/121/22,120/160/200,2010,11/02/2021,24/05/2021,9042,46806,893,172,17,0,0,0,0,0,0,189,42,38,,
SO2,KT3A,SO2KT3A,DAIHEN,5BK014203,230/121/22,120/160/200,2010,03/09/2021,06/11/2021,13188,30079,991,283,16,0,0,0,5,0,0,304,46,33,,
SO2,KT3A,SO2KT3A,DAIHEN,5BK014203,230/121/22,120/160/200,2010,24/01/2022,05/02/2022,7754,28196,1287,272,20,1,0,0,1,0,0,294,42,13,,
SO2,KT3A,SO2KT3A,DAIHEN,5BK014203,230/121/22,120/160/200,2010,28/07/2022,19/08/2022,2575,29441,1058,383,4,2,0,1,1,0,0,391,46,14,,
SO2,KT3A,SO2KT3A,DAIHEN,5BK014203,230/121/22,120/160/200,2010,23/01/2023,04/02/2023,6039,26447,652,253,13,2,0,1,1,1,0,271,39,8,,
SO2,KT3A,SO2KT3A,DAIHEN,5BK014203,230/121/22,120/160/200,2010,15/07/2023,05/08/2023,11374,21395,793,294,3,19,0,17,5,17,3,358,47,11,,
SO2,KT3A,SO2KT3A,DAIHEN,5BK014203,230/121/22,120/160/200,2010,22/01/2024,05/02/2024,13420,23390,1165,383,11,10,0,1,1,2,1,409,42,8,,
SP,KT1A,SPKT1A,MEIDEN,8P9093T1,115/22,50,2004,14/02/2019,02/03/2019,5760,49931,2599,169,57,118,0,4,367,0,211,926,58,11,-,
SP,KT1A,SPKT1A,MEIDEN,8P9093T1,115/22,50,2004,16/02/2021,27/04/2021,9540,53000,1212,54,28,83,0,0,272,9,194,640,56,14,,
SP,KT1A,SPKT1A,MEIDEN,8P9093T1,115/22,50,2004,30/01/2022,05/02/2022,3500,69590,2810,109,16,79,0,1,307,14,200,726,57,12,,
SP,KT1A,SPKT1A,MEIDEN,8P9093T1,115/22,50,2004,24/03/2023,06/04/2023,6955,49094,3012,165,5,66,0,1,240,6,172,655,57,9,,
SP,KT1A,SPKT1A,MEIDEN,8P9093T1,115/22,50,2004,18/02/2024,17/03/2024,8156,45575,2954,153,14,75,0,0,314,0,177,733,57,11,,
SP,KT2A,SPKT2A,MEIDEN,8P9093T2,115/22,50,2004,14/02/2019,02/03/2019,9570,47961,2746,153,45,98,0,15,279,0,156,746,58,9,-,
SP,KT2A,SPKT2A,MEIDEN,8P9093T2,115/22,50,2004,16/02/2021,27/04/2021,17221,74938,2449,150,13,88,0,10,319,0,185,765,60,23,,
SP,KT2A,SPKT2A,MEIDEN,8P9093T2,115/22,50,2004,30/01/2022,05/02/2022,3500,69590,3746,167,16,82,0,3,267,7,173,715,60,15,,
SP,KT2A,SPKT2A,MEIDEN,8P9093T2,115/22,50,2004,24/03/2023,06/04/2023,6264,69691,5144,207,9,106,0,3,322,8,200,855,62,6,,
SP,KT2A,SPKT2A,MEIDEN,8P9093T2,115/22,50,2004,18/02/2024,17/03/2024,10253,52650,5203,193,13,97,0,7,330,0,182,822,58,13,,
SR1,KT1A,SR1KT1A,OSAKA,8S9483T1,115/22,50,2007,20/12/2019,10/01/2020,6654,58492,1646,169,26,75,0,0,215,0,126,611,42,9,-,
SR1,KT1A,SR1KT1A,OSAKA,8S9483T1,115/22,50,2007,27/06/2020,15/08/2020,9630,10268,2046,79,32,36,0,0,148,53,101,449,58,17,,
SR1,KT1A,SR1KT1A,OSAKA,8S9483T1,115/22,50,2007,03/07/2022,14/07/2022,5740,65850,2062,72,8,53,0,0,163,56,115,467,55,7,,
SR1,KT1A,SR1KT1A,OSAKA,8S9483T1,115/22,50,2007,10/02/2023,25/02/2023,7449,48104,2127,87,9,73,0,0,194,0,80,443,50,6,color 1.5,
SR1,KT1A,SR1KT1A,OSAKA,8S9483T1,115/22,50,2007,22/03/2024,20/04/2024,19453,88233,2053,107,5,69,0,6,212,6,140,545,59,13,,
SR1,KT2A,SR1KT2A,MEIDEN,8R8400T1,115/22,50,2009,20/12/2019,10/01/2020,1770,73312,1594,117,2,98,0,2,414,1,397,1031,48,6,-,
SR1,KT2A,SR1KT2A,MEIDEN,8R8400T1,115/22,50,2009,27/06/2020,18/05/2020,8120,123410,2990,112,35,113,0,2,482,69,350,1163,58,21,,
SR1,KT2A,SR1KT2A,MEIDEN,8R8400T1,115/22,50,2009,03/07/2022,14/07/2022,8290,68080,2958,113,37,108,0,3,405,23,347,1036,62,13,,
SR1,KT2A,SR1KT2A,MEIDEN,8R8400T1,115/22,50,2009,10/02/2023,25/02/2023,6551,53212,3089,125,10,168,0,9,521,0,324,1157,58,5,color 1.5,
SR1,KT2A,SR1KT2A,MEIDEN,8R8400T1,115/22,50,2009,22/03/2024,20/04/2024,9932,72613,3077,168,8,189,0,12,607,19,424,1427,66,10,,
SR2,KT1A,SR2KT1A,MITSUBISHI,573077,115/22,40,1998,18/09/2020,05/10/2020,12535,22903,232,5,7,0,0,0,37,0,0,49,38,10,หลังกรองน้ำมันMaintank และเปลี่ยน Cylinder OLTC,
SR2,KT1A,SR2KT1A,MITSUBISHI,573077,115/22,40,1998,22/12/2022,14/01/2023,5165,22518,209,12,2,2,0,1,16,1,21,55,34,12,after replace seal,
SR2,KT1A,SR2KT1A,MITSUBISHI,573077,115/22,40,1998,11/06/2023,16/06/2023,1500,339940,1437,146,27,31,0,5,42,6,24,281,58,20,,
SR2,KT1A,SR2KT1A,MITSUBISHI,573077,115/22,40,1998,24/03/2024,19/04/2024,5617,47665,1581,160,21,80,0,9,110,7,57,444,58,18,,
SR2,KT2A,SR2KT2A,DAIHEN,GBK604201,230/115,300,2019,22/12/2019,04/01/2020,12849,28281,312,27,7,0,0,0,0,0,0,34,32,13,นำเข้าใช้งานใหม่,
SR2,KT2A,SR2KT2A,DAIHEN,GBK604201,230/115,300,2019,29/06/2020,15/08/2020,7158,31099,606,87,21,4,0,1,2,1,1,117,54,12,,
SR2,KT2A,SR2KT2A,DAIHEN,GBK604201,230/115,300,2019,21/06/2021,02/07/2021,8480,32511,1122,176,38,6,0,1,3,2,2,228,55,28,,
SR2,KT2A,SR2KT2A,DAIHEN,GBK604201,230/115,300,2019,18/06/2022,25/06/2022,4020,21865,1389,207,47,3,0,0,6,0,0,263,56,7,,
SR2,KT2A,SR2KT2A,DAIHEN,GBK604201,230/115,300,2019,11/06/2023,16/06/2023,2841,19266,1929,292,67,11,0,1,5,0,0,376,57,6,,
SR2,KT2A,SR2KT2A,DAIHEN,GBK604201,230/115,300,2019,18/11/2023,28/12/2023,12521,36092,2049,283,57,10,0,0,4,11,0,365,42,7,,
SR2,KT2A,SR2KT2A,DAIHEN,GBK604201,230/115,300,2019,24/03/2024,19/04/2024,7542,36344,1568,213,33,14,0,2,5,3,3,273,58,13,,
SR2,KT3A,SR2KT3A,DAIHEN,GBK604202,230/115,300,2019,01/11/2019,10/11/2019,19861,66010,105,14,19,2,0,0,2,0,2,39,42,7,เข้าใช้งานครั้งแรก 9/10/48,
SR2,KT3A,SR2KT3A,DAIHEN,GBK604202,230/115,300,2019,22/12/2019,04/01/2020,12096,28111,429,49,14,0,0,0,0,0,0,63,33,13,ตามผลหลังเข้าใช้งานมากกว่า1เดือน,
SR2,KT3A,SR2KT3A,DAIHEN,GBK604202,230/115,300,2019,29/06/2020,15/08/2020,7890,37770,899,83,44,12,0,0,2,1,2,144,54,15,,
SR2,KT3A,SR2KT3A,DAIHEN,GBK604202,230/115,300,2019,21/06/2021,02/07/2021,7282,34725,1110,169,52,9,0,1,5,1,3,240,54,6,,
SR2,KT3A,SR2KT3A,DAIHEN,GBK604202,230/115,300,2019,18/06/2022,25/06/2022,4309,21842,1311,177,66,5,0,0,4,0,0,252,54,8,,
SR2,KT3A,SR2KT3A,DAIHEN,GBK604202,230/115,300,2019,11/06/2023,16/06/2023,2759,23241,1860,256,82,15,0,2,5,0,0,360,55,11,,
SR2,KT3A,SR2KT3A,DAIHEN,GBK604202,230/115,300,2019,18/11/2023,28/12/2023,10693,34236,1798,237,64,10,0,0,5,4,6,326,41,9,,
SR2,KT3A,SR2KT3A,DAIHEN,GBK604202,230/115,300,2019,24/03/2024,19/04/2024,4923,34882,1408,182,45,15,0,3,5,3,3,256,56,11,,
SR2,KT4A,SR2KT4A,TRAFO-UNION,408030,230/115,300,2009,01/11/2019,10/11/2019,8510,34130,155,23,9,0,0,0,0,0,0,32,57,12,เข้าใช้งานครั้งแรก 19/10/48,
SR2,KT4A,SR2KT4A,TRAFO-UNION,408030,230/115,300,2009,22/12/2019,04/01/2020,24102,42882,767,72,4,0,0,0,0,0,0,76,46,15,ตามผลหลังเข้าใช้งานมากกว่า1เดือน,
SR2,KT4A,SR2KT4A,TRAFO-UNION,408030,230/115,300,2009,28/06/2020,15/08/2020,8559,28254,1559,144,19,2,0,1,1,0,2,169,62,13,,
SR2,KT4A,SR2KT4A,TRAFO-UNION,408030,230/115,300,2009,21/06/2021,02/07/2021,6221,29876,3338,310,31,6,0,0,0,1,4,352,62,12,,
SR2,KT4A,SR2KT4A,TRAFO-UNION,408030,230/115,300,2009,18/06/2022,25/06/2022,3490,21048,4418,374,38,2,0,1,5,0,0,420,58,13,,
SR2,KT4A,SR2KT4A,TRAFO-UNION,408030,230/115,300,2009,11/06/2023,16/06/2023,2754,19778,4937,435,38,10,0,0,5,0,0,488,60,10,,
SR2,KT4A,SR2KT4A,TRAFO-UNION,408030,230/115,300,2009,18/11/2023,28/12/2023,12026,35077,5120,437,32,8,0,0,4,0,10,491,57,10,,
SR2,KT4A,SR2KT4A,TRAFO-UNION,408030,230/115,300,2009,24/03/2024,19/04/2024,4977,34308,4525,387,12,16,0,2,12,1,9,439,60,10,,
SR2,KT5A,SR2KT5A,MITSUBISHI,573068,115/22,40,1997,21/12/2019,10/01/2020,4485,57812,5921,276,27,137,0,18,307,26,169,960,25,10,-,
SR2,KT5A,SR2KT5A,MITSUBISHI,573068,115/22,40,1997,28/06/2020,15/08/2020,7000,130840,8660,183,32,112,0,0,246,84,212,869,58,23,,
SR3,KT1A,SR3KT1A,ELECTRO-BAU,136698,115/22,50,2000,04/12/2021,15/01/2022,20790,49980,443,4,0,1,0,0,1,1,2,9,36,11,,
SR4,KT1A,SR4KT1A,MEIDEN,8N5451T2,115/22,50,2014,19/12/2019,10/01/2020,14523,79174,3319,1379,26,5,0,0,1,1,2,1414,45,8,-,
SR4,KT1A,SR4KT1A,MEIDEN,8N5451T2,115/22,50,2014,26/06/2020,15/08/2020,15406,74546,2850,966,4,7,0,5,0,1,0,983,54,13,,
SR4,KT1A,SR4KT1A,MEIDEN,8N5451T2,115/22,50,2014,30/07/2022,07/08/2022,2837,79484,3413,817,2,10,0,9,2,2,1,843,48,8,,
SR4,KT1A,SR4KT1A,MEIDEN,8N5451T2,115/22,50,2014,03/02/2023,26/02/2023,16170,65856,3270,842,7,10,0,13,7,0,0,879,53,15,,
SR4,KT1A,SR4KT1A,MEIDEN,8N5451T2,115/22,50,2014,11/05/2024,18/05/2024,4604,36109,3630,1477,10,10,0,17,8,0,0,1522,54,8,,
SR4,KT2A,SR4KT2A,MEIDEN,8R8403T2,115/22,50,2007,19/12/2019,12/01/2020,21324,80421,1020,79,9,70,0,7,336,1,333,835,50,8,-,
SR4,KT2A,SR4KT2A,MEIDEN,8R8403T2,115/22,50,2007,26/06/2020,15/08/2020,10960,126060,1576,101,11,92,0,1,291,126,232,854,58,19,,
SR4,KT2A,SR4KT2A,MEIDEN,8R8403T2,115/22,50,2007,30/07/2022,07/08/2022,12150,61302,1204,121,3,150,0,10,546,0,340,1170,52,8,,
SR4,KT2A,SR4KT2A,MEIDEN,8R8403T2,115/22,50,2007,03/02/2023,26/02/2023,5293,51622,1300,154,10,145,0,9,488,0,280,1086,57,11,,
SR4,KT2A,SR4KT2A,MEIDEN,8R8403T2,115/22,50,2007,11/05/2024,18/05/2024,1837,29171,1354,197,13,144,0,11,548,10,333,1256,56,5,,
SRD,KT1A,SRDKT1A,VOLTA WERKE,60542-001,115/22,25,1993,09/02/2019,11/03/2019,10244,44658,921,99,5,7,0,0,11,0,3,125,-,26,Tx.Trip over current relay ด้านHV&LV,
SRD,KT1A,SRDKT1A,VOLTA WERKE,60542-001,115/22,25,1993,12/03/2019,26/04/2019,7658,29731,975,118,21,19,0,0,11,0,0,169,51,17,-,
SRD,KT1A,SRDKT1A,VOLTA WERKE,60542-001,115/22,25,1993,11/03/2020,28/03/2020,3627,62547,882,176,13,60,0,1,87,0,61,398,40,11,,
SRD,KT1A,SRDKT1A,VOLTA WERKE,60542-001,115/22,25,1993,02/06/2020,16/06/2020,15229,37629,1091,91,17,17,0,51,37,0,0,213,,11,,
SRD,KT1A,SRDKT1A,VOLTA WERKE,60542-001,115/22,25,1993,27/02/2021,21/05/2021,9167,39809,372,82,20,25,0,3,18,2,9,159,47,23,,
SRD,KT1A,SRDKT1A,VOLTA WERKE,60542-001,115/22,25,1993,16/02/2022,26/03/2022,17165,54181,1085,176,13,0,0,6,22,0,0,217,45,9,,
SRD,KT1A,SRDKT1A,VOLTA WERKE,60542-001,115/22,25,1993,16/02/2023,05/03/2023,29831,64716,1571,355,15,8,0,16,11,6,7,418,48,8,,
SRD,KT1A,SRDKT1A,VOLTA WERKE,60542-001,115/22,25,1993,14/02/2024,18/03/2024,13852,65558,2037,444,24,7,0,27,8,10,8,528,48,10,,
SRD,KT2A,SRDKT2A,VOLTA WERKE,60492-001,115/22/11,25,1993,09/02/2019,11/03/2019,9277,44793,1151,106,2,24,0,2,51,0,23,208,-,24,Tx.Trip over current relayด้านHV&LV,
SRD,KT2A,SRDKT2A,VOLTA WERKE,60492-001,115/22/11,25,1993,02/06/2020,19/06/2020,5139,62060,1698,202,25,29,0,9,67,0,19,351,,10,,
SRD,KT2A,SRDKT2A,VOLTA WERKE,60492-001,115/22/11,25,1993,27/02/2021,20/05/2021,9937,63831,1011,132,23,14,0,0,101,0,23,293,47,27,,
SRD,KT2A,SRDKT2A,VOLTA WERKE,60492-001,115/22/11,25,1993,16/02/2022,26/03/2022,7052,62843,1184,26,23,26,0,2,58,10,56,201,46,12,,
SRD,KT2A,SRDKT2A,VOLTA WERKE,60492-001,115/22/11,25,1993,16/02/2023,05/03/2023,5869,65461,1434,76,19,47,0,5,79,1,50,277,48,7,,
SRD,KT2A,SRDKT2A,VOLTA WERKE,60492-001,115/22/11,25,1993,14/02/2024,18/03/2024,6660,64573,1889,270,22,63,0,10,152,10,75,602,48,7,,
SRT,KT1A,SRTKT1A,FUJI,AV69090T11,230/121/33,100,1999,27/05/2019,25/07/2019,6039,40004,3885,49,20,71,0,0,134,0,66,340,64,31,-,
SRT,KT1A,SRTKT1A,FUJI,AV69090T11,230/121/33,100,1999,02/11/2019,26/12/2019,6240,43080,4333,49,28,42,0,0,175,0,114,408,59,19,-,
SRT,KT1A,SRTKT1A,FUJI,AV69090T11,230/121/33,100,1999,28/03/2020,11/04/2020,10451,39682,4134,45,24,23,0,0,112,0,81,285,,8,research,
SRT,KT1A,SRTKT1A,FUJI,AV69090T11,230/121/33,100,1999,10/05/2020,31/05/2020,9845,40215,1784,32,27,44,0,0,161,19,101,384,63,12,,
SRT,KT1A,SRTKT1A,FUJI,AV69090T11,230/121/33,100,1999,30/10/2020,29/11/2020,14045,40410,2724,41,28,86,0,0,185,0,110,450,63,10,,
SRT,KT1A,SRTKT1A,FUJI,AV69090T11,230/121/33,100,1999,04/05/2021,25/07/2021,7680,29905,2896,40,17,26,0,0,114,0,28,225,66,30,,
SRT,KT1A,SRTKT1A,FUJI,AV69090T11,230/121/33,100,1999,10/11/2021,23/11/2021,2990,28810,4014,29,13,29,0,0,125,9,97,302,55,12,,
SRT,KT1A,SRTKT1A,FUJI,AV69090T11,230/121/33,100,1999,06/05/2022,15/05/2022,9171,32904,3564,30,22,24,0,2,127,0,39,244,53,9,,
SRT,KT1A,SRTKT1A,FUJI,AV69090T11,230/121/33,100,1999,08/12/2022,13/01/2023,6070,32580,2643,25,7,20,0,1,97,5,4,159,53,13,,
SRT,KT1A,SRTKT1A,FUJI,AV69090T11,230/121/33,100,1999,06/05/2023,15/05/2023,2920,34730,3842,21,27,33,0,0,127,6,98,312,60,15,,
SRT,KT1A,SRTKT1A,FUJI,AV69090T11,230/121/33,100,1999,08/12/2023,25/01/2024,6942,37338,4253,50,22,36,0,2,145,5,79,339,59,13,,
SRT,KT2A,SRTKT2A,FUJI,AV69090T12,230/121/33,100,1999,27/05/2019,25/07/2019,7545,37903,3147,46,18,41,0,0,151,0,62,318,60,19,-,
SRT,KT2A,SRTKT2A,FUJI,AV69090T12,230/121/33,100,1999,02/11/2019,26/12/2019,13600,74760,3604,52,28,48,0,0,207,0,137,472,57,19,-,
SRT,KT2A,SRTKT2A,FUJI,AV69090T12,230/121/33,100,1999,29/03/2020,11/04/2020,10310,41892,3799,50,26,42,0,0,135,0,92,345,,9,research,
SRT,KT2A,SRTKT2A,FUJI,AV69090T12,230/121/33,100,1999,10/05/2020,31/05/2020,11025,65217,1510,34,25,52,0,0,187,20,119,437,,13,,
SRT,KT2A,SRTKT2A,FUJI,AV69090T12,230/121/33,100,1999,30/10/2020,27/11/2020,3604,24610,1984,38,22,38,0,0,195,0,124,417,60,15,,
SRT,KT2A,SRTKT2A,FUJI,AV69090T12,230/121/33,100,1999,04/05/2021,25/07/2021,6220,34153,2736,39,22,36,0,0,151,0,39,287,65,15,,
SRT,KT2A,SRTKT2A,FUJI,AV69090T12,230/121/33,100,1999,10/11/2021,23/11/2021,3590,33600,3433,33,12,37,0,0,151,11,109,353,53,10,,
SRT,KT2A,SRTKT2A,FUJI,AV69090T12,230/121/33,100,1999,06/05/2022,15/05/2022,4938,34850,3284,45,22,36,0,2,160,0,48,313,52,10,,
SRT,KT2A,SRTKT2A,FUJI,AV69090T12,230/121/33,100,1999,08/12/2022,12/01/2023,2540,33830,3388,53,13,29,0,0,114,7,79,295,50,12,,
SRT,KT2A,SRTKT2A,FUJI,AV69090T12,230/121/33,100,1999,06/05/2023,18/05/2023,4285,40594,2614,62,41,34,0,4,124,3,68,336,58,6,,
SRT,KT2A,SRTKT2A,FUJI,AV69090T12,230/121/33,100,1999,08/12/2023,26/01/2024,9032,44200,3371,72,35,42,0,3,154,6,87,399,56,19,,
SRT,KT3A,SRTKT3A,TAKAOKA,8545956,230/121/33,100,2000,27/05/2019,25/07/2019,9845,44328,4370,222,13,20,0,0,7,0,0,262,67,21,-,
SRT,KT3A,SRTKT3A,TAKAOKA,8545956,230/121/33,100,2000,02/11/2019,23/12/2019,6781,46158,4918,223,12,21,0,0,0,3,4,263,62,13,-,
SRT,KT3A,SRTKT3A,TAKAOKA,8545956,230/121/33,100,2000,10/05/2020,31/05/2020,7012,47521,2293,193,10,43,0,0,9,4,5,264,64,11,,
SRT,KT3A,SRTKT3A,TAKAOKA,8545956,230/121/33,100,2000,30/10/2020,29/11/2020,14148,54916,2720,197,17,51,0,0,24,0,10,299,67,16,,
SRT,KT3A,SRTKT3A,TAKAOKA,8545956,230/121/33,100,2000,14/05/2021,24/07/2021,9586,40529,4584,223,17,19,0,0,9,0,0,268,65,17,,
SRT,KT3A,SRTKT3A,TAKAOKA,8545956,230/121/33,100,2000,10/11/2021,23/11/2021,3310,39150,4959,234,16,39,0,0,9,0,6,304,,12,,
SRT,KT3A,SRTKT3A,TAKAOKA,8545956,230/121/33,100,2000,06/05/2022,15/05/2022,6413,39777,6495,246,15,22,0,2,12,0,0,297,58,11,,
SRT,KT3A,SRTKT3A,TAKAOKA,8545956,230/121/33,100,2000,08/12/2022,13/01/2023,6070,47050,5060,157,7,31,0,0,9,0,5,209,56,11,,
SRT,KT3A,SRTKT3A,TAKAOKA,8545956,230/121/33,100,2000,06/05/2023,18/05/2023,21360,62020,1733,23,5,19,0,0,7,284,6,344,64,10,,
SRT,KT3A,SRTKT3A,TAKAOKA,8545956,230/121/33,100,2000,08/12/2023,23/01/2024,6587,49327,6900,143,20,32,0,3,11,2,5,216,68,12,,
SS,KT1A,SSKT1A,MEIDEN,8P9098T1,115/22,50,2004,14/03/2019,26/04/2019,7731,50249,1497,90,46,60,0,2,170,0,70,438,54,18,-,
SS,KT1A,SSKT1A,MEIDEN,8P9098T1,115/22,50,2004,15/03/2020,29/03/2020,6965,44673,1634,98,94,64,0,0,176,0,56,488,51,13,,
SS,KT1A,SSKT1A,MEIDEN,8P9098T1,115/22,50,2004,28/01/2021,25/04/2021,9255,49167,1255,83,94,53,0,5,194,0,82,511,42,9,,
SS,KT1A,SSKT1A,MEIDEN,8P9098T1,115/22,50,2004,18/02/2022,27/03/2022,9049,45730,1487,86,49,62,0,5,163,0,77,442,52,11,,
SS,KT1A,SSKT1A,MEIDEN,8P9098T1,115/22,50,2004,16/02/2023,09/03/2023,12753,43762,1432,83,44,49,0,3,148,0,71,398,57,10,,
SS,KT1A,SSKT1A,MEIDEN,8P9098T1,115/22,50,2004,15/02/2024,19/03/2024,4760,40473,1697,106,64,56,0,4,180,0,84,494,64,9,,
SS,KT2A,SSKT2A,MEIDEN,8P9098T2,115/22,50,2004,14/03/2019,28/04/2019,10362,45173,1335,75,23,45,0,0,131,0,51,325,54,12,-,
SS,KT2A,SSKT2A,MEIDEN,8P9098T2,115/22,50,2004,15/03/2020,28/03/2020,5416,57704,1531,85,32,82,0,0,233,0,133,565,50,8,,
SS,KT2A,SSKT2A,MEIDEN,8P9098T2,115/22,50,2004,28/01/2021,20/04/2021,7399,48093,1053,53,81,66,0,1,165,6,121,493,42,20,,
SS,KT2A,SSKT2A,MEIDEN,8P9098T2,115/22,50,2004,18/03/2022,27/03/2022,9714,55536,1790,86,54,65,0,5,197,0,88,495,52,12,,
SS,KT2A,SSKT2A,MEIDEN,8P9098T2,115/22,50,2004,16/02/2023,05/03/2023,8673,47642,1838,106,61,70,0,5,169,0,78,489,57,8,,
SS,KT2A,SSKT2A,MEIDEN,8P9098T2,115/22,50,2004,15/02/2024,18/03/2024,9711,49615,1806,102,52,61,0,0,192,0,89,496,64,16,,
ST,KT1A,STKT1A,ABB,57026,115/22,50,2011,20/04/2019,16/05/2019,8322,26605,1899,122,27,0,0,0,0,0,0,149,41,13,-,
ST,KT1A,STKT1A,ABB,57026,115/22,50,2011,22/03/2020,07/04/2020,5267,27301,558,140,54,3,0,0,0,0,0,197,40,11,,
ST,KT1A,STKT1A,ABB,57026,115/22,50,2011,10/04/2021,25/06/2021,15662,33854,2401,198,23,2,0,0,0,0,0,223,47,21,,
ST,KT1A,STKT1A,ABB,57026,115/22,50,2011,21/05/2022,05/06/2022,3466,26102,2623,209,13,2,0,0,0,0,0,224,44,17,,
ST,KT1A,STKT1A,ABB,57026,115/22,50,2011,08/04/2023,30/04/2023,7360,36110,2652,256,2,2,0,0,0,0,0,260,47,14,,
ST,KT1A,STKT1A,ABB,57026,115/22,50,2011,24/04/2024,27/04/2024,14266,41433,3014,356,26,11,0,7,12,1,5,418,52,8,,
ST,KT2A,STKT2A,ABB,57027,115/22,50,2011,20/04/2019,16/05/2019,8262,42068,1579,368,12,0,0,4,0,0,0,384,45,18,-,
ST,KT2A,STKT2A,ABB,57027,115/22,50,2011,27/04/2020,28/05/2020,13639,77112,1778,417,5,4,0,5,1,2,2,436,50,10,,
ST,KT2A,STKT2A,ABB,57027,115/22,50,2011,10/04/2021,25/06/2021,14065,57322,4146,638,36,3,0,3,1,1,1,683,50,22,,
ST,KT2A,STKT2A,ABB,57027,115/22,50,2011,21/05/2022,05/06/2022,8366,60987,2651,612,23,6,0,9,7,0,0,657,44,16,,
ST,KT2A,STKT2A,ABB,57027,115/22,50,2011,08/04/2023,30/04/2023,12290,53530,2973,608,11,3,0,19,1,9,1,652,50,15,,
ST,KT2A,STKT2A,ABB,57027,115/22,50,2011,22/04/2024,27/04/2024,22847,73137,2891,681,5,9,0,20,2,6,7,730,56,5,,
STB,KT1A,STBKT1A,TAKAOKA,9047125,230,200,2005,12/05/2019,24/05/2019,7378,38800,6095,57,33,36,0,0,142,0,75,343,67,15,-,
STB,KT1A,STBKT1A,TAKAOKA,9047125,230,200,2005,15/11/2019,01/12/2019,6907,47896,6659,254,39,80,0,0,148,0,87,608,59,11,-,
STB,KT1A,STBKT1A,TAKAOKA,9047125,230,200,2005,28/05/2020,03/07/2020,10030,29659,5959,52,28,36,0,0,139,0,63,318,58,28,,
STB,KT1A,STBKT1A,TAKAOKA,9047125,230,200,2005,16/11/2020,22/11/2020,6081,39469,6769,55,40,39,0,0,194,0,77,405,60,9,,
STB,KT1A,STBKT1A,TAKAOKA,9047125,230,200,2005,10/07/2021,14/09/2021,7173,40831,5792,55,42,36,0,4,158,0,19,314,62,15,,
STB,KT1A,STBKT1A,TAKAOKA,9047125,230,200,2005,13/11/2021,20/11/2021,6705,40717,6203,60,41,38,0,0,173,0,39,351,55,10,,
STB,KT1A,STBKT1A,TAKAOKA,9047125,230,200,2005,23/05/2022,30/05/2022,4958,58991,8955,50,57,37,0,4,143,4,99,414,59,8,,
STB,KT1A,STBKT1A,TAKAOKA,9047125,230,200,2005,24/11/2022,28/11/2022,5090,47140,6659,54,33,37,0,26,148,0,108,406,59,9,,
STB,KT1A,STBKT1A,TAKAOKA,9047125,230,200,2005,19/05/2023,22/05/2023,7270,46450,6244,53,30,35,0,0,135,0,111,364,61,8,,
STB,KT1A,STBKT1A,TAKAOKA,9047125,230,200,2005,02/06/2023,03/06/2023,1723,48464,6570,66,64,55,0,6,192,11,89,483,0,10,น้ำมัน Maintank รั่วซึมเข้าห้อง OLTC .,
STB,KT1A,STBKT1A,TAKAOKA,9047125,230,200,2005,23/11/2023,19/12/2023,12415,46484,6341,52,42,38,0,1,152,0,81,366,48,9,,
STB,KT2A,STBKT2A,TAKAOKA,9047126,230,200,2005,12/05/2019,24/05/2019,11002,53260,3684,85,25,31,0,0,123,0,51,315,32,12,"de-energize.
De-energize.",
STB,KT2A,STBKT2A,TAKAOKA,9047126,230,200,2005,15/11/2019,01/12/2019,8901,52611,4500,73,18,35,0,0,130,0,82,338,57,10,-,
STB,KT2A,STBKT2A,TAKAOKA,9047126,230,200,2005,28/05/2020,03/07/2020,7108,57179,5446,86,26,38,0,0,116,0,80,346,57,16,,
STB,KT2A,STBKT2A,TAKAOKA,9047126,230,200,2005,16/11/2020,22/11/2020,8611,42615,4599,72,29,34,0,0,167,0,45,347,60,9,,
STB,KT2A,STBKT2A,TAKAOKA,9047126,230,200,2005,10/07/2021,14/09/2021,7840,46058,4325,78,35,32,0,0,147,0,20,312,60,15,,
STB,KT2A,STBKT2A,TAKAOKA,9047126,230,200,2005,13/11/2021,20/11/2021,7263,43957,4673,87,36,33,0,0,150,0,40,346,51,9,,
STB,KT2A,STBKT2A,TAKAOKA,9047126,230,200,2005,23/05/2022,30/05/2022,3438,42811,5637,79,35,31,0,2,157,0,50,354,58,9,,
STB,KT2A,STBKT2A,TAKAOKA,9047126,230,200,2005,24/11/2022,28/11/2022,3640,50580,5074,69,34,38,0,28,141,0,98,408,58,7,,
STB,KT2A,STBKT2A,TAKAOKA,9047126,230,200,2005,19/05/2023,22/05/2023,3750,53710,5222,72,43,43,0,1,149,9,114,431,60,13,,
STB,KT2A,STBKT2A,TAKAOKA,9047126,230,200,2005,23/11/2023,19/12/2023,9891,60293,5533,96,60,53,0,0,172,0,97,478,48,7,,
STB,KT3A,STBKT3A,TAKAOKA,9047372,230/72/11,200,2004,12/05/2019,25/05/2019,6070,44365,5536,406,44,154,0,31,70,30,23,758,65,17,-,
STB,KT3A,STBKT3A,TAKAOKA,9047372,230/72/11,200,2004,15/11/2019,01/12/2019,5810,72097,6076,328,46,145,0,27,72,38,28,684,59,11,-,
STB,KT3A,STBKT3A,TAKAOKA,9047372,230/72/11,200,2004,28/05/2020,03/07/2020,6991,61229,5809,342,45,140,0,28,80,0,22,657,55,17,,
STB,KT3A,STBKT3A,TAKAOKA,9047372,230/72/11,200,2004,16/11/2020,22/11/2020,6078,58958,5601,328,44,139,0,27,121,19,28,706,62,9,,
STB,KT3A,STBKT3A,TAKAOKA,9047372,230/72/11,200,2004,10/07/2021,14/09/2021,6341,59687,4860,342,49,139,0,27,94,0,7,658,64,16,,
STB,KT3A,STBKT3A,TAKAOKA,9047372,230/72/11,200,2004,13/11/2021,19/11/2021,5570,50510,6989,235,28,119,0,7,77,45,45,556,63,7,,
STB,KT3A,STBKT3A,TAKAOKA,9047372,230/72/11,200,2004,23/05/2022,30/05/2022,3374,65501,8177,308,81,140,0,10,84,43,42,708,59,12,,
STB,KT3A,STBKT3A,TAKAOKA,9047372,230/72/11,200,2004,24/11/2022,28/11/2022,3440,73160,6779,242,52,161,0,16,94,34,40,639,55,11,,
STB,KT3A,STBKT3A,TAKAOKA,9047372,230/72/11,200,2004,19/05/2023,22/05/2023,4570,44410,6700,254,25,105,0,40,73,61,44,602,57,5,,
STB,KT3A,STBKT3A,TAKAOKA,9047372,230/72/11,200,2004,23/11/2023,19/12/2023,9120,49741,6183,242,42,132,0,22,88,31,33,590,49,9,,
STB,KT4A,STBKT4A,FUJI,AG69005T2,230/72.5/11,200,2004,12/05/2019,25/05/2019,6261,39200,2892,268,18,16,0,3,9,2,5,321,51,19,-,
STB,KT4A,STBKT4A,FUJI,AG69005T2,230/72.5/11,200,2004,15/11/2019,01/12/2019,5710,36846,2426,151,24,16,0,1,11,2,10,215,36,9,-,
STB,KT4A,STBKT4A,FUJI,AG69005T2,230/72.5/11,200,2004,28/05/2020,03/07/2020,5911,30141,2578,186,28,22,0,0,24,0,0,260,55,16,,
STB,KT4A,STBKT4A,FUJI,AG69005T2,230/72.5/11,200,2004,16/11/2020,22/11/2020,9464,33327,2723,153,26,23,0,0,70,0,10,282,62,9,,
STB,KT4A,STBKT4A,FUJI,AG69005T2,230/72.5/11,200,2004,10/07/2021,14/09/2021,7871,34407,2601,219,34,25,0,4,34,0,3,319,67,20,,
STB,KT4A,STBKT4A,FUJI,AG69005T2,230/72.5/11,200,2004,13/11/2021,19/11/2021,4500,31340,4830,169,35,40,0,0,36,11,24,315,58,12,,
STB,KT4A,STBKT4A,FUJI,AG69005T2,230/72.5/11,200,2004,23/05/2022,04/06/2022,6833,47971,1318,15,2,6,0,2,15,7,16,73,,21,,
STB,KT4A,STBKT4A,FUJI,AG69005T2,230/72.5/11,200,2004,24/11/2022,28/11/2022,4900,37060,2250,115,24,38,0,1,39,10,21,248,55,9,,
STB,KT4A,STBKT4A,FUJI,AG69005T2,230/72.5/11,200,2004,19/05/2023,22/05/2023,7540,41700,2291,128,27,39,0,2,40,0,28,264,56,9,,
STB,KT4A,STBKT4A,FUJI,AG69005T2,230/72.5/11,200,2004,23/11/2023,19/12/2023,9557,63710,4013,247,41,47,0,0,69,0,34,438,56,12,,
STU,KT1A,STUKT1A,MEIDEN,8T9788T1,115/33/11,50,2015,08/07/2019,05/09/2019,8647,34136,438,170,4,1,0,1,1,1,1,179,57,31,-,
STU,KT1A,STUKT1A,MEIDEN,8T9788T1,115/33/11,50,2015,27/07/2020,24/08/2020,8842,43743,2583,634,31,3,0,0,2,0,1,671,53,11,,
STU,KT1A,STUKT1A,MEIDEN,8T9788T1,115/33/11,50,2015,19/07/2021,04/11/2021,16411,61590,3024,957,9,0,0,4,28,0,0,998,58,17,,
STU,KT1A,STUKT1A,MEIDEN,8T9788T1,115/33/11,50,2015,30/07/2022,26/08/2022,15948,63345,2962,1067,9,0,0,7,7,0,0,1090,55,15,,
STU,KT1A,STUKT1A,MEIDEN,8T9788T1,115/33/11,50,2015,30/07/2023,06/11/2023,21879,78434,2903,1022,15,15,0,30,3,3,5,1093,53,13,,
STU,KT2A,STUKT2A,MEIDEN,8T9788T2,115/33/11,50,2015,08/07/2019,05/09/2019,10952,50581,2083,769,17,0,0,0,7,0,0,793,63,29,-,
STU,KT2A,STUKT2A,MEIDEN,8T9788T2,115/33/11,50,2015,27/07/2020,24/08/2020,8008,53994,3213,856,23,0,0,0,3,0,1,883,54,12,,
STU,KT2A,STUKT2A,MEIDEN,8T9788T2,115/33/11,50,2015,19/07/2021,05/11/2021,10973,62337,3878,1268,12,13,0,0,7,0,0,1300,64,18,,
STU,KT2A,STUKT2A,MEIDEN,8T9788T2,115/33/11,50,2015,30/07/2022,26/08/2022,14343,62803,3853,1401,10,0,0,5,5,0,0,1421,56,13,,
STU,KT2A,STUKT2A,MEIDEN,8T9788T2,115/33/11,50,2015,30/07/2023,06/11/2023,21406,76455,2774,1090,15,16,0,25,11,4,2,1163,54,24,,
SU1,KT1A,SU1KT1A,MEIDEN,8P9099T1,115/22/11,50,2004,15/03/2019,27/04/2019,9124,44052,2547,144,55,68,0,0,167,0,65,499,67,13,-,
SU1,KT1A,SU1KT1A,MEIDEN,8P9099T1,115/22/11,50,2004,12/03/2020,28/03/2020,4003,64391,2621,148,31,104,0,0,260,0,141,684,64,9,,
SU1,KT1A,SU1KT1A,MEIDEN,8P9099T1,115/22/11,50,2004,30/01/2021,24/04/2021,17096,61434,2778,156,82,56,0,5,155,5,120,579,49,21,,
SU1,KT1A,SU1KT1A,MEIDEN,8P9099T1,115/22/11,50,2004,21/02/2022,26/03/2022,7589,51927,1684,88,49,35,0,1,109,11,78,371,55,10,,
SU1,KT1A,SU1KT1A,MEIDEN,8P9099T1,115/22/11,50,2004,21/02/2023,05/02/2023,7499,40026,2266,127,61,60,0,3,149,0,66,466,63,7,,
SU1,KT1A,SU1KT1A,MEIDEN,8P9099T1,115/22/11,50,2004,18/02/2024,19/03/2024,8107,28354,1423,57,40,29,0,2,108,5,56,297,63,9,,
SU1,KT2A,SU1KT2A,MEIDEN,8P9099T2,115/22/11,50,2004,12/03/2020,27/03/2020,5064,62643,2296,159,156,105,0,0,258,0,138,816,64,15,,
SU1,KT2A,SU1KT2A,MEIDEN,8P9099T2,115/22/11,50,2004,30/01/2021,25/04/2021,13849,66669,2452,191,15,19,0,4,151,0,86,466,49,24,,
SU1,KT2A,SU1KT2A,MEIDEN,8P9099T2,115/22/11,50,2004,21/02/2022,26/03/2022,7449,52143,1764,102,98,35,0,1,111,17,81,445,54,16,,
SU1,KT2A,SU1KT2A,MEIDEN,8P9099T2,115/22/11,50,2004,21/02/2023,05/03/2023,8445,39342,2034,120,548,60,0,2,132,0,71,933,59,13,,
SU1,KT2A,SU1KT2A,MEIDEN,8P9099T2,115/22/11,50,2004,14/08/2023,08/09/2023,4500,22030,1982,127,366,27,0,1,85,0,65,671,62,14,,
SU1,KT2A,SU1KT2A,MEIDEN,8P9099T2,115/22/11,50,2004,18/02/2024,19/03/2024,6353,27006,1407,111,183,31,0,3,103,2,60,493,57,10,,
SU2,KT1A,SU2KT1A,FUJI,A1Z69040T4-1,230/115,200,2007,26/03/2019,18/04/2019,5789,34757,1730,94,32,32,0,0,98,0,42,298,55,17,-,
SU2,KT1A,SU2KT1A,FUJI,A1Z69040T4-1,230/115,200,2007,30/08/2019,28/09/2019,5457,34328,1596,84,29,34,0,0,120,0,82,349,55,10,-,
SU2,KT1A,SU2KT1A,FUJI,A1Z69040T4-1,230/115,200,2007,06/04/2020,18/05/2020,5442,46731,1329,92,40,41,0,0,138,0,92,403,34,15,,
SU2,KT1A,SU2KT1A,FUJI,A1Z69040T4-1,230/115,200,2007,30/01/2021,25/04/2021,9097,24585,695,54,18,0,0,0,47,0,0,119,45,16,,
SU2,KT1A,SU2KT1A,FUJI,A1Z69040T4-1,230/115,200,2007,06/09/2021,06/11/2021,14763,26939,943,60,14,0,0,0,26,0,0,100,41,18,,
SU2,KT1A,SU2KT1A,FUJI,A1Z69040T4-1,230/115,200,2007,22/02/2022,26/03/2022,6917,27086,1009,62,11,9,0,0,24,33,17,156,47,6,,
SU2,KT1A,SU2KT1A,FUJI,A1Z69040T4-1,230/115,200,2007,31/07/2022,19/08/2022,1971,19297,1076,92,3,16,0,1,36,0,26,174,52,16,,
SU2,KT1A,SU2KT1A,FUJI,A1Z69040T4-1,230/115,200,2007,20/02/2023,10/03/2023,6134,15945,1173,96,13,16,0,0,36,0,21,182,52,10,,
SU2,KT1A,SU2KT1A,FUJI,A1Z69040T4-1,230/115,200,2007,14/08/2023,08/09/2023,4430,13860,1840,120,9,15,0,0,37,22,23,226,53,13,,
SU2,KT1A,SU2KT1A,FUJI,A1Z69040T4-1,230/115,200,2007,18/02/2024,18/03/2024,6128,18938,1160,91,14,16,0,0,52,0,28,201,49,10,,
SUK,KT1A,SUKKT1A,HYUNDAI,T943037,115/33/11,50,2009,24/08/2019,18/10/2019,9896,46705,329,11,11,30,0,1,87,0,66,206,55,25,-,
SUK,KT1A,SUKKT1A,HYUNDAI,T943037,115/33/11,50,2009,18/07/2020,24/08/2020,6828,46031,551,23,7,31,0,2,82,0,68,213,52,16,,
SUK,KT1A,SUKKT1A,HYUNDAI,T943037,115/33/11,50,2009,11/07/2021,04/11/2021,6296,39452,577,17,7,29,0,0,111,0,13,177,52,20,,
SUK,KT1A,SUKKT1A,HYUNDAI,T943037,115/33/11,50,2009,03/07/2022,25/07/2022,5182,42903,684,32,11,29,0,2,112,0,36,222,49,11,,
SUK,KT1A,SUKKT1A,HYUNDAI,T943037,115/33/11,50,2009,26/08/2023,18/11/2023,10920,35350,1046,33,10,23,0,2,80,3,77,228,53,25,,
SUK,KT2A,SUKKT2A,ABB,56047,115/33/11,50,2009,24/08/2019,18/10/2019,9931,51394,2492,346,17,9,0,0,26,0,14,412,45,-25,,
SUK,KT2A,SUKKT2A,ABB,56047,115/33/11,50,2009,18/07/2020,24/08/2020,13424,45770,2497,543,9,0,0,9,34,0,10,605,42,13,,
SUK,KT2A,SUKKT2A,ABB,56047,115/33/11,50,2009,11/07/2021,04/11/2021,20289,50263,1745,504,10,0,0,10,9,0,0,533,40,24,,
SUK,KT2A,SUKKT2A,ABB,56047,115/33/11,50,2009,03/07/2022,24/07/2022,12050,65240,2754,514,5,2,0,3,3,8,0,535,40,17,,
SUK,KT2A,SUKKT2A,ABB,56047,115/33/11,50,2009,26/08/2023,18/11/2023,16810,40790,4263,544,5,14,0,13,2,5,3,586,40,27,,
TA1,KT1A,TA1KT1A,MITSUBISHI,574414,115/22,25,1999,18/07/2019,18/08/2019,8265,56028,3561,124,15,114,0,9,330,0,139,731,57,24,-,
TA1,KT1A,TA1KT1A,MITSUBISHI,574414,115/22,25,1999,13/03/2020,10/05/2020,6369,52908,3062,132,12,120,0,6,347,0,163,780,55,22,research,
TA1,KT1A,TA1KT1A,MITSUBISHI,574414,115/22,25,1999,25/07/2020,22/08/2020,5064,39085,2099,38,37,22,0,0,120,13,110,340,55,18,,
TA1,KT1A,TA1KT1A,MITSUBISHI,574414,115/22,25,1999,16/07/2021,09/10/2021,6031,30888,2195,96,17,35,0,0,170,0,85,403,57,28,,
TA1,KT1A,TA1KT1A,MITSUBISHI,574414,115/22,25,1999,31/07/2022,04/08/2022,1981,34719,2633,94,8,62,0,4,225,9,136,538,56,13,,
TA1,KT1A,TA1KT1A,MITSUBISHI,574414,115/22,25,1999,02/02/2023,12/02/2023,4490,37350,2755,79,17,55,0,1,200,10,157,519,57,13,,
TA1,KT2A,TA1KT2A,OSAKA,5BA159008,115/22,25,1990,18/07/2019,18/08/2019,10087,46394,1624,74,11,5,0,0,17,0,0,107,59,17,-,
TA1,KT2A,TA1KT2A,OSAKA,5BA159008,115/22,25,1990,25/07/2020,22/08/2020,7935,49842,1564,49,35,13,0,0,16,1,10,124,53,15,,
TA1,KT2A,TA1KT2A,OSAKA,5BA159008,115/22,25,1990,16/07/2021,09/10/2021,7094,30201,1793,81,13,5,0,0,28,0,0,127,55,19,,
TA1,KT2A,TA1KT2A,OSAKA,5BA159008,115/22,25,1990,31/07/2022,04/08/2022,1801,30407,2028,112,5,13,0,1,26,0,15,172,52,10,,
TA1,KT2A,TA1KT2A,OSAKA,5BA159008,115/22,25,1990,02/02/2023,12/02/2023,5333,33791,2467,129,13,16,0,2,28,0,15,203,56,9,,
TA2,KT1A,TA2KT1A,TAKAOKA,8044721,230/115/22,100,2004,09/05/2019,13/09/2019,4735,40218,1278,202,2,41,0,26,34,0,0,305,50,22,-,
TA2,KT1A,TA2KT1A,TAKAOKA,8044721,230/115/22,100,2004,11/11/2019,20/12/2019,9138,52539,1152,171,4,40,0,24,41,15,14,309,40,13,-,
TA2,KT1A,TA2KT1A,TAKAOKA,8044721,230/115/22,100,2004,22/06/2020,02/08/2020,8738,44483,1158,191,10,37,0,21,35,0,13,307,49,16,,
TA2,KT1A,TA2KT1A,TAKAOKA,8044721,230/115/22,100,2004,09/11/2020,07/12/2020,4390,104930,59,47,20,43,0,22,20,11,11,174,50,9,,
TA2,KT1A,TA2KT1A,TAKAOKA,8044721,230/115/22,100,2004,07/03/2021,20/04/2021,7282,59583,991,111,46,39,0,3,103,13,118,433,48,23,,
TA2,KT1A,TA2KT1A,TAKAOKA,8044721,230/115/22,100,2004,13/09/2021,05/11/2021,5622,60659,1493,182,26,41,0,22,38,12,19,340,,13,,
TA2,KT1A,TA2KT1A,TAKAOKA,8044721,230/115/22,100,2004,12/03/2022,19/03/2022,3170,55120,1351,137,95,47,0,18,27,14,17,355,,16,,
TA2,KT1A,TA2KT1A,TAKAOKA,8044721,230/115/22,100,2004,11/09/2022,22/09/2022,2312,49238,1558,157,13,40,0,17,31,12,14,284,46,9,,
TA2,KT1A,TA2KT1A,TAKAOKA,8044721,230/115/22,100,2004,13/03/2023,16/03/2023,8449,40241,2073,114,5,45,0,17,33,0,0,214,45,5,,
TA2,KT1A,TA2KT1A,TAKAOKA,8044721,230/115/22,100,2004,16/09/2023,09/10/2023,63620,50880,66,27,1,0,0,1,0,0,0,29,55,12,หลังนำเข้าใช้งานแทน TA2KT1A เดิม S/N 7412505301,
TA2,KT1A,TA2KT1A,TAKAOKA,8044721,230/115/22,100,2004,19/01/2024,30/01/2024,2950,10070,529,71,4,6,0,2,2,1,1,87,49,9,,
TE,KT1A,TEKT1A,ALSTHOM,H67440-03,115/22,25,1995,17/05/2019,07/06/2019,4890,51440,1270,160,2,230,0,10,219,0,102,723,57,16,-,
TE,KT1A,TEKT1A,ALSTHOM,H67440-03,115/22,25,1995,10/11/2019,26/12/2019,9811,72427,2155,217,11,97,0,67,210,0,88,690,-49,-25,-,
TE,KT1A,TEKT1A,ALSTHOM,H67440-03,115/22,25,1995,16/05/2020,05/06/2020,1977,81673,1622,248,17,176,0,8,282,0,138,869,48,13,,
TE,KT1A,TEKT1A,ALSTHOM,H67440-03,115/22,25,1995,13/03/2022,19/03/2022,8712,68397,2179,203,12,0,0,8,252,0,77,552,60,20,,
TE,KT1A,TEKT1A,ALSTHOM,H67440-03,115/22,25,1995,20/04/2023,29/04/2023,3487,85003,2502,243,11,134,0,4,257,12,163,824,60,15,,
TE,KT1A,TEKT1A,ALSTHOM,H67440-03,115/22,25,1995,07/04/2024,20/04/2024,7260,89110,2406,257,12,159,0,7,276,12,153,876,59,12,,
TH,KT1A,THKT1A,VOLTA WERKE,60492-003,115/22,31,1993,25/02/2020,30/03/2020,11043,26328,846,59,26,22,0,0,56,0,12,175,44,18,,
TH,KT1A,THKT1A,VOLTA WERKE,60492-003,115/22,31,1993,31/03/2020,10/05/2020,7394,47161,784,58,26,21,0,3,51,0,31,190,,16,,
TH,KT1A,THKT1A,VOLTA WERKE,60492-003,115/22,31,1993,24/02/2021,20/05/2021,11050,28236,822,49,30,22,0,5,120,0,15,241,45,30,,
TH,KT1A,THKT1A,VOLTA WERKE,60492-003,115/22,31,1993,02/02/2022,19/02/2022,5981,31148,947,41,54,20,0,1,50,0,34,200,32,15,,
TH,KT1A,THKT1A,VOLTA WERKE,60492-003,115/22,31,1993,31/01/2023,13/02/2023,3120,25020,979,53,49,29,0,3,65,3,37,239,42,6,,
TH,KT1A,THKT1A,VOLTA WERKE,60492-003,115/22,31,1993,30/01/2024,09/03/2024,4738,22165,1036,66,44,35,0,8,87,2,41,283,46,9,,
TH,KT2A,THKT2A,VOLTA WERKE,60547-001,115/22,25,1993,25/02/2020,29/03/2020,7052,29816,618,50,56,47,0,0,80,0,50,283,52,8,,
TH,KT2A,THKT2A,VOLTA WERKE,60547-001,115/22,25,1993,24/02/2021,20/05/2021,9283,28875,1096,71,20,44,0,0,157,0,48,340,53,12,,
TH,KT2A,THKT2A,VOLTA WERKE,60547-001,115/22,25,1993,02/02/2022,20/02/2022,4305,24085,1238,82,24,48,0,5,99,0,34,292,40,18,,
TH,KT2A,THKT2A,VOLTA WERKE,60547-001,115/22,25,1993,31/01/2023,13/02/2023,3776,30267,1560,115,51,69,0,7,121,6,56,425,51,6,,
TH,KT2A,THKT2A,VOLTA WERKE,60547-001,115/22,25,1993,30/01/2024,09/03/2024,12253,31780,1277,95,17,51,0,3,35,2,43,246,56,9,,
THG,KT1A,THGKT1A,ABB,57021,115/22,50,2024,04/04/2020,12/04/2020,3837,66472,1025,274,49,4,0,0,4,0,0,331,,13,,
THG,KT1A,THGKT1A,ABB,57021,115/22,50,2024,21/06/2021,30/08/2021,9896,46941,1476,324,6,0,0,0,0,0,0,330,,31,,
THG,KT1A,THGKT1A,ABB,57021,115/22,50,2024,18/06/2022,20/06/2022,15762,66887,1147,236,8,17,0,16,18,5,29,329,,10,,
THG,KT1A,THGKT1A,ABB,57021,115/22,50,2024,01/06/2023,10/06/2023,5595,62186,2026,570,6,15,0,0,4,1,2,598,,19,,
THG,KT1A,THGKT1A,ABB,57021,115/22,50,2024,22/04/2024,26/05/2024,4321,62450,3496,949,5,8,0,3,5,1,6,977,50,21,,
TK2,KT1A,TK2KT1A,FUJI,AN69001T31,115/69/22,25,1998,09/08/2019,23/08/2019,19281,54201,1402,109,31,277,0,501,131,270,34,1353,48,16,ไม่น่าจะเป็นข้อมูลที่ได้จากเครื่อง DGA ที่ตรงกับใบแนบ (มั่วมา),
TK2,KT1A,TK2KT1A,FUJI,AN69001T31,115/69/22,25,1998,16/08/2020,30/08/2020,5082,54856,1451,119,35,58,0,5,180,0,45,442,50,26,,
TK2,KT1A,TK2KT1A,FUJI,AN69001T31,115/69/22,25,1998,02/08/2021,31/10/2021,8839,62956,1298,195,10,64,0,16,196,0,29,510,52,26,,
TK2,KT1A,TK2KT1A,FUJI,AN69001T31,115/69/22,25,1998,04/09/2022,15/09/2022,5245,62192,1775,230,6,22,0,18,197,6,116,595,57,17,,
TK2,KT1A,TK2KT1A,FUJI,AN69001T31,115/69/22,25,1998,03/05/2023,22/05/2023,4503,60075,1881,199,2,56,0,14,248,21,143,683,35,14,,
TK2,KT1A,TK2KT1A,FUJI,AN69001T31,115/69/22,25,1998,24/05/2024,08/06/2024,5921,77354,1518,291,2,128,0,17,246,20,175,879,60,15,,
TK2,KT2A,TK2KT2A,FUJI,AN69003T4-1,115/22,25,1998,09/08/2019,18/08/2019,4356,32740,2473,122,8,28,0,0,68,0,32,258,48,12,-,
TK2,KT2A,TK2KT2A,FUJI,AN69003T4-1,115/22,25,1998,16/08/2020,30/08/2020,3592,50123,2247,79,20,36,0,0,68,0,49,252,51,16,,
TK2,KT2A,TK2KT2A,FUJI,AN69003T4-1,115/22,25,1998,02/08/2021,01/11/2021,8321,37860,2120,113,5,27,0,0,74,0,10,229,54,29,,
TK2,KT2A,TK2KT2A,FUJI,AN69003T4-1,115/22,25,1998,04/09/2022,15/09/2022,6342,38263,1262,20,7,1,0,0,11,0,0,39,61,14,,
TK2,KT2A,TK2KT2A,FUJI,AN69003T4-1,115/22,25,1998,09/06/2023,16/06/2023,7905,27626,1771,125,1,27,0,1,19,9,15,197,60,15,,
TK2,KT2A,TK2KT2A,FUJI,AN69003T4-1,115/22,25,1998,24/05/2024,08/06/2024,9328,32490,1462,76,2,18,0,4,43,2,35,180,63,13,,
TL1,KT1A,TL1KT1A,MEIDEN,8N5446T2,115/22,50,1998,11/10/2019,14/11/2019,7948,48246,3418,574,17,11,0,0,21,0,2,625,57,-14,-,
TL1,KT1A,TL1KT1A,MEIDEN,8N5446T2,115/22,50,1998,14/07/2022,30/07/2022,13548,73623,3697,1238,8,1,0,13,7,0,0,1267,69,12,,
TL1,KT1A,TL1KT1A,MEIDEN,8N5446T2,115/22,50,1998,28/01/2023,02/02/2023,12160,59470,3234,1142,2,4,0,5,2,3,3,1161,68,7,,
TL1,KT1A,TL1KT1A,MEIDEN,8N5446T2,115/22,50,1998,20/01/2024,15/02/2024,12870,44930,2985,1190,2,6,0,6,2,5,8,1219,64,11,,
TL3,KT1A,TL3KT1A,FUJI,AQ69008T1-2,230/121/22,200,2006,11/10/2019,14/11/2019,7135,37654,1642,82,11,21,0,0,79,0,57,250,63,11,-,
TL3,KT1A,TL3KT1A,FUJI,AQ69008T1-2,230/121/22,200,2006,16/01/2021,23/03/2021,5250,62360,1700,100,58,0,0,0,93,0,0,251,61,21,,
TL3,KT1A,TL3KT1A,FUJI,AQ69008T1-2,230/121/22,200,2006,22/01/2022,29/01/2022,9570,45910,1658,79,22,19,0,0,85,74,83,362,74,15,,
TL3,KT1A,TL3KT1A,FUJI,AQ69008T1-2,230/121/22,200,2006,22/01/2023,30/01/2023,4774,45420,1796,103,39,41,0,3,146,49,79,460,56,5,,
TL3,KT1A,TL3KT1A,FUJI,AQ69008T1-2,230/121/22,200,2006,15/02/2024,22/03/2024,9151,46500,2187,110,27,56,0,4,196,0,110,503,65,21,,
TL3,KT2A,TL3KT2A,DAIHEN,5BK012702,230/121,200,2004,11/10/2019,14/11/2019,8231,50476,3814,159,21,73,0,0,152,0,61,466,72,17,-,
TL3,KT2A,TL3KT2A,DAIHEN,5BK012702,230/121,200,2004,30/01/2021,26/03/2021,5880,86870,4000,160,53,80,0,0,152,14,101,560,68,18,,
TL3,KT2A,TL3KT2A,DAIHEN,5BK012702,230/121,200,2004,22/01/2022,29/01/2022,7809,40410,4646,543,30,11,0,55,41,0,0,680,40,14,AFTER CORRECT OIL LEAK,
TL3,KT2A,TL3KT2A,DAIHEN,5BK012702,230/121,200,2004,22/01/2023,30/01/2023,4576,50285,5122,183,57,95,0,4,208,0,109,656,58,6,,
TL3,KT2A,TL3KT2A,DAIHEN,5BK012702,230/121,200,2004,15/02/2024,21/03/2024,8436,55043,6179,212,45,102,0,7,310,0,134,810,68,11,,
TL3,KT3A,TL3KT3A,DAIHEN,5BK012701,230/121/22,200,2004,11/10/2019,14/11/2019,10345,47097,3554,103,46,121,0,9,311,0,164,754,70,17,-,
TL3,KT3A,TL3KT3A,DAIHEN,5BK012701,230/121/22,200,2004,16/01/2021,21/03/2021,5060,50000,3560,120,48,120,0,0,568,0,0,856,60,13,,
TL3,KT3A,TL3KT3A,DAIHEN,5BK012701,230/121/22,200,2004,22/01/2022,29/01/2022,6379,72967,5945,232,38,198,0,9,578,0,52,1107,77,12,,
TL3,KT3A,TL3KT3A,DAIHEN,5BK012701,230/121/22,200,2004,22/01/2023,30/01/2023,4945,75588,4862,151,110,208,0,11,635,0,327,1442,56,21,,
TL3,KT3A,TL3KT3A,DAIHEN,5BK012701,230/121/22,200,2004,15/02/2024,21/03/2024,7768,76542,6532,193,41,213,0,13,656,0,336,1452,63,11,,
TL3,KT4A,TL3KT4A,FUJI,A1E69002T3-2,230/121/22,200,2011,11/10/2019,14/11/2019,10385,43186,2604,471,22,14,0,0,11,0,5,523,60,13,-,
TL3,KT4A,TL3KT4A,FUJI,A1E69002T3-2,230/121/22,200,2011,16/01/2021,21/03/2021,5410,73940,2600,500,32,15,0,0,5,0,0,552,51,17,,
TL3,KT4A,TL3KT4A,FUJI,A1E69002T3-2,230/121/22,200,2011,22/01/2022,29/01/2022,6027,30811,2969,724,15,12,0,7,44,0,0,802,68,19,,
TL3,KT4A,TL3KT4A,FUJI,A1E69002T3-2,230/121/22,200,2011,22/01/2023,30/01/2023,5786,49631,4430,683,52,21,0,3,14,0,38,811,51,5,,
TL3,KT4A,TL3KT4A,FUJI,A1E69002T3-2,230/121/22,200,2011,15/02/2024,22/03/2024,5566,39289,4581,690,31,19,0,5,21,0,0,766,58,9,,
TM,KT1A,TMKT1A,TOSHIBA,840900018,115/22,40,1998,08/04/2019,21/06/2019,10280,43643,9238,481,15,36,0,0,23,0,16,571,70,26,-,
TM,KT1A,TMKT1A,TOSHIBA,840900018,115/22,40,1998,23/04/2021,11/06/2021,7400,45000,1698,164,58,10,0,1,19,0,16,268,65,16,,
TM,KT1A,TMKT1A,TOSHIBA,840900018,115/22,40,1998,29/04/2022,06/05/2022,7088,49201,3742,371,19,41,0,5,41,0,1,478,64,9,,
TM,KT1A,TMKT1A,TOSHIBA,840900018,115/22,40,1998,21/04/2023,06/05/2023,5850,55490,3839,381,16,71,0,1,23,8,15,515,65,19,,
TM,KT1A,TMKT1A,TOSHIBA,840900018,115/22,40,1998,27/04/2024,06/05/2024,5074,44438,10599,739,23,65,0,6,24,0,18,875,63,14,,
TM,KT2A,TMKT2A,VOLTA WERKE,60841-001,115/22,40,1999,08/04/2019,21/06/2019,11652,37230,2094,146,14,47,0,7,62,0,41,317,61,21,-,
TM,KT2A,TMKT2A,VOLTA WERKE,60841-001,115/22,40,1999,10/02/2020,22/02/2020,10461,40513,1432,106,23,51,0,0,65,0,45,290,,11,Research,
TM,KT2A,TMKT2A,VOLTA WERKE,60841-001,115/22,40,1999,23/04/2021,07/06/2021,4500,50000,6251,362,50,54,0,0,14,7,9,496,61,15,,
TM,KT2A,TMKT2A,VOLTA WERKE,60841-001,115/22,40,1999,29/04/2022,06/05/2022,6803,62958,6051,368,29,5,0,8,22,0,2,434,56,7,,
TM,KT2A,TMKT2A,VOLTA WERKE,60841-001,115/22,40,1999,21/04/2023,06/05/2023,9030,65110,6053,304,16,16,0,16,12,7,15,386,54,9,,
TM,KT2A,TMKT2A,VOLTA WERKE,60841-001,115/22,40,1999,27/04/2024,06/05/2024,12492,63941,6579,416,38,9,0,13,14,0,24,514,52,7,,
TN500KV,KT1AA,TN500KVKT1AA,ABB,607025,500,1,2022,02/01/2022,07/01/2022,7420,15555,134,6,0,1,0,0,0,0,0,7,27,4,ก่อนทดสอบ HV TEST,
TN500KV,KT1AA,TN500KVKT1AA,ABB,607025,500,1,2022,15/01/2022,16/01/2022,3169,9224,69,11,0,0,0,0,2,0,5,18,,5,ทดสอบหลัง HV TEST,
TN500KV,KT1AA,TN500KVKT1AA,ABB,607025,500,1,2022,15/01/2022,16/01/2022,3003,4998,67,2,8,0,0,0,2,0,5,17,30,5,,
TN500KV,KT1AA,TN500KVKT1AA,ABB,607025,500,1,2022,17/01/2022,18/01/2022,3863,17594,84,12,0,1,0,0,5,0,15,38,30,5,ทดสอบหลัง Temperature rise test,
TN500KV,KT1AA,TN500KVKT1AA,ABB,607025,500,1,2022,21/03/2022,25/03/2022,6502,13046,97,8,1,1,0,0,0,0,0,10,,6,COMMISIONING TEST.,
TN500KV,KT1AA,TN500KVKT1AA,ABB,607025,500,1,2022,08/05/2023,15/05/2023,3684,17135,38,5,0,4,0,0,3,0,1,13,40,14,ทดสอบก่อนทำน้ำมัน,
TN500KV,KT1AA,TN500KVKT1AA,ABB,607025,500,1,2022,10/05/2023,19/05/2023,18376,46519,25,2,0,0,0,0,0,0,0,2,46,6,ทดสอบหลังทำน้ำมัน,
TN500KV,KT1AB,TN500KVKT1AB,ABB,608021,500,1,2022,02/09/2022,04/09/2022,1962,9887,182,9,1,0,0,0,0,0,0,10,31,9,ก่อนทดสอบ HV.,
TN500KV,KT1AB,TN500KVKT1AB,ABB,608021,500,1,2022,03/09/2022,04/09/2022,3952,9312,121,8,0,0,0,0,0,0,0,8,30,11,หลังทดสอบ IMPULSE .,
TN500KV,KT1AB,TN500KVKT1AB,ABB,608021,500,1,2022,24/03/2023,31/03/2023,11063,17375,230,17,5,1,0,0,5,0,5,33,31,5,Before High Voltage Test,
TN500KV,KT1AB,TN500KVKT1AB,ABB,608021,500,1,2022,31/03/2023,06/04/2023,6283,15325,358,17,1,1,0,0,1,0,1,21,32,5,หลัง High VoltageTest .,
TN500KV,KT1AB,TN500KVKT1AB,ABB,608021,500,1,2022,06/05/2023,09/05/2023,2796,15617,37,4,0,1,0,0,0,0,0,5,41,9,หลังทดสอบทางไฟฟ้า ก่อนนำเข้าใช้งาน,
TN500KV,KT1AC,TN500KVKT1AC,ABB,608022,500,1,2022,05/11/2022,07/11/2022,13408,38062,187,23,0,0,0,0,2,0,1,26,30,8,ก่อนทดสอบ High Voltage Test,
TN500KV,KT1AC,TN500KVKT1AC,ABB,608022,500,1,2022,07/11/2022,10/11/2022,11948,31949,172,25,0,0,0,1,0,1,0,27,32,6,หลังการทดสอบ high voltage test,
TN500KV,KT1AC,TN500KVKT1AC,ABB,608022,500,1,2022,23/12/2022,24/12/2022,2902,8745,90,7,9,2,0,0,1,0,0,19,,10,ทดสอบหลังการติดตั้ง,
TN500KV,KT1AC,TN500KVKT1AC,ABB,608022,500,1,2022,10/05/2023,19/05/2023,4753,15917,21,2,0,1,0,0,0,0,0,3,46,7,หลังทดสอบทางไฟฟ้า ก่อนนำเข้าใช้งาน,
TN-P,KT1A,TN-PKT1A,HOKURIKU,A01644T1,13.8/22,1,1995,31/10/2020,13/12/2020,38395,63977,1440,33,8,0,0,0,10,0,0,51,40,21,,
TN-P,KT1A,TN-PKT1A,HOKURIKU,A01644T1,13.8/22,1,1995,03/05/2021,11/06/2021,15205,62187,1029,34,73,1,0,0,1,1,1,111,,21,,
TN-P,KT2A,TN-PKT2A,ABB,57020,115/22,50,1991,26/07/2019,16/08/2019,10656,18486,2506,241,14,0,0,7,7,0,0,269,39,19,-,
TN-P,KT2A,TN-PKT2A,ABB,57020,115/22,50,1991,01/03/2022,07/03/2022,10749,46206,2576,266,16,4,0,11,4,7,3,311,40,7,,
TN-P,KT2A,TN-PKT2A,ABB,57020,115/22,50,1991,29/04/2022,12/05/2022,14699,46662,2360,362,9,22,0,11,23,0,1,428,45,14,,
TN-P,KT2A,TN-PKT2A,ABB,57020,115/22,50,1991,17/02/2023,21/02/2023,9460,42940,2395,376,2,3,0,5,3,9,3,401,36,6,,
TN-P,KT2A,TN-PKT2A,ABB,57020,115/22,50,1991,23/04/2023,29/04/2023,28630,69940,2388,393,2,7,0,16,3,8,3,432,45,21,,
TN-P,KT2A,TN-PKT2A,ABB,57020,115/22,50,1991,29/08/2023,15/09/2023,21260,41120,2179,345,4,43,0,19,3,8,4,426,40,10,,
TN-P,KT2A,TN-PKT2A,ABB,57020,115/22,50,1991,15/02/2024,17/03/2024,4908,65478,2350,340,8,34,0,5,59,0,31,377,40,17,,
TP,KT1A,TPKT1A,MITSUBISHI,574405,115/33/11,25,1999,31/03/2019,26/08/2019,9758,42997,2612,69,15,22,0,0,66,0,22,194,49,26,-,
TP,KT1A,TPKT1A,MITSUBISHI,574405,115/33/11,25,1999,16/07/2019,26/09/2019,12410,39820,1860,49,15,22,0,0,69,0,39,194,28,-,Surge arester LV.phase B ระเบิด,
TP,KT1A,TPKT1A,MITSUBISHI,574405,115/33/11,25,1999,24/11/2019,23/12/2019,8061,32389,2835,62,11,28,0,1,0,0,41,143,41,17,-,
TP,KT1A,TPKT1A,MITSUBISHI,574405,115/33/11,25,1999,03/03/2020,13/03/2020,15388,34467,2425,60,11,41,0,0,85,0,19,216,,39,research,
TP,KT1A,TPKT1A,MITSUBISHI,574405,115/33/11,25,1999,01/11/2020,27/11/2020,8235,46239,2682,64,22,25,0,1,74,0,26,212,43,24,,
TP,KT1A,TPKT1A,MITSUBISHI,574405,115/33/11,25,1999,07/11/2021,22/11/2021,4660,24740,3099,72,11,26,0,0,88,18,61,276,31,17,,
TP,KT1A,TPKT1A,MITSUBISHI,574405,115/33/11,25,1999,19/11/2022,08/01/2023,5321,21267,3148,79,120,25,0,2,88,42,41,397,54,18,,
TP,KT1A,TPKT1A,MITSUBISHI,574405,115/33/11,25,1999,26/11/2023,26/01/2024,11922,36131,2414,77,22,24,0,3,88,5,51,270,50,25,,
TP,KT2A,TPKT2A,MEIDENSHA,5G8588T1,115/33,25,1994,31/03/2019,26/08/2019,10738,45786,2257,74,11,14,0,0,26,0,0,125,58,28,-,
TP,KT2A,TPKT2A,MEIDENSHA,5G8588T1,115/33,25,1994,24/11/2019,27/12/2019,18350,50290,1611,41,30,11,0,0,30,0,22,134,54,7,-,
TP,KT2A,TPKT2A,MEIDENSHA,5G8588T1,115/33,25,1994,01/11/2020,29/11/2020,11953,66478,2154,58,21,9,0,0,33,0,23,144,49,16,,
TP,KT2A,TPKT2A,MEIDENSHA,5G8588T1,115/33,25,1994,07/11/2021,23/11/2021,3900,26250,3055,89,10,27,0,0,50,7,34,217,58,10,,
TP,KT2A,TPKT2A,MEIDENSHA,5G8588T1,115/33,25,1994,19/11/2022,08/01/2023,4458,25819,2692,117,17,28,0,2,60,23,16,263,49,12,,
TP,KT2A,TPKT2A,MEIDENSHA,5G8588T1,115/33,25,1994,26/11/2023,25/01/2024,9079,39088,2938,118,16,26,0,2,61,5,32,260,60,14,,
TPR,KT1A,TPRKT1A,DAIHEN,GBK600002,230/121/22,300,2013,27/07/2019,30/08/2019,9905,43552,2004,786,10,8,0,1,3,1,4,813,61,17,-,
TPR,KT1A,TPRKT1A,DAIHEN,GBK600002,230/121/22,300,2013,09/11/2019,11/11/2019,4092,54984,1776,867,22,7,0,0,3,0,3,902,58,9,-,
TPR,KT1A,TPRKT1A,DAIHEN,GBK600002,230/121/22,300,2013,15/05/2020,29/05/2020,12423,60422,1544,753,45,6,0,0,4,3,4,815,55,14,,
TPR,KT1A,TPRKT1A,DAIHEN,GBK600002,230/121/22,300,2013,20/12/2020,25/12/2020,12782,61297,3809,1205,46,0,0,0,2,1,2,1256,42,8,,
TPR,KT1A,TPRKT1A,DAIHEN,GBK600002,230/121/22,300,2013,21/05/2021,10/07/2021,3984,56081,4520,650,30,4,0,0,2,0,3,689,57,21,,
TPR,KT1A,TPRKT1A,DAIHEN,GBK600002,230/121/22,300,2013,09/11/2021,19/11/2021,9962,48054,2801,866,19,0,0,0,7,0,0,892,50,15,,
TPR,KT1A,TPRKT1A,DAIHEN,GBK600002,230/121/22,300,2013,28/05/2022,02/06/2022,4483,50231,4913,1631,17,21,0,3,7,8,13,1700,,8,,
TPR,KT1A,TPRKT1A,DAIHEN,GBK600002,230/121/22,300,2013,14/11/2022,20/11/2022,8607,46068,4931,0,0,0,0,0,0,0,0,0,,,,
TPR,KT1A,TPRKT1A,DAIHEN,GBK600002,230/121/22,300,2013,15/12/2022,06/01/2023,5010,53530,5229,1277,13,5,0,0,3,1,3,1302,44,7,,
TPR,KT1A,TPRKT1A,DAIHEN,GBK600002,230/121/22,300,2013,22/05/2023,26/05/2023,4637,56712,5454,1326,17,34,0,1,3,1,3,1385,57,5,,
TPR,KT1A,TPRKT1A,DAIHEN,GBK600002,230/121/22,300,2013,12/11/2023,11/12/2023,4697,43160,5164,1275,3,11,0,6,3,5,3,1306,54,10,,
TPR,KT2A,TPRKT2A,DAIHEN,GBK600003,230/121/22,300,2013,31/05/2019,29/06/2019,8161,55345,2770,900,18,0,0,0,8,0,0,926,61,18,-,
TPR,KT2A,TPRKT2A,DAIHEN,GBK600003,230/121/22,300,2013,09/11/2019,12/11/2019,6211,44248,2418,872,21,3,0,0,7,0,0,903,57,9,-,
TPR,KT2A,TPRKT2A,DAIHEN,GBK600003,230/121/22,300,2013,15/05/2020,30/05/2020,12271,68071,2819,753,26,7,0,0,4,0,5,795,53,16,,
TPR,KT2A,TPRKT2A,DAIHEN,GBK600003,230/121/22,300,2013,22/11/2020,04/12/2020,7680,57320,3469,1144,11,0,0,0,3,2,3,1163,60,13,,
TPR,KT2A,TPRKT2A,DAIHEN,GBK600003,230/121/22,300,2013,21/05/2021,09/07/2021,14470,60815,2635,702,11,9,0,1,5,1,2,731,56,19,,
TPR,KT2A,TPRKT2A,DAIHEN,GBK600003,230/121/22,300,2013,09/11/2021,19/11/2021,6203,40118,2857,742,18,0,0,0,5,0,0,765,55,13,,
TPR,KT2A,TPRKT2A,DAIHEN,GBK600003,230/121/22,300,2013,28/05/2022,02/06/2022,8458,49114,3421,929,13,13,0,2,5,4,0,966,,6,,
TPR,KT2A,TPRKT2A,DAIHEN,GBK600003,230/121/22,300,2013,14/11/2022,20/11/2022,6149,41342,3920,957,17,9,0,6,5,1,1,996,43,10,,
TPR,KT2A,TPRKT2A,DAIHEN,GBK600003,230/121/22,300,2013,22/05/2023,26/05/2023,6354,52743,4395,1217,20,7,0,1,2,1,3,1251,57,9,,
TPR,KT2A,TPRKT2A,DAIHEN,GBK600003,230/121/22,300,2013,12/11/2023,10/12/2023,6430,53564,4267,1267,4,16,0,1,2,1,4,1295,52,30,,
TPR,KT3A,TPRKT3A,TOSHIBA,98900011,230/72.5,300,2013,31/05/2019,29/06/2019,9093,31977,1820,471,26,10,0,0,5,0,0,512,48,24,-,
TPR,KT3A,TPRKT3A,TOSHIBA,98900011,230/72.5,300,2013,09/11/2019,12/11/2019,13054,48146,1694,461,19,8,0,0,9,0,2,499,48,10,-,
TPR,KT3A,TPRKT3A,TOSHIBA,98900011,230/72.5,300,2013,15/05/2020,29/05/2020,7405,51064,1686,373,26,21,0,0,22,0,15,457,45,11,,
TPR,KT3A,TPRKT3A,TOSHIBA,98900011,230/72.5,300,2013,21/05/2021,06/07/2021,7450,45958,2192,629,31,9,0,4,0,2,1,676,52,16,,
TPR,KT3A,TPRKT3A,TOSHIBA,98900011,230/72.5,300,2013,09/11/2021,19/11/2021,10992,47681,2032,515,29,0,0,0,5,0,0,549,50,10,,
TPR,KT3A,TPRKT3A,TOSHIBA,98900011,230/72.5,300,2013,28/05/2022,02/06/2022,7688,33096,3059,767,19,15,0,1,2,0,0,804,,7,,
TPR,KT3A,TPRKT3A,TOSHIBA,98900011,230/72.5,300,2013,14/11/2022,25/11/2022,13035,49119,3182,798,20,7,0,4,1,2,2,834,44,11,,
TPR,KT3A,TPRKT3A,TOSHIBA,98900011,230/72.5,300,2013,22/05/2023,26/05/2023,7476,41803,3002,820,24,21,0,2,1,1,2,871,50,7,,
TPR,KT3A,TPRKT3A,TOSHIBA,98900011,230/72.5,300,2013,12/11/2023,16/12/2023,14888,48328,2955,635,32,6,0,5,2,2,3,685,50,11,,
TPR,KT4A,TPRKT4A,TOSHIBA,98900012,230/72.5,300,2013,31/05/2019,29/06/2019,8111,32932,1787,448,24,0,0,0,0,0,0,472,50,15,-,
TPR,KT4A,TPRKT4A,TOSHIBA,98900012,230/72.5,300,2013,09/11/2019,11/11/2019,3694,32008,1195,486,26,12,0,0,1,0,2,527,48,10,-,
TPR,KT4A,TPRKT4A,TOSHIBA,98900012,230/72.5,300,2013,15/05/2020,29/05/2020,7144,39885,1153,487,39,6,0,0,2,0,3,537,48,11,,
TPR,KT4A,TPRKT4A,TOSHIBA,98900012,230/72.5,300,2013,22/11/2020,04/12/2020,8938,40890,1989,527,17,0,0,2,1,3,2,552,50,7,,
TPR,KT4A,TPRKT4A,TOSHIBA,98900012,230/72.5,300,2013,20/12/2020,22/12/2020,7149,52024,4892,700,32,4,0,0,1,0,2,739,41,6,,
TPR,KT4A,TPRKT4A,TOSHIBA,98900012,230/72.5,300,2013,21/05/2021,10/07/2021,8137,51171,3951,566,17,3,0,0,1,0,2,589,53,11,,
TPR,KT4A,TPRKT4A,TOSHIBA,98900012,230/72.5,300,2013,09/11/2021,19/11/2021,7685,32783,2016,537,20,0,0,4,8,0,0,569,48,7,,
TPR,KT4A,TPRKT4A,TOSHIBA,98900012,230/72.5,300,2013,28/05/2022,02/06/2022,6080,42833,3125,844,21,11,0,5,2,3,3,889,,7,,
TPR,KT4A,TPRKT4A,TOSHIBA,98900012,230/72.5,300,2013,14/11/2022,25/11/2022,15187,50098,2547,499,14,7,0,0,0,3,5,528,44,14,,
TPR,KT4A,TPRKT4A,TOSHIBA,98900012,230/72.5,300,2013,22/05/2023,26/05/2023,9994,47826,3139,604,20,19,0,2,1,1,3,650,51,11,,
TPR,KT4A,TPRKT4A,TOSHIBA,98900012,230/72.5,300,2013,12/11/2023,10/12/2023,5580,30860,3240,599,11,20,0,2,1,1,4,638,50,26,,
TR,KT1A,TRKT1A,ABB,57022,115/22,50,2014,14/03/2020,22/03/2020,12138,46161,1175,330,2,1,0,0,0,0,0,333,42,15,,
TR,KT1A,TRKT1A,ABB,57022,115/22,50,2014,25/02/2022,06/03/2022,27198,54766,1742,446,8,0,0,0,0,0,0,454,40,8,,
TR,KT1A,TRKT1A,ABB,57022,115/22,50,2014,09/09/2022,16/09/2022,20437,74185,1809,437,6,3,0,1,1,0,0,448,50,12,,
TR,KT1A,TRKT1A,ABB,57022,115/22,50,2014,07/04/2023,20/04/2023,28190,66105,2168,612,3,7,0,2,0,0,0,624,50,13,,
TR,KT1A,TRKT1A,ABB,57022,115/22,50,2014,08/03/2024,11/04/2024,5170,47130,2335,496,3,5,0,4,1,24,1,534,45,11,,
TR,KT2A,TRKT2A,ABB,57019,115/22,50,2014,14/03/2020,22/03/2020,16214,47098,1751,489,9,4,0,6,5,0,5,518,63,17,,
TR,KT2A,TRKT2A,ABB,57019,115/22,50,2014,25/02/2022,06/03/2022,21288,57397,2132,696,7,0,0,19,5,0,0,727,40,5,,
TR,KT2A,TRKT2A,ABB,57019,115/22,50,2014,09/09/2022,16/09/2022,20531,86261,1835,678,7,4,0,23,3,4,3,722,50,10,,
TR,KT2A,TRKT2A,ABB,57019,115/22,50,2014,07/04/2023,20/04/2023,25561,75594,2750,1012,2,9,0,18,3,5,2,1051,50,10,,
TR,KT2A,TRKT2A,ABB,57019,115/22,50,2014,08/03/2024,11/04/2024,34330,54860,3717,1076,15,20,0,42,3,5,3,1164,50,14,,
TS,KT1A,TSKT1A,ABB,55013,230/121/33,200,2013,16/03/2019,30/06/2019,13286,45043,1550,264,11,4,0,1,1,0,0,281,38,20,-,
TS,KT1A,TSKT1A,ABB,55013,230/121/33,200,2013,15/09/2019,22/11/2019,9370,32390,0,0,19,7,0,0,0,0,0,26,-,30,-,
TS,KT1A,TSKT1A,ABB,55013,230/121/33,200,2013,24/04/2020,26/05/2020,16351,48451,1181,239,38,3,0,0,1,0,1,282,54,25,,
TS,KT1A,TSKT1A,ABB,55013,230/121/33,200,2013,05/09/2020,10/11/2020,6495,29511,2687,361,12,0,0,0,1,0,0,374,53,18,,
TS,KT1A,TSKT1A,ABB,55013,230/121/33,200,2013,06/03/2021,11/05/2021,5351,29985,2063,312,28,4,0,0,1,0,1,346,53,19,,
TS,KT1A,TSKT1A,ABB,55013,230/121/33,200,2013,12/09/2021,16/11/2021,10644,30313,3969,348,15,0,0,0,0,0,0,363,60,12,,
TS,KT1A,TSKT1A,ABB,55013,230/121/33,200,2013,26/03/2022,25/04/2022,5295,16919,4343,500,12,3,0,1,1,1,1,519,44,15,,
TS,KT1A,TSKT1A,ABB,55013,230/121/33,200,2013,09/09/2022,09/10/2022,5465,31614,4544,591,13,5,0,0,1,0,1,611,48,10,,
TS,KT1A,TSKT1A,ABB,55013,230/121/33,200,2013,05/03/2023,09/04/2023,9177,27915,4752,528,15,22,0,0,0,0,0,565,51,13,,
TS,KT1A,TSKT1A,ABB,55013,230/121/33,200,2013,06/10/2023,29/10/2023,5542,27917,3647,461,21,7,0,1,5,0,7,502,47,11,,
TS,KT1A,TSKT1A,ABB,55013,230/121/33,200,2013,04/03/2024,09/04/2024,8628,26379,3237,418,13,8,0,0,0,0,0,439,60,12,,
TS,KT2A,TSKT2A,MITSUBISHI,9711291103,230/121/33,200,2013,16/03/2019,05/07/2019,15147,56682,1290,289,2,5,0,0,2,0,1,299,66,24,-,
TS,KT2A,TSKT2A,MITSUBISHI,9711291103,230/121/33,200,2013,15/09/2019,23/11/2019,14080,53110,0,0,16,11,0,0,0,0,0,27,-,40,-,
TS,KT2A,TSKT2A,MITSUBISHI,9711291103,230/121/33,200,2013,10/06/2020,11/08/2020,8351,48921,3705,446,21,7,0,0,3,0,1,478,64,23,,
TS,KT2A,TSKT2A,MITSUBISHI,9711291103,230/121/33,200,2013,05/09/2020,13/11/2020,12718,60234,2069,103,5,62,0,1,210,0,112,493,54,23,,
TS,KT2A,TSKT2A,MITSUBISHI,9711291103,230/121/33,200,2013,06/03/2021,23/05/2021,9369,62137,2628,190,8,14,0,0,3,5,6,226,56,18,,
TS,KT2A,TSKT2A,MITSUBISHI,9711291103,230/121/33,200,2013,12/09/2021,16/11/2021,10406,40388,846,33,6,32,0,0,51,0,5,127,58,13,,
TS,KT2A,TSKT2A,MITSUBISHI,9711291103,230/121/33,200,2013,26/03/2022,25/04/2022,5482,56684,2656,288,8,8,0,15,3,0,2,324,58,13,,
TS,KT2A,TSKT2A,MITSUBISHI,9711291103,230/121/33,200,2013,09/09/2022,09/10/2022,5641,55076,2558,318,8,18,0,6,4,2,4,360,49,8,,
TS,KT2A,TSKT2A,MITSUBISHI,9711291103,230/121/33,200,2013,05/03/2023,09/04/2023,7950,43634,3585,481,7,15,0,0,5,0,0,508,70,13,,
TS,KT2A,TSKT2A,MITSUBISHI,9711291103,230/121/33,200,2013,06/10/2023,29/10/2023,11517,57269,4401,584,14,14,0,1,5,2,5,625,50,14,,
TS,KT2A,TSKT2A,MITSUBISHI,9711291103,230/121/33,200,2013,04/03/2024,09/04/2024,21310,41690,4584,387,3,26,0,32,11,32,4,495,62,12,,
TS,KT3A,TSKT3A,MEIDEN,8P8743T1,115/33/11,50,2004,19/09/2019,23/11/2019,11870,50870,0,0,41,66,0,0,199,0,114,420,0,24,-,
TS,KT3A,TSKT3A,MEIDEN,8P8743T1,115/33/11,50,2004,05/09/2020,10/11/2020,7548,44164,2399,102,26,54,0,2,172,0,81,437,46,17,,
TS,KT3A,TSKT3A,MEIDEN,8P8743T1,115/33/11,50,2004,12/09/2021,16/11/2021,7511,40097,3437,102,24,63,0,0,206,0,38,433,58,12,,
TS,KT3A,TSKT3A,MEIDEN,8P8743T1,115/33/11,50,2004,09/09/2022,08/10/2022,7330,56490,3241,92,25,77,0,1,235,9,156,595,56,8,,
TS,KT3A,TSKT3A,MEIDEN,8P8743T1,115/33/11,50,2004,06/10/2023,29/10/2023,8494,45720,2672,106,12,81,0,2,276,0,111,588,56,11,,
TS,KT4A,TSKT4A,MEIDEN,8P9106T1,115/33/11,50,2004,15/09/2019,23/11/2019,10740,52660,0,0,16,46,0,0,121,0,71,254,-,17,-,
TS,KT4A,TSKT4A,MEIDEN,8P9106T1,115/33/11,50,2004,05/09/2020,10/11/2020,8916,40999,1819,85,11,45,0,0,146,0,27,314,60,17,,
TS,KT4A,TSKT4A,MEIDEN,8P9106T1,115/33/11,50,2004,12/09/2021,16/11/2021,6160,40126,1939,93,11,47,0,0,148,0,30,329,59,12,,
TS,KT4A,TSKT4A,MEIDEN,8P9106T1,115/33/11,50,2004,09/09/2022,08/10/2022,6240,58000,2002,78,8,64,0,1,172,25,110,458,55,9,,
TS,KT4A,TSKT4A,MEIDEN,8P9106T1,115/33/11,50,2004,06/10/2023,29/10/2023,9679,47378,1750,94,9,63,0,1,160,0,74,401,50,13,,
TTK,KT1AA,TTKKT1AA,FUJI,AE69040T1-1,525/242/22,200,2002,15/02/2019,24/03/2019,5068,46408,1744,59,11,51,0,0,202,0,108,431,56,11,-,
TTK,KT1AA,TTKKT1AA,FUJI,AE69040T1-1,525/242/22,200,2002,18/05/2019,01/06/2019,8712,39614,1581,87,11,41,0,2,176,0,93,410,62,11,-,
TTK,KT1AA,TTKKT1AA,FUJI,AE69040T1-1,525/242/22,200,2002,30/08/2019,23/09/2019,8654,52933,1531,46,11,43,0,0,214,0,152,466,66,11,-,
TTK,KT1AA,TTKKT1AA,FUJI,AE69040T1-1,525/242/22,200,2002,22/06/2020,05/07/2020,7887,49774,1983,55,15,53,0,0,244,0,118,485,58,8,,
TTK,KT1AA,TTKKT1AA,FUJI,AE69040T1-1,525/242/22,200,2002,25/09/2020,13/11/2020,5257,51350,1773,40,21,49,0,0,195,0,146,451,56,18,,
TTK,KT1AA,TTKKT1AA,FUJI,AE69040T1-1,525/242/22,200,2002,26/12/2020,26/01/2021,6814,57902,2072,228,37,54,0,0,228,0,158,705,47,10,,
TTK,KT1AA,TTKKT1AA,FUJI,AE69040T1-1,525/242/22,200,2002,22/05/2021,23/07/2021,9441,47777,1311,49,13,46,0,4,220,0,64,396,54,13,,
TTK,KT1AA,TTKKT1AA,FUJI,AE69040T1-1,525/242/22,200,2002,18/12/2021,18/01/2022,3538,53906,1924,151,29,42,0,4,295,0,150,671,56,9,,
TTK,KT1AA,TTKKT1AA,FUJI,AE69040T1-1,525/242/22,200,2002,30/04/2022,13/05/2022,3352,45320,1851,143,9,47,0,4,249,13,82,547,53,10,,
TTK,KT1AA,TTKKT1AA,FUJI,AE69040T1-1,525/242/22,200,2002,04/02/2023,12/02/2023,2990,57920,1587,137,2,55,0,2,242,16,181,635,46,12,,
TTK,KT1AA,TTKKT1AA,FUJI,AE69040T1-1,525/242/22,200,2002,17/06/2023,02/07/2023,3670,59880,2418,219,4,59,0,1,288,7,216,794,51,10,,
TTK,KT1AA,TTKKT1AA,FUJI,AE69040T1-1,525/242/22,200,2002,16/12/2023,28/01/2024,10080,63780,1768,83,20,64,0,5,310,7,149,638,47,10,,
TTK,KT1AB,TTKKT1AB,FUJI,AE69040T1-2,525/242/22,200,2002,15/02/2019,17/03/2019,8319,46741,1217,26,3,12,0,2,135,0,80,258,53,15,-,
TTK,KT1AB,TTKKT1AB,FUJI,AE69040T1-2,525/242/22,200,2002,18/05/2019,01/06/2019,3280,39636,1983,76,6,44,0,3,159,0,76,364,60,15,-,
TTK,KT1AB,TTKKT1AB,FUJI,AE69040T1-2,525/242/22,200,2002,30/08/2019,23/09/2019,6887,38135,1597,48,11,37,0,0,172,0,115,383,63,9,-,
TTK,KT1AB,TTKKT1AB,FUJI,AE69040T1-2,525/242/22,200,2002,22/06/2020,05/07/2020,3820,35962,2027,55,13,39,0,0,166,0,79,352,57,11,,
TTK,KT1AB,TTKKT1AB,FUJI,AE69040T1-2,525/242/22,200,2002,25/09/2020,13/11/2020,5024,45543,1552,36,22,39,0,0,155,0,115,367,56,16,,
TTK,KT1AB,TTKKT1AB,FUJI,AE69040T1-2,525/242/22,200,2002,26/12/2020,26/01/2021,6341,51786,2232,39,30,40,0,0,159,0,115,383,46,9,,
TTK,KT1AB,TTKKT1AB,FUJI,AE69040T1-2,525/242/22,200,2002,22/05/2021,23/07/2021,7444,40019,1339,48,12,36,0,4,174,0,49,323,51,16,,
TTK,KT1AB,TTKKT1AB,FUJI,AE69040T1-2,525/242/22,200,2002,18/12/2021,18/01/2022,2827,41142,2285,154,25,41,0,5,232,0,121,578,58,9,,
TTK,KT1AB,TTKKT1AB,FUJI,AE69040T1-2,525/242/22,200,2002,30/04/2022,13/05/2022,11602,49475,1864,128,3,22,0,6,121,11,104,395,50,8,,
TTK,KT1AB,TTKKT1AB,FUJI,AE69040T1-2,525/242/22,200,2002,03/02/2023,12/02/2023,6551,43437,1848,121,5,55,0,4,230,0,125,540,46,11,,
TTK,KT1AB,TTKKT1AB,FUJI,AE69040T1-2,525/242/22,200,2002,17/06/2023,02/07/2023,5400,42090,2856,193,11,41,0,1,204,6,173,629,50,7,,
TTK,KT1AB,TTKKT1AB,FUJI,AE69040T1-2,525/242/22,200,2002,16/12/2023,28/01/2024,6413,44557,2050,57,33,47,0,4,241,5,105,492,47,12,,
TTK,KT1AC,TTKKT1AC,FUJI,AE69040T1-3,525/242/22,200,2002,15/02/2019,23/03/2019,8044,37858,1711,42,11,32,0,0,134,0,63,282,56,10,-,
TTK,KT1AC,TTKKT1AC,FUJI,AE69040T1-3,525/242/22,200,2002,18/05/2019,01/06/2019,7058,48347,1852,65,6,37,0,3,144,0,73,328,62,12,-,
TTK,KT1AC,TTKKT1AC,FUJI,AE69040T1-3,525/242/22,200,2002,30/08/2019,23/09/2019,4126,40795,1948,58,8,39,0,0,170,0,106,381,65,18,-,
TTK,KT1AC,TTKKT1AC,FUJI,AE69040T1-3,525/242/22,200,2002,22/06/2020,05/07/2020,8069,35514,1873,43,15,34,0,0,152,0,65,309,58,11,,
TTK,KT1AC,TTKKT1AC,FUJI,AE69040T1-3,525/242/22,200,2002,25/09/2020,13/11/2020,6371,45210,1863,56,24,32,0,0,132,0,105,349,56,11,,
TTK,KT1AC,TTKKT1AC,FUJI,AE69040T1-3,525/242/22,200,2002,26/12/2020,29/01/2021,6568,51867,2251,38,31,37,0,0,146,0,104,356,46,12,,
TTK,KT1AC,TTKKT1AC,FUJI,AE69040T1-3,525/242/22,200,2002,22/05/2021,15/08/2021,19611,59418,1594,38,13,30,0,0,165,0,46,292,53,27,,
TTK,KT1AC,TTKKT1AC,FUJI,AE69040T1-3,525/242/22,200,2002,18/12/2021,22/01/2022,8655,38843,1698,47,14,35,0,0,169,0,76,341,60,17,,
TTK,KT1AC,TTKKT1AC,FUJI,AE69040T1-3,525/242/22,200,2002,30/04/2022,13/05/2022,12873,56774,1542,43,3,23,0,6,124,2,102,303,52,19,,
TTK,KT1AC,TTKKT1AC,FUJI,AE69040T1-3,525/242/22,200,2002,03/02/2023,12/02/2023,5090,40330,1396,38,2,32,0,1,150,6,105,334,46,11,,
TTK,KT1AC,TTKKT1AC,FUJI,AE69040T1-3,525/242/22,200,2002,17/06/2023,02/07/2023,2650,42200,2648,68,7,41,0,0,196,5,154,471,53,11,,
TTK,KT1AC,TTKKT1AC,FUJI,AE69040T1-3,525/242/22,200,2002,16/12/2023,28/01/2024,5441,41612,1732,72,27,42,0,3,193,5,91,433,49,11,,
TTK,KT2AA,TTKKT2AA,FUJI,AE69040T2-1,525/242/22,200,2002,15/02/2019,23/03/2019,9486,47678,1460,54,9,54,0,12,217,0,109,455,54,12,-,
TTK,KT2AA,TTKKT2AA,FUJI,AE69040T2-1,525/242/22,200,2002,18/05/2019,01/06/2019,3071,39898,2334,76,8,69,0,40,174,0,110,477,60,15,-,
TTK,KT2AA,TTKKT2AA,FUJI,AE69040T2-1,525/242/22,200,2002,30/08/2019,26/09/2019,9144,58984,2206,54,3,47,0,11,252,0,138,505,65,11,-,
TTK,KT2AA,TTKKT2AA,FUJI,AE69040T2-1,525/242/22,200,2002,22/06/2020,05/07/2020,9105,42151,1529,49,10,52,0,9,218,0,101,439,58,10,,
TTK,KT2AA,TTKKT2AA,FUJI,AE69040T2-1,525/242/22,200,2002,27/09/2020,13/11/2020,6492,49411,1437,40,16,56,0,4,213,2,143,474,52,13,,
TTK,KT2AA,TTKKT2AA,FUJI,AE69040T2-1,525/242/22,200,2002,26/12/2020,26/01/2021,8692,71954,1358,28,27,42,0,3,188,15,141,444,47,8,,
TTK,KT2AA,TTKKT2AA,FUJI,AE69040T2-1,525/242/22,200,2002,22/05/2021,23/07/2021,7506,45756,1163,55,10,52,0,9,238,0,71,435,53,15,,
TTK,KT2AA,TTKKT2AA,FUJI,AE69040T2-1,525/242/22,200,2002,18/12/2021,22/01/2022,11218,47426,1067,53,11,49,0,9,237,0,120,479,53,14,,
TTK,KT2AA,TTKKT2AA,FUJI,AE69040T2-1,525/242/22,200,2002,29/04/2022,13/05/2022,5761,45292,1637,63,9,56,0,13,275,3,26,445,48,7,,
TTK,KT2AA,TTKKT2AA,FUJI,AE69040T2-1,525/242/22,200,2002,22/04/2023,30/04/2023,3300,53080,1724,92,3,65,0,17,254,17,175,623,56,6,,
TTK,KT2AA,TTKKT2AA,FUJI,AE69040T2-1,525/242/22,200,2002,16/12/2023,27/01/2024,11427,59741,1629,57,22,64,0,11,334,17,148,653,49,13,,
TTK,KT2AB,TTKKT2AB,FUJI,AE69040T2-2,525/242/22,200,2002,15/02/2019,24/03/2019,6237,57507,1697,62,12,41,0,2,187,0,73,377,55,10,-,
TTK,KT2AB,TTKKT2AB,FUJI,AE69040T2-2,525/242/22,200,2002,18/05/2019,02/06/2019,3846,53462,1522,81,5,51,0,4,181,0,86,408,62,13,-,
TTK,KT2AB,TTKKT2AB,FUJI,AE69040T2-2,525/242/22,200,2002,30/08/2019,23/09/2019,6907,48459,1287,56,11,43,0,0,194,0,126,430,66,9,-,
TTK,KT2AB,TTKKT2AB,FUJI,AE69040T2-2,525/242/22,200,2002,22/06/2020,05/07/2020,4810,44266,1609,63,16,50,0,0,198,0,88,415,58,10,,
TTK,KT2AB,TTKKT2AB,FUJI,AE69040T2-2,525/242/22,200,2002,27/09/2020,13/11/2020,7715,50511,1592,53,22,44,0,0,167,0,121,407,53,13,,
TTK,KT2AB,TTKKT2AB,FUJI,AE69040T2-2,525/242/22,200,2002,26/12/2020,29/01/2021,4517,59883,2031,50,35,50,0,0,190,0,130,455,47,6,,
TTK,KT2AB,TTKKT2AB,FUJI,AE69040T2-2,525/242/22,200,2002,22/05/2021,23/07/2021,10949,47614,1056,57,14,37,0,4,187,0,53,352,53,17,,
TTK,KT2AB,TTKKT2AB,FUJI,AE69040T2-2,525/242/22,200,2002,18/12/2021,22/01/2022,11991,51074,1147,63,12,34,0,0,191,0,100,400,53,11,,
TTK,KT2AB,TTKKT2AB,FUJI,AE69040T2-2,525/242/22,200,2002,29/04/2022,13/05/2022,10078,62650,1560,69,11,39,0,4,232,0,64,419,48,6,,
TTK,KT2AB,TTKKT2AB,FUJI,AE69040T2-2,525/242/22,200,2002,21/04/2023,30/04/2023,3570,56340,1728,84,2,51,0,0,195,6,143,481,54,5,,
TTK,KT2AB,TTKKT2AB,FUJI,AE69040T2-2,525/242/22,200,2002,16/12/2023,21/01/2024,10160,55957,1569,65,26,44,0,3,177,5,98,418,50,10,,
TTK,KT2AC,TTKKT2AC,FUJI,AE69040T2-3,525/242/22,200,2002,15/02/2019,23/03/2019,9237,43851,1561,52,10,41,0,0,181,0,94,378,57,9,-,
TTK,KT2AC,TTKKT2AC,FUJI,AE69040T2-3,525/242/22,200,2002,18/05/2019,03/06/2019,5061,36636,2139,62,14,51,0,9,248,0,85,469,63,15,-,
TTK,KT2AC,TTKKT2AC,FUJI,AE69040T2-3,525/242/22,200,2002,30/08/2019,24/09/2019,10155,45118,2235,59,12,35,0,0,178,0,124,408,67,8,-,
TTK,KT2AC,TTKKT2AC,FUJI,AE69040T2-3,525/242/22,200,2002,22/06/2020,05/07/2020,8246,43037,1727,56,14,43,0,0,197,0,95,405,59,26,,
TTK,KT2AC,TTKKT2AC,FUJI,AE69040T2-3,525/242/22,200,2002,27/09/2020,13/11/2020,7648,48113,1495,41,16,45,0,0,181,0,132,415,56,13,,
TTK,KT2AC,TTKKT2AC,FUJI,AE69040T2-3,525/242/22,200,2002,26/12/2020,26/01/2021,5886,57404,1598,36,28,40,0,0,176,0,129,409,47,9,,
TTK,KT2AC,TTKKT2AC,FUJI,AE69040T2-3,525/242/22,200,2002,22/05/2021,24/07/2021,8227,40508,1970,57,10,41,0,0,201,0,62,371,54,21,,
TTK,KT2AC,TTKKT2AC,FUJI,AE69040T2-3,525/242/22,200,2002,18/12/2021,22/01/2022,13880,48651,1861,54,10,36,0,0,202,0,133,435,54,20,,
TTK,KT2AC,TTKKT2AC,FUJI,AE69040T2-3,525/242/22,200,2002,29/04/2022,13/05/2022,3434,39539,1827,64,10,48,0,5,229,0,72,428,50,7,,
TTK,KT2AC,TTKKT2AC,FUJI,AE69040T2-3,525/242/22,200,2002,21/04/2023,30/04/2023,7890,46030,1599,86,2,39,0,1,179,5,141,453,56,10,,
TTK,KT2AC,TTKKT2AC,FUJI,AE69040T2-3,525/242/22,200,2002,16/12/2023,26/01/2024,9418,52383,1687,70,17,53,0,5,83,6,119,353,50,14,,
TTK,KT3AA,TTKKT3AA,JEUMONT,95768,500,200,2008,15/02/2019,24/03/2019,9628,42885,5228,697,7,29,0,0,14,0,0,747,53,10,-,
TTK,KT3AA,TTKKT3AA,JEUMONT,95768,500,200,2008,18/05/2019,01/06/2019,5893,39016,5602,865,2,29,0,0,9,0,4,909,58,13,-,
TTK,KT3AA,TTKKT3AA,JEUMONT,95768,500,200,2008,28/07/2019,29/07/2019,4077,37726,5033,864,3,32,0,0,8,1,3,911,50,5.5,Buchholz Trip,
TTK,KT3AA,TTKKT3AA,JEUMONT,95768,500,200,2008,30/08/2019,23/09/2019,5584,34069,5064,932,6,48,0,0,10,0,0,996,58,9,-,
TTK,KT3AA,TTKKT3AA,JEUMONT,95768,500,200,2008,23/06/2020,05/07/2020,6765,30817,5661,735,9,29,0,0,14,0,0,787,53,10,,
TTK,KT3AA,TTKKT3AA,JEUMONT,95768,500,200,2008,27/09/2020,13/11/2020,6737,45973,5352,811,24,47,0,0,8,0,5,895,49,13,,
TTK,KT3AA,TTKKT3AA,JEUMONT,95768,500,200,2008,26/12/2020,26/01/2021,6114,51048,5457,622,30,20,0,0,9,0,3,684,42,10,,
TTK,KT3AA,TTKKT3AA,JEUMONT,95768,500,200,2008,24/04/2021,04/06/2021,17280,47940,3276,342,0,12,0,0,6,6,4,370,58,23,,
TTK,KT3AA,TTKKT3AA,JEUMONT,95768,500,200,2008,22/05/2021,24/07/2021,10748,34150,4224,661,9,27,0,0,14,0,0,711,48,21,,
TTK,KT3AA,TTKKT3AA,JEUMONT,95768,500,200,2008,18/12/2021,18/01/2022,4859,38011,6907,732,5,9,0,0,13,2,9,770,46,15,,
TTK,KT3AA,TTKKT3AA,JEUMONT,95768,500,200,2008,13/02/2022,18/02/2022,3775,32645,7154,1099,2,57,0,0,11,2,5,1176,40,5,,
TTK,KT3AA,TTKKT3AA,JEUMONT,95768,500,200,2008,29/04/2022,13/05/2022,14003,51447,3461,526,6,24,0,11,8,22,6,603,49,5,,
TTK,KT3AA,TTKKT3AA,JEUMONT,95768,500,200,2008,17/06/2023,02/07/2023,5490,40330,7871,819,6,53,0,0,10,4,6,898,48,9,,
TTK,KT3AA,TTKKT3AA,JEUMONT,95768,500,200,2008,16/12/2023,28/01/2024,30852,83491,6203,454,20,17,0,0,12,3,8,514,44,18,,
TTK,KT3AB,TTKKT3AB,JEUMONT,95769,500,200,2008,15/02/2019,24/03/2019,9874,46098,5278,686,7,23,0,0,10,0,0,726,54,17,-,
TTK,KT3AB,TTKKT3AB,JEUMONT,95769,500,200,2008,18/05/2019,01/06/2019,5610,44760,6223,865,3,28,0,0,7,0,4,907,61,9,-,
TTK,KT3AB,TTKKT3AB,JEUMONT,95769,500,200,2008,28/07/2019,29/07/2019,4020,38395,4965,778,2,29,0,0,5,1,3,818,48,4.8,Buchholz Trip,
TTK,KT3AB,TTKKT3AB,JEUMONT,95769,500,200,2008,30/08/2019,23/09/2019,4852,38614,5381,831,6,25,0,0,11,0,5,878,58,8,-,
TTK,KT3AB,TTKKT3AB,JEUMONT,95769,500,200,2008,23/06/2020,05/07/2020,4054,33443,6083,740,9,27,0,0,10,0,0,786,54,38,,
TTK,KT3AB,TTKKT3AB,JEUMONT,95769,500,200,2008,27/09/2020,13/11/2020,6264,37688,6373,772,22,45,0,0,6,0,6,851,49,13,,
TTK,KT3AB,TTKKT3AB,JEUMONT,95769,500,200,2008,26/12/2020,26/01/2021,7613,64169,5693,586,31,19,0,0,7,0,5,648,42,9,,
TTK,KT3AB,TTKKT3AB,JEUMONT,95769,500,200,2008,24/04/2021,01/06/2021,5430,51570,4964,530,24,15,0,0,6,1,10,586,58,18,,
TTK,KT3AB,TTKKT3AB,JEUMONT,95769,500,200,2008,22/05/2021,24/07/2021,7012,34796,4684,669,8,26,0,0,9,0,0,712,50,16,,
TTK,KT3AB,TTKKT3AB,JEUMONT,95769,500,200,2008,18/12/2021,22/01/2022,9164,56011,3685,554,8,15,0,0,9,0,0,586,46,15,,
TTK,KT3AB,TTKKT3AB,JEUMONT,95769,500,200,2008,13/02/2022,18/02/2022,2893,36365,7012,1017,2,50,0,2,9,6,5,1091,40,7,,
TTK,KT3AB,TTKKT3AB,JEUMONT,95769,500,200,2008,29/04/2022,13/05/2022,2217,30986,6003,788,8,23,0,4,13,0,0,836,46,9,,
TTK,KT3AB,TTKKT3AB,JEUMONT,95769,500,200,2008,17/06/2023,02/07/2023,2910,42820,8966,893,4,49,0,0,8,10,11,975,48,12,,
TTK,KT3AB,TTKKT3AB,JEUMONT,95769,500,200,2008,16/12/2023,27/01/2024,7902,51064,5596,783,29,33,0,4,10,6,5,870,44,9,,
TTK,KT3AC,TTKKT3AC,JEUMONT,95770,500,200,2008,15/02/2019,24/03/2019,6023,38865,5673,733,7,21,0,0,7,0,0,768,56,13,-,
TTK,KT3AC,TTKKT3AC,JEUMONT,95770,500,200,2008,18/05/2019,03/06/2019,11791,39742,5724,715,6,14,0,0,11,0,0,746,60,18,-,
TTK,KT3AC,TTKKT3AC,JEUMONT,95770,500,200,2008,28/07/2019,29/07/2019,3514,34709,5060,803,6,21,0,0,5,1,3,839,50,4.7,"Buchholz Trip
Buchholz Trip",
TTK,KT3AC,TTKKT3AC,JEUMONT,95770,500,200,2008,30/08/2019,23/09/2019,5538,33574,5164,858,8,38,0,0,7,0,0,911,60,7,-,
TTK,KT3AC,TTKKT3AC,JEUMONT,95770,500,200,2008,23/06/2020,05/07/2020,4648,29184,6276,753,9,23,0,0,13,0,0,798,56,13,,
TTK,KT3AC,TTKKT3AC,JEUMONT,95770,500,200,2008,27/09/2020,13/11/2020,7605,36145,6390,761,16,16,0,0,6,0,5,804,50,15,,
TTK,KT3AC,TTKKT3AC,JEUMONT,95770,500,200,2008,26/12/2020,26/01/2021,9013,57302,5338,476,71,185,0,362,40,142,16,1292,42,9,,
TTK,KT3AC,TTKKT3AC,JEUMONT,95770,500,200,2008,15/02/2021,29/03/2021,6698,51072,6783,927,80,92,0,370,42,146,6,1663,50,16,,
TTK,KT3AC,TTKKT3AC,JEUMONT,95770,500,200,2008,22/05/2021,24/07/2021,10211,35057,4787,668,36,175,0,226,45,30,0,1180,52,25,,
TTK,KT3AC,TTKKT3AC,JEUMONT,95770,500,200,2008,29/04/2022,13/05/2022,4346,33384,6070,740,12,111,0,180,41,69,3,1156,46,6,,
TTK,KT3AC,TTKKT3AC,JEUMONT,95770,500,200,2008,20/08/2022,26/08/2022,19234,51094,5299,567,10,32,0,140,31,74,7,861,54,10,,
TTK,KT3AC,TTKKT3AC,JEUMONT,95770,500,200,2008,17/06/2023,09/07/2023,22388,66921,1669,153,2,26,0,50,13,26,4,274,53,10,ปรับปรุงสภาพน้ำมัน,
TTK,KT3AC,TTKKT3AC,JEUMONT,95770,500,200,2008,16/12/2023,27/01/2024,9006,44748,6287,912,30,114,0,152,34,94,14,1350,48,9,,
TTK,KT4A,TTKKT4A,TOSHIBA,91900018,230/115/22,200,2005,21/09/2019,04/10/2019,6265,32910,2344,345,21,21,0,0,4,3,5,399,53,10,-,
TTK,KT4A,TTKKT4A,TOSHIBA,91900018,230/115/22,200,2005,23/06/2020,11/08/2020,9125,57638,3106,414,24,4,0,0,1,26,0,469,55,25,,
TTK,KT4A,TTKKT4A,TOSHIBA,91900018,230/115/22,200,2005,18/12/2020,10/01/2021,8325,51732,3325,266,30,10,0,0,5,0,4,315,48,8,,
TTK,KT4A,TTKKT4A,TOSHIBA,91900018,230/115/22,200,2005,28/06/2021,08/10/2021,7760,34758,2793,227,17,0,0,0,0,0,0,244,53,13,,
TTK,KT4A,TTKKT4A,TOSHIBA,91900018,230/115/22,200,2005,18/12/2021,22/01/2022,16020,40366,2390,191,17,8,0,0,11,0,0,227,61,16,,
TTK,KT4A,TTKKT4A,TOSHIBA,91900018,230/115/22,200,2005,10/06/2022,26/06/2022,6855,44271,2537,209,25,19,0,19,4,3,3,282,60,11,,
TTK,KT4A,TTKKT4A,TOSHIBA,91900018,230/115/22,200,2005,17/06/2023,03/07/2023,4548,37543,3303,308,13,29,0,2,6,4,6,368,53,13,,
TTK,KT4A,TTKKT4A,TOSHIBA,91900018,230/115/22,200,2005,16/12/2023,28/01/2024,14299,53601,3851,223,27,11,0,3,10,3,11,288,59,19,,
TTK,KT5A,TTKKT5A,ABB,103726,230/115/22,200,2007,23/06/2020,11/08/2020,9514,77752,3106,330,42,0,0,0,1,26,0,399,56,21,,
TTK,KT5A,TTKKT5A,ABB,103726,230/115/22,200,2007,18/12/2020,11/01/2021,11981,50655,2512,207,35,3,0,0,1,0,1,247,51,9,,
TTK,KT5A,TTKKT5A,ABB,103726,230/115/22,200,2007,28/06/2021,08/10/2021,11137,36310,1937,163,11,0,0,42,0,0,0,216,60,12,,
TTK,KT5A,TTKKT5A,ABB,103726,230/115/22,200,2007,18/12/2021,22/01/2022,16324,43567,2210,187,14,0,0,0,5,0,0,206,56,13,,
TTK,KT5A,TTKKT5A,ABB,103726,230/115/22,200,2007,10/06/2022,26/06/2022,11662,49642,2229,199,12,3,0,0,1,0,1,216,60,11,,
TTK,KT5A,TTKKT5A,ABB,103726,230/115/22,200,2007,17/06/2023,03/07/2023,5975,39293,2344,490,15,14,0,2,3,1,1,526,58,7,,
TTK,KT5A,TTKKT5A,ABB,103726,230/115/22,200,2007,16/12/2023,27/01/2024,15327,48957,2497,474,29,6,0,2,1,1,1,514,55,14,,
TTK,KT6A,TTKKT6A,TOSHIBA,890900042,115/22,25,2003,20/09/2019,04/10/2019,8282,29501,2535,68,92,74,0,0,187,0,125,546,55,17,-,
TTK,KT6A,TTKKT6A,TOSHIBA,890900042,115/22,25,2003,18/12/2020,11/01/2021,10779,47821,2991,44,43,47,0,0,144,0,121,399,49,18,,
TTK,KT6A,TTKKT6A,TOSHIBA,890900042,115/22,25,2003,18/12/2021,22/01/2022,4612,41107,3082,165,67,52,0,6,258,0,150,698,56,22,,
TTK,KT7A,TTKKT7A,TOSHIBA,890900045,115/22,25,2003,18/12/2020,11/01/2021,7685,36001,4364,53,71,57,0,0,165,25,132,503,48,83,,
TTK,KT7A,TTKKT7A,TOSHIBA,890900045,115/22,25,2003,15/02/2021,29/03/2021,5218,63637,3641,55,53,47,0,0,178,0,146,479,54,31,,
TTK,KT7A,TTKKT7A,TOSHIBA,890900045,115/22,25,2003,18/12/2021,22/01/2022,5933,42719,3553,161,60,51,0,7,170,0,162,611,55,28,,
TW,KT1A,TWKT1A,TIRA THAI,4710127,230/121/22,200,2019,14/11/2019,15/12/2019,12049,27520,221,16,0,0,0,0,0,0,0,16,33,24,ยังไม่ได้จ่ายไฟ,
TW,KT1A,TWKT1A,TIRA THAI,4710127,230/121/22,200,2019,17/12/2019,28/12/2019,17250,36940,318,19,10,0,0,0,0,0,0,29,39,9,-,
TW,KT1A,TWKT1A,TIRA THAI,4710127,230/121/22,200,2019,17/01/2021,21/03/2021,5810,27340,400,46,23,0,0,0,0,0,0,69,41,8,,
TW,KT1A,TWKT1A,TIRA THAI,4710127,230/121/22,200,2019,21/01/2022,29/01/2022,8620,22210,568,96,7,1,0,0,0,6,0,110,54,10,,
TW,KT1A,TWKT1A,TIRA THAI,4710127,230/121/22,200,2019,22/07/2022,31/07/2022,5340,19440,748,139,8,0,0,0,0,0,0,147,53,11,,
TW,KT1A,TWKT1A,TIRA THAI,4710127,230/121/22,200,2019,28/01/2023,04/02/2023,6640,19800,716,126,4,1,0,0,1,0,0,132,48,4,,
TW,KT1A,TWKT1A,TIRA THAI,4710127,230/121/22,200,2019,02/07/2023,14/07/2023,8109,26339,720,131,12,19,0,2,1,13,13,191,51,5,,
TW,KT1A,TWKT1A,TIRA THAI,4710127,230/121/22,200,2019,17/02/2024,02/03/2024,21227,46648,1081,235,19,0,0,0,1,1,0,256,46,6,,
TW,KT2A,TWKT2A,TIRA THAI,4710128,230/121/22,200,2019,14/11/2019,15/12/2019,7745,26345,182,20,2,0,0,0,0,0,0,22,34,11,ยังไม่ได้จ่ายไฟ,
TW,KT2A,TWKT2A,TIRA THAI,4710128,230/121/22,200,2019,17/12/2019,04/01/2020,35090,78030,535,35,16,0,0,0,0,0,0,51,40,10,-,
TW,KT2A,TWKT2A,TIRA THAI,4710128,230/121/22,200,2019,27/01/2021,26/03/2021,20750,80000,650,40,17,0,0,0,0,0,0,57,44,21,,
TW,KT2A,TWKT2A,TIRA THAI,4710128,230/121/22,200,2019,21/01/2022,29/01/2022,9410,24940,469,90,5,0,0,0,0,0,0,95,39,18,COLD STAND BY,
TW,KT2A,TWKT2A,TIRA THAI,4710128,230/121/22,200,2019,23/07/2022,31/07/2022,5400,21650,468,117,8,0,0,0,0,0,0,125,,12,,
TW,KT2A,TWKT2A,TIRA THAI,4710128,230/121/22,200,2019,28/01/2023,04/02/2023,8030,21860,449,112,9,10,0,30,7,7,0,175,38,5,,
TW,KT2A,TWKT2A,TIRA THAI,4710128,230/121/22,200,2019,02/07/2023,14/07/2023,9921,25811,514,159,11,17,0,4,4,11,0,206,52,6,,
TW,KT2A,TWKT2A,TIRA THAI,4710128,230/121/22,200,2019,17/02/2024,02/03/2024,24197,49849,644,169,8,1,0,0,1,1,0,180,48,5,,
UB1,KT1A,UB1KT1A,TOSHIBA,890900053,115/22,50,2003,27/04/2019,13/05/2019,5598,49890,5790,506,41,13,0,4,3,6,5,578,36,19,Tx.Trip,
UB1,KT1A,UB1KT1A,TOSHIBA,890900053,115/22,50,2003,01/03/2020,03/04/2020,11990,62143,1952,318,92,43,0,0,5,0,8,466,51,23,,
UB1,KT1A,UB1KT1A,TOSHIBA,890900053,115/22,50,2003,01/03/2021,20/05/2021,19257,51172,4269,350,21,0,0,4,47,0,0,422,60,33,,
UB1,KT1A,UB1KT1A,TOSHIBA,890900053,115/22,50,2003,06/02/2022,20/02/2022,9332,60681,4978,338,61,9,0,0,3,0,6,417,57,15,,
UB1,KT1A,UB1KT1A,TOSHIBA,890900053,115/22,50,2003,04/02/2023,18/02/2023,15651,64207,6122,623,48,18,0,2,4,9,8,712,60,10,,
UB1,KT1A,UB1KT1A,TOSHIBA,890900053,115/22,50,2003,03/02/2024,08/03/2024,20451,39378,6037,684,19,17,0,3,4,7,11,745,62,20,,
UB1,KT2A,UB1KT2A,RADE KONCAR,338025,115/22,50,2004,01/03/2020,03/04/2020,5528,51574,5638,602,61,20,0,0,7,0,3,693,47,11,,
UB1,KT2A,UB1KT2A,RADE KONCAR,338025,115/22,50,2004,01/03/2021,21/05/2021,10136,44862,8804,735,19,16,0,7,55,0,0,832,56,17,,
UB1,KT2A,UB1KT2A,RADE KONCAR,338025,115/22,50,2004,06/02/2022,19/02/2022,4972,54359,8108,605,1,11,0,0,4,0,2,623,50,19,,
UB1,KT2A,UB1KT2A,RADE KONCAR,338025,115/22,50,2004,04/02/2023,18/02/2023,12266,58395,9418,1036,14,22,0,1,6,10,3,1092,55,4,,
UB1,KT2A,UB1KT2A,RADE KONCAR,338025,115/22,50,2004,03/02/2024,08/03/2024,12558,39316,9366,952,12,24,0,4,7,8,3,1010,55,12,,
UB2,KT1A,UB2KT1A,MEIDEN,8R8199T1,115/22,50,2006,02/03/2020,03/04/2020,11531,46947,796,119,52,23,0,0,3,0,1,198,26,17,Tx. Cold stanby.,
UB2,KT1A,UB2KT1A,MEIDEN,8R8199T1,115/22,50,2006,02/03/2021,20/05/2021,30599,61033,932,49,18,15,0,0,120,0,44,246,55,20,,
UB2,KT1A,UB2KT1A,MEIDEN,8R8199T1,115/22,50,2006,07/02/2022,18/02/2022,4862,58126,1951,116,86,44,0,1,119,0,4,370,57,13,,
UB2,KT1A,UB2KT1A,MEIDEN,8R8199T1,115/22,50,2006,04/02/2023,18/02/2023,9579,59175,1889,210,82,70,0,5,178,4,89,638,38,8,,
UB2,KT1A,UB2KT1A,MEIDEN,8R8199T1,115/22,50,2006,04/02/2024,08/03/2024,5221,33443,1090,120,32,39,0,6,36,0,2,235,40,9,,
UB2,KT2A,UB2KT2A,EKARAT DAIHEN,EDP011202,115/22/11,50,2011,02/03/2020,03/04/2020,15954,47106,916,449,35,3,0,0,2,0,2,491,36,13,,
UB2,KT2A,UB2KT2A,EKARAT DAIHEN,EDP011202,115/22/11,50,2011,02/03/2021,20/05/2021,15523,54820,622,449,60,4,0,3,1,5,2,524,26,21,,
UB2,KT2A,UB2KT2A,EKARAT DAIHEN,EDP011202,115/22/11,50,2011,07/02/2022,18/02/2022,10135,54876,1369,467,53,2,0,0,2,0,0,524,28,18,,
UB2,KT2A,UB2KT2A,EKARAT DAIHEN,EDP011202,115/22/11,50,2011,04/02/2023,18/02/2023,15862,61511,1737,932,67,5,0,3,1,6,2,1016,0,7,,
UB2,KT2A,UB2KT2A,EKARAT DAIHEN,EDP011202,115/22/11,50,2011,04/02/2024,08/03/2024,18125,43122,1670,620,35,6,0,3,2,6,4,676,52,7,,
UB2,KT3A,UB2KT3A,FUJI,A1E69002T2,230/115/22,200,2011,31/08/2019,28/09/2019,18312,52054,1161,384,9,4,0,0,2,0,0,399,42,21,-,
UB2,KT3A,UB2KT3A,FUJI,A1E69002T2,230/115/22,200,2011,06/06/2020,21/06/2020,10554,52452,1708,552,10,6,0,1,2,1,0,572,52,9,ทดสอบแทนหลอดแตก Job. ก่อน,
UB2,KT3A,UB2KT3A,FUJI,A1E69002T2,230/115/22,200,2011,30/07/2020,12/09/2020,9817,46170,1565,583,15,7,0,1,3,0,9,618,49,15,,
UB2,KT3A,UB2KT3A,FUJI,A1E69002T2,230/115/22,200,2011,01/03/2021,20/05/2021,11880,58726,928,470,21,8,0,1,3,1,4,508,53,18,,
UB2,KT3A,UB2KT3A,FUJI,A1E69002T2,230/115/22,200,2011,05/09/2021,06/11/2021,6538,37503,2006,638,15,0,0,0,0,0,0,653,40,12,,
UB2,KT3A,UB2KT3A,FUJI,A1E69002T2,230/115/22,200,2011,07/02/2022,19/02/2022,6693,49395,2036,487,15,4,0,0,2,0,5,513,45,14,,
UB2,KT3A,UB2KT3A,FUJI,A1E69002T2,230/115/22,200,2011,30/07/2022,19/08/2022,2168,45899,1975,508,13,7,0,0,3,2,7,540,48,19,,
UB2,KT3A,UB2KT3A,FUJI,A1E69002T2,230/115/22,200,2011,04/02/2023,12/02/2023,7890,45300,1981,617,8,5,0,0,3,41,7,681,48,4,,
UB2,KT3A,UB2KT3A,FUJI,A1E69002T2,230/115/22,200,2011,30/07/2023,06/08/2023,13782,34519,2047,586,11,5,0,0,2,21,7,632,44,17,,
UB2,KT3A,UB2KT3A,FUJI,A1E69002T2,230/115/22,200,2011,04/02/2024,08/03/2024,19129,36503,2542,679,4,9,0,1,3,0,8,704,54,13,,
UB2,KT4A,UB2KT4A,TOSHIBA,98900016,230/132/22,200,2012,31/08/2019,28/09/2019,5032,31895,2355,587,16,6,0,0,2,0,3,614,47,21,-,
UB2,KT4A,UB2KT4A,TOSHIBA,98900016,230/132/22,200,2012,02/03/2020,03/04/2020,18701,46375,2442,544,41,3,0,0,1,0,0,589,38,24,,
UB2,KT4A,UB2KT4A,TOSHIBA,98900016,230/132/22,200,2012,30/07/2020,12/09/2020,8668,38789,2270,483,28,7,0,3,0,1,0,522,50,17,,
UB2,KT4A,UB2KT4A,TOSHIBA,98900016,230/132/22,200,2012,01/03/2021,20/05/2021,33875,64533,1279,82,9,0,0,0,43,0,0,134,56,26,,
UB2,KT4A,UB2KT4A,TOSHIBA,98900016,230/132/22,200,2012,05/09/2021,06/11/2021,14817,39024,2302,422,17,0,0,0,5,0,0,444,41,23,,
UB2,KT4A,UB2KT4A,TOSHIBA,98900016,230/132/22,200,2012,07/02/2022,19/02/2022,9624,53761,3107,382,16,4,0,0,1,0,0,403,46,12,,
UB2,KT4A,UB2KT4A,TOSHIBA,98900016,230/132/22,200,2012,30/07/2022,19/08/2022,2695,47821,2384,568,4,6,0,1,1,3,3,586,51,21,,
UB2,KT4A,UB2KT4A,TOSHIBA,98900016,230/132/22,200,2012,04/02/2023,18/02/2023,10916,46764,3422,715,11,10,0,5,3,3,6,753,48,13,,
UB2,KT4A,UB2KT4A,TOSHIBA,98900016,230/132/22,200,2012,30/07/2023,11/08/2023,17851,30856,2956,676,15,25,0,8,5,3,4,736,47,13,,
UB2,KT4A,UB2KT4A,TOSHIBA,98900016,230/132/22,200,2012,04/02/2024,08/03/2024,21971,33709,3377,703,4,9,0,3,2,3,5,729,56,17,,
UD1,KT1A,UD1KT1A,MEIDEN,8P9100T1,115/22,50,2004,06/02/2019,12/05/2019,7626,57477,1924,142,59,63,0,3,152,0,68,487,55,10,-,
UD1,KT1A,UD1KT1A,MEIDEN,8P9100T1,115/22,50,2004,10/03/2019,17/03/2019,4046,45095,2190,129,93,69,0,0,170,0,68,529,59,9,Trip ด้วย Tx. Diff,
UD1,KT1A,UD1KT1A,MEIDEN,8P9100T1,115/22,50,2004,06/04/2020,09/05/2020,16371,51100,1874,573,45,2,0,0,0,0,0,620,66,15,,
UD1,KT1A,UD1KT1A,MEIDEN,8P9100T1,115/22,50,2004,14/02/2021,24/05/2021,10711,60492,3741,113,91,84,0,0,169,7,130,594,65,20,,
UD1,KT1A,UD1KT1A,MEIDEN,8P9100T1,115/22,50,2004,20/01/2022,07/02/2022,6887,43382,1910,164,40,30,0,0,96,0,70,400,57,10,,
UD1,KT1A,UD1KT1A,MEIDEN,8P9100T1,115/22,50,2004,16/01/2023,04/02/2023,4218,32131,1776,130,59,51,0,0,140,0,63,443,44,10,,
UD1,KT1A,UD1KT1A,MEIDEN,8P9100T1,115/22,50,2004,15/01/2024,11/02/2024,7560,26620,1984,179,57,60,0,2,166,18,112,594,53,8,,
UD1,KT2A,UD1KT2A,MEIDEN,8P9100T2,115/22,50,2004,06/02/2019,12/05/2019,8777,41009,2308,140,60,63,0,3,155,0,70,491,63,18,-,
UD1,KT2A,UD1KT2A,MEIDEN,8P9100T2,115/22,50,2004,06/04/2020,08/05/2020,18462,52365,1574,340,53,2,0,2,1,0,0,398,74,16,,
UD1,KT2A,UD1KT2A,MEIDEN,8P9100T2,115/22,50,2004,14/02/2021,24/05/2021,6162,51695,5638,139,98,101,0,0,184,7,141,670,67,17,,
UD1,KT2A,UD1KT2A,MEIDEN,8P9100T2,115/22,50,2004,20/01/2022,06/02/2022,6947,56553,2997,103,65,51,0,0,145,13,100,477,55,5,,
UD1,KT2A,UD1KT2A,MEIDEN,8P9100T2,115/22,50,2004,16/01/2023,06/02/2023,24659,68096,3236,111,40,58,0,2,189,0,103,503,45,9,,
UD1,KT2A,UD1KT2A,MEIDEN,8P9100T2,115/22,50,2004,15/01/2024,11/02/2024,8180,37970,3635,186,26,72,0,2,213,22,145,666,53,7,,
UD2,KT1A,UD2KT1A,ABB,52012,115/22,50,2004,06/02/2019,12/05/2019,8524,46216,1800,311,9,7,0,3,1,1,0,332,42,23,-,
UD2,KT1A,UD2KT1A,ABB,52012,115/22,50,2004,05/04/2020,15/05/2020,7711,47441,2358,445,28,8,0,0,2,0,3,486,52,13,,
UD2,KT1A,UD2KT1A,ABB,52012,115/22,50,2004,15/02/2021,24/05/2021,10981,56315,4581,590,13,10,0,2,0,3,1,619,50,17,,
UD2,KT1A,UD2KT1A,ABB,52012,115/22,50,2004,19/01/2022,06/02/2022,5747,46958,3039,279,11,6,0,0,2,0,1,299,46,9,,
UD2,KT1A,UD2KT1A,ABB,52012,115/22,50,2004,17/02/2023,03/02/2023,4556,44751,3177,281,6,18,0,1,3,3,1,313,42,11,,
UD2,KT1A,UD2KT1A,ABB,52012,115/22,50,2004,16/01/2024,11/02/2024,9368,51236,2278,347,35,16,0,4,3,4,2,411,46,6,,
UD2,KT2A,UD2KT2A,EKARAT DAIHEN,EDP001301,115/22,50,2007,06/02/2019,12/05/2019,13703,51898,1644,612,40,9,0,3,2,4,2,672,45,26,-,
UD2,KT2A,UD2KT2A,EKARAT DAIHEN,EDP001301,115/22,50,2007,05/04/2020,15/05/2020,8674,46879,2572,1014,92,11,0,0,3,0,6,1126,54,8,,
UD2,KT2A,UD2KT2A,EKARAT DAIHEN,EDP001301,115/22,50,2007,15/02/2021,24/05/2021,14254,57766,4540,1354,48,14,0,4,0,5,6,1431,51,27,,
UD2,KT2A,UD2KT2A,EKARAT DAIHEN,EDP001301,115/22,50,2007,19/01/2022,06/02/2022,6574,45128,3010,699,75,7,0,1,2,3,4,791,48,7,,
UD2,KT2A,UD2KT2A,EKARAT DAIHEN,EDP001301,115/22,50,2007,17/02/2023,04/02/2023,6398,43141,2700,568,49,9,0,3,3,10,4,646,44,10,,
UD2,KT2A,UD2KT2A,EKARAT DAIHEN,EDP001301,115/22,50,2007,16/01/2024,10/02/2024,9658,45030,2294,842,77,0,0,8,4,6,7,944,46,6,,
UD3,KT1A,UD3KT1A,DAIHEN,xxxx,230,300,2023,31/03/2024,20/04/2024,4967,51632,264,8,1,1,0,0,0,0,0,10,34,14,,
UD3,KT2A,UD3KT2A,DAIHEN,xxxx,230,300,2023,31/03/2024,20/04/2024,2867,21046,118,5,2,1,0,0,0,0,0,8,34,12,,
UD3,KT3A,UD3KT3A,DAIHEN,xxxx,230,300,2023,01/04/2024,20/04/2024,2911,36432,170,10,2,1,0,0,0,0,0,13,34,14,,
UR-P,KT1A,UR-PKT1A,SIEMENS,T200762,115/22,5,1993,11/07/2019,11/08/2019,21778,60767,1520,148,7,0,0,10,0,0,0,165,46,21,-,
UR-P,KT1A,UR-PKT1A,SIEMENS,T200762,115/22,5,1993,05/06/2020,05/07/2020,21051,77246,1454,183,0,0,0,11,0,2,0,196,46,22,,
UR-P,KT1A,UR-PKT1A,SIEMENS,T200762,115/22,5,1993,09/05/2021,11/07/2021,24840,79420,3183,153,22,1,0,7,0,0,0,183,46,21,,
UR-P,KT1A,UR-PKT1A,SIEMENS,T200762,115/22,5,1993,28/03/2022,02/04/2022,37967,66708,1520,159,8,61,0,13,0,0,0,241,46,21,,
UR-P,KT1A,UR-PKT1A,SIEMENS,T200762,115/22,5,1993,01/06/2023,10/06/2023,35860,63953,1648,194,8,2,0,0,10,0,0,214,46,17,,
UT,KT1A,UTKT1A,VOLTA WERKE,60545-001,115/22,25,1993,24/10/2021,12/11/2021,2791,54266,3459,323,24,100,0,15,377,0,95,934,76,11,,
UT,KT1A,UTKT1A,VOLTA WERKE,60545-001,115/22,25,1993,29/10/2022,06/11/2022,12245,67431,2725,198,15,75,0,3,313,13,319,936,,12,,
UT,KT1A,UTKT1A,VOLTA WERKE,60545-001,115/22,25,1993,28/04/2023,07/05/2023,9768,67756,2997,208,8,69,0,9,318,12,211,835,76,7,,
UT,KT1A,UTKT1A,VOLTA WERKE,60545-001,115/22,25,1993,20/04/2024,27/04/2024,11053,71295,3121,215,10,155,0,17,389,12,259,1057,76,9,,
UT,KT2A,UTKT2A,MITSUBISHI,573091,115/22,25,1998,10/10/2019,20/10/2019,3520,68250,3237,105,40,177,0,20,621,36,353,1352,63,19,-,
UT,KT2A,UTKT2A,MITSUBISHI,573091,115/22,25,1998,07/12/2020,11/01/2021,5486,57568,7568,97,48,137,0,9,570,34,310,1205,61,20,,
UT,KT2A,UTKT2A,MITSUBISHI,573091,115/22,25,1998,24/10/2021,12/11/2021,6514,59524,6619,114,30,140,0,28,520,0,110,942,64,19,,
UT,KT2A,UTKT2A,MITSUBISHI,573091,115/22,25,1998,12/11/2021,13/11/2021,5143,74180,8088,343,51,285,0,27,644,0,301,1651,,21,Research,
UT,KT2A,UTKT2A,MITSUBISHI,573091,115/22,25,1998,17/12/2021,20/12/2021,2495,28325,4846,39,11,45,0,3,239,21,192,550,60,20,repeat,
UT,KT2A,UTKT2A,MITSUBISHI,573091,115/22,25,1998,29/10/2022,07/11/2022,1550,63067,2791,44,5,29,0,8,192,5,138,421,,28,,
UT,KT2A,UTKT2A,MITSUBISHI,573091,115/22,25,1998,28/04/2023,07/05/2023,12377,47836,3294,50,9,39,0,7,193,8,150,456,66,20,,
UT,KT2A,UTKT2A,MITSUBISHI,573091,115/22,25,1998,20/04/2024,27/04/2024,11453,48839,3203,88,34,80,0,29,273,8,208,720,66,22,,
UT,KT3A,UTKT3A,ABB,57018,115/22,50,2011,10/10/2019,20/10/2019,8900,58520,1434,684,17,6,0,22,4,0,0,733,44,8,-,
UT,KT3A,UTKT3A,ABB,57018,115/22,50,2011,07/12/2020,11/01/2021,11032,54420,2326,640,27,4,0,3,6,9,3,692,38,10,,
UT,KT3A,UTKT3A,ABB,57018,115/22,50,2011,24/10/2021,12/11/2021,12851,55454,2914,793,10,0,0,16,17,0,0,836,46,12,,
UT,KT3A,UTKT3A,ABB,57018,115/22,50,2011,29/10/2022,06/11/2022,11274,71054,3201,995,8,5,0,9,4,2,3,1026,,8,,
UT,KT3A,UTKT3A,ABB,57018,115/22,50,2011,28/04/2023,07/05/2023,11812,72544,3219,943,5,7,0,14,5,5,7,986,50,10,,
UT,KT3A,UTKT3A,ABB,57018,115/22,50,2011,20/04/2024,27/04/2024,16920,72716,3262,985,7,12,0,29,8,6,19,1066,54,7,,
VRK,KT3A,VRKKT3A,OSAKA,5A1592001,115/22,25,1990,16/10/2021,19/10/2021,15705,61525,2771,223,19,4,0,7,12,31,15,311,,18,ก่อนย้ายเข้าโรงซ่อม เพื่อทำ refurbishment,
VRK,KT3A,VRKKT3A,OSAKA,5A1592001,115/22,25,1990,03/01/2022,04/01/2022,6180,18196,161,26,1,0,0,13,0,6,0,46,,6,น้ำมันที่ใช้ทำเป็นน้ำมันHot oil,
VRK,KT3A,VRKKT3A,OSAKA,5A1592001,115/22,25,1990,21/01/2022,22/01/2022,3070,10660,148,8,0,0,0,0,0,0,0,8,30,8,ก่อนการทดสอบ HV TEST,
VRK,KT3A,VRKKT3A,OSAKA,5A1592001,115/22,25,1990,30/01/2022,04/02/2022,2251,58087,107,16,0,1,0,4,1,0,1,23,30,11,หลังทดสอบ HV LAB,
VRK,KT3A,VRKKT3A,OSAKA,5A1592001,115/22,25,1990,19/05/2023,10/06/2023,6781,20761,223,71,6,7,0,1,3,1,3,92,30,18,ย้ายมาจาก สฟ.นครนายก KT2A .,
VRK,KT3A,VRKKT3A,OSAKA,5A1592001,115/22,25,1990,22/10/2023,01/12/2023,6553,52662,237,108,10,12,0,8,1,2,0,141,,28,ตามผลหลังการใช้งาน3 เดือน,
VRK-P,KT1A,VRK-PKT1A,MITSUBISHI,7212507001,220/115/22,66,1986,26/08/2019,21/09/2019,7694,29165,2010,113,11,6,0,0,0,0,0,130,34,24,-,
VRK-P,KT1A,VRK-PKT1A,MITSUBISHI,7212507001,220/115/22,66,1986,05/06/2020,04/07/2020,2682,27658,2534,125,10,4,0,2,0,3,2,146,34,14,,
VRK-P,KT1A,VRK-PKT1A,MITSUBISHI,7212507001,220/115/22,66,1986,20/10/2020,31/10/2020,4303,27630,1568,132,7,0,0,0,1,3,1,144,35,14,,
VRK-P,KT1A,VRK-PKT1A,MITSUBISHI,7212507001,220/115/22,66,1986,20/04/2021,05/06/2021,3309,33941,1054,64,51,3,0,0,1,0,0,119,39,18,,
VRK-P,KT1A,VRK-PKT1A,MITSUBISHI,7212507001,220/115/22,66,1986,24/02/2022,07/03/2022,9669,33242,1708,101,42,3,0,2,2,4,2,156,37,12,,
VRK-P,KT1A,VRK-PKT1A,MITSUBISHI,7212507001,220/115/22,66,1986,17/11/2022,04/12/2022,5669,30602,1897,117,9,5,0,2,4,4,5,146,38,16,,
VRK-P,KT1A,VRK-PKT1A,MITSUBISHI,7212507001,220/115/22,66,1986,20/05/2023,10/06/2023,6792,32863,2076,136,9,15,0,2,2,2,1,167,40,16,,
VRK-P,KT1A,VRK-PKT1A,MITSUBISHI,7212507001,220/115/22,66,1986,24/11/2023,29/12/2023,7032,30985,2059,129,18,5,0,2,9,3,14,180,30,8,,
VRK-P,KT1A,VRK-PKT1A,MITSUBISHI,7212507001,220/115/22,66,1986,08/04/2024,20/04/2024,12136,42818,2243,130,22,19,0,2,4,4,1,182,0,15,,
VRK-P,KT2A,VRK-PKT2A,OSAKA,5A0178001,115/22,12,1984,26/08/2019,21/09/2019,7281,42910,5482,426,12,21,0,13,51,5,39,567,51,21,-,
VRK-P,KT2A,VRK-PKT2A,OSAKA,5A0178001,115/22,12,1984,05/06/2020,04/07/2020,11431,54618,3136,175,20,25,0,7,24,0,0,251,44,24,,
VRK-P,KT2A,VRK-PKT2A,OSAKA,5A0178001,115/22,12,1984,20/10/2020,31/10/2020,4024,79916,6078,412,9,16,0,8,34,43,56,578,46,31,,
VRK-P,KT2A,VRK-PKT2A,OSAKA,5A0178001,115/22,12,1984,04/04/2021,19/04/2021,5492,60781,2161,177,40,43,0,6,35,74,95,470,30,19,สีผิดปกติ,
VRK-P,KT2A,VRK-PKT2A,OSAKA,5A0178001,115/22,12,1984,20/04/2021,05/06/2021,5410,48222,2192,199,45,9,0,4,17,38,45,357,40,22,,
VRK-P,KT2A,VRK-PKT2A,OSAKA,5A0178001,115/22,12,1984,25/02/2022,07/03/2022,4792,17704,2626,201,40,32,0,56,20,61,19,429,36,11,,
VRK-P,KT2A,VRK-PKT2A,OSAKA,5A0178001,115/22,12,1984,11/05/2023,09/06/2023,6397,39725,2979,379,18,8,0,37,13,3,5,463,55,21,,
VRK-P,KT2A,VRK-PKT2A,OSAKA,5A0178001,115/22,12,1984,08/04/2024,20/04/2024,5021,25072,2681,394,22,10,0,5,5,6,14,456,50,10,,
VRK-P,KT4A,VRK-PKT4A,MITSUBISHI,550269,230/115/22,66,1977,26/08/2019,21/09/2019,6914,36394,6688,216,138,93,0,5,196,0,145,793,40,23,-,
VRK-P,KT4A,VRK-PKT4A,MITSUBISHI,550269,230/115/22,66,1977,05/06/2020,04/07/2020,3897,44654,1845,166,15,83,0,19,166,0,88,537,40,30,,
VRK-P,KT4A,VRK-PKT4A,MITSUBISHI,550269,230/115/22,66,1977,20/10/2020,31/10/2020,5222,52358,1865,180,12,73,0,16,164,31,94,570,42,26,,
VRK-P,KT4A,VRK-PKT4A,MITSUBISHI,550269,230/115/22,66,1977,20/04/2021,05/06/2021,7120,55071,1215,91,50,58,0,7,100,33,76,415,46,26,,
VRK-P,KT4A,VRK-PKT4A,MITSUBISHI,550269,230/115/22,66,1977,24/02/2022,07/03/2022,6629,51042,1853,180,41,41,0,19,178,30,98,587,44,23,,
VRK-P,KT4A,VRK-PKT4A,MITSUBISHI,550269,230/115/22,66,1977,17/11/2022,04/12/2022,5291,54379,1953,197,49,106,0,23,213,35,132,755,45,14,,
VRK-P,KT4A,VRK-PKT4A,MITSUBISHI,550269,230/115/22,66,1977,20/05/2023,09/06/2023,5264,44810,2037,203,13,87,0,21,190,26,60,600,45,18,,
VRK-P,KT4A,VRK-PKT4A,MITSUBISHI,550269,230/115/22,66,1977,24/11/2023,29/12/2023,3381,55121,2345,226,44,103,0,27,242,40,118,800,46,19,,
VRK-P,KT4A,VRK-PKT4A,MITSUBISHI,550269,230/115/22,66,1977,08/04/2024,20/04/2024,4543,65699,2350,231,35,96,0,21,283,35,121,822,47,28,,
WN,KT1AA,WNKT1AA,GEC ALSTHOM,217841-04,525/242,250,2011,16/06/2019,23/06/2019,7245,41527,3038,624,10,33,0,36,22,0,0,725,60,18,-,
WN,KT1AA,WNKT1AA,GEC ALSTHOM,217841-04,525/242,250,2011,07/12/2019,09/01/2020,18725,74894,2304,453,30,14,0,4,10,0,3,514,40,14,,
WN,KT1AA,WNKT1AA,GEC ALSTHOM,217841-04,525/242,250,2011,10/04/2020,15/05/2020,11662,52093,2911,715,12,24,0,14,11,0,0,776,57,16,,
WN,KT1AA,WNKT1AA,GEC ALSTHOM,217841-04,525/242,250,2011,03/10/2020,31/10/2020,197077,58509,2243,493,8,6,0,8,7,15,0,537,53,19,,
WN,KT1AA,WNKT1AA,GEC ALSTHOM,217841-04,525/242,250,2011,26/10/2020,16/11/2020,13358,54103,3522,750,16,27,0,15,48,0,0,856,57,10,,
WN,KT1AA,WNKT1AA,GEC ALSTHOM,217841-04,525/242,250,2011,10/02/2021,26/03/2021,14000,55000,3600,756,95,0,0,0,3,0,0,854,51,26,,
WN,KT1AA,WNKT1AA,GEC ALSTHOM,217841-04,525/242,250,2011,26/03/2021,03/05/2021,6682,46627,3412,678,33,64,0,4,8,0,1,788,57,15,,
WN,KT1AA,WNKT1AA,GEC ALSTHOM,217841-04,525/242,250,2011,17/09/2021,11/11/2021,10795,40123,3124,737,11,20,0,12,15,0,0,795,57,14,,
WN,KT1AA,WNKT1AA,GEC ALSTHOM,217841-04,525/242,250,2011,24/01/2022,29/01/2022,5491,39612,3623,840,8,26,0,14,15,0,0,903,45,9,,
WN,KT1AA,WNKT1AA,GEC ALSTHOM,217841-04,525/242,250,2011,20/05/2022,10/06/2022,28347,66101,3698,876,8,29,0,14,19,0,0,946,48,27,,
WN,KT1AA,WNKT1AA,GEC ALSTHOM,217841-04,525/242,250,2011,10/07/2022,30/07/2022,15014,63792,3754,892,5,31,0,10,12,20,1,971,50,16,,
WN,KT1AA,WNKT1AA,GEC ALSTHOM,217841-04,525/242,250,2011,16/02/2023,26/02/2023,8687,49583,3964,933,14,78,0,47,29,0,0,1101,63,12,,
WN,KT1AA,WNKT1AA,GEC ALSTHOM,217841-04,525/242,250,2011,27/05/2023,05/06/2023,16638,67206,3856,912,11,29,0,15,20,3,7,997,53,13,,
WN,KT1AA,WNKT1AA,GEC ALSTHOM,217841-04,525/242,250,2011,29/09/2023,11/10/2023,13206,36759,3935,932,4,86,0,34,21,68,6,1151,57,9,,
WN,KT1AA,WNKT1AA,GEC ALSTHOM,217841-04,525/242,250,2011,24/03/2024,21/04/2024,4551,55140,3987,920,42,126,0,174,49,99,11,1421,54,12,,
WN,KT1AB,WNKT1AB,GEC ALSTHOM,217841-02,525/242,250,2011,16/06/2019,23/06/2019,10050,40853,2246,574,36,0,0,0,5,0,0,615,60,25,-,
WN,KT1AB,WNKT1AB,GEC ALSTHOM,217841-02,525/242,250,2011,07/12/2019,09/01/2020,13282,64094,2643,736,53,5,0,0,3,0,8,805,40,24,,
WN,KT1AB,WNKT1AB,GEC ALSTHOM,217841-02,525/242,250,2011,10/04/2020,29/05/2020,24989,70400,2601,560,12,0,0,0,5,0,0,577,57,17,,
WN,KT1AB,WNKT1AB,GEC ALSTHOM,217841-02,525/242,250,2011,03/10/2020,27/10/2020,4705,39205,2889,727,7,0,0,0,4,2,2,742,54,13,,
WN,KT1AB,WNKT1AB,GEC ALSTHOM,217841-02,525/242,250,2011,26/10/2020,16/11/2020,13970,55235,2855,682,14,0,0,0,0,0,0,696,58,16,,
WN,KT1AB,WNKT1AB,GEC ALSTHOM,217841-02,525/242,250,2011,10/01/2021,21/03/2021,10740,60000,3000,650,36,5,0,0,2,0,0,693,53,17,,
WN,KT1AB,WNKT1AB,GEC ALSTHOM,217841-02,525/242,250,2011,26/03/2021,03/05/2021,6563,42135,2814,655,39,8,0,0,4,0,2,708,57,16,,
WN,KT1AB,WNKT1AB,GEC ALSTHOM,217841-02,525/242,250,2011,17/09/2021,11/11/2021,9157,47223,3493,165,28,4,0,7,5,10,2,221,57,12,,
WN,KT1AB,WNKT1AB,GEC ALSTHOM,217841-02,525/242,250,2011,24/01/2022,29/01/2022,7591,41161,3483,763,12,8,0,0,10,0,0,793,44,16,,
WN,KT1AB,WNKT1AB,GEC ALSTHOM,217841-02,525/242,250,2011,20/05/2022,10/06/2022,28293,74193,3880,745,11,2,0,7,8,0,0,773,48,30,,
WN,KT1AB,WNKT1AB,GEC ALSTHOM,217841-02,525/242,250,2011,10/07/2022,30/07/2022,8793,52701,3909,783,8,9,0,1,4,7,1,813,47,15,,
WN,KT1AB,WNKT1AB,GEC ALSTHOM,217841-02,525/242,250,2011,16/02/2023,26/02/2023,10479,45259,3494,710,10,18,0,7,7,0,0,752,66,11,,
WN,KT1AB,WNKT1AB,GEC ALSTHOM,217841-02,525/242,250,2011,27/05/2023,04/06/2023,6283,38529,3542,751,8,15,0,7,6,5,1,793,53,9,,
WN,KT1AB,WNKT1AB,GEC ALSTHOM,217841-02,525/242,250,2011,29/09/2023,14/10/2023,7466,53972,3636,775,1,40,0,2,2,20,2,842,58,9,,
WN,KT1AB,WNKT1AB,GEC ALSTHOM,217841-02,525/242,250,2011,29/03/2024,21/04/2024,7512,32551,3310,822,9,15,0,0,0,0,0,846,54,10,,
WN,KT1AC,WNKT1AC,GEC ALSTHOM,217841-05,525/242,250,2011,16/06/2019,23/06/2019,9255,46779,2099,689,7,0,0,0,8,0,0,704,60,23,-,
WN,KT1AC,WNKT1AC,GEC ALSTHOM,217841-05,525/242,250,2011,07/12/2019,09/01/2020,7286,50840,2991,1144,19,7,0,0,4,0,4,1178,40,14,,
WN,KT1AC,WNKT1AC,GEC ALSTHOM,217841-05,525/242,250,2011,10/04/2020,15/05/2020,23366,58943,2203,478,9,0,0,0,0,0,0,487,58,17,,
WN,KT1AC,WNKT1AC,GEC ALSTHOM,217841-05,525/242,250,2011,03/10/2020,31/10/2020,16215,55836,2372,612,2,0,0,0,3,2,1,620,53,14,,
WN,KT1AC,WNKT1AC,GEC ALSTHOM,217841-05,525/242,250,2011,26/10/2020,16/11/2020,23816,68606,3207,573,9,0,0,0,43,0,0,625,58,12,,
WN,KT1AC,WNKT1AC,GEC ALSTHOM,217841-05,525/242,250,2011,10/01/2021,23/03/2021,5940,58140,3300,600,20,0,0,0,10,0,0,630,52,15,,
WN,KT1AC,WNKT1AC,GEC ALSTHOM,217841-05,525/242,250,2011,26/03/2021,03/05/2021,17682,47314,2958,563,31,8,0,0,3,0,0,605,57,7,,
WN,KT1AC,WNKT1AC,GEC ALSTHOM,217841-05,525/242,250,2011,17/09/2021,11/11/2021,13992,50804,2831,761,9,7,0,0,5,0,0,782,57,14,,
WN,KT1AC,WNKT1AC,GEC ALSTHOM,217841-05,525/242,250,2011,24/01/2022,29/01/2022,9810,65240,3215,683,4,5,0,0,3,95,95,885,43,10,,
WN,KT1AC,WNKT1AC,GEC ALSTHOM,217841-05,525/242,250,2011,20/05/2022,09/06/2022,4270,61806,3592,988,5,5,0,0,4,1,0,1003,48,18,,
WN,KT1AC,WNKT1AC,GEC ALSTHOM,217841-05,525/242,250,2011,10/07/2022,30/07/2022,13402,62539,3815,996,3,5,0,0,3,5,2,1014,49,17,,
WN,KT1AC,WNKT1AC,GEC ALSTHOM,217841-05,525/242,250,2011,16/02/2023,26/02/2023,21676,53122,3236,813,4,10,0,0,5,0,0,832,64,8,,
WN,KT1AC,WNKT1AC,GEC ALSTHOM,217841-05,525/242,250,2011,27/05/2023,03/06/2023,7541,47593,3491,841,2,8,0,0,3,0,1,855,52,8,,
WN,KT1AC,WNKT1AC,GEC ALSTHOM,217841-05,525/242,250,2011,29/09/2023,14/10/2023,6525,52163,3603,862,1,37,0,0,2,0,4,906,58,7,,
WN,KT1AC,WNKT1AC,GEC ALSTHOM,217841-05,525/242,250,2011,29/03/2024,21/04/2024,8919,39429,3218,918,10,11,0,0,0,0,0,939,54,12,,
WN,KT2AA,WNKT2AA,GEC ALSTHOM,217841-03,525/242,250,2011,16/06/2019,23/06/2019,6935,36395,2185,525,28,203,0,243,87,240,6,1332,56,15,-,
WN,KT2AA,WNKT2AA,GEC ALSTHOM,217841-03,525/242,250,2011,05/08/2019,23/08/2019,9671,46980,1886,619,19,196,0,266,48,164,0,1312,50,10,-,
WN,KT2AA,WNKT2AA,GEC ALSTHOM,217841-03,525/242,250,2011,07/12/2019,09/01/2020,17738,83475,2077,759,41,249,0,366,66,0,27,1508,38,14,,
WN,KT2AA,WNKT2AA,GEC ALSTHOM,217841-03,525/242,250,2011,10/04/2020,15/05/2020,12186,43363,2047,560,14,166,0,219,50,105,0,1114,54,16,,
WN,KT2AA,WNKT2AA,GEC ALSTHOM,217841-03,525/242,250,2011,03/10/2020,27/10/2020,6573,40985,2503,743,12,199,0,266,50,175,0,1445,55,19,,
WN,KT2AA,WNKT2AA,GEC ALSTHOM,217841-03,525/242,250,2011,26/10/2020,16/11/2020,18228,58246,2600,602,17,189,0,254,89,112,0,1263,53,11,,
WN,KT2AA,WNKT2AA,GEC ALSTHOM,217841-03,525/242,250,2011,26/03/2021,03/05/2021,5613,45438,1364,375,47,270,0,316,68,225,29,1330,60,21,,
WN,KT2AA,WNKT2AA,GEC ALSTHOM,217841-03,525/242,250,2011,18/04/2021,11/05/2021,26489,76850,481,281,13,239,0,366,71,231,0,1201,64,13,,
WN,KT2AA,WNKT2AA,GEC ALSTHOM,217841-03,525/242,250,2011,17/09/2021,11/11/2021,10326,53954,3472,513,28,307,0,285,59,195,21,1408,60,16,,
WN,KT2AA,WNKT2AA,GEC ALSTHOM,217841-03,525/242,250,2011,24/01/2022,29/01/2022,7028,46270,3734,682,20,244,0,298,118,172,15,1549,52,16,,
WN,KT2AA,WNKT2AA,GEC ALSTHOM,217841-03,525/242,250,2011,20/05/2022,10/06/2022,10049,41610,3081,777,10,171,0,243,81,112,76,1470,50,16,,
WN,KT2AA,WNKT2AA,GEC ALSTHOM,217841-03,525/242,250,2011,10/07/2022,31/07/2022,12883,62674,3255,786,11,179,0,255,54,213,19,1517,54,18,,
WN,KT2AA,WNKT2AA,GEC ALSTHOM,217841-03,525/242,250,2011,16/02/2023,26/02/2023,19535,62494,3882,865,6,227,0,278,67,222,25,1690,65,19,,
WN,KT2AA,WNKT2AA,GEC ALSTHOM,217841-03,525/242,250,2011,27/05/2023,03/06/2023,7202,46026,3575,790,4,182,0,237,52,208,15,1488,56,18,,
WN,KT2AA,WNKT2AA,GEC ALSTHOM,217841-03,525/242,250,2011,29/09/2023,14/10/2023,5650,49035,2559,561,1,120,0,114,34,154,14,998,50,11,,
WN,KT2AA,WNKT2AA,GEC ALSTHOM,217841-03,525/242,250,2011,29/03/2024,21/04/2024,6119,49887,3103,839,26,261,0,457,75,227,21,1906,57,13,,
WN,KT2AB,WNKT2AB,GEC ALSTHOM,217841-01,525/242,250,2011,16/06/2019,23/06/2019,6206,37949,2387,620,21,0,0,0,5,0,0,646,56,15,-,
WN,KT2AB,WNKT2AB,GEC ALSTHOM,217841-01,525/242,250,2011,07/12/2019,09/01/2020,12208,82383,2502,744,132,5,0,0,4,0,14,899,38,27,,
WN,KT2AB,WNKT2AB,GEC ALSTHOM,217841-01,525/242,250,2011,10/04/2020,29/05/2020,11407,36363,2347,665,11,0,0,0,8,0,0,684,6,6,,
WN,KT2AB,WNKT2AB,GEC ALSTHOM,217841-01,525/242,250,2011,03/10/2020,31/10/2020,15400,59195,2192,566,3,0,0,0,3,3,1,576,55,14,,
WN,KT2AB,WNKT2AB,GEC ALSTHOM,217841-01,525/242,250,2011,26/10/2020,16/11/2020,18169,54864,2914,624,21,0,0,0,45,0,0,690,54,16,,
WN,KT2AB,WNKT2AB,GEC ALSTHOM,217841-01,525/242,250,2011,10/01/2021,26/03/2021,19520,98210,0,0,54,0,0,0,0,0,0,0,,,,
WN,KT2AB,WNKT2AB,GEC ALSTHOM,217841-01,525/242,250,2011,26/03/2021,03/05/2021,3458,45759,2637,543,48,13,0,0,6,0,4,614,61,18,,
WN,KT2AB,WNKT2AB,GEC ALSTHOM,217841-01,525/242,250,2011,16/07/2021,08/10/2021,8605,42892,2525,120,7,0,0,0,0,0,0,127,56,17,,
WN,KT2AB,WNKT2AB,GEC ALSTHOM,217841-01,525/242,250,2011,17/09/2021,11/11/2021,10102,51107,3417,892,13,0,0,0,14,0,0,919,60,12,,
WN,KT2AB,WNKT2AB,GEC ALSTHOM,217841-01,525/242,250,2011,24/01/2022,29/01/2022,25270,78000,2178,588,19,3,0,0,2,4,5,621,54,10,,
WN,KT2AB,WNKT2AB,GEC ALSTHOM,217841-01,525/242,250,2011,20/05/2022,10/06/2022,16785,64835,3256,815,17,4,0,1,10,0,5,842,53,15,,
WN,KT2AB,WNKT2AB,GEC ALSTHOM,217841-01,525/242,250,2011,10/07/2022,30/07/2022,11365,60987,3413,849,18,5,0,0,4,0,3,879,56,18,,
WN,KT2AB,WNKT2AB,GEC ALSTHOM,217841-01,525/242,250,2011,16/02/2023,26/02/2023,14177,54538,3724,970,20,13,0,5,9,0,0,1017,66,8,,
WN,KT2AB,WNKT2AB,GEC ALSTHOM,217841-01,525/242,250,2011,27/05/2023,05/06/2023,16493,63332,3367,854,12,15,0,1,4,5,4,895,56,9,,
WN,KT2AB,WNKT2AB,GEC ALSTHOM,217841-01,525/242,250,2011,29/09/2023,14/10/2023,16037,50492,2613,653,1,40,0,0,3,2,2,701,52,8,,
WN,KT2AB,WNKT2AB,GEC ALSTHOM,217841-01,525/242,250,2011,29/03/2024,21/04/2024,6744,54621,2696,899,10,32,0,5,8,11,3,968,60,10,,
WN,KT2AC,WNKT2AC,GEC ALSTHOM,217841-06,525/242,250,2011,16/06/2019,23/06/2019,10770,50072,2084,599,18,0,0,0,7,0,0,624,56,22,-,
WN,KT2AC,WNKT2AC,GEC ALSTHOM,217841-06,525/242,250,2011,07/12/2019,09/01/2020,13486,80724,2506,880,267,6,0,0,4,0,8,1165,40,25,,
WN,KT2AC,WNKT2AC,GEC ALSTHOM,217841-06,525/242,250,2011,10/04/2020,15/05/2020,12493,48073,2059,672,21,0,0,0,5,0,0,698,54,16,,
WN,KT2AC,WNKT2AC,GEC ALSTHOM,217841-06,525/242,250,2011,03/10/2020,30/10/2020,2774,39907,2497,871,5,0,0,0,4,4,1,885,56,15,,
WN,KT2AC,WNKT2AC,GEC ALSTHOM,217841-06,525/242,250,2011,26/10/2020,16/11/2020,17439,58413,2648,717,21,0,0,0,50,0,0,788,56,11,,
WN,KT2AC,WNKT2AC,GEC ALSTHOM,217841-06,525/242,250,2011,26/03/2021,03/05/2021,3869,44947,1280,444,35,11,0,0,6,0,4,500,62,14,,
WN,KT2AC,WNKT2AC,GEC ALSTHOM,217841-06,525/242,250,2011,18/04/2021,11/05/2021,37109,89016,487,211,7,0,0,2.5,7,7,2,236.5,65,11,,
WN,KT2AC,WNKT2AC,GEC ALSTHOM,217841-06,525/242,250,2011,17/09/2021,11/11/2021,7006,38841,3371,906,8,9,0,0,11,0,0,934,60,10,,
WN,KT2AC,WNKT2AC,GEC ALSTHOM,217841-06,525/242,250,2011,24/01/2022,29/01/2022,14139,46767,4283,908,35,70,0,5,182,0,12,1212,54,7,,
WN,KT2AC,WNKT2AC,GEC ALSTHOM,217841-06,525/242,250,2011,20/05/2022,09/06/2022,14311,73620,4128,1087,34,65,0,0,8,0,4,1198,53,11,,
WN,KT2AC,WNKT2AC,GEC ALSTHOM,217841-06,525/242,250,2011,10/07/2022,30/07/2022,18453,79924,4316,1063,7,6,0,0,5,0,1,1082,55,15,,
WN,KT2AC,WNKT2AC,GEC ALSTHOM,217841-06,525/242,250,2011,16/02/2023,26/02/2023,8794,43100,3838,922,7,15,0,0,9,0,0,953,65,9,,
WN,KT2AC,WNKT2AC,GEC ALSTHOM,217841-06,525/242,250,2011,27/05/2023,03/06/2023,5068,74072,3779,989,4,11,0,0,6,0,3,1013,57,11,,
WN,KT2AC,WNKT2AC,GEC ALSTHOM,217841-06,525/242,250,2011,29/09/2023,11/10/2023,11612,63524,3149,821,3,48,0,1,4,27,4,908,50,9,,
WN,KT2AC,WNKT2AC,GEC ALSTHOM,217841-06,525/242,250,2011,29/03/2024,21/04/2024,6695,49754,3147,939,5,19,0,0,11,2,4,980,60,11,,
WNK,KT1A,WNKKT1A,MITSUBISHI,574415,115/22,25,2000,22/02/2020,10/04/2020,13455,70836,3786,66,9,142,0,24,385,0,126,752,54,10,,
WNK,KT1A,WNKKT1A,MITSUBISHI,574415,115/22,25,2000,10/01/2021,26/03/2021,26530,484230,0,192,96,0,0,0,80,67,2,437,51,26,,
WNK,KT1A,WNKKT1A,MITSUBISHI,574415,115/22,25,2000,14/02/2022,20/02/2022,7076,59277,2896,100,10,105,0,18,467,193,37,930,26,10,,
WNK,KT1A,WNKKT1A,MITSUBISHI,574415,115/22,25,2000,14/08/2022,03/09/2022,6373,73210,2862,112,3,123,0,17,523,0,266,1044,,21,,
WNK,KT1A,WNKKT1A,MITSUBISHI,574415,115/22,25,2000,16/03/2023,25/03/2023,17365,63316,4321,83,11,109,0,12,514,0,201,930,58,15,,
WNK,KT1A,WNKKT1A,MITSUBISHI,574415,115/22,25,2000,24/06/2024,29/06/2024,2153,62074,7991,132,128,159,0,64,694,14,272,1463,0,16,,
WNK,KT2A,WNKKT2A,MITSUBISHI,573080,115/22,25,1997,23/01/2020,23/01/2020,3144,21185,3317,113,16,26,0,177,260,0,18,610,,11,research,
WNK,KT2A,WNKKT2A,MITSUBISHI,573080,115/22,25,1997,22/02/2020,10/04/2020,13209,69775,1543,58,11,12,0,6,46,0,6,139,48,15,,
WNK,KT2A,WNKKT2A,MITSUBISHI,573080,115/22,25,1997,29/11/2021,03/12/2021,16334,22523,4730,90,24,37,0,0,83,8,50,292,55,13,repeat,
WNK,KT2A,WNKKT2A,MITSUBISHI,573080,115/22,25,1997,14/02/2022,20/02/2022,21597,54307,2930,70,16,21,0,3,94,41,6,251,59,14,,
WNK,KT2A,WNKKT2A,MITSUBISHI,573080,115/22,25,1997,14/08/2022,03/09/2022,12191,38587,3127,113,9,46,0,2,108,0,57,335,66,20,,
WNK,KT2A,WNKKT2A,MITSUBISHI,573080,115/22,25,1997,16/03/2023,25/03/2023,18736,38680,3054,115,15,32,0,2,104,0,40,308,40,10,,
WNK,KT2A,WNKKT2A,MITSUBISHI,573080,115/22,25,1997,24/06/2024,28/06/2024,8630,25590,3088,170,17,92,0,16,187,15,107,604,36,14,,
YL1,KT1A,YL1KT1A,FUJI,69001T21-2,115/33/11,25,1998,02/09/2019,18/10/2019,8884,54613,567,54,17,37,0,11,126,14,81,340,44,24,-,
YL1,KT1A,YL1KT1A,FUJI,69001T21-2,115/33/11,25,1998,26/07/2020,24/08/2020,6652,50412,772,52,36,39,0,1,109,2,69,308,57,12,,
YL1,KT1A,YL1KT1A,FUJI,69001T21-2,115/33/11,25,1998,12/07/2021,04/11/2021,13606,41795,973,86,12,36,0,7,136,0,18,295,53,28,,
YL1,KT1A,YL1KT1A,FUJI,69001T21-2,115/33/11,25,1998,15/07/2022,24/07/2022,6066,41651,1312,93,14,31,0,6,173,0,43,360,54,15,,
YL1,KT1A,YL1KT1A,FUJI,69001T21-2,115/33/11,25,1998,14/07/2023,04/12/2023,6005,50641,1488,134,30,62,0,7,197,8,80,518,52,12,,
YL1,KT2A,YL1KT2A,FUJI,AG69095T321,115/33/11,25,1997,06/04/2019,26/08/2019,15510,44729,1227,105,13,35,0,9,128,0,69,359,50,26,-,
YL1,KT2A,YL1KT2A,FUJI,AG69095T321,115/33/11,25,1997,02/09/2019,18/10/2019,6714,61982,1187,96,28,56,0,22,186,22,97,507,48,28,-,
YL1,KT2A,YL1KT2A,FUJI,AG69095T321,115/33/11,25,1997,26/07/2020,24/08/2020,6682,51582,1754,74,33,55,0,6,187,1,109,465,49,14,,
YL1,KT2A,YL1KT2A,FUJI,AG69095T321,115/33/11,25,1997,12/07/2021,04/11/2021,14716,56806,1468,110,69,60,0,11,213,0,30,493,44,20,,
YL1,KT2A,YL1KT2A,FUJI,AG69095T321,115/33/11,25,1997,15/07/2022,24/07/2022,8877,53738,1970,121,77,41,0,15,237,0,59,550,44,16,,
YL1,KT2A,YL1KT2A,FUJI,AG69095T321,115/33/11,25,1997,14/07/2023,04/12/2023,12449,74398,2161,135,16,78,0,16,269,10,96,620,39,10,,
YL1,KT3A,YL1KT3A,VOLTA WERKE,60494002,115/33/11,25,1993,06/04/2019,26/08/2019,9211,46333,1184,157,20,35,0,5,79,0,51,347,52,24,-,
YL1,KT3A,YL1KT3A,VOLTA WERKE,60494002,115/33/11,25,1993,02/09/2019,18/10/2019,3694,50164,981,155,38,45,0,0,100,0,72,410,48,17,-,
YL1,KT3A,YL1KT3A,VOLTA WERKE,60494002,115/33/11,25,1993,26/07/2020,24/08/2020,5403,51157,1253,127,23,21,0,1,79,0,68,319,50,12,,
YL1,KT3A,YL1KT3A,VOLTA WERKE,60494002,115/33/11,25,1993,12/07/2021,04/11/2021,8028,54589,1065,152,16,23,0,0,43,0,0,234,42,30,,
YL1,KT3A,YL1KT3A,VOLTA WERKE,60494002,115/33/11,25,1993,15/07/2022,24/07/2022,2650,78060,2019,162,61,44,0,2,64,17,54,404,45,24,,
YL1,KT3A,YL1KT3A,VOLTA WERKE,60494002,115/33/11,25,1993,14/07/2023,04/12/2023,3390,75399,2251,200,46,29,0,6,40,9,31,361,40,22,,
YL2,KT1A,YL2KT1A,MITSUBISHI,9711291101,230/121/33,200,1993,06/04/2019,05/07/2019,12065,46490,995,250,2,3,0,0,2,0,2,259,52,24,-,
YL2,KT1A,YL2KT1A,MITSUBISHI,9711291101,230/121/33,200,1993,06/09/2019,18/10/2019,17064,56054,812,227,20,18,0,1,12,0,5,283,52,16,-,
YL2,KT1A,YL2KT1A,MITSUBISHI,9711291101,230/121/33,200,1993,01/03/2020,15/05/2020,15401,49540,1305,268,5,0,0,0,0,0,0,273,55,28,,
YL2,KT1A,YL2KT1A,MITSUBISHI,9711291101,230/121/33,200,1993,25/07/2020,24/08/2020,7885,37863,1630,363,7,0,0,0,10,0,0,380,50,13,,
YL2,KT1A,YL2KT1A,MITSUBISHI,9711291101,230/121/33,200,1993,12/07/2021,05/11/2021,15911,43488,1316,271,6,0,0,0,20,0,0,297,49,28,,
YL2,KT1A,YL2KT1A,MITSUBISHI,9711291101,230/121/33,200,1993,15/01/2022,14/02/2022,8001,42420,1851,417,7,0,0,0,20,0,0,444,52,13,,
YL2,KT1A,YL2KT1A,MITSUBISHI,9711291101,230/121/33,200,1993,15/08/2022,24/07/2022,6400,54940,2506,473,3,5,0,0,3,0,2,486,48,12,,
YL2,KT1A,YL2KT1A,MITSUBISHI,9711291101,230/121/33,200,1993,15/01/2023,11/03/2023,6752,41749,2620,529,7,9,0,2,4,0,0,551,45,12,,
YL2,KT1A,YL2KT1A,MITSUBISHI,9711291101,230/121/33,200,1993,16/07/2023,18/11/2023,20784,35642,3027,483,5,9,0,0,3,0,2,502,0,24,,
YL2,KT1A,YL2KT1A,MITSUBISHI,9711291101,230/121/33,200,1993,12/01/2024,09/04/2024,11326,62221,2290,457,3,11,0,0,3,2,2,478,46,19,,
YL2,KT2A,YL2KT2A,MITSUBISHI,9711291102,230/121/33,200,1993,06/04/2019,30/06/2019,9586,40542,1307,342,2,6,0,0,1,0,0,351,57,25,-,
YL2,KT2A,YL2KT2A,MITSUBISHI,9711291102,230/121/33,200,1993,06/09/2019,19/10/2019,8886,38335,1404,235,2,0,0,0,0,0,0,237,54,24,-,
YL2,KT2A,YL2KT2A,MITSUBISHI,9711291102,230/121/33,200,1993,27/01/2020,15/05/2020,12189,44560,1340,211,1,1,0,1,0,1,0,215,51,27,,
YL2,KT2A,YL2KT2A,MITSUBISHI,9711291102,230/121/33,200,1993,25/07/2020,24/08/2020,14280,42160,1621,334,7,0,0,0,11,0,0,352,50,16,,
YL2,KT2A,YL2KT2A,MITSUBISHI,9711291102,230/121/33,200,1993,12/07/2021,11/04/2021,18151,45568,1440,295,11,0,0,0,18,0,0,324,50,18,,
YL2,KT2A,YL2KT2A,MITSUBISHI,9711291102,230/121/33,200,1993,10/01/2022,14/02/2022,5817,40466,1904,451,6,0,0,0,6,0,0,463,54,15,,
YL2,KT2A,YL2KT2A,MITSUBISHI,9711291102,230/121/33,200,1993,15/07/2022,24/07/2022,6541,45289,2300,516,10,2,0,0,8,0,0,536,50,9,,
YL2,KT2A,YL2KT2A,MITSUBISHI,9711291102,230/121/33,200,1993,15/01/2023,11/03/2023,12954,43531,2580,581,5,7,0,0,4,0,0,597,45,16,,
YL2,KT2A,YL2KT2A,MITSUBISHI,9711291102,230/121/33,200,1993,16/07/2023,18/11/2023,14996,33428,2936,438,8,11,0,0,2,0,1,460,49,13,,
YL2,KT2A,YL2KT2A,MITSUBISHI,9711291102,230/121/33,200,1993,12/01/2024,09/04/2024,7134,39475,1958,515,10,9,0,0,3,0,1,538,46,18,,
YT,KT1A,YTKT1A,ABB,56037,115/22,50,2011,11/03/2019,26/04/2019,8162,40386,1502,331,26,6,0,18,0,0,0,381,47,16,-,
YT,KT1A,YTKT1A,ABB,56037,115/22,50,2011,10/03/2020,27/03/2020,19357,74192,1528,336,9,2,0,68,1,7,1,424,41,12,,
YT,KT1A,YTKT1A,ABB,56037,115/22,50,2011,27/01/2021,20/04/2021,7423,55530,1595,303,29,1,0,49,1,1,1,385,45,23,,
YT,KT1A,YTKT1A,ABB,56037,115/22,50,2011,15/02/2022,31/03/2022,30157,62456,2017,346,15,0,0,32,0,0,0,393,37,21,,
YT,KT1A,YTKT1A,ABB,56037,115/22,50,2011,15/02/2023,09/03/2023,29059,81994,2187,772,5,5,0,46,8,28,1,865,45,8,,
YT,KT1A,YTKT1A,ABB,56037,115/22,50,2011,13/02/2024,18/03/2024,19853,61293,2694,908,17,8,0,49,11,12,5,1010,45,13,,
YT,KT2A,YTKT2A,ABB,56038,115/22,50,2011,23/01/2020,24/01/2020,15165,53115,2191,564,5,5,0,0,2,0,0,576,,,หม้อแปลง Trip ด้วย Overcurrent Relay ด้าน LV. (เนื่องจาก Cable ของ PEA.ระเบิด),
YT,KT2A,YTKT2A,ABB,56038,115/22,50,2011,10/03/2020,25/03/2020,15859,51921,2248,582,10,3,0,0,0,0,0,595,40,13,,
YT,KT2A,YTKT2A,ABB,56038,115/22,50,2011,27/01/2021,25/04/2021,19364,54010,2278,600,13,0,0,8,36,0,0,657,44,17,,
YT,KT2A,YTKT2A,ABB,56038,115/22,50,2011,28/04/2022,20/05/2022,22482,51000,2772,596,5,1,0,9,11,4,2,628,46,11,,
YT,KT2A,YTKT2A,ABB,56038,115/22,50,2011,15/02/2023,07/03/2023,24373,71940,3302,852,2,5,0,4,2,2,2,869,46,6,,
YT,KT2A,YTKT2A,ABB,56038,115/22,50,2011,13/02/2024,18/03/2024,13696,54901,4510,595,10,5,0,4,1,6,1,622,46,15,,
YT,KT3A,YTKT3A,ABB,504006,230,200,2018,07/07/2019,08/07/2019,8231,37288,126,2,0,0,0,0,0,0,0,2,-,26,Purify Oil Before Filling in the Transformer,
YT,KT3A,YTKT3A,ABB,504006,230,200,2018,10/03/2020,25/03/2020,4298,33187,225,38,250,602,0,486,170,375,40,1961,61,6,,
YT,KT3A,YTKT3A,ABB,504006,230,200,2018,23/09/2020,29/09/2020,9367,25977,202,20,11,26,0,75,70,0,0,202,35,8,ติดตามผลหลังตรวจภายใน,
YT,KT3A,YTKT3A,ABB,504006,230,200,2018,29/09/2020,04/10/2020,13302,26431,231,5,8,26,0,75,73,0,0,183,42,21,หลังจาก Inspect ภายใน แล้วนำเข้าใช้งาน 1 อาทิตย์,
YT,KT3A,YTKT3A,ABB,504006,230,200,2018,26/01/2021,23/04/2021,7499,37932,375,62,15,27,0,71,30,123,14,342,,22,,
YT,KT3A,YTKT3A,ABB,504006,230,200,2018,05/09/2021,06/11/2021,14442,33089,889,182,22,36,0,79,41,156,0,516,54,19,,
YT,KT3A,YTKT3A,ABB,504006,230,200,2018,15/02/2022,26/03/2022,13048,41725,1047,125,10,31,0,69,27,111,12,385,48,14,,
YT,KT3A,YTKT3A,ABB,504006,230,200,2018,29/07/2022,19/08/2022,2852,40476,1376,324,5,56,0,97,40,134,17,673,58,13,,
YT,KT3A,YTKT3A,ABB,504006,230,200,2018,14/02/2023,05/03/2023,13280,32164,1622,254,12,51,0,90,41,123,4,575,62,6,,
YT,KT3A,YTKT3A,ABB,504006,230,200,2018,07/08/2023,08/09/2023,6610,26800,2732,441,14,60,0,98,34,110,13,770,58,9,,
YT,KT3A,YTKT3A,ABB,504006,230,200,2018,10/04/2024,22/04/2024,9820,42941,1805,506,16,70,0,131,51,139,12,925,65,11,,
YT,KT4A,YTKT4A,MITSUBISHI,9711290101,230/121/22,200,2012,09/03/2019,27/04/2019,8336,42822,2096,311,7,0,0,0,0,0,0,318,60,16,-,
YT,KT4A,YTKT4A,MITSUBISHI,9711290101,230/121/22,200,2012,01/09/2019,28/09/2019,5224,41912,2062,408,8,8,0,0,3,0,0,427,48,14,-,
YT,KT4A,YTKT4A,MITSUBISHI,9711290101,230/121/22,200,2012,09/03/2020,24/03/2020,9473,52014,2108,416,7,7,0,0,3,0,0,433,53,8,,
YT,KT4A,YTKT4A,MITSUBISHI,9711290101,230/121/22,200,2012,14/07/2020,22/08/2020,13548,53997,1917,264,4,7,0,0,3,1,2,281,50,14,,
YT,KT4A,YTKT4A,MITSUBISHI,9711290101,230/121/22,200,2012,24/11/2020,29/11/2020,5059,10440,134,0,4,0,0,0,0,0,0,4,32,14,ย้ายมาจาก RE-KT5A  หลังจากทดสอบทางไฟฟ้าก่อนนำเข้าใช้งาน,
YT,KT4A,YTKT4A,MITSUBISHI,9711290101,230/121/22,200,2012,24/01/2021,23/04/2021,6268,45488,2045,401,16,1,0,0,0,1,1,420,43,29,,
YT,KT4A,YTKT4A,MITSUBISHI,9711290101,230/121/22,200,2012,05/09/2021,06/11/2021,10836,23810,1403,124,10,0,0,0,0,0,0,134,50,15,,
YT,KT4A,YTKT4A,MITSUBISHI,9711290101,230/121/22,200,2012,15/02/2022,31/03/2022,9471,22560,1939,142,6,0,0,0,5,0,0,153,46,12,,
YT,KT4A,YTKT4A,MITSUBISHI,9711290101,230/121/22,200,2012,29/07/2022,19/08/2022,6423,28327,1728,132,2,2,0,0,1,0,0,137,58,9,,
YT,KT4A,YTKT4A,MITSUBISHI,9711290101,230/121/22,200,2012,14/02/2023,09/03/2023,24418,25235,2098,158,2,3,0,0,1,0,0,164,63,8,,
YT,KT4A,YTKT4A,MITSUBISHI,9711290101,230/121/22,200,2012,07/08/2023,08/09/2023,4720,17510,3585,251,1,14,0,0,2,3,1,272,56,15,,
YT,KT4A,YTKT4A,MITSUBISHI,9711290101,230/121/22,200,2012,13/02/2024,18/03/2024,11379,24745,4138,250,7,10,0,0,2,0,1,270,74,13,,
